annotator,title,comment_id,comment_text,context,stance_pro,stance_con,word_count
ai,Chrupalla: Keine Extremisten in AfD | Markus Lanz vom 06. Februar 2024,UgwwQLSq8AqfIG6dfOp4AaABAg,"An Lanz: Zitat von Habeck: ""Vaterlandsliebe fand ich stets zum Kotzen"" warum läuft es ihm da nicht kalt den Rücken runter?","An Lanz: Zitat von Habeck: ""Vaterlandsliebe fand ich stets zum Kotzen"" warum läuft es ihm da nicht kalt den Rücken runter?",vaterlandsliebe,"markus lanz, robert habeck",21
ai,Chrupalla: Keine Extremisten in AfD | Markus Lanz vom 06. Februar 2024,UgwwQLSq8AqfIG6dfOp4AaABAg.A-WB04PK1CjA-WG577ZtN3,Weil Herr Lanz ein Regimetreuer Knecht ist.,"An Lanz: Zitat von Habeck: ""Vaterlandsliebe fand ich stets zum Kotzen"" warum läuft es ihm da nicht kalt den Rücken runter?",,markus lanz,7
ai,Chrupalla: Keine Extremisten in AfD | Markus Lanz vom 06. Februar 2024,UgwwQLSq8AqfIG6dfOp4AaABAg.A-WB04PK1CjA-WG6-5fSDu,Zitat wurde aus dem Zusammenhang gerissen ?,"An Lanz: Zitat von Habeck: ""Vaterlandsliebe fand ich stets zum Kotzen"" warum läuft es ihm da nicht kalt den Rücken runter?",robert habeck,,7
ai,Chrupalla: Keine Extremisten in AfD | Markus Lanz vom 06. Februar 2024,UgwwQLSq8AqfIG6dfOp4AaABAg.A-WB04PK1CjA-WGxPTn6od,👏👏👏👏,"An Lanz: Zitat von Habeck: ""Vaterlandsliebe fand ich stets zum Kotzen"" warum läuft es ihm da nicht kalt den Rücken runter?",vaterlandsliebe,"markus lanz, robert habeck",1
ai,Chrupalla: Keine Extremisten in AfD | Markus Lanz vom 06. Februar 2024,UgwwQLSq8AqfIG6dfOp4AaABAg.A-WB04PK1CjA-WH3YhUXRv,"Klar, passt aber in die neue Strategie der AFD. Man will, dass der deutsche Michel glaubt, die ""etablierten"" Politier ""hassen"" das Land. Dafür erfinden die Fanboys mal kurz was oder reisen es aus dem Zusammenhang. @user","An Lanz: Zitat von Habeck: ""Vaterlandsliebe fand ich stets zum Kotzen"" warum läuft es ihm da nicht kalt den Rücken runter?",,afd,36
ai,Chrupalla: Keine Extremisten in AfD | Markus Lanz vom 06. Februar 2024,UgwwQLSq8AqfIG6dfOp4AaABAg.A-WB04PK1CjA-WH3kPAS0h,"@user Wurde es nicht, auch nicht die ganzen anderen Zitate von grünen Heuchlern, siehe Fischer.","An Lanz: Zitat von Habeck: ""Vaterlandsliebe fand ich stets zum Kotzen"" warum läuft es ihm da nicht kalt den Rücken runter?",vaterlandsliebe,markus lanz,15
ai,Chrupalla: Keine Extremisten in AfD | Markus Lanz vom 06. Februar 2024,UgwwQLSq8AqfIG6dfOp4AaABAg.A-WB04PK1CjA-WHCAQuaBI,"@user Dann erzähl mal wie man sowas in welchen Zusammenhang korrekt benutzt!? Stimmt, es gibt keine, ich wiederhole keine korrekte Nutzung für so eine bodenlos freche und antideutsche Aussage!","An Lanz: Zitat von Habeck: ""Vaterlandsliebe fand ich stets zum Kotzen"" warum läuft es ihm da nicht kalt den Rücken runter?",vaterlandsliebe,,29
ai,Chrupalla: Keine Extremisten in AfD | Markus Lanz vom 06. Februar 2024,UgwwQLSq8AqfIG6dfOp4AaABAg.A-WB04PK1CjA-WHOLO2Vwq,"@user alleine der Satz sagt Alles! Aber da du anscheinend den Rest kennst, erzähl mal🤔","An Lanz: Zitat von Habeck: ""Vaterlandsliebe fand ich stets zum Kotzen"" warum läuft es ihm da nicht kalt den Rücken runter?",vaterlandsliebe,robert habeck,15
ai,Chrupalla: Keine Extremisten in AfD | Markus Lanz vom 06. Februar 2024,UgwwQLSq8AqfIG6dfOp4AaABAg.A-WB04PK1CjA-WHVC6nYx0,"@user du wirst durch Zufall in irgendeinem Land geboren und MUSST es lieben? Was ist das denn? Das hat nichts mit antideutsch zu tun, wenn man das Land, in dem man zufällig reingeboren wird, nicht liebt.","An Lanz: Zitat von Habeck: ""Vaterlandsliebe fand ich stets zum Kotzen"" warum läuft es ihm da nicht kalt den Rücken runter?",,vaterlandsliebe,36
ai,Chrupalla: Keine Extremisten in AfD | Markus Lanz vom 06. Februar 2024,UgwwQLSq8AqfIG6dfOp4AaABAg.A-WB04PK1CjA-WHgn2Wufp,"@user Das Zitat stammt aus einem Buch mit mehreren hundert Seiten und wurde bereits auf der Seite, auf der es steht, erklärt, definiert und der Rest des Buches erklärt, was er damit sagen will.","An Lanz: Zitat von Habeck: ""Vaterlandsliebe fand ich stets zum Kotzen"" warum läuft es ihm da nicht kalt den Rücken runter?",robert habeck,,34
ai,Chrupalla: Keine Extremisten in AfD | Markus Lanz vom 06. Februar 2024,UgwwQLSq8AqfIG6dfOp4AaABAg.A-WB04PK1CjA-WHueHI3V6,"Finde ich auch zum kotzen. ""Väterlandsliebe"" ist kleingeistiger, verschrobener, zuruckgebliebener Rotz von gestern.","An Lanz: Zitat von Habeck: ""Vaterlandsliebe fand ich stets zum Kotzen"" warum läuft es ihm da nicht kalt den Rücken runter?",,vaterlandsliebe,13
ai,Chrupalla: Keine Extremisten in AfD | Markus Lanz vom 06. Februar 2024,UgwwQLSq8AqfIG6dfOp4AaABAg.A-WB04PK1CjA-WILatW2U9,"@user Ok alles klar, dann ist das Wort trotzdem nicht korrekt genutzt! Und sas La d fondet er zum 🤮 aber die Steuergelder die sind super wa. 😀👍
So einer darf nicht in der Regierung sitzen denn wenn einer so eine Einstellung hat, der ist eine Gefahr für die Demokratie und das Land an sich. Wwnn er das Land nicht mag oder gar hasst dann soll er auswandern! Ganz einfache Kiste!","An Lanz: Zitat von Habeck: ""Vaterlandsliebe fand ich stets zum Kotzen"" warum läuft es ihm da nicht kalt den Rücken runter?",vaterlandsliebe,robert habeck,71
ai,Chrupalla: Keine Extremisten in AfD | Markus Lanz vom 06. Februar 2024,UgwwQLSq8AqfIG6dfOp4AaABAg.A-WB04PK1CjA-WJ4ve0NB-,@user Erzähl doch keinen 💩 hier! So hat Habeck das mit Sicherheit nicht gemeint oder irgendetwas aus irgendeinem Märchenbich zitiert! Der meinte das schon genauso wie er es gesagt hatte! Der Typ über dir der mir geantwortet hat sagt auch schon was ganz anderes als du! Deswegen HDF!,"An Lanz: Zitat von Habeck: ""Vaterlandsliebe fand ich stets zum Kotzen"" warum läuft es ihm da nicht kalt den Rücken runter?",vaterlandsliebe,robert habeck,48
ai,Chrupalla: Keine Extremisten in AfD | Markus Lanz vom 06. Februar 2024,UgwwQLSq8AqfIG6dfOp4AaABAg.A-WB04PK1CjA-WJI_kb5SQ,"@user Ok alles klar, dann ist das Wort trotzdem nicht korrekt genutzt! Und das Land findet er zum 🤮 aber die Steuergelder und die Machtpositionen die sind super wa. 😀👍
So einer darf nicht in der Regierung sitzen denn wenn einer so eine Einstellung hat, der ist eine Gefahr für die Demokratie und das Land an sich. Wenn er das Land nicht mag oder gar ha*st dann soll er auswandern! Ganz einfache Kiste!","An Lanz: Zitat von Habeck: ""Vaterlandsliebe fand ich stets zum Kotzen"" warum läuft es ihm da nicht kalt den Rücken runter?",vaterlandsliebe,robert habeck,73
ai,Chrupalla: Keine Extremisten in AfD | Markus Lanz vom 06. Februar 2024,UgwwQLSq8AqfIG6dfOp4AaABAg.A-WB04PK1CjA-WJRcPBPFu,"@user stimmt, geht noch weiter: ich konnte mit deutschland noch nie etwas anfangen und kann ich bis heute nicht. da frage ich mich, wieso will so jemand dann minister dieses landes sein? um schaden vom volk abzuwenden? ein begriff, den es laut habeck auch nicht gibt...","An Lanz: Zitat von Habeck: ""Vaterlandsliebe fand ich stets zum Kotzen"" warum läuft es ihm da nicht kalt den Rücken runter?",vaterlandsliebe,robert habeck,46
ai,Chrupalla: Keine Extremisten in AfD | Markus Lanz vom 06. Februar 2024,UgwwQLSq8AqfIG6dfOp4AaABAg.A-WB04PK1CjA-WJbe8U6bp,Weil sie so nicht stimmt. Also hören Sie auf zu lügen.,"An Lanz: Zitat von Habeck: ""Vaterlandsliebe fand ich stets zum Kotzen"" warum läuft es ihm da nicht kalt den Rücken runter?",robert habeck,,11
ai,Chrupalla: Keine Extremisten in AfD | Markus Lanz vom 06. Februar 2024,UgwwQLSq8AqfIG6dfOp4AaABAg.A-WB04PK1CjA-WJvD3WD20,"@user Ok alles klar, dann ist das Wort trotzdem nicht korrekt genutzt! Und sas Land findet er zum 🤮 aber die Steuergelder und die Machtpositionen die sind super wa. 😀👍
So einer darf nicht in der Regierung sitzen denn wenn einer so eine Einstellung hat, der ist eine Gefahr für die Demokratie und das Land an sich. Wenn er das Land nicht mag dann soll er auswandern! Ganz einfache Kiste!","An Lanz: Zitat von Habeck: ""Vaterlandsliebe fand ich stets zum Kotzen"" warum läuft es ihm da nicht kalt den Rücken runter?",vaterlandsliebe,robert habeck,70
ai,Chrupalla: Keine Extremisten in AfD | Markus Lanz vom 06. Februar 2024,UgwwQLSq8AqfIG6dfOp4AaABAg.A-WB04PK1CjA-WK3gCAb-e,@user dann sollte man für dieses Land auch keine Politik machen.,"An Lanz: Zitat von Habeck: ""Vaterlandsliebe fand ich stets zum Kotzen"" warum läuft es ihm da nicht kalt den Rücken runter?",vaterlandsliebe,robert habeck,11
ai,Chrupalla: Keine Extremisten in AfD | Markus Lanz vom 06. Februar 2024,UgwwQLSq8AqfIG6dfOp4AaABAg.A-WB04PK1CjA-WKELCNtpw,"@user Ok alles klar, dann ist das Wort trotzdem nicht korrekt genutzt! Und das Land findet er zum 🤮 aber die Steuergelder und die Machtpositionen die sind super wa. 😀👍
So einer darf nicht in der Regierung sitzen denn wenn einer so eine Einstellung hat, der ist eine Gef*hr für die Dem*kratie und das Land an sich. Wenn er das Land nicht mag oder gar ha*st dann soll er auswandern! Ganz einfache Kiste!","An Lanz: Zitat von Habeck: ""Vaterlandsliebe fand ich stets zum Kotzen"" warum läuft es ihm da nicht kalt den Rücken runter?",vaterlandsliebe,robert habeck,73
ai,Chrupalla: Keine Extremisten in AfD | Markus Lanz vom 06. Februar 2024,UgwwQLSq8AqfIG6dfOp4AaABAg.A-WB04PK1CjA-WKWjcfcc9,"@user denn? Er steht als einziger Minister noch nicht mal auf, wenn die deutsche Nationalhymne gespielt wird im Bundestag.","An Lanz: Zitat von Habeck: ""Vaterlandsliebe fand ich stets zum Kotzen"" warum läuft es ihm da nicht kalt den Rücken runter?",vaterlandsliebe,robert habeck,19
ai,Chrupalla: Keine Extremisten in AfD | Markus Lanz vom 06. Februar 2024,UgwwQLSq8AqfIG6dfOp4AaABAg.A-WB04PK1CjA-WKjbpRVe8,"@user Ok alles klar, dann ist das Wort trotzdem nicht korrekt genutzt! Und das Land findet er zum 🤮 aber die Steuergelder und die Machtpositionen die sind super wa. 😀👍
So einer darf nicht in der Regi*rung sitzen denn wenn einer so eine Einste*lung hat, der ist eine Gef*hr für die Dem**ratie und das Land an sich. Wenn er das La*d nicht mag oder gar ha*st dann soll er auswa*dern! Ganz einfach!","An Lanz: Zitat von Habeck: ""Vaterlandsliebe fand ich stets zum Kotzen"" warum läuft es ihm da nicht kalt den Rücken runter?",vaterlandsliebe,robert habeck,72
ai,Chrupalla: Keine Extremisten in AfD | Markus Lanz vom 06. Februar 2024,UgwwQLSq8AqfIG6dfOp4AaABAg.A-WB04PK1CjA-WL-RDxy7B,"@user Sorry diese Plattform löscht meine Kommentare mittlerweile zum 10. mal oder so. Dein Kommentar ergibt so krass keinen Sinn! Natürlich muss er nicht diese Land lieben, dann sollte er es aber auch nicht regieren und sein Geld in Anspruch nehmen! Denn solche Leute sind brandgefährlich!","An Lanz: Zitat von Habeck: ""Vaterlandsliebe fand ich stets zum Kotzen"" warum läuft es ihm da nicht kalt den Rücken runter?",vaterlandsliebe,robert habeck,46
ai,Chrupalla: Keine Extremisten in AfD | Markus Lanz vom 06. Februar 2024,UgwwQLSq8AqfIG6dfOp4AaABAg.A-WB04PK1CjA-WLLMVcLSN,"Weil Vaterlandsliebe hier oft diese egoistische, ausschließende und überhebliche Gestalt annimmt, wie die AfD sie vertritt. Finde ich in der Tat auch zum Kotzen.","An Lanz: Zitat von Habeck: ""Vaterlandsliebe fand ich stets zum Kotzen"" warum läuft es ihm da nicht kalt den Rücken runter?",,"afd, vaterlandsliebe",24
ai,Chrupalla: Keine Extremisten in AfD | Markus Lanz vom 06. Februar 2024,UgwwQLSq8AqfIG6dfOp4AaABAg.A-WB04PK1CjA-WLUGpR8Hn,"@user na dann sprich, bzw schreib oder kommt da noch Schlimmeres zutage?
Im übrigen: das Lügen überlass ich der absoluten Negativauslese an sogenannten Politikern die dieses Land in den Abgrund regieren und ihren Hofberichterstattern, die sind darin geübt!","An Lanz: Zitat von Habeck: ""Vaterlandsliebe fand ich stets zum Kotzen"" warum läuft es ihm da nicht kalt den Rücken runter?",,oeffentlich-rechtlicher rundfunk,38
ai,Chrupalla: Keine Extremisten in AfD | Markus Lanz vom 06. Februar 2024,UgwwQLSq8AqfIG6dfOp4AaABAg.A-WB04PK1CjA-WLntzExn_,"@user auch total hohl. Politik ist der Gedanke, Interessen von verschiedenen Menschen zu vertreten. Warum genau muss man etwas lieben? Fang an rational und objektiv zu DENKEN!","An Lanz: Zitat von Habeck: ""Vaterlandsliebe fand ich stets zum Kotzen"" warum läuft es ihm da nicht kalt den Rücken runter?",,vaterlandsliebe,27
ai,Chrupalla: Keine Extremisten in AfD | Markus Lanz vom 06. Februar 2024,UgwwQLSq8AqfIG6dfOp4AaABAg.A-WB04PK1CjA-WLo0EVO9K,Weil der Begriff Vaterlandsliebe dumm ist im 21. JH,"An Lanz: Zitat von Habeck: ""Vaterlandsliebe fand ich stets zum Kotzen"" warum läuft es ihm da nicht kalt den Rücken runter?",,vaterlandsliebe,9
ai,Chrupalla: Keine Extremisten in AfD | Markus Lanz vom 06. Februar 2024,UgwwQLSq8AqfIG6dfOp4AaABAg.A-WB04PK1CjA-WMWzNW2wi,"@user gehst du nun auch auf meine Aussage ein, warum man ein Land lieben MUSS, nur weil man durch Zufall dort geboren wurde? Oder wird da wieder geschwiegen, weil man die Realität aufzeigen konnte und dir die Argumente fehlen?","An Lanz: Zitat von Habeck: ""Vaterlandsliebe fand ich stets zum Kotzen"" warum läuft es ihm da nicht kalt den Rücken runter?",,vaterlandsliebe,39
ai,Chrupalla: Keine Extremisten in AfD | Markus Lanz vom 06. Februar 2024,UgwwQLSq8AqfIG6dfOp4AaABAg.A-WB04PK1CjA-WMY_Rn-uj,"Entschuldige. Stell dir mal vor, vor 10 Jahren sagte jemand in der Klasse, er LIEBE sein Vaterland. Da hätten sich die anderen gefragt, ob der Typ nicht einem Landser-Heft entsprungen ist oder in der Zeitmaschine falsch abgebogen. Ich liebe meine Frau, meine Kinder, meinen Vater. Ich freue mich jeden Tag in einem Land zu leben, das eine Gewaltenteilung kennt und auf dem Boden der demokratischen Grundordnung steht. Ich stehe zu meinem Land, aber ich habe auch schon andere tolle Länder kennen gelernt. Da brauche ich kein schwülstiges Patrioten-Gefasel von Leuten, die unser System zerstören wollen. Respekt für Leute, die sich für unser Land einsetzen: Feuerwehr, Pfleger, Handwerker ... für die Hater in Schnellroda, die eine Schrift nach der anderen publizieren, wie man die bürgerliche Mitte täuscht - dafür habe ich keinen Respekt.","An Lanz: Zitat von Habeck: ""Vaterlandsliebe fand ich stets zum Kotzen"" warum läuft es ihm da nicht kalt den Rücken runter?",,"rechtsextremismus, vaterlandsliebe",132
ai,Chrupalla: Keine Extremisten in AfD | Markus Lanz vom 06. Februar 2024,UgwwQLSq8AqfIG6dfOp4AaABAg.A-WB04PK1CjA-WMjxDU4si,"Die schlimmsten Verbrechen wurden aus blinder Vaterlandsliebe und in weiterer Folge bedingungslosem Gehorsam begannen. Wer das nicht versteht, hat sich nicht wirklich mit der Geschichte unserer Zivilisation befasst. Also hört mir doch auf mit diesem Begriff. Der Rest der Welt lacht doch über uns und unsere tollen, geschichtsträchtigen europäischen Nationalstaaten die für sich allein keinerlei wirkliche Bedeutung für das Weltgeschehen haben aber das ist jetzt natürlich off topic. Das wirklich Witzige ist ja, dass ein Teil der AFD euer Deutschland nicht mal für einen richtigen Staat sondern eher für ein künstliches Gebilde hält. Wie ist das mit der Vaterlandsliebe vereinbar? Welches Deutschlands liebt man dann? Das vor 1918 oder 1945?","An Lanz: Zitat von Habeck: ""Vaterlandsliebe fand ich stets zum Kotzen"" warum läuft es ihm da nicht kalt den Rücken runter?",,"afd, vaterlandsliebe",110
ai,Chrupalla: Keine Extremisten in AfD | Markus Lanz vom 06. Februar 2024,UgwwQLSq8AqfIG6dfOp4AaABAg.A-WB04PK1CjA-WN-4sQ-cT,"Dieses Zitat spiegelt doch die Politik von Herrn Habeck wieder. Warum will er die Bürger immer mehr bluten lassen, denn etwas anderes ist es nicht, wenn er durch seine Maßnahmen die Preise für grundlegende Dinge immer weiter hochtreibt, wenn er immer mehr Geld für seine utopischen Projekte fordert, wenn er die Landwirtschaft in den Ruin treibt, da ja die Discounter den Landwirten nicht mehr Geld zahlen wollen für die Produkte. Die Außenministerin, Frau Baerbock, verschleudert unsere Steuergelder in aller Welt für für Projekte, in denen ich und auch sehr viele andere Bürger keinen Nutzen sehen, die diese Länder irgendwie wirtschaftlich wachsen lassen. Sie schädigt auch das Ansehen unseres Landes in der Welt, wie in dem Fox-Interview zu Chinas Präsindent, um mal ein Beispiel zu bringen. Sie gibt es ja auch öffentlich zu, dass sie gegen den Willen ihrer Wähler handelt (Egal was meine Wähler in Deutschland denken). Was muss man denn noch alles anführen um die Aussage von Frau Weidel zu beweisen?","An Lanz: Zitat von Habeck: ""Vaterlandsliebe fand ich stets zum Kotzen"" warum läuft es ihm da nicht kalt den Rücken runter?","afd, vaterlandsliebe",robert habeck,162
ai,Chrupalla: Keine Extremisten in AfD | Markus Lanz vom 06. Februar 2024,UgwwQLSq8AqfIG6dfOp4AaABAg.A-WB04PK1CjA-WO9s-mZo_,"@user ich finde, wenn man sowas wie von Habeck vorgeheult, dann versuche ich irgendwo anders zu leben und besetz nicht das Amt eines Ministers. Klar, Geld stinkt nicht und solche Summen monatlich einzustreichen, würde jeder tun. Ob mit oder ohne Hass.","An Lanz: Zitat von Habeck: ""Vaterlandsliebe fand ich stets zum Kotzen"" warum läuft es ihm da nicht kalt den Rücken runter?",vaterlandsliebe,robert habeck,41
ai,Chrupalla: Keine Extremisten in AfD | Markus Lanz vom 06. Februar 2024,UgwwQLSq8AqfIG6dfOp4AaABAg.A-WB04PK1CjA-WPaOij-qj,"@user, muss man nicht. Aber dann sollte man eher auswandern anstatt Vizekanzler zu werden.","An Lanz: Zitat von Habeck: ""Vaterlandsliebe fand ich stets zum Kotzen"" warum läuft es ihm da nicht kalt den Rücken runter?",vaterlandsliebe,robert habeck,14
ai,Chrupalla: Keine Extremisten in AfD | Markus Lanz vom 06. Februar 2024,UgwwQLSq8AqfIG6dfOp4AaABAg.A-WB04PK1CjA-WR49Mgz6o,"@user was ist das für ein Schwachsinn? Du MUSST etwas lieben, um Minister zu werden? Nirgendwo auf der Welt ist das so, IHR wollt es aber in Deutschland? Warum genau MUSS man das Land lieben? Man muss mit dem Land sympathisieren, sicherlich. Man muss für sein Land einstehen. Aber man muss es sicherlich nicht lieben.","An Lanz: Zitat von Habeck: ""Vaterlandsliebe fand ich stets zum Kotzen"" warum läuft es ihm da nicht kalt den Rücken runter?",,vaterlandsliebe,55
ai,Chrupalla: Keine Extremisten in AfD | Markus Lanz vom 06. Februar 2024,UgwwQLSq8AqfIG6dfOp4AaABAg.A-WB04PK1CjA-WS61wQve6,"@user Also ich würde Sie nicht einstellen. Denn nur was man gerne macht, macht man gut. Und ja mann sollte schon Positiv eingestellt sein zu den Leuten mit dessen Steuern ich arbeite.. Rational denken Sie nicht, nur Ideologisch. Grüsse aus einer direkten Demokratie die Ihr in D nie sein werdet.","An Lanz: Zitat von Habeck: ""Vaterlandsliebe fand ich stets zum Kotzen"" warum läuft es ihm da nicht kalt den Rücken runter?",vaterlandsliebe,,50
ai,Chrupalla: Keine Extremisten in AfD | Markus Lanz vom 06. Februar 2024,UgwwQLSq8AqfIG6dfOp4AaABAg.A-WB04PK1CjA-WSHC5NPpe,@user wandere ich aus und geh nicht in die Politik.Das ist definitiv deutschlandfeindlich,"An Lanz: Zitat von Habeck: ""Vaterlandsliebe fand ich stets zum Kotzen"" warum läuft es ihm da nicht kalt den Rücken runter?",vaterlandsliebe,robert habeck,13
ai,Chrupalla: Keine Extremisten in AfD | Markus Lanz vom 06. Februar 2024,UgwwQLSq8AqfIG6dfOp4AaABAg.A-WB04PK1CjA-WVnbppZQP,"@user du deine Eltern? Du wurdest doch nur zufällig in diese Familie geboren. Die „Liebe“ zum Land ist viel mehr Dankbarkeit dafür, was dieses Land für dich getan hat, sie ist das positive Zugehörigkeitsgefühl zu diesem Land (welches unabdingbar für eine funktionierende Gesellschaft, v.a. für eine demokratische Gesellschaft ist) und sie ist auch der Leistungswille für dieses Land, um es zu verbessern und somit den Mitmenschen und den Nachkommen ein besseres Leben zu ermöglichen. Das ist es für was die „Vaterlandsliebe“ symbolisch steht, und ohne sie kann eine Gesellschaft nicht langfristig funktionieren. Und v.a. in Deutschland sieht man die immer stärker werdenden Auswirkungen, die der Mangel an dieser Vaterlandsliebe verursacht.","An Lanz: Zitat von Habeck: ""Vaterlandsliebe fand ich stets zum Kotzen"" warum läuft es ihm da nicht kalt den Rücken runter?",vaterlandsliebe,,110
ai,Chrupalla: Keine Extremisten in AfD | Markus Lanz vom 06. Februar 2024,UgwwQLSq8AqfIG6dfOp4AaABAg.A-WB04PK1CjA-WVqblH8Lz,"Warum soll es einem kalt den Rücken runterlaufen? Warum sollte man sein Vaterland lieben? Oder noch besser...stolz drauf sein was frühere Generationen geleistet haben...letztlich ist es einfach nur Glück ob man hier oder woanders geboren...ich kann auf eine eigene Leistung stolz...aber auf ein Land, eine Nation? Ne spüre ich nicht","An Lanz: Zitat von Habeck: ""Vaterlandsliebe fand ich stets zum Kotzen"" warum läuft es ihm da nicht kalt den Rücken runter?",,vaterlandsliebe,50
ai,Chrupalla: Keine Extremisten in AfD | Markus Lanz vom 06. Februar 2024,UgwwQLSq8AqfIG6dfOp4AaABAg.A-WB04PK1CjA-WXg-2hjg3,Steht auch noch da. Schon komisch,"An Lanz: Zitat von Habeck: ""Vaterlandsliebe fand ich stets zum Kotzen"" warum läuft es ihm da nicht kalt den Rücken runter?",vaterlandsliebe,robert habeck,6
ai,Chrupalla: Keine Extremisten in AfD | Markus Lanz vom 06. Februar 2024,UgwwQLSq8AqfIG6dfOp4AaABAg.A-WB04PK1CjA-W_7oC94FF,"Weil er nicht wirklich mehr ein Rückgrat hat - für die, die nicht in der Schafherde der Regierung umher irren!","An Lanz: Zitat von Habeck: ""Vaterlandsliebe fand ich stets zum Kotzen"" warum läuft es ihm da nicht kalt den Rücken runter?",,markus lanz,20
ai,Chrupalla: Keine Extremisten in AfD | Markus Lanz vom 06. Februar 2024,UgwwQLSq8AqfIG6dfOp4AaABAg.A-WB04PK1CjA-W_PWq9Z15,"@user Deine Wortklauberei ist Schwachsinn. Wer mit dem Land ""nichts anfangen kann"", der sollte nicht Minister dieses Landes werden. Es geht nicht um ""lieben"".","An Lanz: Zitat von Habeck: ""Vaterlandsliebe fand ich stets zum Kotzen"" warum läuft es ihm da nicht kalt den Rücken runter?",vaterlandsliebe,robert habeck,24
ai,Chrupalla: Keine Extremisten in AfD | Markus Lanz vom 06. Februar 2024,UgwwQLSq8AqfIG6dfOp4AaABAg.A-WB04PK1CjA-W_RmrR-oE,"@user Antifa Speech, stellen Sie die gleichen Regel auch bei Ihren Goldstücken auf. KEINE agumente mehr ? Desweitern bin ich Schweizer wir haben 4 Sprachen. Also wohl eher ein Linksfaschist denn Sie darstellen.","An Lanz: Zitat von Habeck: ""Vaterlandsliebe fand ich stets zum Kotzen"" warum läuft es ihm da nicht kalt den Rücken runter?",,migration,33
ai,Chrupalla: Keine Extremisten in AfD | Markus Lanz vom 06. Februar 2024,UgwwQLSq8AqfIG6dfOp4AaABAg.A-WB04PK1CjA-Wa-qJJbiZ,"...vielleicht weiß er ja auch nicht, was Vaterlandsliebe ist?!","An Lanz: Zitat von Habeck: ""Vaterlandsliebe fand ich stets zum Kotzen"" warum läuft es ihm da nicht kalt den Rücken runter?",vaterlandsliebe,markus lanz,9
ai,Chrupalla: Keine Extremisten in AfD | Markus Lanz vom 06. Februar 2024,UgwwQLSq8AqfIG6dfOp4AaABAg.A-WB04PK1CjA-WaKSaVpQH,"@user und das sagte er, dass er mit diesem Land nichts anfangen kann? Wer betreibt hier Wortklauberei?","An Lanz: Zitat von Habeck: ""Vaterlandsliebe fand ich stets zum Kotzen"" warum läuft es ihm da nicht kalt den Rücken runter?",robert habeck,,17
ai,Chrupalla: Keine Extremisten in AfD | Markus Lanz vom 06. Februar 2024,UgwwQLSq8AqfIG6dfOp4AaABAg.A-WB04PK1CjA-WafyOuM2O,"Das gesante Buch basiert darauf, dass Habeck früher Vaterlandliebe abgelehnt hat und sie heute für essenziell betrachtet.
Ein paar Sätze weiter steht das sogar in dem Buch. 🤦🏻♀️","An Lanz: Zitat von Habeck: ""Vaterlandsliebe fand ich stets zum Kotzen"" warum läuft es ihm da nicht kalt den Rücken runter?","robert habeck, vaterlandsliebe",,28
ai,Chrupalla: Keine Extremisten in AfD | Markus Lanz vom 06. Februar 2024,UgwwQLSq8AqfIG6dfOp4AaABAg.A-WB04PK1CjA-WaqiNgDZ5,"Nein, der Satz sagt nicht alles. Wenn einzelne Sätze „alles“ sagen würden, müsste man die AfD verbieten, was ich für falsch hielte. Taten sagen z.B. mehr als Sätze. Habeck zeigt durch seinen täglichen Einsatz für Deutschland, dass er das Land offensichtlich nicht zum Kotzen findet. Und das gilt unabhängig davon, ob man den einzelnen Entscheidungen zustimmt oder nicht.@user","An Lanz: Zitat von Habeck: ""Vaterlandsliebe fand ich stets zum Kotzen"" warum läuft es ihm da nicht kalt den Rücken runter?","afd, robert habeck",,58
ai,Chrupalla: Keine Extremisten in AfD | Markus Lanz vom 06. Februar 2024,UgwwQLSq8AqfIG6dfOp4AaABAg.A-WB04PK1CjA-WawznhHaK,"@user Du musst garnichts. Aber wenn man ein Politiker ist, muss man sich nicht wundern wenn Leute diesen Satz (zu Recht) aufgreifen und gegen einen verwenden, es ist eine recht befremdliche Aussage für die meisten Menschen - was ja auch vollkommen Ok ist, man kann diese Meinung haben. Das Problem ist nur dann dass man sich sehr unglaubwürdig macht wenn man danach noch mal was von Patriotismus labert oder an den Patriotismus der Bevölkerung versucht zu appellieren.","An Lanz: Zitat von Habeck: ""Vaterlandsliebe fand ich stets zum Kotzen"" warum läuft es ihm da nicht kalt den Rücken runter?",vaterlandsliebe,robert habeck,77
ai,Chrupalla: Keine Extremisten in AfD | Markus Lanz vom 06. Februar 2024,UgwwQLSq8AqfIG6dfOp4AaABAg.A-WB04PK1CjA-WazKWi5BX,"@user Ja. Das mittlerweile berühmte Habeck Zitat geht genau so:
""Vaterlandsliebe fand ich stets zum Kotzen. Ich wusste mit Deutschland noch nie etwas anzufangen und weiß es bis heute nicht.“","An Lanz: Zitat von Habeck: ""Vaterlandsliebe fand ich stets zum Kotzen"" warum läuft es ihm da nicht kalt den Rücken runter?",vaterlandsliebe,robert habeck,30
ai,Chrupalla: Keine Extremisten in AfD | Markus Lanz vom 06. Februar 2024,UgwwQLSq8AqfIG6dfOp4AaABAg.A-WB04PK1CjA-WbBAevJQ9,"Habeck will auch Aktienhandel und Bitcoin verbieten ... Zitat: ""alles was schneller als der Staat ist, gehört verboten...""","An Lanz: Zitat von Habeck: ""Vaterlandsliebe fand ich stets zum Kotzen"" warum läuft es ihm da nicht kalt den Rücken runter?",,robert habeck,18
ai,Chrupalla: Keine Extremisten in AfD | Markus Lanz vom 06. Februar 2024,UgwwQLSq8AqfIG6dfOp4AaABAg.A-WB04PK1CjA-WcfLYvsbV,"Eine namhafte Grüne ist mal hinter einem Transparent hergelaufen, auf dem stand: ""Deutschland verrecke!""","An Lanz: Zitat von Habeck: ""Vaterlandsliebe fand ich stets zum Kotzen"" warum läuft es ihm da nicht kalt den Rücken runter?",vaterlandsliebe,,14
ai,Chrupalla: Keine Extremisten in AfD | Markus Lanz vom 06. Februar 2024,UgwwQLSq8AqfIG6dfOp4AaABAg.A-WB04PK1CjA-WdkAD-lnk,RICHTIG. Die GRÜNEN haben einen Freifahrtsschein😅😅😅😅😅😅Und die Menschen machen schön mit😂😂😂,"An Lanz: Zitat von Habeck: ""Vaterlandsliebe fand ich stets zum Kotzen"" warum läuft es ihm da nicht kalt den Rücken runter?",vaterlandsliebe,robert habeck,11
ai,Chrupalla: Keine Extremisten in AfD | Markus Lanz vom 06. Februar 2024,UgwwQLSq8AqfIG6dfOp4AaABAg.A-WB04PK1CjA-WeSJZ872z,Der Habeck ist auf deren Seite. Die werden gelobt für jeden Schwachsinn!,"An Lanz: Zitat von Habeck: ""Vaterlandsliebe fand ich stets zum Kotzen"" warum läuft es ihm da nicht kalt den Rücken runter?",,"markus lanz, robert habeck",12
ai,Chrupalla: Keine Extremisten in AfD | Markus Lanz vom 06. Februar 2024,UgwwQLSq8AqfIG6dfOp4AaABAg.A-WB04PK1CjA-WffYnGaWV,Hoecke gebraucht geziehlt Begriffe aus den Jahren 33-45. Er ist rechtsextrem und es sind keine Ausrutscher. Sorry. Mach die Augen auf ...,"An Lanz: Zitat von Habeck: ""Vaterlandsliebe fand ich stets zum Kotzen"" warum läuft es ihm da nicht kalt den Rücken runter?",,"afd, rechtsextremismus",22
ai,Chrupalla: Keine Extremisten in AfD | Markus Lanz vom 06. Februar 2024,UgwwQLSq8AqfIG6dfOp4AaABAg.A-WB04PK1CjA-Wfkdpe8s0,"Wer als Politiker sagt oder früher mal sagte""Vaterlandsliebe find ich zum kotzen"" gehört nicht auf die Regierungsbank.Ps bin kein AFD Wähler!!","An Lanz: Zitat von Habeck: ""Vaterlandsliebe fand ich stets zum Kotzen"" warum läuft es ihm da nicht kalt den Rücken runter?",vaterlandsliebe,robert habeck,21
ai,Chrupalla: Keine Extremisten in AfD | Markus Lanz vom 06. Februar 2024,UgwwQLSq8AqfIG6dfOp4AaABAg.A-WB04PK1CjA-Wft8oStjh,"@user er regiert es doch nicht!? Er ist Vizekanzler. Ihr regt euch darüber auf, dass jemand etwas nicht liebt, wo er durch Zufall geboren wurde. Ihr regt euch immer nur an Begrifflichkeiten auf. Warum? Wäre es nicht sinnvoller, sich thematisch auseinanderzusetzen? Inhaltlich die Politik auseinander zu nehmen? Nein, lieber heult man rum und echauffiert sich, was wer gesagt hat (machen im Übrigen alle Parteien).","An Lanz: Zitat von Habeck: ""Vaterlandsliebe fand ich stets zum Kotzen"" warum läuft es ihm da nicht kalt den Rücken runter?",robert habeck,vaterlandsliebe,64
ai,Chrupalla: Keine Extremisten in AfD | Markus Lanz vom 06. Februar 2024,UgwwQLSq8AqfIG6dfOp4AaABAg.A-WB04PK1CjA-Wg8lmQSik,@user einen Eid leisten hat nichts mit Liebe zu tun! Wie oft noch?,"An Lanz: Zitat von Habeck: ""Vaterlandsliebe fand ich stets zum Kotzen"" warum läuft es ihm da nicht kalt den Rücken runter?",,vaterlandsliebe,13
ai,Chrupalla: Keine Extremisten in AfD | Markus Lanz vom 06. Februar 2024,UgwwQLSq8AqfIG6dfOp4AaABAg.A-WB04PK1CjA-WhsKT5XUL,"Gegenfrage: Warum schreibst Du nichts über den Nazis da bei Lanz, sondern versuchst hier mit Whataboutismus vom Thema abzulenken? Chruppie entlarvt sich grade selbst und zeigt das er keinerlei Ahnung hat, sondern sich nur mit rethorischen Winkelzügen über die Zeit bringen möchte. Der ist genauso unfähig wie seine Kollegin, die lesbische steuerflüchtige Proletin aus der Hochfinanz. Das ist hier Thema. Also dran halten","An Lanz: Zitat von Habeck: ""Vaterlandsliebe fand ich stets zum Kotzen"" warum läuft es ihm da nicht kalt den Rücken runter?",,"afd, rechtsextremismus",63
ai,Chrupalla: Keine Extremisten in AfD | Markus Lanz vom 06. Februar 2024,UgwwQLSq8AqfIG6dfOp4AaABAg.A-WB04PK1CjA-Wi8VcaU8z,"Weil Vaterlandsliebe die Wirtschaft nicht voranbringt und auch sonst niemandem als Kollektiv etwas bringt, sondern nur dazu dient Menschen gleichzuschalten und dumm zu halten. Patriotismus wird effektiv immer zu Nationalismus und Volksindoktrination. Siehe Russland, brav Putin wählen, nur er könne das heilige Reich mit einer Fortführung der russischen Eroberungskriege erretten, und immer schön russische Propaganda in den Schulen beibringen, jeden Tag die Hymne trällern, Russlandflaggen an jeder Ecke damit man's auch ja nicht vergisst, Kleinkinder regelmäßig in Kontakt mit Soldaten bringen, ab der Grundschule übers Polieren von Granatenhülsen aufklären, Todeskultur mit Soldaten als ""Helden"" prägen etc., gutes Vorbild für das was die AfD gern hätte.","An Lanz: Zitat von Habeck: ""Vaterlandsliebe fand ich stets zum Kotzen"" warum läuft es ihm da nicht kalt den Rücken runter?",,"afd, vaterlandsliebe",105
ai,Chrupalla: Keine Extremisten in AfD | Markus Lanz vom 06. Februar 2024,UgwwQLSq8AqfIG6dfOp4AaABAg.A-WB04PK1CjA-Wkdn39YWs,ist ja auch zum kotzen :D,"An Lanz: Zitat von Habeck: ""Vaterlandsliebe fand ich stets zum Kotzen"" warum läuft es ihm da nicht kalt den Rücken runter?",,vaterlandsliebe,6
ai,Chrupalla: Keine Extremisten in AfD | Markus Lanz vom 06. Februar 2024,UgwwQLSq8AqfIG6dfOp4AaABAg.A-WB04PK1CjA-Wkx19q798,"oder das Demoplakat neben Frau Roth ""Deutschland verrecke"".","An Lanz: Zitat von Habeck: ""Vaterlandsliebe fand ich stets zum Kotzen"" warum läuft es ihm da nicht kalt den Rücken runter?",vaterlandsliebe,,8
ai,Chrupalla: Keine Extremisten in AfD | Markus Lanz vom 06. Februar 2024,UgwwQLSq8AqfIG6dfOp4AaABAg.A-WB04PK1CjA-WlhPtXr1T,@user in USA oder Frankreich immerhin älteste Demokratien überhaupt...da würde man geteert und gefedert als Politiker mit so einer aussage,"An Lanz: Zitat von Habeck: ""Vaterlandsliebe fand ich stets zum Kotzen"" warum läuft es ihm da nicht kalt den Rücken runter?",vaterlandsliebe,robert habeck,20
ai,Chrupalla: Keine Extremisten in AfD | Markus Lanz vom 06. Februar 2024,UgwwQLSq8AqfIG6dfOp4AaABAg.A-WB04PK1CjA-WlwkQrZ6b,"@user ist wirklich sooo schlecht informiert, das er den Dreck glaubt? Oh Gott, das ist ja peinlich. Wie kommen Sie sonst so klar im Leben? Muss schwierig sein..","An Lanz: Zitat von Habeck: ""Vaterlandsliebe fand ich stets zum Kotzen"" warum läuft es ihm da nicht kalt den Rücken runter?",robert habeck,vaterlandsliebe,28
ai,Chrupalla: Keine Extremisten in AfD | Markus Lanz vom 06. Februar 2024,UgwwQLSq8AqfIG6dfOp4AaABAg.A-WB04PK1CjA-WmdN8CoQB,@user Wie zeigt den Habeck das er das Land liebt ? In dem er alles teuere macht und die Wirtschaft aus dem Land jagt ?,"An Lanz: Zitat von Habeck: ""Vaterlandsliebe fand ich stets zum Kotzen"" warum läuft es ihm da nicht kalt den Rücken runter?",vaterlandsliebe,robert habeck,25
ai,Chrupalla: Keine Extremisten in AfD | Markus Lanz vom 06. Februar 2024,UgwwQLSq8AqfIG6dfOp4AaABAg.A-WB04PK1CjA-WmkyT1M4u,"Davon wollen die ÖRR Fans nichts hören, das ist bestimmt aus dem Zusammenhang gerissen... irony off. Dieses zweierlei Maß immer, wenn über die AFD berichtet wird, wird gefühlt alles aus dem Kontext gerissen um ne Story zu haben....","An Lanz: Zitat von Habeck: ""Vaterlandsliebe fand ich stets zum Kotzen"" warum läuft es ihm da nicht kalt den Rücken runter?","afd, vaterlandsliebe",oeffentlich-rechtlicher rundfunk,38
ai,Chrupalla: Keine Extremisten in AfD | Markus Lanz vom 06. Februar 2024,UgwwQLSq8AqfIG6dfOp4AaABAg.A-WB04PK1CjA-Wp779Hnh8,"@user nein, 2/3 der Bevölkerung hat keinerlei Bock auf die AfD und ihren Ansichten. Aber lege dir das so zurecht, wie du es brauchst, die Mehrheit weiß was Sache ist.","An Lanz: Zitat von Habeck: ""Vaterlandsliebe fand ich stets zum Kotzen"" warum läuft es ihm da nicht kalt den Rücken runter?",,afd,30
ai,Chrupalla: Keine Extremisten in AfD | Markus Lanz vom 06. Februar 2024,UgwwQLSq8AqfIG6dfOp4AaABAg.A-WB04PK1CjA-WqyGC_wjs,"@user auch das ist nicht so, oder kannst du da Studien drüber nachweisen, wo dies ausdrücklich bestätigt, dass dem so ist? Du GLAUBST, dass die Mehrheit es so sieht. Und zur Zeit sind es nur AfD Anhänger, die dies so sehen. Und die sind 1/3 der Bevölkerung, was NICHT die Mehrheit ist!","An Lanz: Zitat von Habeck: ""Vaterlandsliebe fand ich stets zum Kotzen"" warum läuft es ihm da nicht kalt den Rücken runter?",,afd,52
ai,Chrupalla: Keine Extremisten in AfD | Markus Lanz vom 06. Februar 2024,UgwwQLSq8AqfIG6dfOp4AaABAg.A-WB04PK1CjA-WsGVlYFMj,"@user, musst du nicht, aber dann überlasse das Regieren denen, die keine so unüberwindliche Abneigung empfinden....","An Lanz: Zitat von Habeck: ""Vaterlandsliebe fand ich stets zum Kotzen"" warum läuft es ihm da nicht kalt den Rücken runter?",vaterlandsliebe,,16
ai,Chrupalla: Keine Extremisten in AfD | Markus Lanz vom 06. Februar 2024,UgwwQLSq8AqfIG6dfOp4AaABAg.A-WB04PK1CjA-Wu9SFVTrQ,"@user stell dir vor, vor 10 Jahren war es noch nichts räächts sein Vaterland zu lieben, und wer dies sagte war noch kein NaZZi, oder doch🤔 naja sagen wir vor 20 Jahren. Mit der Stasi-Kanzlerin begann dann der Abstieg, obwohl sie 2005 noch ganz andere Töne gepfiffen hat. Deine demokratische Grundordnung und Gewaltenteilung siehst du wohl nur noch in den Staatsmedien, in der Realität schaut es anders aus. Aber ich kann dir versichern, auch du wirst eines Tages erkennen, wer die tatsächlichen Zerstörer sind!","An Lanz: Zitat von Habeck: ""Vaterlandsliebe fand ich stets zum Kotzen"" warum läuft es ihm da nicht kalt den Rücken runter?",vaterlandsliebe,"cdu, oeffentlich-rechtlicher rundfunk, rechtsextremismus",84
ai,Chrupalla: Keine Extremisten in AfD | Markus Lanz vom 06. Februar 2024,UgwwQLSq8AqfIG6dfOp4AaABAg.A-WB04PK1CjA-Wv-K5snGJ,"@user genau es ist Glück, in welchem Land wir geboren werden, und diesem geschundenen Land und den Menschen die so unendlich viel Leid erlebt haben und dann es mit Fleiß und großen Entbehrungen wieder aufgebaut haben so viel Respektlosigkeit entgegenzubringen wie die (H)Ampelmännchen und deren Wähler es tun ist nicht nur erschreckend, sondern wird wieder in den Untergang führen, aber das erkennt ihr erst wenn es wieder einmal zu spät ist!","An Lanz: Zitat von Habeck: ""Vaterlandsliebe fand ich stets zum Kotzen"" warum läuft es ihm da nicht kalt den Rücken runter?",vaterlandsliebe,,71
ai,Chrupalla: Keine Extremisten in AfD | Markus Lanz vom 06. Februar 2024,UgwwQLSq8AqfIG6dfOp4AaABAg.A-WB04PK1CjA-Wvg6ZUOAu,"@user er bringt tatsächlich viel nämlich um alles zu zerstören was nur geht. Menschen können sich das tägliche Leben nicht mehr leisten, Betriebe wandern ab oder sperren zu, aber laut dem Kinderbuchautor sind sie ja nicht pleite, sondern hören nur auf zu produzieren, aber Hauptsache der Graichen-Clan ist gut versorgt usw.. tja seine Taten sind eindeutig, aber träum weiter 🤦♀️","An Lanz: Zitat von Habeck: ""Vaterlandsliebe fand ich stets zum Kotzen"" warum läuft es ihm da nicht kalt den Rücken runter?",,robert habeck,60
ai,Chrupalla: Keine Extremisten in AfD | Markus Lanz vom 06. Februar 2024,UgwwQLSq8AqfIG6dfOp4AaABAg.A-WB04PK1CjA-Ww53rKHIU,"@user erstmal ist Herr Höcke ein wunderbarer Mensch der Ehrlichkeit, Mut und Empathie zu seinen Eigenschaften zählen kann. Etwas was bei den H(A)mpelmännchen nicht zu finden ist.
Und ja - es gibt tatsächlich Parallelen zu damals. Hast du nicht aufgepasst? Wer hat damals die Opposition vernichtet und wer tut es heute? Denk mal darüber nach.","An Lanz: Zitat von Habeck: ""Vaterlandsliebe fand ich stets zum Kotzen"" warum läuft es ihm da nicht kalt den Rücken runter?",rechtsextremismus,,55
ai,Chrupalla: Keine Extremisten in AfD | Markus Lanz vom 06. Februar 2024,UgwwQLSq8AqfIG6dfOp4AaABAg.A-WB04PK1CjA-WxCpc9Kf4,"@user Vaterland und Muttersprache - so hieß das mal. Und wie nennt man es jetzt? Regenbogenland, indem Transwesen leben, welche die orwell'sche Gendersprache sprechen🤔🤔 hoffe du fühlst dich wohl","An Lanz: Zitat von Habeck: ""Vaterlandsliebe fand ich stets zum Kotzen"" warum läuft es ihm da nicht kalt den Rücken runter?",vaterlandsliebe,,29
ai,Chrupalla: Keine Extremisten in AfD | Markus Lanz vom 06. Februar 2024,UgwwQLSq8AqfIG6dfOp4AaABAg.A-WB04PK1CjA-Wxli3Ruxj,"@user Man muss kein Land lieben, aber Patriotismus zum kotzen zu finden ist reichlich unpassend als Vertreter eines Volkes. Habeck hätte lieber kein Politiker werden sollen, wenn er Deutschland verabscheut. Er hätte genauso in ein Land ziehen können, was ihm gefällt. Eventuell Kanada? Dort wird auch gerne mit dem eigenen Volk faschistoid umgegangen. Siehe die Kontensperrungen unliebsamer Demonstranten zur Coronazeit.","An Lanz: Zitat von Habeck: ""Vaterlandsliebe fand ich stets zum Kotzen"" warum läuft es ihm da nicht kalt den Rücken runter?",vaterlandsliebe,robert habeck,60
ai,Chrupalla: Keine Extremisten in AfD | Markus Lanz vom 06. Februar 2024,UgwwQLSq8AqfIG6dfOp4AaABAg.A-WB04PK1CjA-X5OMKSsCd,"Warum sollte es dabei irgendjemand ""kalt den Rücken runterlaufen, das ist doch sehr vernünftig, sich gegen diesen tausendfach mißbrauchten Ekel-Begriff auszusprechen.","An Lanz: Zitat von Habeck: ""Vaterlandsliebe fand ich stets zum Kotzen"" warum läuft es ihm da nicht kalt den Rücken runter?",,vaterlandsliebe,21
ai,Chrupalla: Keine Extremisten in AfD | Markus Lanz vom 06. Februar 2024,UgwwQLSq8AqfIG6dfOp4AaABAg.A-WB04PK1CjA-X5ZFNwgp2,"@user Muss man heute nicht. Jeder darf ja fühlen, was er will. Aber vielleicht sollte man dann nicht Bundesminister in diesem Land werden. Merkste selbst, ne.","An Lanz: Zitat von Habeck: ""Vaterlandsliebe fand ich stets zum Kotzen"" warum läuft es ihm da nicht kalt den Rücken runter?",vaterlandsliebe,robert habeck,26
ai,Chrupalla: Keine Extremisten in AfD | Markus Lanz vom 06. Februar 2024,UgwwQLSq8AqfIG6dfOp4AaABAg.A-WB04PK1CjA-X6OzaNTqo,"@user
Ich Liebe meine Mutter, ich Liebe meinen Vater und meine Schwester. Ich mag meine Freunde, aber so etwas abstraktes wie „mein Land“ Liebe ich nicht. Herr Habeck hat sich, nein hat bei Gott geschworen dass er sein Amt getreu der Verfassung und den Gesetzen zum Wohl des Volkes führen wird. Nicht dass er das Land liebt. Das hat kein Minister. Und kein Kanzler, niemals.","An Lanz: Zitat von Habeck: ""Vaterlandsliebe fand ich stets zum Kotzen"" warum läuft es ihm da nicht kalt den Rücken runter?",robert habeck,vaterlandsliebe,65
ai,Chrupalla: Keine Extremisten in AfD | Markus Lanz vom 06. Februar 2024,UgwwQLSq8AqfIG6dfOp4AaABAg.A-WB04PK1CjA-X6_abYSqA,"@user Ich weiß auch nicht wie oft man es auch wiederholen muss, aber man muss Deutschland nicht „lieben“ um es erfolgreich und mit Eifer vertreten zu können","An Lanz: Zitat von Habeck: ""Vaterlandsliebe fand ich stets zum Kotzen"" warum läuft es ihm da nicht kalt den Rücken runter?",,vaterlandsliebe,27
ai,Chrupalla: Keine Extremisten in AfD | Markus Lanz vom 06. Februar 2024,UgwwQLSq8AqfIG6dfOp4AaABAg.A-WB04PK1CjA-X8jGYe9sp,"Sei Land zu lieben,ist unmodern, aber völlig fremde Menschen aus aller Welt soll ich aber gern haben!","An Lanz: Zitat von Habeck: ""Vaterlandsliebe fand ich stets zum Kotzen"" warum läuft es ihm da nicht kalt den Rücken runter?",vaterlandsliebe,migration,17
ai,Chrupalla: Keine Extremisten in AfD | Markus Lanz vom 06. Februar 2024,UgwwQLSq8AqfIG6dfOp4AaABAg.A-WB04PK1CjA-X92upPQwR,"@user
Ich Liebe meine Mutter ich Liebe meinen Vater und meine Schwester, ich mag meine Freunde. Aber so etwas Abstraktes wie „mein Land“ liebe ich nicht. Habeck hat sich, nein hat bei Got geschworen dass er seine Kraft dem Wohle des Volkes widmen, Verfassung und Gesetze wahren, seine Pflichten gewissenhaft erfüllen und Gerechtigkeit gegen jedermann üben werde. Das er sein Land liebt hat er nicht geschworen. Das hat kein Minister, jemals.","An Lanz: Zitat von Habeck: ""Vaterlandsliebe fand ich stets zum Kotzen"" warum läuft es ihm da nicht kalt den Rücken runter?",robert habeck,vaterlandsliebe,71
ai,Chrupalla: Keine Extremisten in AfD | Markus Lanz vom 06. Februar 2024,UgwwQLSq8AqfIG6dfOp4AaABAg.A-WB04PK1CjA-X96cwyz2N,"Vielleicht würde er dieses Land nicht so rücksichtslos zugrunde richten, wenn er es lieben würde?","An Lanz: Zitat von Habeck: ""Vaterlandsliebe fand ich stets zum Kotzen"" warum läuft es ihm da nicht kalt den Rücken runter?",vaterlandsliebe,robert habeck,15
ai,Chrupalla: Keine Extremisten in AfD | Markus Lanz vom 06. Februar 2024,UgwwQLSq8AqfIG6dfOp4AaABAg.A-WB04PK1CjA-XGJQaHTDB,dann wander aus ganz einfach oh ne warte die anderen länder lassen nicht jeden rein und werden nicht als rechts eingestuft ...@user,"An Lanz: Zitat von Habeck: ""Vaterlandsliebe fand ich stets zum Kotzen"" warum läuft es ihm da nicht kalt den Rücken runter?",,migration,22
ai,Chrupalla: Keine Extremisten in AfD | Markus Lanz vom 06. Februar 2024,UgwwQLSq8AqfIG6dfOp4AaABAg.A-WB04PK1CjA-XIuk8_h4j,vaterlandsliebe ist der grund warum wir hitler hatten. sei kein nazi,"An Lanz: Zitat von Habeck: ""Vaterlandsliebe fand ich stets zum Kotzen"" warum läuft es ihm da nicht kalt den Rücken runter?",,"rechtsextremismus, vaterlandsliebe",11
ai,Chrupalla: Keine Extremisten in AfD | Markus Lanz vom 06. Februar 2024,UgwwQLSq8AqfIG6dfOp4AaABAg.A-WB04PK1CjA-XNTG4OR_8,@user wenn man ein Land nicht liebt muss man halt gehen oder besser gesagt sollte man gehen und sich eins suchen wo man sich wohlfühlt und das man dann auch mag bzw. Liebt Wenn man seine Familie nicht mag muss man auch nicht bei ihr bleiben man grenzt sich oder bricht den kontakt ab und zieht aus (sobald man volljährig ist) und bleibt nicht dort und hasst dann seine Familie. Ich liebe Deutschland und will hier bleiben aber in diese Richtung wie es gerade geht fühl ich mich nicht mehr wohl und werde dann definitiv auch irgendwann auswandern... nämlich in ein Land mit Disziplin und anstand nämlich japan.,"An Lanz: Zitat von Habeck: ""Vaterlandsliebe fand ich stets zum Kotzen"" warum läuft es ihm da nicht kalt den Rücken runter?",vaterlandsliebe,,108
ai,AfD-Chefin Weidel: Keine Koalition mit der CDU unter Friedrich Merz | Markus Lanz vom 06. März 2025,Ugx20tm3UOCv61ur3SB4AaABAg,Der Typ von der CDU ist auch ein Garant für mehr Stimmen für die AFD.,Der Typ von der CDU ist auch ein Garant für mehr Stimmen für die AFD.,,cdu,15
ai,AfD-Chefin Weidel: Keine Koalition mit der CDU unter Friedrich Merz | Markus Lanz vom 06. März 2025,Ugx20tm3UOCv61ur3SB4AaABAg.AFMh1xA1I3MAFMjr2OXsde,diese ganze CDU ist nur noch eine Farce.,Der Typ von der CDU ist auch ein Garant für mehr Stimmen für die AFD.,,cdu,8
ai,AfD-Chefin Weidel: Keine Koalition mit der CDU unter Friedrich Merz | Markus Lanz vom 06. März 2025,Ugx20tm3UOCv61ur3SB4AaABAg.AFMh1xA1I3MAFMlwDSQrS-,Ne Lanz ist AfD Garant. Bei compact lachen die sich tot.😂,Der Typ von der CDU ist auch ein Garant für mehr Stimmen für die AFD.,,markus lanz,11
ai,AfD-Chefin Weidel: Keine Koalition mit der CDU unter Friedrich Merz | Markus Lanz vom 06. März 2025,Ugx20tm3UOCv61ur3SB4AaABAg.AFMh1xA1I3MAFMm2QZZxpk,Von Scheiße willst du in die noch dreckigere Ecke gehen ? CDU ist kacke dann wähle ich eben die Partei mit den meisten Rechtsextremen im Bundestag. Hast du echt kein Verständnis? Möchtest du ein Nordkorea,Der Typ von der CDU ist auch ein Garant für mehr Stimmen für die AFD.,,"afd, cdu, rechtsextremismus",35
ai,AfD-Chefin Weidel: Keine Koalition mit der CDU unter Friedrich Merz | Markus Lanz vom 06. März 2025,Ugx20tm3UOCv61ur3SB4AaABAg.AFMh1xA1I3MAFMmBgj6_Ys,"Nope eher für die SPD und Grünen, wenn die Sondervermögen funktionieren. Und das werden sie.",Der Typ von der CDU ist auch ein Garant für mehr Stimmen für die AFD.,sondervermoegen,,15
ai,AfD-Chefin Weidel: Keine Koalition mit der CDU unter Friedrich Merz | Markus Lanz vom 06. März 2025,Ugx20tm3UOCv61ur3SB4AaABAg.AFMh1xA1I3MAFMmSqhY5f_,Das ich nicht lache😂 wach auf junge ! Niemand wird mit der afd koalieren ! Zum glück ist die Mehrheit nicht so hängen geblieben wie du 😂🤡💩,Der Typ von der CDU ist auch ein Garant für mehr Stimmen für die AFD.,,"afd, koalition mit der afd",27
ai,AfD-Chefin Weidel: Keine Koalition mit der CDU unter Friedrich Merz | Markus Lanz vom 06. März 2025,Ugx20tm3UOCv61ur3SB4AaABAg.AFMh1xA1I3MAFMnEzVT7As,Deswegen muss Merz weg!!,Der Typ von der CDU ist auch ein Garant für mehr Stimmen für die AFD.,,friedrich merz,4
ai,AfD-Chefin Weidel: Keine Koalition mit der CDU unter Friedrich Merz | Markus Lanz vom 06. März 2025,Ugx20tm3UOCv61ur3SB4AaABAg.AFMh1xA1I3MAFMpXr2enkv,Ist doch prima. Nach der Wahl ist vor der Wahl.,Der Typ von der CDU ist auch ein Garant für mehr Stimmen für die AFD.,afd,,10
ai,AfD-Chefin Weidel: Keine Koalition mit der CDU unter Friedrich Merz | Markus Lanz vom 06. März 2025,Ugx20tm3UOCv61ur3SB4AaABAg.AFMh1xA1I3MAFMpd6dtuqH,450 Likes in einer Stunde für den AfD-Mist?,Der Typ von der CDU ist auch ein Garant für mehr Stimmen für die AFD.,,afd,8
ai,AfD-Chefin Weidel: Keine Koalition mit der CDU unter Friedrich Merz | Markus Lanz vom 06. März 2025,Ugx20tm3UOCv61ur3SB4AaABAg.AFMh1xA1I3MAFMpt6Ip9kK,Das der Hohlkopf immer dazwischen Quatscht ist unerträglich.,Der Typ von der CDU ist auch ein Garant für mehr Stimmen für die AFD.,,"cdu, markus lanz",8
ai,AfD-Chefin Weidel: Keine Koalition mit der CDU unter Friedrich Merz | Markus Lanz vom 06. März 2025,Ugx20tm3UOCv61ur3SB4AaABAg.AFMh1xA1I3MAFMq8HpsZU5,"@user, weil AfD sich nur für Stimmenfang und Geld/Macht interessiert.. 🤦",Der Typ von der CDU ist auch ein Garant für mehr Stimmen für die AFD.,,afd,11
ai,AfD-Chefin Weidel: Keine Koalition mit der CDU unter Friedrich Merz | Markus Lanz vom 06. März 2025,Ugx20tm3UOCv61ur3SB4AaABAg.AFMh1xA1I3MAFMqKPIPbI9,Leider Gottes,Der Typ von der CDU ist auch ein Garant für mehr Stimmen für die AFD.,,"afd, cdu",2
ai,AfD-Chefin Weidel: Keine Koalition mit der CDU unter Friedrich Merz | Markus Lanz vom 06. März 2025,Ugx20tm3UOCv61ur3SB4AaABAg.AFMh1xA1I3MAFMqKPW2i1j,"Ein Problem aller ""Volksparteien"" dabei sehen wir grade live in den USA was uns blüht, wenn wir eine von Putin finanzierte Partei wählen. Wahre deutsche wählen nicht diese AfD Vaterlandsverräter!",Der Typ von der CDU ist auch ein Garant für mehr Stimmen für die AFD.,vaterlandsliebe,afd,30
ai,AfD-Chefin Weidel: Keine Koalition mit der CDU unter Friedrich Merz | Markus Lanz vom 06. März 2025,Ugx20tm3UOCv61ur3SB4AaABAg.AFMh1xA1I3MAFMqKfw4q51,Der hat es nur nicht gemerkt.,Der Typ von der CDU ist auch ein Garant für mehr Stimmen für die AFD.,,cdu,6
ai,AfD-Chefin Weidel: Keine Koalition mit der CDU unter Friedrich Merz | Markus Lanz vom 06. März 2025,Ugx20tm3UOCv61ur3SB4AaABAg.AFMh1xA1I3MAFMqSChwX2q,Echt schlimm dieser Mann!,Der Typ von der CDU ist auch ein Garant für mehr Stimmen für die AFD.,,friedrich merz,4
ai,AfD-Chefin Weidel: Keine Koalition mit der CDU unter Friedrich Merz | Markus Lanz vom 06. März 2025,Ugx20tm3UOCv61ur3SB4AaABAg.AFMh1xA1I3MAFMqaB1p8kB,"Passt doch, die sind sogar so dumm das sie selber es nicht merken wie sie sich ins aus schießen 😅 selten dumm solche Leute,aber umso besser für afd 🔵🔵🔵",Der Typ von der CDU ist auch ein Garant für mehr Stimmen für die AFD.,afd,cdu,29
ai,AfD-Chefin Weidel: Keine Koalition mit der CDU unter Friedrich Merz | Markus Lanz vom 06. März 2025,Ugx20tm3UOCv61ur3SB4AaABAg.AFMh1xA1I3MAFMr-HhZZsk,"Ich befürchte auch, das zur nächsten Wahl 29, die AFD durch die Decke gehen wird.",Der Typ von der CDU ist auch ein Garant für mehr Stimmen für die AFD.,,afd,15
ai,AfD-Chefin Weidel: Keine Koalition mit der CDU unter Friedrich Merz | Markus Lanz vom 06. März 2025,Ugx20tm3UOCv61ur3SB4AaABAg.AFMh1xA1I3MAFMrCIdXARi,@user da hilft nur noch die Sondervermögensbremse.😂,Der Typ von der CDU ist auch ein Garant für mehr Stimmen für die AFD.,,"neue schulden, sondervermoegen",7
ai,AfD-Chefin Weidel: Keine Koalition mit der CDU unter Friedrich Merz | Markus Lanz vom 06. März 2025,Ugx20tm3UOCv61ur3SB4AaABAg.AFMh1xA1I3MAFMrOOe4iY8,@user der Lanz oder der tüp von der Union. Ok eigentlich kann man beide Quatschköpfe bezeichnen. 😊,Der Typ von der CDU ist auch ein Garant für mehr Stimmen für die AFD.,,"cdu, markus lanz",17
ai,AfD-Chefin Weidel: Keine Koalition mit der CDU unter Friedrich Merz | Markus Lanz vom 06. März 2025,Ugx20tm3UOCv61ur3SB4AaABAg.AFMh1xA1I3MAFMrlg0zEr0,Sondervermögen heißt die CDU kann weiter so tun als wäre die Schuldenbremse ein normales Gesetz und nicht eine Ausrede für Austerität.,Der Typ von der CDU ist auch ein Garant für mehr Stimmen für die AFD.,neue schulden,"cdu, sondervermoegen",21
ai,AfD-Chefin Weidel: Keine Koalition mit der CDU unter Friedrich Merz | Markus Lanz vom 06. März 2025,Ugx20tm3UOCv61ur3SB4AaABAg.AFMh1xA1I3MAFMsayvjvK4,"@user die werden bald keine Rolle mehr spielen,denn die überwiegende Mehrheit der Bevölkerung ist gegen die Einhaltung der Schuldenbremse und Merz nimmt der AfD das Thema Migration gerade weg,da kann sich diese nur noch weiter radikalisieren und zwar so das die Dienste sie entgültig als verfassungsfeindlich einstufen können und ein Verbotsverfahren dann entgültig eingeleitet werden kann",Der Typ von der CDU ist auch ein Garant für mehr Stimmen für die AFD.,"friedrich merz, neue schulden, verfassungsschutz","afd, rechtsextremismus",56
ai,AfD-Chefin Weidel: Keine Koalition mit der CDU unter Friedrich Merz | Markus Lanz vom 06. März 2025,Ugx20tm3UOCv61ur3SB4AaABAg.AFMh1xA1I3MAFMsfYh_cpj,"richtig. Wie immer keine Fakten, sondern nur Ablenkung in Richtung AFD. Gegen die Weidel hat er sowieso keine Chance, dieser Schüler... Ein Glück hat er den Lanz",Der Typ von der CDU ist auch ein Garant für mehr Stimmen für die AFD.,afd,"cdu, markus lanz",27
ai,AfD-Chefin Weidel: Keine Koalition mit der CDU unter Friedrich Merz | Markus Lanz vom 06. März 2025,Ugx20tm3UOCv61ur3SB4AaABAg.AFMh1xA1I3MAFMt3WRby4t,"@user AfD Mist? Gibt es auch eine Begründung? Für den jetzigen Zustand von Deutschland sind aber folgende Parteien verantwortlich, CDU, FDP, LINKE, und die GRÜNEN!",Der Typ von der CDU ist auch ein Garant für mehr Stimmen für die AFD.,afd,cdu,25
ai,AfD-Chefin Weidel: Keine Koalition mit der CDU unter Friedrich Merz | Markus Lanz vom 06. März 2025,Ugx20tm3UOCv61ur3SB4AaABAg.AFMh1xA1I3MAFMtp7POLMl,"@user diese Befürchtung ist durchaus berechtigt. Die Union,SPD,FDP und die Grünen ebenen den Weg für die AfD. Dabei brauch die AfD keine Argumente liefern das tun die anderen Parteien. Aber nach einen Regierung mit AfD Verantwortung wird die AfD zeigen was sie können. Nämlich nichts gescheites.",Der Typ von der CDU ist auch ein Garant für mehr Stimmen für die AFD.,,"afd, cdu",46
ai,AfD-Chefin Weidel: Keine Koalition mit der CDU unter Friedrich Merz | Markus Lanz vom 06. März 2025,Ugx20tm3UOCv61ur3SB4AaABAg.AFMh1xA1I3MAFMu-j2tpjn,der typ ist auf jedem fall nicht das schärfste Messer in der Schublade,Der Typ von der CDU ist auch ein Garant für mehr Stimmen für die AFD.,,cdu,13
ai,AfD-Chefin Weidel: Keine Koalition mit der CDU unter Friedrich Merz | Markus Lanz vom 06. März 2025,Ugx20tm3UOCv61ur3SB4AaABAg.AFMh1xA1I3MAFMu6erIwDR,So mit tut er Gutes !,Der Typ von der CDU ist auch ein Garant für mehr Stimmen für die AFD.,afd,,6
ai,AfD-Chefin Weidel: Keine Koalition mit der CDU unter Friedrich Merz | Markus Lanz vom 06. März 2025,Ugx20tm3UOCv61ur3SB4AaABAg.AFMh1xA1I3MAFMuHSTQ7LW,Richtig,Der Typ von der CDU ist auch ein Garant für mehr Stimmen für die AFD.,,cdu,1
ai,AfD-Chefin Weidel: Keine Koalition mit der CDU unter Friedrich Merz | Markus Lanz vom 06. März 2025,Ugx20tm3UOCv61ur3SB4AaABAg.AFMh1xA1I3MAFMxXkwH731,"@user naja passt doch, dann wird hier mal das Gesetz durchgesetzt und aufgeräumt! Oder möchtest du in einer heruntergekommenen Wohnung leben?",Der Typ von der CDU ist auch ein Garant für mehr Stimmen für die AFD.,afd,,21
ai,AfD-Chefin Weidel: Keine Koalition mit der CDU unter Friedrich Merz | Markus Lanz vom 06. März 2025,Ugx20tm3UOCv61ur3SB4AaABAg.AFMh1xA1I3MAFMy1kyalyE,Der sollte mal Anstand lernen,Der Typ von der CDU ist auch ein Garant für mehr Stimmen für die AFD.,,cdu,5
ai,AfD-Chefin Weidel: Keine Koalition mit der CDU unter Friedrich Merz | Markus Lanz vom 06. März 2025,Ugx20tm3UOCv61ur3SB4AaABAg.AFMh1xA1I3MAFMzxDDQZys,Jo,Der Typ von der CDU ist auch ein Garant für mehr Stimmen für die AFD.,,cdu,1
ai,AfD-Chefin Weidel: Keine Koalition mit der CDU unter Friedrich Merz | Markus Lanz vom 06. März 2025,Ugx20tm3UOCv61ur3SB4AaABAg.AFMh1xA1I3MAFMzy3nC4Bd,Darf ich eine Frage an alle CDU Wähler stellen. Fühlen Sie sich verarscht? Alles und zwar wirklich alles was versprochen wurde war einfach nur gelogen. War selbst immer CDU Wähler. Aber leider musste ich feststellen das ich als Wähler dieser Partei nur angelogen und betrogen werde. Altkanzler von der CDU würden sich schämen was da heute passiert. Trotzdem sage ich jeder soll sich selbst entscheiden was man wählt. Nur oft sieht man das Menschen sich keine eigene Meinung mehr bilden können. Übrigen nur mal so am Rande was die Kredite für Privatpersonen angeht sprecht heute oder die Tage mal mit eurer Bank. Viel Erfolg mit der Antwort.,Der Typ von der CDU ist auch ein Garant für mehr Stimmen für die AFD.,,cdu,107
ai,AfD-Chefin Weidel: Keine Koalition mit der CDU unter Friedrich Merz | Markus Lanz vom 06. März 2025,Ugx20tm3UOCv61ur3SB4AaABAg.AFMh1xA1I3MAFN-4t3Erq0,100%,Der Typ von der CDU ist auch ein Garant für mehr Stimmen für die AFD.,,cdu,1
ai,AfD-Chefin Weidel: Keine Koalition mit der CDU unter Friedrich Merz | Markus Lanz vom 06. März 2025,Ugx20tm3UOCv61ur3SB4AaABAg.AFMh1xA1I3MAFN1lh71g3R,@user wird definitiv schon eher der Fall sein!🥳💥🇩🇪💙,Der Typ von der CDU ist auch ein Garant für mehr Stimmen für die AFD.,afd,,8
ai,AfD-Chefin Weidel: Keine Koalition mit der CDU unter Friedrich Merz | Markus Lanz vom 06. März 2025,Ugx20tm3UOCv61ur3SB4AaABAg.AFMh1xA1I3MAFN2btm2FtX,Die ganze cdu is reinste wahlwerbung für die afd so eine clown Show hab ich in 35 Jahren nicht erlebt 😂,Der Typ von der CDU ist auch ein Garant für mehr Stimmen für die AFD.,,cdu,21
ai,AfD-Chefin Weidel: Keine Koalition mit der CDU unter Friedrich Merz | Markus Lanz vom 06. März 2025,Ugx20tm3UOCv61ur3SB4AaABAg.AFMh1xA1I3MAFN2xb3yIxf,117. Der ( C ) DU ler hat immer die Klappe offen Unterste Schublade der redet so viel Stuss👎👎👎🤮. Frau Weidel Super 👍👍👍👍💙💙💙🇩🇪. M.M.,Der Typ von der CDU ist auch ein Garant für mehr Stimmen für die AFD.,afd,cdu,24
ai,AfD-Chefin Weidel: Keine Koalition mit der CDU unter Friedrich Merz | Markus Lanz vom 06. März 2025,Ugx20tm3UOCv61ur3SB4AaABAg.AFMh1xA1I3MAFN3UYSpojQ,Der Merz zu den Außerirdischen 👍🚀🚀🚀. Da ist er gut aufgehoben . 👍. M.M.,Der Typ von der CDU ist auch ein Garant für mehr Stimmen für die AFD.,,friedrich merz,14
ai,AfD-Chefin Weidel: Keine Koalition mit der CDU unter Friedrich Merz | Markus Lanz vom 06. März 2025,Ugx20tm3UOCv61ur3SB4AaABAg.AFMh1xA1I3MAFN3fm1S05n,Der ( C ) DU ler der letzte Heuler 👎👎👎👎🤮🤮. M.M.,Der Typ von der CDU ist auch ein Garant für mehr Stimmen für die AFD.,,cdu,11
ai,AfD-Chefin Weidel: Keine Koalition mit der CDU unter Friedrich Merz | Markus Lanz vom 06. März 2025,Ugx20tm3UOCv61ur3SB4AaABAg.AFMh1xA1I3MAFN3uOq6GcE,"@user ist doch kein Mist, dass ist die Wahrheit.. die CDU und SPD sollten dringend untergehn und die AfD aufstehn…!",Der Typ von der CDU ist auch ein Garant für mehr Stimmen für die AFD.,afd,cdu,20
ai,AfD-Chefin Weidel: Keine Koalition mit der CDU unter Friedrich Merz | Markus Lanz vom 06. März 2025,Ugx20tm3UOCv61ur3SB4AaABAg.AFMh1xA1I3MAFN4Irr7HYd,"Das ist ein skrupeloser Parteisoldat, der trägt alles mit was die oberen in der Partei vorgeben. Dementsprechend ist die CDU eigentlich am ehesten eine Autoritäre Partei.",Der Typ von der CDU ist auch ein Garant für mehr Stimmen für die AFD.,,cdu,26
ai,AfD-Chefin Weidel: Keine Koalition mit der CDU unter Friedrich Merz | Markus Lanz vom 06. März 2025,Ugx20tm3UOCv61ur3SB4AaABAg.AFMh1xA1I3MAFN5EKQduRL,Natürlich! Mit so einem April kann man keine Koalition machen! Der Merz muss sich in April umnennen! Gestern ganz anders als heute und morgen??,Der Typ von der CDU ist auch ein Garant für mehr Stimmen für die AFD.,,"friedrich merz, koalition mit der afd",24
ai,AfD-Chefin Weidel: Keine Koalition mit der CDU unter Friedrich Merz | Markus Lanz vom 06. März 2025,Ugx20tm3UOCv61ur3SB4AaABAg.AFMh1xA1I3MAFN5kUljgf7,"Merz wird Merkels ""Werk"" vollenden und die CDU endgültig beerdigen.",Der Typ von der CDU ist auch ein Garant für mehr Stimmen für die AFD.,,"cdu, friedrich merz",10
ai,AfD-Chefin Weidel: Keine Koalition mit der CDU unter Friedrich Merz | Markus Lanz vom 06. März 2025,Ugx20tm3UOCv61ur3SB4AaABAg.AFMh1xA1I3MAFN5p_3PfNi,"Mehr Stimmen für die AfD..der war gut.Die Frau ist irre ,einfach wiederlich.Alle haben gesehen das sie schwurbelt,schwurbelt und keine Frage beantwortet. Jedesmal äh,äh,und nein.",Der Typ von der CDU ist auch ein Garant für mehr Stimmen für die AFD.,,afd,24
ai,AfD-Chefin Weidel: Keine Koalition mit der CDU unter Friedrich Merz | Markus Lanz vom 06. März 2025,Ugx20tm3UOCv61ur3SB4AaABAg.AFMh1xA1I3MAFN7fewgpJE,Arg gruselig der Herr,Der Typ von der CDU ist auch ein Garant für mehr Stimmen für die AFD.,,cdu,4
ai,AfD-Chefin Weidel: Keine Koalition mit der CDU unter Friedrich Merz | Markus Lanz vom 06. März 2025,Ugx20tm3UOCv61ur3SB4AaABAg.AFMh1xA1I3MAFN8RHiUdAj,"@user Ich kann mir nicht vorstellen, daß wir bis 2029 auf Neuwahlen warten müssen. Je früher, desto besser.",Der Typ von der CDU ist auch ein Garant für mehr Stimmen für die AFD.,,"cdu, friedrich merz",18
ai,AfD-Chefin Weidel: Keine Koalition mit der CDU unter Friedrich Merz | Markus Lanz vom 06. März 2025,Ugx20tm3UOCv61ur3SB4AaABAg.AFMh1xA1I3MAFN8tds7ML4,@user Weidel sollte dann zuerst mit Anstand voraus gehen,Der Typ von der CDU ist auch ein Garant für mehr Stimmen für die AFD.,,afd,9
ai,AfD-Chefin Weidel: Keine Koalition mit der CDU unter Friedrich Merz | Markus Lanz vom 06. März 2025,Ugx20tm3UOCv61ur3SB4AaABAg.AFMh1xA1I3MAFNAc3B-HBr,😂das stimmt,Der Typ von der CDU ist auch ein Garant für mehr Stimmen für die AFD.,,cdu,2
ai,AfD-Chefin Weidel: Keine Koalition mit der CDU unter Friedrich Merz | Markus Lanz vom 06. März 2025,Ugx20tm3UOCv61ur3SB4AaABAg.AFMh1xA1I3MAFNCMYzNjJf,"@user Sie befürchten es, viele Menschen hoffen es.",Der Typ von der CDU ist auch ein Garant für mehr Stimmen für die AFD.,afd,,8
ai,AfD-Chefin Weidel: Keine Koalition mit der CDU unter Friedrich Merz | Markus Lanz vom 06. März 2025,Ugx20tm3UOCv61ur3SB4AaABAg.AFMh1xA1I3MAFNDedYEFAt,Wenn dann bots..hehe@user,Der Typ von der CDU ist auch ein Garant für mehr Stimmen für die AFD.,,afd,3
ai,AfD-Chefin Weidel: Keine Koalition mit der CDU unter Friedrich Merz | Markus Lanz vom 06. März 2025,Ugx20tm3UOCv61ur3SB4AaABAg.AFMh1xA1I3MAFNEP0TCcYb,@user das kann man erst sagen wenn sie regiert hat!! Alles andere sind Vorurteile,Der Typ von der CDU ist auch ein Garant für mehr Stimmen für die AFD.,afd,,14
ai,AfD-Chefin Weidel: Keine Koalition mit der CDU unter Friedrich Merz | Markus Lanz vom 06. März 2025,Ugx20tm3UOCv61ur3SB4AaABAg.AFMh1xA1I3MAFNFbprgxTU,Das kompensiert aber Weidel locker weg.,Der Typ von der CDU ist auch ein Garant für mehr Stimmen für die AFD.,,afd,6
ai,AfD-Chefin Weidel: Keine Koalition mit der CDU unter Friedrich Merz | Markus Lanz vom 06. März 2025,Ugx20tm3UOCv61ur3SB4AaABAg.AFMh1xA1I3MAFNGQCmRlEz,@user Also durch die Kellerdecke nach unten?,Der Typ von der CDU ist auch ein Garant für mehr Stimmen für die AFD.,,afd,7
ai,AfD-Chefin Weidel: Keine Koalition mit der CDU unter Friedrich Merz | Markus Lanz vom 06. März 2025,Ugx20tm3UOCv61ur3SB4AaABAg.AFMh1xA1I3MAFNH09--4qC,@user werden das noch bitter bereuen das sie ihre Stimme der CDU gegeben haben.,Der Typ von der CDU ist auch ein Garant für mehr Stimmen für die AFD.,,cdu,14
ai,AfD-Chefin Weidel: Keine Koalition mit der CDU unter Friedrich Merz | Markus Lanz vom 06. März 2025,Ugx20tm3UOCv61ur3SB4AaABAg.AFMh1xA1I3MAFNHPTiUQGu,@user die Zinsen werden sie auffressen.,Der Typ von der CDU ist auch ein Garant für mehr Stimmen für die AFD.,,neue schulden,6
ai,AfD-Chefin Weidel: Keine Koalition mit der CDU unter Friedrich Merz | Markus Lanz vom 06. März 2025,Ugx20tm3UOCv61ur3SB4AaABAg.AFMh1xA1I3MAFNI4XNnWWg,@user wer der Beste Namen.,Der Typ von der CDU ist auch ein Garant für mehr Stimmen für die AFD.,,cdu,5
ai,AfD-Chefin Weidel: Keine Koalition mit der CDU unter Friedrich Merz | Markus Lanz vom 06. März 2025,Ugx20tm3UOCv61ur3SB4AaABAg.AFMh1xA1I3MAFNIF0hS0Va,"Das die Frau Weidel so lange ruhig bleibt Respekt,ich wäre bestimmt schon gegangen.",Der Typ von der CDU ist auch ein Garant für mehr Stimmen für die AFD.,afd,,13
ai,AfD-Chefin Weidel: Keine Koalition mit der CDU unter Friedrich Merz | Markus Lanz vom 06. März 2025,Ugx20tm3UOCv61ur3SB4AaABAg.AFMh1xA1I3MAFNLJZDbhEC,@user solltet eure Aluhelme abnehmen und ein bisschen frische Luft drunter lassen . Mfg 💙,Der Typ von der CDU ist auch ein Garant für mehr Stimmen für die AFD.,afd,,15
ai,AfD-Chefin Weidel: Keine Koalition mit der CDU unter Friedrich Merz | Markus Lanz vom 06. März 2025,Ugx20tm3UOCv61ur3SB4AaABAg.AFMh1xA1I3MAFNN0DlntUX,@user dann kennst du nicht das Wahlprogramm der AfD? Da steht soviel Bullshit drinnen. Wenn die das tatsächlich ansatzweise umsetzen dann gute Nacht Deutschland. Die einzigen die davon profitieren sind wirklich Superreiche. Für den Durchschnitt ist es eher bescheiden und für das untere Drittel eine Katastrophe.,Der Typ von der CDU ist auch ein Garant für mehr Stimmen für die AFD.,,afd,46
ai,AfD-Chefin Weidel: Keine Koalition mit der CDU unter Friedrich Merz | Markus Lanz vom 06. März 2025,Ugx20tm3UOCv61ur3SB4AaABAg.AFMh1xA1I3MAFNN0JnEGB_,"@user Sie?
Kader/Profiteur?!!!?
...oder einfach nur Narzisst, bar jeglicher Eigenreflexion; sprich klarem Menschenverstand ...
Diese Spezie in Regierungs Verantwortung hat unser Deutschland abgeschafft.",Der Typ von der CDU ist auch ein Garant für mehr Stimmen für die AFD.,,"cdu, friedrich merz",23
ai,AfD-Chefin Weidel: Keine Koalition mit der CDU unter Friedrich Merz | Markus Lanz vom 06. März 2025,Ugx20tm3UOCv61ur3SB4AaABAg.AFMh1xA1I3MAFNOwy2mxR7,@user% und nennst 500ikes russenbots. Merkste noch was oder ist dies schon Psychotisch?,Der Typ von der CDU ist auch ein Garant für mehr Stimmen für die AFD.,afd,,13
ai,AfD-Chefin Weidel: Keine Koalition mit der CDU unter Friedrich Merz | Markus Lanz vom 06. März 2025,Ugx20tm3UOCv61ur3SB4AaABAg.AFMh1xA1I3MAFNP0H5mxn5,"@user Wenn er nicht laufend dazwischen gelabert hätte , hätte ich auch keine Kommentar dazu gegeben.",Der Typ von der CDU ist auch ein Garant für mehr Stimmen für die AFD.,,markus lanz,16
ai,AfD-Chefin Weidel: Keine Koalition mit der CDU unter Friedrich Merz | Markus Lanz vom 06. März 2025,Ugx20tm3UOCv61ur3SB4AaABAg.AFMh1xA1I3MAFNPjrY-9hQ,@user Noch viel zu wenige!!!!!!,Der Typ von der CDU ist auch ein Garant für mehr Stimmen für die AFD.,afd,,5
ai,AfD-Chefin Weidel: Keine Koalition mit der CDU unter Friedrich Merz | Markus Lanz vom 06. März 2025,Ugx20tm3UOCv61ur3SB4AaABAg.AFMh1xA1I3MAFNPwupZ_g5,Wäre für die Zuschauer auch besser gewesen. Eine fürchterliche Frau.@user,Der Typ von der CDU ist auch ein Garant für mehr Stimmen für die AFD.,,afd,10
ai,AfD-Chefin Weidel: Keine Koalition mit der CDU unter Friedrich Merz | Markus Lanz vom 06. März 2025,Ugx20tm3UOCv61ur3SB4AaABAg.AFMh1xA1I3MAFNSRwvJ9_l,"Ja, der sieht schon aus wie so ein Höhlenmensch...😆",Der Typ von der CDU ist auch ein Garant für mehr Stimmen für die AFD.,,cdu,9
ai,AfD-Chefin Weidel: Keine Koalition mit der CDU unter Friedrich Merz | Markus Lanz vom 06. März 2025,Ugx20tm3UOCv61ur3SB4AaABAg.AFMh1xA1I3MAFNTKgnXmm5,Nö💙,Der Typ von der CDU ist auch ein Garant für mehr Stimmen für die AFD.,afd,,1
ai,AfD-Chefin Weidel: Keine Koalition mit der CDU unter Friedrich Merz | Markus Lanz vom 06. März 2025,Ugx20tm3UOCv61ur3SB4AaABAg.AFMh1xA1I3MAFNVXWZFO1V,"@user Für wen? Ich als Bio Deutscher, der in der Industrie Arbeitet, wäre ein großer verlierer der AfD Politik, aufgrund ihrer Wirtschaft und Europapolitik. Arbeitslose hätten auch nur Nachteile, das Handwerk hätte zu kämpfen genauso wie unsere Dienstleister. Profitieren würde nur ein kleiner Kreis reicher Menschen, sowie in England nach dem Brexit oder wie man es jetzt gerade in der USA beobachten kann. Also wirklich warum glaubst du das hier alles besser wird? Nur weil die alle Ausländer rauswerfen wollen oder gibt es noch einen anderen Grund?",Der Typ von der CDU ist auch ein Garant für mehr Stimmen für die AFD.,migration,afd,87
ai,AfD-Chefin Weidel: Keine Koalition mit der CDU unter Friedrich Merz | Markus Lanz vom 06. März 2025,Ugx20tm3UOCv61ur3SB4AaABAg.AFMh1xA1I3MAFNVbZA2YSe,Gott sei Dank ist Merz der neue Bundeskanzler !!!! ❤❤❤❤❤❤,Der Typ von der CDU ist auch ein Garant für mehr Stimmen für die AFD.,friedrich merz,,10
ai,AfD-Chefin Weidel: Keine Koalition mit der CDU unter Friedrich Merz | Markus Lanz vom 06. März 2025,UgxH3ozP1sFvE_AEpHV4AaABAg.AFMouu54VT5AFMuPUdKEdZ,"bin froh, dass sie gebrochen wurden, denn mit strenger Schuldenbremse, bei all dem was jetzt gemacht werden muss, wäre es zwangsläufig weiter bergab gegangen.","Jeder der hier behauptet, daß Wahlversprechen nicht gebrochen worden sind, verscheißert sich selbst und die Zuschauer.","neue schulden, wahlversprechen",,24
ai,AfD-Chefin Weidel: Keine Koalition mit der CDU unter Friedrich Merz | Markus Lanz vom 06. März 2025,UgxH3ozP1sFvE_AEpHV4AaABAg.AFMouu54VT5AFMujKs6HY2,"@user Bereit für die Front? Ich hab zum Glück keine Kinder, die die Schulden dann zahlen müssen.","Jeder der hier behauptet, daß Wahlversprechen nicht gebrochen worden sind, verscheißert sich selbst und die Zuschauer.",,neue schulden,17
ai,AfD-Chefin Weidel: Keine Koalition mit der CDU unter Friedrich Merz | Markus Lanz vom 06. März 2025,UgxH3ozP1sFvE_AEpHV4AaABAg.AFMouu54VT5AFMvUADXHf8,"@user Bin persönlich auch kein Freund einer strengen Schuldenbremse. Aber die CDU hat in der Ampel-Ära in der Opposition drei Jahre lang die Wichtigkeit der Schuldenbremse wie ein Gebet beschworen und ist deshalb sogar vors Verfassungsgericht gezogen. Und wenn dieselbe CDU dann noch nicht einmal zwei Wochen nach der Wahl noch viel größere Schulden als die Ampel machen möchte und das durch einen eigentlich abgewählten alten Bundestag bringen will, entlarvt das diese Partei schon sehr. Zumindest könnte man zuvor auch die Ausgaben-Seite überprüfen.","Jeder der hier behauptet, daß Wahlversprechen nicht gebrochen worden sind, verscheißert sich selbst und die Zuschauer.",,"cdu, neue schulden, sondervermoegen, wahlversprechen",83
ai,AfD-Chefin Weidel: Keine Koalition mit der CDU unter Friedrich Merz | Markus Lanz vom 06. März 2025,UgxH3ozP1sFvE_AEpHV4AaABAg.AFMouu54VT5AFMwOzT5ugD,"der 28.02 hat schon einiges geändert oder? Gegen ende des Wahlkampfs hat Merz auch gesagt, ""man kann darüber reden"" zum Thema Schuldenbremse.","Jeder der hier behauptet, daß Wahlversprechen nicht gebrochen worden sind, verscheißert sich selbst und die Zuschauer.",friedrich merz,,22
ai,AfD-Chefin Weidel: Keine Koalition mit der CDU unter Friedrich Merz | Markus Lanz vom 06. März 2025,UgxH3ozP1sFvE_AEpHV4AaABAg.AFMouu54VT5AFMwt-2trz0,"@user Keynesianismus funktioniert nur für einen 70-Jährigen, der kurz- bis mittelfristig Kanzler sein möchte - nach dem Motto 'nach mir die Sintflut'.","Jeder der hier behauptet, daß Wahlversprechen nicht gebrochen worden sind, verscheißert sich selbst und die Zuschauer.",,"friedrich merz, neue schulden",22
ai,AfD-Chefin Weidel: Keine Koalition mit der CDU unter Friedrich Merz | Markus Lanz vom 06. März 2025,UgxH3ozP1sFvE_AEpHV4AaABAg.AFMouu54VT5AFMxIFawYIs,"@user vor allem hat er gesagt, wenn es für die richtige Sache ausgegebn wird. Das Sondervermögen wird an die Infrastruktur gebunden. Ich hab Fritz nicht gewählt und bin auch nach wie vor kein Fan von ihm, aber hat jetzt durchaus das gemacht, was er vorher behauptet.","Jeder der hier behauptet, daß Wahlversprechen nicht gebrochen worden sind, verscheißert sich selbst und die Zuschauer.","friedrich merz, sondervermoegen",,46
ai,AfD-Chefin Weidel: Keine Koalition mit der CDU unter Friedrich Merz | Markus Lanz vom 06. März 2025,UgxH3ozP1sFvE_AEpHV4AaABAg.AFMouu54VT5AFN0IvPhgLI,Jeder der das nicht vorher wusste ist so dämlich wie die afd Wähler,"Jeder der hier behauptet, daß Wahlversprechen nicht gebrochen worden sind, verscheißert sich selbst und die Zuschauer.",,afd,13
ai,AfD-Chefin Weidel: Keine Koalition mit der CDU unter Friedrich Merz | Markus Lanz vom 06. März 2025,UgxH3ozP1sFvE_AEpHV4AaABAg.AFMouu54VT5AFN0ZD1Gnmf,"@user ne, wieso? Und bitte komm jetzt nicht mit der Leier “dIe JuGEnD muSs DaS zURük ZahLen”","Jeder der hier behauptet, daß Wahlversprechen nicht gebrochen worden sind, verscheißert sich selbst und die Zuschauer.",neue schulden,,17
ai,AfD-Chefin Weidel: Keine Koalition mit der CDU unter Friedrich Merz | Markus Lanz vom 06. März 2025,UgxH3ozP1sFvE_AEpHV4AaABAg.AFMouu54VT5AFN1YXtoH0i,"Jeder, der (immer noch?) glaubt, das die anstehenden Veränderungen kostenlos zu haben sind, hat ein Problem.","Jeder der hier behauptet, daß Wahlversprechen nicht gebrochen worden sind, verscheißert sich selbst und die Zuschauer.",neue schulden,,16
ai,AfD-Chefin Weidel: Keine Koalition mit der CDU unter Friedrich Merz | Markus Lanz vom 06. März 2025,UgxH3ozP1sFvE_AEpHV4AaABAg.AFMouu54VT5AFN1_mw6Uv2,"@user ne, wieso? Und bitte komme jetzt nicht mit “die Jugend zahlt das”","Jeder der hier behauptet, daß Wahlversprechen nicht gebrochen worden sind, verscheißert sich selbst und die Zuschauer.",neue schulden,,13
ai,AfD-Chefin Weidel: Keine Koalition mit der CDU unter Friedrich Merz | Markus Lanz vom 06. März 2025,UgxH3ozP1sFvE_AEpHV4AaABAg.AFMouu54VT5AFN1tDcAmd3,Jeder der glaubt man sollte in einer schweren Krise keine Schulden aufnehmen verscheißert sich selbst.,"Jeder der hier behauptet, daß Wahlversprechen nicht gebrochen worden sind, verscheißert sich selbst und die Zuschauer.",neue schulden,,15
ai,AfD-Chefin Weidel: Keine Koalition mit der CDU unter Friedrich Merz | Markus Lanz vom 06. März 2025,UgxH3ozP1sFvE_AEpHV4AaABAg.AFMouu54VT5AFN35cBrRR1,"@user >WÄRE es zwangsläufig weiter bergab gegangen Eine Schwarz, Rot, Grün Regierung spült dieses Land und dieses Volk in die braune Suppe der dritten Welt, mit oder ohne Schuldenbremse - zwangsläufig.
Ich finde es natürlich gut, dass man den Wehrdienst wieder einführen will. Die Hoffnung, dass Leute wie du im Schützengraben als Rabenfutter enden bessert meine Stimmung zumindest ein wenig - und glaub mir mal: Mit der Wehrpflicht ist der Zwangseinzug nicht weit entfernt.","Jeder der hier behauptet, daß Wahlversprechen nicht gebrochen worden sind, verscheißert sich selbst und die Zuschauer.",,cdu,74
ai,AfD-Chefin Weidel: Keine Koalition mit der CDU unter Friedrich Merz | Markus Lanz vom 06. März 2025,UgxH3ozP1sFvE_AEpHV4AaABAg.AFMouu54VT5AFN3PNm-Sv8,"@user Es ist sch***egal, ob Merz Wahlversprechen bricht, solange er seinen Amtseid erfüllen wird. Und das geht gerade halt nur mit massiven Investitionen in unsere Sicherheit und Infrastruktur, weil nur so Schaden durch Angriffe und Eroberung, insbesondere aus Russland, abgewendet werden kann.","Jeder der hier behauptet, daß Wahlversprechen nicht gebrochen worden sind, verscheißert sich selbst und die Zuschauer.","friedrich merz, in infrastruktur investieren",,42
ai,AfD-Chefin Weidel: Keine Koalition mit der CDU unter Friedrich Merz | Markus Lanz vom 06. März 2025,UgxH3ozP1sFvE_AEpHV4AaABAg.AFMouu54VT5AFN51YfdWA2,"Erst bei der eigenen Infrastruktur Jahrelang einsparen, währenddessen Milliarden verschenken. Und dann per Sondervermögen wieder in die Infrastruktur investieren wollen, genau mein Humor. 👍😂","Jeder der hier behauptet, daß Wahlversprechen nicht gebrochen worden sind, verscheißert sich selbst und die Zuschauer.",in infrastruktur investieren,sondervermoegen,24
ai,AfD-Chefin Weidel: Keine Koalition mit der CDU unter Friedrich Merz | Markus Lanz vom 06. März 2025,UgxH3ozP1sFvE_AEpHV4AaABAg.AFMouu54VT5AFN6rlLPdCh,"@user muss denn gemacht werden? Waffen, Krieg, Anti-Diplomatie, generationsübergreifende Verschuldung?","Jeder der hier behauptet, daß Wahlversprechen nicht gebrochen worden sind, verscheißert sich selbst und die Zuschauer.",,neue schulden,10
ai,AfD-Chefin Weidel: Keine Koalition mit der CDU unter Friedrich Merz | Markus Lanz vom 06. März 2025,UgxH3ozP1sFvE_AEpHV4AaABAg.AFMouu54VT5AFN7c0ttjhX,"@user Das Auflockern der Schuldenbremse wird nicht reichen und eher wie ein Strohfeuer wirken, um sich auf Kredit die nächste Wahl zu sichern. Was fehlt sind tiefgreifende Reformen, um wieder die Wettbewerbsfähigkeit zu steigern, eine Agenda 2035 sozusagen.","Jeder der hier behauptet, daß Wahlversprechen nicht gebrochen worden sind, verscheißert sich selbst und die Zuschauer.",,neue schulden,38
ai,AfD-Chefin Weidel: Keine Koalition mit der CDU unter Friedrich Merz | Markus Lanz vom 06. März 2025,UgxH3ozP1sFvE_AEpHV4AaABAg.AFMouu54VT5AFN96dDpoou,Und du glaubst die AFD macht das nicht? Sowas nennt man Naiv!,"Jeder der hier behauptet, daß Wahlversprechen nicht gebrochen worden sind, verscheißert sich selbst und die Zuschauer.",,afd,12
ai,AfD-Chefin Weidel: Keine Koalition mit der CDU unter Friedrich Merz | Markus Lanz vom 06. März 2025,UgxH3ozP1sFvE_AEpHV4AaABAg.AFMouu54VT5AFNAjmw1pXf,"😅Das wusste doch jeder, dass die Wahlversprechen der Konservativen kompletter Unfug sind und Deutschland Investitionen benötigt","Jeder der hier behauptet, daß Wahlversprechen nicht gebrochen worden sind, verscheißert sich selbst und die Zuschauer.",in infrastruktur investieren,"cdu, wahlversprechen",16
ai,AfD-Chefin Weidel: Keine Koalition mit der CDU unter Friedrich Merz | Markus Lanz vom 06. März 2025,UgxH3ozP1sFvE_AEpHV4AaABAg.AFMouu54VT5AFNB7o_xz5e,"Ich verstehe nicht, warum sich die AFD so aufregt? Ihr habt Merz doch gar nicht gewählt, wieso fühlt ihr euch betrogen? Betrogen können sich doch nur die fühlen, die Merz gewählt haben, aber keine Wähler de anderen Parteien.","Jeder der hier behauptet, daß Wahlversprechen nicht gebrochen worden sind, verscheißert sich selbst und die Zuschauer.",,afd,38
ai,AfD-Chefin Weidel: Keine Koalition mit der CDU unter Friedrich Merz | Markus Lanz vom 06. März 2025,UgxH3ozP1sFvE_AEpHV4AaABAg.AFMouu54VT5AFNBDF7_8kx,"@user könnte aber auch viele Milliarden sparen.Am Migrantengeld,an grünen Bullerbü Projekten usw.
500Milliarden für die Bundeswehr.Ein kleiner Teil davon für Schwangerschaftsuniformen wie man heute erst lesen konnte und der Rest Ukraine.500Milliarden für Infrastruktur.Heißt wohl für Integrationskurse und Wohnheime/ Häuser für Bereicherer und deren absolut vorrangigen Wohlergehen.
Und Merzel hatte doch schon angedeutet das er scharf auf die Billionen Sparguthaben der Bürger ist.","Jeder der hier behauptet, daß Wahlversprechen nicht gebrochen worden sind, verscheißert sich selbst und die Zuschauer.",,"friedrich merz, in infrastruktur investieren, migration, neue schulden, sondervermoegen",62
ai,AfD-Chefin Weidel: Keine Koalition mit der CDU unter Friedrich Merz | Markus Lanz vom 06. März 2025,UgxH3ozP1sFvE_AEpHV4AaABAg.AFMouu54VT5AFNBokNhszZ,"Zum Glück hat er dieses Wahlversprechen gebrochen, guter Mann!","Jeder der hier behauptet, daß Wahlversprechen nicht gebrochen worden sind, verscheißert sich selbst und die Zuschauer.","friedrich merz, wahlversprechen",,9
ai,AfD-Chefin Weidel: Keine Koalition mit der CDU unter Friedrich Merz | Markus Lanz vom 06. März 2025,UgxH3ozP1sFvE_AEpHV4AaABAg.AFMouu54VT5AFNBpGF0nwy,"@user Jugend auch.Aber Merzel will an die Billionen Sparguthaben der Bürger.
Jetzt nicht fragen sondern googlen.Ist ganz leicht zu finden.
Damit kann man auch Schulden bezahlen.Die Fast Billion wird eh wieder für Anderes und Andere verbrannt.","Jeder der hier behauptet, daß Wahlversprechen nicht gebrochen worden sind, verscheißert sich selbst und die Zuschauer.",,"friedrich merz, neue schulden, sondervermoegen",36
ai,AfD-Chefin Weidel: Keine Koalition mit der CDU unter Friedrich Merz | Markus Lanz vom 06. März 2025,UgxH3ozP1sFvE_AEpHV4AaABAg.AFMouu54VT5AFNCD_FCYxE,"@user es denn so wäre.Die verbrennen die Kohle doch wieder für Bullerbü Projekte.
Und wie man heute lesen konnte plant man für die Bundeswehr Schwangerschaftsuniformen .
Der Rest geht dann auch Richtung Ukarine.","Jeder der hier behauptet, daß Wahlversprechen nicht gebrochen worden sind, verscheißert sich selbst und die Zuschauer.",,"neue schulden, sondervermoegen",33
ai,AfD-Chefin Weidel: Keine Koalition mit der CDU unter Friedrich Merz | Markus Lanz vom 06. März 2025,UgxH3ozP1sFvE_AEpHV4AaABAg.AFMouu54VT5AFNCWxhvzKS,@user P....männchen hat alles gebrochen.,"Jeder der hier behauptet, daß Wahlversprechen nicht gebrochen worden sind, verscheißert sich selbst und die Zuschauer.",,friedrich merz,5
ai,AfD-Chefin Weidel: Keine Koalition mit der CDU unter Friedrich Merz | Markus Lanz vom 06. März 2025,UgxH3ozP1sFvE_AEpHV4AaABAg.AFMouu54VT5AFNDP0m-0oL,"@user Er hat gemacht, was er behauptet hat? Aber auch nur, weil er immer weiter aufgeweicht hat. Man hätte sich vor 2 Jahren nicht so quer stellen können und dann hätte die Vorgängerregierung schon Probleme angehen können. Wollte man nicht, denn man wollte die Ampel lieber als inkompetent darstellen. Fair wäre, wenn die Grünen sich jetzt querstellen. Werden sie aber vermutlich nicht tun, weil sie wissen, dass es die notwendigen Schritte sind.","Jeder der hier behauptet, daß Wahlversprechen nicht gebrochen worden sind, verscheißert sich selbst und die Zuschauer.","neue schulden, sondervermoegen","cdu, friedrich merz",72
ai,AfD-Chefin Weidel: Keine Koalition mit der CDU unter Friedrich Merz | Markus Lanz vom 06. März 2025,UgxH3ozP1sFvE_AEpHV4AaABAg.AFMouu54VT5AFNDXbekbIy,"@user Ich bin sogar froh dass er es gebrochen hat, weil es richtig und wichtig ist. Solange das richtige beschlossen wird, ist mir am ende auch egal, was vorher behauptet wurde, ich bin auch froh dass die SPD endlich mal sachlich wieder ist.","Jeder der hier behauptet, daß Wahlversprechen nicht gebrochen worden sind, verscheißert sich selbst und die Zuschauer.","friedrich merz, wahlversprechen",,43
ai,AfD-Chefin Weidel: Keine Koalition mit der CDU unter Friedrich Merz | Markus Lanz vom 06. März 2025,UgxH3ozP1sFvE_AEpHV4AaABAg.AFMouu54VT5AFNDfdzc2is,"So ein hohles Zeug hier reinzuschreiben.Wir haben genug Steuergelder. Wenn man nicht alles in der Welt verschenkt,,Bürgergeld nur für Einzahler bereithält, die Gelder für angebliche Demokratie NGOs rauswürft und den aufgeblähten Staatsapparat einkürzt, ist genug für Bildung,Infrastruktur, Bundeswehr etc übrig.","Jeder der hier behauptet, daß Wahlversprechen nicht gebrochen worden sind, verscheißert sich selbst und die Zuschauer.",in infrastruktur investieren,"migration, neue schulden",40
ai,AfD-Chefin Weidel: Keine Koalition mit der CDU unter Friedrich Merz | Markus Lanz vom 06. März 2025,UgxH3ozP1sFvE_AEpHV4AaABAg.AFMouu54VT5AFNF7O4JmK6,"@user Die AfD lügt mehr als jede andere Partie. Da gibt es nur einen Unterschied. Die Wählerschaft der AfD setzt sich bisher zu 100% aus Wählern zusammen, denen die Lügen aus ihrer Partei entweder egal sind, oder aus solchen denen es an der Kompetenz mangelt diese Lügen zu erkennen.","Jeder der hier behauptet, daß Wahlversprechen nicht gebrochen worden sind, verscheißert sich selbst und die Zuschauer.",,afd,49
ai,AfD-Chefin Weidel: Keine Koalition mit der CDU unter Friedrich Merz | Markus Lanz vom 06. März 2025,UgxH3ozP1sFvE_AEpHV4AaABAg.AFMouu54VT5AFNHt99Y69d,"@user und Sie glauben diese Versprechungen immer noch?Infrastruktur wird wohl heißen Wohnhäuser und Villen für Bereicherer,für Integrationskurse ,grüne Bullerbü Träume von 15 Minuten Städte usw.Die 500 Milliarden für die Bundeswehr gehen für Schwangerschaftsuniformen drauf wie man heute lesen konnte und der Rest geht in die Ukraine.","Jeder der hier behauptet, daß Wahlversprechen nicht gebrochen worden sind, verscheißert sich selbst und die Zuschauer.",,"in infrastruktur investieren, migration, sondervermoegen",46
ai,AfD-Chefin Weidel: Keine Koalition mit der CDU unter Friedrich Merz | Markus Lanz vom 06. März 2025,UgxH3ozP1sFvE_AEpHV4AaABAg.AFMouu54VT5AFNIqRtqQnI,CDU muss raus. Machtgeil,"Jeder der hier behauptet, daß Wahlversprechen nicht gebrochen worden sind, verscheißert sich selbst und die Zuschauer.",,cdu,4
ai,AfD-Chefin Weidel: Keine Koalition mit der CDU unter Friedrich Merz | Markus Lanz vom 06. März 2025,UgxH3ozP1sFvE_AEpHV4AaABAg.AFMouu54VT5AFNMLnK_UGI,"Die Finanzpakete von CDU, FDP UND AFD! waren offensichtlich ohne Anpassung der Schuldenbremse nicht finanzierbar. Es betrifft nicht nur die CDU","Jeder der hier behauptet, daß Wahlversprechen nicht gebrochen worden sind, verscheißert sich selbst und die Zuschauer.",,"afd, cdu",21
ai,AfD-Chefin Weidel: Keine Koalition mit der CDU unter Friedrich Merz | Markus Lanz vom 06. März 2025,UgxH3ozP1sFvE_AEpHV4AaABAg.AFMouu54VT5AFNMgVvjKJZ,Die schlaf Schafe 🐑 🐑 🐑 merken es nicht Schmerz wird kei kanzler bleiben Vance wird ihm.Einen Einlauf verpassen😢,"Jeder der hier behauptet, daß Wahlversprechen nicht gebrochen worden sind, verscheißert sich selbst und die Zuschauer.",,friedrich merz,19
ai,AfD-Chefin Weidel: Keine Koalition mit der CDU unter Friedrich Merz | Markus Lanz vom 06. März 2025,UgxH3ozP1sFvE_AEpHV4AaABAg.AFMouu54VT5AFNMpd-lVGN,"@user Hat er nicht. Er hat sehr häufig und deutlich gesagt, dass die Union zur Schuldenbremse steht. Erst am Ende des Wahlkampfes hat er eingeräumt, dass man ""über alles reden kann"" aber ganz klar zuvorderst ein Kassensturz und Überprüfung der Ausgaben stehen muss. Und erst dann über die Schuldenbremse geredet würde. Und @user der 28.02. hat genau gar nichts geändert, was nicht absehbar war. Der einzige ""Notstand"" der jetzt eingetreten ist, ist dass sie in Kürze nicht mehr die nötige Zweidrittelmehrheit haben.","Jeder der hier behauptet, daß Wahlversprechen nicht gebrochen worden sind, verscheißert sich selbst und die Zuschauer.",,"cdu, friedrich merz, neue schulden, sondervermoegen",82
ai,AfD-Chefin Weidel: Keine Koalition mit der CDU unter Friedrich Merz | Markus Lanz vom 06. März 2025,UgxH3ozP1sFvE_AEpHV4AaABAg.AFMouu54VT5AFNN192DlWd,"Fr. Dr. Alice Weidel argumentiert hervorragend‼️
Neuwahlen sind absehbar. Dann nur noch AfD💙🇩🇪 mit Alice Weidel als Kanzlerin. Sie ist und bleibt die beste Wahl als Kanzlerin für Deutschland. Die Altparteien schmeißen mit Steuergeld nur so um sich. Die Welt lacht über unsere Altparteien-Politiker.","Jeder der hier behauptet, daß Wahlversprechen nicht gebrochen worden sind, verscheißert sich selbst und die Zuschauer.",afd,cdu,44
ai,AfD-Chefin Weidel: Keine Koalition mit der CDU unter Friedrich Merz | Markus Lanz vom 06. März 2025,UgxH3ozP1sFvE_AEpHV4AaABAg.AFMouu54VT5AFNTAcgb-w3,Das war kein Wahlversprechen sondern ein Angebot bei 2/3 Mehrheit. Die hat er aber nicht.,"Jeder der hier behauptet, daß Wahlversprechen nicht gebrochen worden sind, verscheißert sich selbst und die Zuschauer.",friedrich merz,,15
ai,AfD-Chefin Weidel: Keine Koalition mit der CDU unter Friedrich Merz | Markus Lanz vom 06. März 2025,UgxH3ozP1sFvE_AEpHV4AaABAg.AFMouu54VT5AFNTXEru2FS,@user meinen sicher Chrupalla und Weidel.,"Jeder der hier behauptet, daß Wahlversprechen nicht gebrochen worden sind, verscheißert sich selbst und die Zuschauer.",,afd,6
ai,AfD-Chefin Weidel: Keine Koalition mit der CDU unter Friedrich Merz | Markus Lanz vom 06. März 2025,UgxH3ozP1sFvE_AEpHV4AaABAg.AFMouu54VT5AFNTvKQlS1g,"@user ach...ich dachte man kommt mit 1 billionen im jahr aus an steuereinnahmen..!!..du hast echt null ahnung..so hatte der luegner merz vo r wenigen tagen geredet...du wirst verarscht, und klatscht noch beifall. politiker nennen leute wie dich ""nuetzliche idioten"". du bist ein paradebeispiel. horntier...viel spass noch in absurdistan, bin schon lange weg aus dummland.","Jeder der hier behauptet, daß Wahlversprechen nicht gebrochen worden sind, verscheißert sich selbst und die Zuschauer.",,"friedrich merz, neue schulden",54
ai,AfD-Chefin Weidel: Keine Koalition mit der CDU unter Friedrich Merz | Markus Lanz vom 06. März 2025,UgxH3ozP1sFvE_AEpHV4AaABAg.AFMouu54VT5AFNaSRl6rQz,@user Vergessen sie dabei wieviele Milliarden zu Herstellung der Infrastruktur usw . In den Osten gegangen sind ? Und wir im Westen vernachlässigt wurden !,"Jeder der hier behauptet, daß Wahlversprechen nicht gebrochen worden sind, verscheißert sich selbst und die Zuschauer.",in infrastruktur investieren,,25
ai,AfD-Chefin Weidel: Keine Koalition mit der CDU unter Friedrich Merz | Markus Lanz vom 06. März 2025,UgxH3ozP1sFvE_AEpHV4AaABAg.AFMouu54VT5AFNas286QzT,@user Sehe ich auch so . Am liebsten würden Sie uns CDU Wähler aufhängen wo sind nur hingekommen ??? Am besten die Frau Weidel wird Bundeskanzlerin in Ostdeutschland Grenze bauen und Feierabend ! Dann können sie ihr Gas von Putin beziehen…,"Jeder der hier behauptet, daß Wahlversprechen nicht gebrochen worden sind, verscheißert sich selbst und die Zuschauer.",cdu,afd,41
ai,AfD-Chefin Weidel: Keine Koalition mit der CDU unter Friedrich Merz | Markus Lanz vom 06. März 2025,UgxH3ozP1sFvE_AEpHV4AaABAg.AFMouu54VT5AFNf3JyRLhA,@user wählte CDU wegen Veränderungen und die kommt zum Glück,"Jeder der hier behauptet, daß Wahlversprechen nicht gebrochen worden sind, verscheißert sich selbst und die Zuschauer.",cdu,,10
ai,AfD-Chefin Weidel: Keine Koalition mit der CDU unter Friedrich Merz | Markus Lanz vom 06. März 2025,UgxH3ozP1sFvE_AEpHV4AaABAg.AFMouu54VT5AFNgVTXkqTb,"@user Ach, wer in einer Internetkommentarspalte
eine andere Meinung äußert, als die von erschreckend
leichtgläubigen AfD-Anhängern - wie fast schon gleich-
geschaltet - als ""die einzig wahre Wahrheit"" vertreten
wird, muss Ihrer Überzeugung nach ein ""provozierender
Redaktionstroll"" sein? Interessant! ;-)","Jeder der hier behauptet, daß Wahlversprechen nicht gebrochen worden sind, verscheißert sich selbst und die Zuschauer.",,afd,40
ai,AfD-Chefin Weidel: Keine Koalition mit der CDU unter Friedrich Merz | Markus Lanz vom 06. März 2025,UgxH3ozP1sFvE_AEpHV4AaABAg.AFMouu54VT5AFNgr-WDdc-,"ja und nu?? was hat das gebracht das zu sagen? lieber scholz wieder? lieber weidel? lol.... es muss"" weiter"" gehen, bis es eben besser wird. was wollt ihr/ich denn machen als einfacher wähler? als wenn afd regieren könnte :D es kann keiner.. macht trump es besser? ich glaube nicht... also was wollt ihr alle? was wollt ihr? ich möchte auch eine arbeitspflicht für alle, und? kann man das einfach einführen? nein... wir kennen die antworten auf alles nicht! ganz einfach","Jeder der hier behauptet, daß Wahlversprechen nicht gebrochen worden sind, verscheißert sich selbst und die Zuschauer.",,afd,80
ai,AfD-Chefin Weidel: Keine Koalition mit der CDU unter Friedrich Merz | Markus Lanz vom 06. März 2025,UgxH3ozP1sFvE_AEpHV4AaABAg.AFMouu54VT5AFNhXby2iFL,"@user Professor Sinn sprach sich daher in der „Zeit“ dafür aus, den Flüchtlingsstrom zu begrenzen. Die Staaten Europas müssten ""die gemeinsame Außengrenze sichern – und wenn das nicht passiert, eben doch die eigenen Grenzen. Eine Welt ohne Grenzen, in der sich jeder nimmt, was er gern hätte, kann nicht funktionieren. Das ist eine Wildwestgesellschaft mit allem, was dazugehört.""Nach Einschätzung von Sinn wird durch die Zuwanderung Druck auf die Löhne in Deutschland ausgeübt, wodurch die sozialen Unterschiede zunähmen. ""Wenn Geringqualifizierte zuwandern, wird die Einkommensverteilung ungleicher. Das ist immer so. Und es wird immer teurer, das durch den Sozialstaat auszugleichen. Insofern drohen uns amerikanische Verhältnisse.""....https://www.welt.de/wirtschaft/article147318985/Rentenalter-muss-steigen-um-Fluechtlinge-zu-ernaehren.html","Jeder der hier behauptet, daß Wahlversprechen nicht gebrochen worden sind, verscheißert sich selbst und die Zuschauer.",,migration,103
ai,AfD-Chefin Weidel: Keine Koalition mit der CDU unter Friedrich Merz | Markus Lanz vom 06. März 2025,UgxH3ozP1sFvE_AEpHV4AaABAg.AFMouu54VT5AFNhcJoJtMO,"@user Mit Ihrem Dank an @user sprechen Sie
etwas Wichtiges an, nämlich die offenkundige Ungleichverteilung
von Kommentaren und Likes zugunsten von - um es milde zu sagen - Demokratieverächtern. Die nutzen solche Kommentar-
spalten inzwischen als 'ne Art Echokammern, in denen sie
sich in ihrer Haltung gegenseitig bestärken. Die Mehrheits-
verhältnisse in unserem Land sind aber anders: Eine Mehr-
heit der Wahlberechtigten hat antidemokratischen Kräften
eben n i c h t ihre Stimme gegeben! ;-)","Jeder der hier behauptet, daß Wahlversprechen nicht gebrochen worden sind, verscheißert sich selbst und die Zuschauer.",,afd,75
ai,AfD-Chefin Weidel: Keine Koalition mit der CDU unter Friedrich Merz | Markus Lanz vom 06. März 2025,UgxH3ozP1sFvE_AEpHV4AaABAg.AFMouu54VT5AFNhx0nCG4a,"@user Sie denken an die Wähler des Sonneberger
AfD-Landrats Sesselmann, der vor Ort nichts auf die Reihe
bekommt? ;-)","Jeder der hier behauptet, daß Wahlversprechen nicht gebrochen worden sind, verscheißert sich selbst und die Zuschauer.",,afd,19
ai,AfD-Chefin Weidel: Keine Koalition mit der CDU unter Friedrich Merz | Markus Lanz vom 06. März 2025,UgxH3ozP1sFvE_AEpHV4AaABAg.AFMouu54VT5AFNkVhDrw-l,CDU-Verschißmus. Zusammen mit den SPD-Verschißten.,"Jeder der hier behauptet, daß Wahlversprechen nicht gebrochen worden sind, verscheißert sich selbst und die Zuschauer.",,cdu,5
ai,AfD-Chefin Weidel: Keine Koalition mit der CDU unter Friedrich Merz | Markus Lanz vom 06. März 2025,UgxH3ozP1sFvE_AEpHV4AaABAg.AFMouu54VT5AFNl9-aLFp9,Was soll die CDU sonst sagen? Rational und seriös können sie diese Kehrtwende nicht verteidigen LOL,"Jeder der hier behauptet, daß Wahlversprechen nicht gebrochen worden sind, verscheißert sich selbst und die Zuschauer.",,"cdu, wahlversprechen",16
ai,AfD-Chefin Weidel: Keine Koalition mit der CDU unter Friedrich Merz | Markus Lanz vom 06. März 2025,UgxH3ozP1sFvE_AEpHV4AaABAg.AFMouu54VT5AFNlNswI9MZ,"@user CDU hat auch noch nie gelogen, daher kann man Merz da zu 100% vertrauen. Oh warte, sie haben ja sogar ZU DIESEM THEMA schon massiv gelogen LMAO","Jeder der hier behauptet, daß Wahlversprechen nicht gebrochen worden sind, verscheißert sich selbst und die Zuschauer.",,"cdu, friedrich merz",28
ai,AfD-Chefin Weidel: Keine Koalition mit der CDU unter Friedrich Merz | Markus Lanz vom 06. März 2025,UgxH3ozP1sFvE_AEpHV4AaABAg.AFMouu54VT5AFNlOUW4YOi,@user Veränderungen mit der CDU? Ha ha ha ....... Seit Merz am Ruder ist wird ständig rechts geblinkt und links abgebogen. Die Wahlversprechen wurden schon jetzt gebrochen.,"Jeder der hier behauptet, daß Wahlversprechen nicht gebrochen worden sind, verscheißert sich selbst und die Zuschauer.",,"cdu, friedrich merz",27
ai,AfD-Chefin Weidel: Keine Koalition mit der CDU unter Friedrich Merz | Markus Lanz vom 06. März 2025,UgxH3ozP1sFvE_AEpHV4AaABAg.AFMouu54VT5AFNmEhAz_IY,"Mit der Schuldenbremse war kein Wahlversprechen, das war einfach nur ein Witz. Das kann der doch nicht ernst gemeint haben. Oder gibt es ernsthaft Leute die geglaubt haben dass der wirklich steuern senkt und die Schuldenbremse einhält?","Jeder der hier behauptet, daß Wahlversprechen nicht gebrochen worden sind, verscheißert sich selbst und die Zuschauer.",,friedrich merz,37
ai,AfD-Chefin Weidel: Keine Koalition mit der CDU unter Friedrich Merz | Markus Lanz vom 06. März 2025,UgxH3ozP1sFvE_AEpHV4AaABAg.AFMouu54VT5AFNo-USRmIc,@user Veränderungen mit der CDU? Ha ha ha ....... Seit Merz am Ruder ist wird ständig rechts geblinkt und links abgebogen. Die Wahlversprechen wurden schon jetzt gebrochen.,"Jeder der hier behauptet, daß Wahlversprechen nicht gebrochen worden sind, verscheißert sich selbst und die Zuschauer.",,"cdu, friedrich merz",27
ai,AfD-Chefin Weidel: Keine Koalition mit der CDU unter Friedrich Merz | Markus Lanz vom 06. März 2025,UgxH3ozP1sFvE_AEpHV4AaABAg.AFMouu54VT5AFNpYb60-cr,genau!!! Keiner von den Wählern möchte gerne zugeben das er verarscht worden ist!!! Nur die AfD sagt die Wahrheit und steht auch dazu!!!,"Jeder der hier behauptet, daß Wahlversprechen nicht gebrochen worden sind, verscheißert sich selbst und die Zuschauer.",afd,,23
ai,AfD-Chefin Weidel: Keine Koalition mit der CDU unter Friedrich Merz | Markus Lanz vom 06. März 2025,UgxH3ozP1sFvE_AEpHV4AaABAg.AFMouu54VT5AFNq_sfaQCw,Genau Merz ist ein Wendehals und der Lanz ist das letzte ❗❗,"Jeder der hier behauptet, daß Wahlversprechen nicht gebrochen worden sind, verscheißert sich selbst und die Zuschauer.",,"friedrich merz, markus lanz",12
ai,AfD-Chefin Weidel: Keine Koalition mit der CDU unter Friedrich Merz | Markus Lanz vom 06. März 2025,UgxH3ozP1sFvE_AEpHV4AaABAg.AFMouu54VT5AFNvCvrciw6,"@user, Wahlversprechen sollte man einfach nicht brechen. Das ist undemokratisch, und da gibt's auch keine Schönfärberei. Sonst kann man auch für eine Diktatur sein, solange es ""irgendwie okay"" ist, was in ihr beschlossen wird.","Jeder der hier behauptet, daß Wahlversprechen nicht gebrochen worden sind, verscheißert sich selbst und die Zuschauer.",,wahlversprechen,34
ai,AfD-Chefin Weidel: Keine Koalition mit der CDU unter Friedrich Merz | Markus Lanz vom 06. März 2025,UgxH3ozP1sFvE_AEpHV4AaABAg.AFMouu54VT5AFO5brV35bx,"@user Genau und wenn alle Wahlversprechen brechen, bricht keiner Wahlversprechen.
Sich darüber zu echauffieren ist demnach sinnlosy","Jeder der hier behauptet, daß Wahlversprechen nicht gebrochen worden sind, verscheißert sich selbst und die Zuschauer.",,wahlversprechen,17
ai,AfD-Chefin Weidel: Keine Koalition mit der CDU unter Friedrich Merz | Markus Lanz vom 06. März 2025,UgxH3ozP1sFvE_AEpHV4AaABAg.AFMouu54VT5AFOBpUXmV70,"@user ein Schwachsinn! Das einzige, was noch hilft, sind Maßnahmen wie in den USA und Argentinien und nicht sozialistische Planwirtschaftsmaßnahmen, die unsere Kinder und Kindeskinder in nie gekannte Schulden stürzt und unsere Wirtschaft gänzlich vor die Mauer fährt. Was hier gemacht wird ist ökonomischer Blödsinn und ein Verbrechen gegen das deutsche Volk.","Jeder der hier behauptet, daß Wahlversprechen nicht gebrochen worden sind, verscheißert sich selbst und die Zuschauer.",,neue schulden,52
ai,Gysi und Chrupalla streiten über AfD-Wahlprogramm  | Markus Lanz vom 05. Februar 2025,UgxPUc_Vs5_FDco-z4Z4AaABAg,"Die Sendung braucht einen Redeball. Wer den Ball hat, darf reden!","Die Sendung braucht einen Redeball. Wer den Ball hat, darf reden!",,markus lanz,11
ai,Gysi und Chrupalla streiten über AfD-Wahlprogramm  | Markus Lanz vom 05. Februar 2025,UgxPUc_Vs5_FDco-z4Z4AaABAg.AECNviIyqFrAECS2JZVirU,@user Dann kann man die Sendung absetzen. :D,"Die Sendung braucht einen Redeball. Wer den Ball hat, darf reden!",,markus lanz,8
ai,Gysi und Chrupalla streiten über AfD-Wahlprogramm  | Markus Lanz vom 05. Februar 2025,UgxPUc_Vs5_FDco-z4Z4AaABAg.AECNviIyqFrAECVhnhf5Zo,Einfach micro aus und kein raum micro,"Die Sendung braucht einen Redeball. Wer den Ball hat, darf reden!",,markus lanz,7
ai,Gysi und Chrupalla streiten über AfD-Wahlprogramm  | Markus Lanz vom 05. Februar 2025,UgxPUc_Vs5_FDco-z4Z4AaABAg.AECNviIyqFrAECX4lXIgGr,Ein gegen vier,"Die Sendung braucht einen Redeball. Wer den Ball hat, darf reden!",afd,markus lanz,3
ai,Gysi und Chrupalla streiten über AfD-Wahlprogramm  | Markus Lanz vom 05. Februar 2025,UgxPUc_Vs5_FDco-z4Z4AaABAg.AECNviIyqFrAECXB3sPYXu,😅😅wie im Kindergarten passt zum Lanz.,"Die Sendung braucht einen Redeball. Wer den Ball hat, darf reden!",,markus lanz,6
ai,Gysi und Chrupalla streiten über AfD-Wahlprogramm  | Markus Lanz vom 05. Februar 2025,UgxPUc_Vs5_FDco-z4Z4AaABAg.AECNviIyqFrAECXUxYOpzw,"Du kannst das schon genauer adressieren.. der Chrupralla soll aufhören allen ins Wort zu fallen. Schöne Aussicht wie das dann losgeht, wenn die mal mitregieren dürfen.","Die Sendung braucht einen Redeball. Wer den Ball hat, darf reden!",,"afd, koalition mit der afd",26
ai,Gysi und Chrupalla streiten über AfD-Wahlprogramm  | Markus Lanz vom 05. Februar 2025,UgxPUc_Vs5_FDco-z4Z4AaABAg.AECNviIyqFrAECY2380gSF,"@user ich hoffe die regieren allein! Und du kannst dann deine toten Fledermäuse nicht mehr zum Frühstück essen! Unter deinen tiertötenden Betonmonstern, auf einer Wärmepumpe! Weil die Alice alle tiertötenden Betonmonster abreißen lässt!!!","Die Sendung braucht einen Redeball. Wer den Ball hat, darf reden!",afd,,33
ai,Gysi und Chrupalla streiten über AfD-Wahlprogramm  | Markus Lanz vom 05. Februar 2025,UgxPUc_Vs5_FDco-z4Z4AaABAg.AECNviIyqFrAEC_jEsEvM5,Man versteht ja nichts mehr. Kindergarten ist ja harmlos 😮,"Die Sendung braucht einen Redeball. Wer den Ball hat, darf reden!",,markus lanz,10
ai,Gysi und Chrupalla streiten über AfD-Wahlprogramm  | Markus Lanz vom 05. Februar 2025,UgxPUc_Vs5_FDco-z4Z4AaABAg.AECNviIyqFrAEC_jd0aZyx,"@user Genau das hab ich mir auch gedacht. In älteren Sendungen bestand Hr. Chrupalla selber darauf, das man ihn ausreden lässt. Gestern fiel es ihm offensichtlich schwer, den anderen zuzuhören.","Die Sendung braucht einen Redeball. Wer den Ball hat, darf reden!",,markus lanz,30
ai,Gysi und Chrupalla streiten über AfD-Wahlprogramm  | Markus Lanz vom 05. Februar 2025,UgxPUc_Vs5_FDco-z4Z4AaABAg.AECNviIyqFrAEC_k6h86VG,Genau damit Tino gar nicht mehr zum reden kommt gegen 4 Personen...,"Die Sendung braucht einen Redeball. Wer den Ball hat, darf reden!",,markus lanz,12
ai,Gysi und Chrupalla streiten über AfD-Wahlprogramm  | Markus Lanz vom 05. Februar 2025,UgxPUc_Vs5_FDco-z4Z4AaABAg.AECNviIyqFrAECa7KYxx-p,Wie in einer Kita😂 REDEBALL .......bittttttteeeeee ❤❤❤❤❤,"Die Sendung braucht einen Redeball. Wer den Ball hat, darf reden!",,markus lanz,7
ai,Gysi und Chrupalla streiten über AfD-Wahlprogramm  | Markus Lanz vom 05. Februar 2025,UgxPUc_Vs5_FDco-z4Z4AaABAg.AECNviIyqFrAECc6HEpguf,"Die Sendung funktioniert meist super, nur das die AfD nicht reden will...sie will stören.","Die Sendung braucht einen Redeball. Wer den Ball hat, darf reden!",markus lanz,afd,14
ai,Gysi und Chrupalla streiten über AfD-Wahlprogramm  | Markus Lanz vom 05. Februar 2025,UgxPUc_Vs5_FDco-z4Z4AaABAg.AECNviIyqFrAECcEBiCYdY,"Nö - einfach Micro abstellen.
Danach rauswerfen.
Punkt.","Die Sendung braucht einen Redeball. Wer den Ball hat, darf reden!",,markus lanz,8
ai,Gysi und Chrupalla streiten über AfD-Wahlprogramm  | Markus Lanz vom 05. Februar 2025,UgxPUc_Vs5_FDco-z4Z4AaABAg.AECNviIyqFrAECcaryJMcF,@user Ein*er* gegen *V*ier.,"Die Sendung braucht einen Redeball. Wer den Ball hat, darf reden!",,markus lanz,4
ai,Gysi und Chrupalla streiten über AfD-Wahlprogramm  | Markus Lanz vom 05. Februar 2025,UgxPUc_Vs5_FDco-z4Z4AaABAg.AECNviIyqFrAECgoyIKdaN,Nur den Nazi nicht einladen dann läuft's wieder gesittet zu,"Die Sendung braucht einen Redeball. Wer den Ball hat, darf reden!",,"afd, rechtsextremismus",10
ai,Gysi und Chrupalla streiten über AfD-Wahlprogramm  | Markus Lanz vom 05. Februar 2025,UgxPUc_Vs5_FDco-z4Z4AaABAg.AECNviIyqFrAEChDKZV64g,chrupalla braucht eine lektion in einem normalen umgang mit anderen menschen in einer gesprächsrunde. aber das ist seine verteidigungsstrategie.,"Die Sendung braucht einen Redeball. Wer den Ball hat, darf reden!",,afd,19
ai,Gysi und Chrupalla streiten über AfD-Wahlprogramm  | Markus Lanz vom 05. Februar 2025,UgxPUc_Vs5_FDco-z4Z4AaABAg.AECNviIyqFrAEChGadMGmL,"Bin für n redeflüchtling, der sitzt dann bei dem sprechenden auf dem schoß. Dafür zahlen wir dann auch gerne gez","Die Sendung braucht einen Redeball. Wer den Ball hat, darf reden!",,"markus lanz, oeffentlich-rechtlicher rundfunk",20
ai,Gysi und Chrupalla streiten über AfD-Wahlprogramm  | Markus Lanz vom 05. Februar 2025,UgxPUc_Vs5_FDco-z4Z4AaABAg.AECNviIyqFrAEChteek6a1,@user immer...,"Die Sendung braucht einen Redeball. Wer den Ball hat, darf reden!",,markus lanz,2
ai,Gysi und Chrupalla streiten über AfD-Wahlprogramm  | Markus Lanz vom 05. Februar 2025,UgxPUc_Vs5_FDco-z4Z4AaABAg.AECNviIyqFrAECiisnqSOK,Redeball? Ne 8er Billardkugel im Mund von Schwuppi würde reichen 😂,"Die Sendung braucht einen Redeball. Wer den Ball hat, darf reden!",,afd,11
ai,Gysi und Chrupalla streiten über AfD-Wahlprogramm  | Markus Lanz vom 05. Februar 2025,UgxPUc_Vs5_FDco-z4Z4AaABAg.AECNviIyqFrAECjnfFgI8Q,"@user ich meine ein Main-Character-Syndrom zu erkennen.. es gibt mehrere Abschnitte in denen es ihm nicht möglich ist noch nicht mal sein „hmm“ oder „ja“ alle paar Sekunden in die Ausführung eines anderen loszulassen, als ob er sich in Einzelgesprächen befinden würde.. musst du mal drauf achten, echt seltsam.","Die Sendung braucht einen Redeball. Wer den Ball hat, darf reden!",,markus lanz,49
ai,Gysi und Chrupalla streiten über AfD-Wahlprogramm  | Markus Lanz vom 05. Februar 2025,UgxPUc_Vs5_FDco-z4Z4AaABAg.AECNviIyqFrAECkBypXcIn,"Gute Idee 😂...... ich denke aber, dass diese Runde sich den Ball lieber gegenseitig an Birne geworfen hätte....","Die Sendung braucht einen Redeball. Wer den Ball hat, darf reden!",,markus lanz,18
ai,Gysi und Chrupalla streiten über AfD-Wahlprogramm  | Markus Lanz vom 05. Februar 2025,UgxPUc_Vs5_FDco-z4Z4AaABAg.AECNviIyqFrAECkW1fx5e5,oder nen schweigefuchs,"Die Sendung braucht einen Redeball. Wer den Ball hat, darf reden!",,markus lanz,3
ai,Gysi und Chrupalla streiten über AfD-Wahlprogramm  | Markus Lanz vom 05. Februar 2025,UgxPUc_Vs5_FDco-z4Z4AaABAg.AECNviIyqFrAECmBCOVC3b,"Genau! Alle dieser Diskutierenden brauchen unbedingt eine Schulung in Sachen "" Gewalt freie Kommunikation"" und "" Sachliche Gesprächsführung""! ALLE!","Die Sendung braucht einen Redeball. Wer den Ball hat, darf reden!",,markus lanz,19
ai,Gysi und Chrupalla streiten über AfD-Wahlprogramm  | Markus Lanz vom 05. Februar 2025,UgxPUc_Vs5_FDco-z4Z4AaABAg.AECNviIyqFrAECnWCpc9tX,"Den würde Markus Lanz nie aus der Hand geben, das hat halt auch keinen Wert.","Die Sendung braucht einen Redeball. Wer den Ball hat, darf reden!",,markus lanz,15
ai,Gysi und Chrupalla streiten über AfD-Wahlprogramm  | Markus Lanz vom 05. Februar 2025,UgxPUc_Vs5_FDco-z4Z4AaABAg.AECNviIyqFrAECnlJ64ScY,"Den Redeball müsste man dann aber Herrn Chrupalla in den Schnabel stecken, sodass die Anderen mal zu Wort kämen.","Die Sendung braucht einen Redeball. Wer den Ball hat, darf reden!",,afd,19
ai,Gysi und Chrupalla streiten über AfD-Wahlprogramm  | Markus Lanz vom 05. Februar 2025,UgxPUc_Vs5_FDco-z4Z4AaABAg.AECNviIyqFrAECoESMpNV9,"Chrupalla braucht einen Schnuller. Der wird dann immer aus dem Mund genommen, wenn er reden soll. Dann gibt’s eine Minute wirres aufgeregtes Gequatsche von Chrupalla, der Schnuller wird wieder reingeschoben, und nach einigen Minuten produktiver Diskussion kann man dann noch Mal Chrupalla-Gefasel anhören fürn paar Sekunden.","Die Sendung braucht einen Redeball. Wer den Ball hat, darf reden!",,afd,46
ai,Gysi und Chrupalla streiten über AfD-Wahlprogramm  | Markus Lanz vom 05. Februar 2025,UgxPUc_Vs5_FDco-z4Z4AaABAg.AECNviIyqFrAECoJIcrO3Q,"Wer die Muschel hat, darf reden :)","Die Sendung braucht einen Redeball. Wer den Ball hat, darf reden!",,markus lanz,7
ai,Gysi und Chrupalla streiten über AfD-Wahlprogramm  | Markus Lanz vom 05. Februar 2025,UgxPUc_Vs5_FDco-z4Z4AaABAg.AECNviIyqFrAECoiObv-VX,Wir haben das selbe gesehen und gehört ABER DA SIND IMMER 4GEGEN 1 UND DAN MUS 1 BEI 4 ANTWORTEN! MAL GUT ZUHÖREN.@user,"Die Sendung braucht einen Redeball. Wer den Ball hat, darf reden!",afd,markus lanz,23
ai,Gysi und Chrupalla streiten über AfD-Wahlprogramm  | Markus Lanz vom 05. Februar 2025,UgxPUc_Vs5_FDco-z4Z4AaABAg.AECNviIyqFrAECq8vM8TxS,"liegt ja nur an chrupalla, den kannste halt nicht einladen","Die Sendung braucht einen Redeball. Wer den Ball hat, darf reden!",,afd,10
ai,Gysi und Chrupalla streiten über AfD-Wahlprogramm  | Markus Lanz vom 05. Februar 2025,UgxPUc_Vs5_FDco-z4Z4AaABAg.AECNviIyqFrAECqYR2vxIE,"An einen solchen Ball habe ich auch schon gedacht.
Es geht noch einfacher. Es darf nur ein Mikrofon geben, im Studio. Das würde den Ball ersetzen und dann kann auch keiner dazwischenlabern, wie es mit Ball trotzdem noch gehen würde.","Die Sendung braucht einen Redeball. Wer den Ball hat, darf reden!",,markus lanz,40
ai,Gysi und Chrupalla streiten über AfD-Wahlprogramm  | Markus Lanz vom 05. Februar 2025,UgxPUc_Vs5_FDco-z4Z4AaABAg.AECNviIyqFrAECqgZ2tHsd,@user 👍,"Die Sendung braucht einen Redeball. Wer den Ball hat, darf reden!",,markus lanz,2
ai,Gysi und Chrupalla streiten über AfD-Wahlprogramm  | Markus Lanz vom 05. Februar 2025,UgxPUc_Vs5_FDco-z4Z4AaABAg.AECNviIyqFrAECvIaSkvBf,"😅 ja, wie im Kindergarten ⚽️","Die Sendung braucht einen Redeball. Wer den Ball hat, darf reden!",,markus lanz,6
ai,Gysi und Chrupalla streiten über AfD-Wahlprogramm  | Markus Lanz vom 05. Februar 2025,UgxPUc_Vs5_FDco-z4Z4AaABAg.AECNviIyqFrAECvqqTbwXE,"Schlimm, wie Tino ständig die anderen unterbricht!","Die Sendung braucht einen Redeball. Wer den Ball hat, darf reden!",,afd,7
ai,Gysi und Chrupalla streiten über AfD-Wahlprogramm  | Markus Lanz vom 05. Februar 2025,UgxPUc_Vs5_FDco-z4Z4AaABAg.AECNviIyqFrAECwv9HNEwF,"Und wer soll den Redeball wieder wegnehmen? Allen voran Politiker sind darauf getrimmt ihre Phrasen rauszuhauen und vom Thema abzulenken, wenn man sie lässt. Lanz hatte die Runde später gar nicht mehr im Griff.","Die Sendung braucht einen Redeball. Wer den Ball hat, darf reden!",,markus lanz,34
ai,Gysi und Chrupalla streiten über AfD-Wahlprogramm  | Markus Lanz vom 05. Februar 2025,UgxPUc_Vs5_FDco-z4Z4AaABAg.AECNviIyqFrAECxFw7TIt-,leute mindestens 10 meter voneinander weg setzen und denen mikros geben und alle anderen mikros werden einfach ausgeschaltet wenn einer redet,"Die Sendung braucht einen Redeball. Wer den Ball hat, darf reden!",,markus lanz,21
ai,Gysi und Chrupalla streiten über AfD-Wahlprogramm  | Markus Lanz vom 05. Februar 2025,UgxPUc_Vs5_FDco-z4Z4AaABAg.AECNviIyqFrAECykbAbNYQ,"ich hoffe für Deutschland, dass sie mehrheitlich AFD wählen. Ja es mag rechtsradikale darunter haben, aber ihr Heuc...ler.. denkt mal wie viele linksextreme oder anarchisten in den Linken Parteien sitzen. Viele darunter sind sogar rassistisch gegenüber Uns weissen und gegen unsere Kultur. Ihr sprecht über Fachkräfte ins Land holen aber ihr holt Leute die kriminell oder gewalttätig sind.
Viele davon beziehen Sozialleistungen und all diese Leute brauchen eine Wohnung, einen Arzt usw. All diese ""Fachkräfte"" brauchen mehr Fachkräfte. Ihr habt täglich viele Vergewaltigungen, Morde und dabei eine überrepresentation von Fachkräften. Euer Land ist dreckig und verschmutzt, eure Zustände sind unhlaublich anzuschauen. Der Osten eures Landes lebt in Armut, ihr helft euren eigenen Leuten weniger als den vergewal...gen Fachkräften.","Die Sendung braucht einen Redeball. Wer den Ball hat, darf reden!",afd,migration,118
ai,Gysi und Chrupalla streiten über AfD-Wahlprogramm  | Markus Lanz vom 05. Februar 2025,UgxPUc_Vs5_FDco-z4Z4AaABAg.AECNviIyqFrAECyyiBHEIB,Wie in einem Hühnerstall @user,"Die Sendung braucht einen Redeball. Wer den Ball hat, darf reden!",,markus lanz,5
ai,Gysi und Chrupalla streiten über AfD-Wahlprogramm  | Markus Lanz vom 05. Februar 2025,UgxPUc_Vs5_FDco-z4Z4AaABAg.AECNviIyqFrAED-EgDnYdK,"@user Da wäre endlich mal die Barbock, Scholz, Habeck und die Lang endlich weg vom fenster, so sein schöner TRAUM","Die Sendung braucht einen Redeball. Wer den Ball hat, darf reden!",,robert habeck,20
ai,Gysi und Chrupalla streiten über AfD-Wahlprogramm  | Markus Lanz vom 05. Februar 2025,UgxPUc_Vs5_FDco-z4Z4AaABAg.AECNviIyqFrAED-VZCvvz8,"@user Ja, und zusätzlich ein Mikrofon, das man abschalten kann👍👍","Die Sendung braucht einen Redeball. Wer den Ball hat, darf reden!",,markus lanz,10
ai,Gysi und Chrupalla streiten über AfD-Wahlprogramm  | Markus Lanz vom 05. Februar 2025,UgxPUc_Vs5_FDco-z4Z4AaABAg.AECNviIyqFrAED0Jqd6_7y,"Lass Dich nicht von dem Linken vorführen ....
Deutschland und seine Bürger zuerst.
Wer hier ist und keinen Pass hat, nicht arbeiten will....Tschüß. Wie in jedem Land.","Die Sendung braucht einen Redeball. Wer den Ball hat, darf reden!","afd, vaterlandsliebe",migration,27
ai,Gysi und Chrupalla streiten über AfD-Wahlprogramm  | Markus Lanz vom 05. Februar 2025,UgxPUc_Vs5_FDco-z4Z4AaABAg.AECNviIyqFrAED5pr4Hwsw,"@user jaa klar, wenn er unterbrochen wird, gar nicht schlimm. Gell.","Die Sendung braucht einen Redeball. Wer den Ball hat, darf reden!",,markus lanz,11
ai,Gysi und Chrupalla streiten über AfD-Wahlprogramm  | Markus Lanz vom 05. Februar 2025,UgxPUc_Vs5_FDco-z4Z4AaABAg.AECNviIyqFrAED7MGpO9AZ,Als ob das einen Unterschied für die AfD machen würde. Die halten sich nicht an die Regeln einer zivilisierter Diskussion. ;-),"Die Sendung braucht einen Redeball. Wer den Ball hat, darf reden!",,afd,21
ai,Gysi und Chrupalla streiten über AfD-Wahlprogramm  | Markus Lanz vom 05. Februar 2025,UgxPUc_Vs5_FDco-z4Z4AaABAg.AECNviIyqFrAED8CmKQDQ6,Nur unser Kultusminister in Spe braucht einen Redeball... hauptsache er gibt ihn auch mal ab.,"Die Sendung braucht einen Redeball. Wer den Ball hat, darf reden!",,markus lanz,15
ai,Gysi und Chrupalla streiten über AfD-Wahlprogramm  | Markus Lanz vom 05. Februar 2025,UgxPUc_Vs5_FDco-z4Z4AaABAg.AECNviIyqFrAEDBYSX4ddx,"Wer angesichts der gegenwärtigen Lage in Deutschland und überhaupt auf der Welt, besonders in Europa, einen solchen Kommentar von sich gibt, hat aus meiner Sicht den Ernst der Lage nicht begriffen! - Nur noch wenige Tage oder Wochen trennen uns vor dem absoluten Chaos, das von Deutschland und den Wahlen am 23. Februar 2025 hier entstehen wird. Dieses Chaos haben weder Frau Weidel noch alle diejenigen zu verantworten, die seit Jahren auf die Missstände hinweisen! Wer hat denn in 4 Jahren ein Industrieland an den Rand gefahren, wer hat zu verantworten, dass die Kassen in den Kommunen und Städten leer sind ? Wo sind denn die Fachkräfte unter den Millionen Flüchtlingen im Land ? Jede Fachkraft aus dem Ausland geht dorthin, wo die Bedingungen stimmig sind- aber nicht nach DE ! Unsere gut ausgebildeten Fachkräfte verlassen zu Tausenden unser Land, wer will die aufgebauschte, alles hemmende Bürokratie jeden Tag überwinden, die ein Fortkommen ständig hindert ?","Die Sendung braucht einen Redeball. Wer den Ball hat, darf reden!",afd,"attraktiv fuer fachkraefte, migration",156
ai,Gysi und Chrupalla streiten über AfD-Wahlprogramm  | Markus Lanz vom 05. Februar 2025,UgxPUc_Vs5_FDco-z4Z4AaABAg.AECNviIyqFrAEDBj32QB4l,"@user Leider nicht, sondern wie die Hyänen ,.","Die Sendung braucht einen Redeball. Wer den Ball hat, darf reden!",,markus lanz,8
ai,Gysi und Chrupalla streiten über AfD-Wahlprogramm  | Markus Lanz vom 05. Februar 2025,UgxPUc_Vs5_FDco-z4Z4AaABAg.AECNviIyqFrAEDBtsyoHGf,"So dumm sind nur die deutschen.....mit denen konnte Hitler erfolgreich sein . Nicht mit den Italiener, Franzosen . Griechen..... So dumm sind die deutschen....ich sehe es u.a. an diesen Kommentaren .....geschichtlich ungebildet und geschichtlich auf dem Weg zur Unkenntlichkeit. Krank .... Corona lässt grüßen.....haben sehr viele mitgemacht...1933 verstehe ich nun von der Systematik........","Die Sendung braucht einen Redeball. Wer den Ball hat, darf reden!",,rechtsextremismus,53
ai,Gysi und Chrupalla streiten über AfD-Wahlprogramm  | Markus Lanz vom 05. Februar 2025,UgxPUc_Vs5_FDco-z4Z4AaABAg.AECNviIyqFrAEDHuYFANuk,Dann muss der Redeball aber mit zeitliche Begrenzung vergeben werden,"Die Sendung braucht einen Redeball. Wer den Ball hat, darf reden!",,markus lanz,10
ai,Gysi und Chrupalla streiten über AfD-Wahlprogramm  | Markus Lanz vom 05. Februar 2025,UgxPUc_Vs5_FDco-z4Z4AaABAg.AECNviIyqFrAEDM5hVQPWi,"@user
Der dürfte auch gerne mal bei der jeweiligen Frage bleiben. Angriff ist die Beste Verteidigung. Der hatte so oft keine Argumente, dass er ständig n neues Ziel gesucht hat. Ungefähr so, als wenn er ein Wohnzimmer tapezieren soll und vom Keller bis zum Dach überall Farbe in den unterschiedlichsten Farbtönen verteilt hätte, statt die paar Bahnen an die Wand zu bringen.","Die Sendung braucht einen Redeball. Wer den Ball hat, darf reden!",,afd,62
ai,Gysi und Chrupalla streiten über AfD-Wahlprogramm  | Markus Lanz vom 05. Februar 2025,UgxPUc_Vs5_FDco-z4Z4AaABAg.AECNviIyqFrAEDPBV53P_p,"Meine Tochter 7 Jahre und meine jüngste Tochter 3,5 Jahre könnten hier intervenieren bzgl. Dialogkultur und Dissionsregeln. In Zukunft empfehle ich eine Beisitzerin oder Mediatorin die solche Auseinandersetzung (besser wäre eine ""Ineinandersetzung"") orchestriert und lenkt, damit... ach was schreib ich hier eigentlich..........","Die Sendung braucht einen Redeball. Wer den Ball hat, darf reden!",,markus lanz,42
ai,Gysi und Chrupalla streiten über AfD-Wahlprogramm  | Markus Lanz vom 05. Februar 2025,UgxPUc_Vs5_FDco-z4Z4AaABAg.AECNviIyqFrAEDPLvDcLC8,"Meine Tochter 7 Jahre und meine jüngste Tochter 3,5 Jahre könnten hier intervenieren bzgl. Dialogkultur und Dissionsregeln. In Zukunft empfehle ich eine Beisitzerin oder Mediatorin die solche Auseinandersetzung (besser wäre eine ""Ineinandersetzung"") orchestriert und lenkt, damit... ach was schreib ich hier eigentlich..........","Die Sendung braucht einen Redeball. Wer den Ball hat, darf reden!",,markus lanz,42
ai,Gysi und Chrupalla streiten über AfD-Wahlprogramm  | Markus Lanz vom 05. Februar 2025,UgxPUc_Vs5_FDco-z4Z4AaABAg.AECNviIyqFrAEDPNYcBYB-,"Meine Tochter 7 Jahre und meine jüngste Tochter 3,5 Jahre könnten hier intervenieren bzgl. Dialogkultur und Dissionsregeln. In Zukunft empfehle ich eine Beisitzerin oder Mediatorin die solche Auseinandersetzung (besser wäre eine ""Ineinandersetzung"") orchestriert und lenkt, damit... ach was schreib ich hier eigentlich..........","Die Sendung braucht einen Redeball. Wer den Ball hat, darf reden!",,markus lanz,42
ai,Gysi und Chrupalla streiten über AfD-Wahlprogramm  | Markus Lanz vom 05. Februar 2025,UgxPUc_Vs5_FDco-z4Z4AaABAg.AECNviIyqFrAEDPd4aynS7,"Meine Tochter 7 Jahre und meine jüngste Tochter 3,5 Jahre könnten hier intervenieren bzgl. Dialogkultur und Dissionsregeln. In Zukunft empfehle ich eine Beisitzerin oder Mediatorin die solche Auseinandersetzung (besser wäre eine ""Ineinandersetzung"") orchestriert und lenkt, damit... ach was schreib ich hier eigentlich..........","Die Sendung braucht einen Redeball. Wer den Ball hat, darf reden!",,markus lanz,42
ai,Gysi und Chrupalla streiten über AfD-Wahlprogramm  | Markus Lanz vom 05. Februar 2025,UgxPUc_Vs5_FDco-z4Z4AaABAg.AECNviIyqFrAEDPevoBFtW,Vor allem gut wäre alle ausreden zu lassen ohne dazwischen zu quatschen oder abzuwürgen......wäre schon mal ein anfang,"Die Sendung braucht einen Redeball. Wer den Ball hat, darf reden!",,markus lanz,18
ai,Gysi und Chrupalla streiten über AfD-Wahlprogramm  | Markus Lanz vom 05. Februar 2025,UgxPUc_Vs5_FDco-z4Z4AaABAg.AECNviIyqFrAEDRC_G99bX,"Das einzige was alle sehr gut können , ist DAZWISCHEN QUATSCHEN.","Die Sendung braucht einen Redeball. Wer den Ball hat, darf reden!",,markus lanz,11
ai,Gysi und Chrupalla streiten über AfD-Wahlprogramm  | Markus Lanz vom 05. Februar 2025,UgxPUc_Vs5_FDco-z4Z4AaABAg.AECNviIyqFrAEDRyFje2Mq,"@user ja klar! Was für ein absoluter Schmarrn. Die anderen unterbrechen ständig die Alice und alle von der AfD , aber die halten sich nicht dran, weil sie nicht den dämlichen Bockmist dieser Regierung unterstützen. Zum Beispiel dämliche CO2 Besteuerungsabzocke oder Zwangsheizungsgesetz! Usw","Die Sendung braucht einen Redeball. Wer den Ball hat, darf reden!",afd,,43
ai,Gysi und Chrupalla streiten über AfD-Wahlprogramm  | Markus Lanz vom 05. Februar 2025,UgxPUc_Vs5_FDco-z4Z4AaABAg.AECNviIyqFrAEDa-Da0Rq_,"@user Und Schreihals Chrupalla redet alles nieder, weil er weiß, dass er Scheiße labert.","Die Sendung braucht einen Redeball. Wer den Ball hat, darf reden!",,afd,14
ai,Gysi und Chrupalla streiten über AfD-Wahlprogramm  | Markus Lanz vom 05. Februar 2025,UgxPUc_Vs5_FDco-z4Z4AaABAg.AECNviIyqFrAEDwMpARCpB,"@user nö. eher richtig, wenn er statt Antworten nur Gegenfragen stellt oder etwas Kindergarten macht, wie ""aber gucken sie doch mal die anderen....""","Die Sendung braucht einen Redeball. Wer den Ball hat, darf reden!",markus lanz,,23
ai,Gysi und Chrupalla streiten über AfD-Wahlprogramm  | Markus Lanz vom 05. Februar 2025,UgxPUc_Vs5_FDco-z4Z4AaABAg.AECNviIyqFrAEE2MnBwX4s,"Vorschlag: wie wäre es, wenn man die Sendung mit einem Moderator macht?","Die Sendung braucht einen Redeball. Wer den Ball hat, darf reden!",,markus lanz,12
ai,Gysi und Chrupalla streiten über AfD-Wahlprogramm  | Markus Lanz vom 05. Februar 2025,UgxPUc_Vs5_FDco-z4Z4AaABAg.AECNviIyqFrAEE7YYkmIzR,@user hahaha Schnuller hahahaha wie lustig! Chrupalla MUSS unterbrechen bei den Lügen der anderen,"Die Sendung braucht einen Redeball. Wer den Ball hat, darf reden!",afd,,14
ai,Gysi und Chrupalla streiten über AfD-Wahlprogramm  | Markus Lanz vom 05. Februar 2025,UgxPUc_Vs5_FDco-z4Z4AaABAg.AECNviIyqFrAEEHrgK84Yg,@user Frau Weidel unterbricht andere bei ihren vermeintlichen “Lügen” ja auch nicht. Nicht einmal Herr Hoecke tut das. Chrupalla verhält sich wie ein ungehorsames Kind - deshalb ‘Schnuller’. Verstehst du? Weil der Schnuller bei Kleinkindern verwendet wird. Ich setze damit Herrn Chrupalla Verhalten mit dem eines Kleinkindes gleich. So funktioniert der Witz. Nur zur Erklärung.,"Die Sendung braucht einen Redeball. Wer den Ball hat, darf reden!",,afd,55
ai,Gysi und Chrupalla streiten über AfD-Wahlprogramm  | Markus Lanz vom 05. Februar 2025,UgxPUc_Vs5_FDco-z4Z4AaABAg.AECNviIyqFrAEEgJUYbxrX,@user für eine dumme Aussage. Die AFD muss sich gegen diesen ganzen Einheitsbrei behaupten.,"Die Sendung braucht einen Redeball. Wer den Ball hat, darf reden!",afd,,14
ai,Gysi und Chrupalla streiten über AfD-Wahlprogramm  | Markus Lanz vom 05. Februar 2025,UgxPUc_Vs5_FDco-z4Z4AaABAg.AECNviIyqFrAEEgz0r1z7M,Dieser Chruppalla hat echt keine Manieren,"Die Sendung braucht einen Redeball. Wer den Ball hat, darf reden!",,afd,6
ai,Gysi und Chrupalla streiten über AfD-Wahlprogramm  | Markus Lanz vom 05. Februar 2025,UgxPUc_Vs5_FDco-z4Z4AaABAg.AECNviIyqFrAEEmUyIIGLj,@user dann heißt es afd only,"Die Sendung braucht einen Redeball. Wer den Ball hat, darf reden!",,afd,6
ai,Gysi und Chrupalla streiten über AfD-Wahlprogramm  | Markus Lanz vom 05. Februar 2025,UgxPUc_Vs5_FDco-z4Z4AaABAg.AECNviIyqFrAEEocVrOFna,"Ja damit dann ein Monolog kommt und Sachen nicht angesprochen werden können, man bräuchte komplexere regulation als nur nen ball haha","Die Sendung braucht einen Redeball. Wer den Ball hat, darf reden!",,markus lanz,21
ai,Chrupalla: Keine Extremisten in AfD | Markus Lanz vom 06. Februar 2024,Ugxi9o7jSYFnPLF0pSx4AaABAg.A-W-kDssFivA-WEdZWJXuu,"Die AfD wurde nur von 10% gewählt! Warum sollte sie 50% der Gäste ausmachen? Lanz lädt niemals mehr als einen Politiker einer Partei in seine Sendung ein. Warum sollte das bei der AfD anders sein? Aber Hauptsache Opferrolle, richtig?","Ich würde gerne Herr Dr. Maaßen mal in der Sendung sehen. Hier würde es wahrscheinlich das Gleiche Bild geben, 4 Leute mit einer Position argumentieren gegen Einen. Ist doch sehr offensichtlich und alles andere als ausgewogen. Wirklich schade",,afd,39
ai,Chrupalla: Keine Extremisten in AfD | Markus Lanz vom 06. Februar 2024,UgxoXqktuimS7hZUafF4AaABAg.A-W-9BpaDF7A-W2eMnst6M,"Da es die Wahrheit ist, natürlich nichts.","Was sagt der Verfassungsschutz zu ""Rattenfänger"" 🤔🤷♀️",,afd,7
ai,Chrupalla: Keine Extremisten in AfD | Markus Lanz vom 06. Februar 2024,UgxoXqktuimS7hZUafF4AaABAg.A-W-9BpaDF7A-W2tnOWEHF,"Und wieder zeigt sich die Dummheit der Rechten. Lest halt einfach mal die Geschichte und vielleicht checkt ihr dann wofür die Aussage steht. Obwohl...zu erwarten dass ein AfD-Anhänger irgendwas checkt ist zu positiv gedacht, was auch der Hauptfehler der Grünen ist.","Was sagt der Verfassungsschutz zu ""Rattenfänger"" 🤔🤷♀️",,afd,41
ai,Chrupalla: Keine Extremisten in AfD | Markus Lanz vom 06. Februar 2024,UgxoXqktuimS7hZUafF4AaABAg.A-W-9BpaDF7A-W3YTnBaPQ,"@user so würde sich ein Dreijähriger mit dem Thema auseinander.
Der Verfassungsschutz wird durch das parlamentarische Kontrollgremium kontrolliert in dem unter anderem auch die AfD sitzt, neben allen anderen Parteien des Bundestags.
Deine Aussage macht also keinen Sinn (:","Was sagt der Verfassungsschutz zu ""Rattenfänger"" 🤔🤷♀️",verfassungsschutz,,39
ai,Chrupalla: Keine Extremisten in AfD | Markus Lanz vom 06. Februar 2024,UgxoXqktuimS7hZUafF4AaABAg.A-W-9BpaDF7A-W3cRa582G,"Das ist schlechter Stil, gefährdet aber nicht die Verfassung.","Was sagt der Verfassungsschutz zu ""Rattenfänger"" 🤔🤷♀️",,verfassungsschutz,9
ai,Chrupalla: Keine Extremisten in AfD | Markus Lanz vom 06. Februar 2024,UgxoXqktuimS7hZUafF4AaABAg.A-W-9BpaDF7A-W41jIsKc0,"Was sagt der V-Schutz zu den direkten Feinden von Demokratie und Grundgesetz, die hier zu Tausenden in geschlechtergetrennten Demos ein Kalifat [strenger islamischer Staat, der sich gegen ALLES was nicht islamisch ist richtet] und die Scharia fordert??? Ich höre da so gar nichts.","Was sagt der Verfassungsschutz zu ""Rattenfänger"" 🤔🤷♀️",,verfassungsschutz,43
ai,Chrupalla: Keine Extremisten in AfD | Markus Lanz vom 06. Februar 2024,UgxoXqktuimS7hZUafF4AaABAg.A-W-9BpaDF7A-W4VAve8dp,@user das kommt ganz drauf an wer beleidigt ...☝🏼,"Was sagt der Verfassungsschutz zu ""Rattenfänger"" 🤔🤷♀️",,verfassungsschutz,9
ai,Chrupalla: Keine Extremisten in AfD | Markus Lanz vom 06. Februar 2024,UgxoXqktuimS7hZUafF4AaABAg.A-W-9BpaDF7A-W4_fBzx2s,@user du bezeichnest über ein Fünftel der Wahlberechtigten in Deutschland als Ratten ... 🙄 Du bist ein guter Faschist.... ☕😌,"Was sagt der Verfassungsschutz zu ""Rattenfänger"" 🤔🤷♀️",afd,rechtsextremismus,20
ai,Chrupalla: Keine Extremisten in AfD | Markus Lanz vom 06. Februar 2024,UgxoXqktuimS7hZUafF4AaABAg.A-W-9BpaDF7A-W5Ca1CnbK,"Du meinst den ""Regierungsschutz"" ?
Übrigens: ""Schmeißpfliegen"" hätten wir auch noch im Angebot !","Was sagt der Verfassungsschutz zu ""Rattenfänger"" 🤔🤷♀️",,verfassungsschutz,14
ai,Chrupalla: Keine Extremisten in AfD | Markus Lanz vom 06. Februar 2024,UgxoXqktuimS7hZUafF4AaABAg.A-W-9BpaDF7A-W5VYl1_H2,Wieso ist ein secondhand Faschist-Putschist Bundespräsident geworden?,"Was sagt der Verfassungsschutz zu ""Rattenfänger"" 🤔🤷♀️",,rechtsextremismus,7
ai,Chrupalla: Keine Extremisten in AfD | Markus Lanz vom 06. Februar 2024,UgxoXqktuimS7hZUafF4AaABAg.A-W-9BpaDF7A-W5n0wUVc5,@user der VS ist nicht alleine dafür da die Wahlunfragen der AfD zu senken 😂,"Was sagt der Verfassungsschutz zu ""Rattenfänger"" 🤔🤷♀️",afd,verfassungsschutz,15
ai,Chrupalla: Keine Extremisten in AfD | Markus Lanz vom 06. Februar 2024,UgxoXqktuimS7hZUafF4AaABAg.A-W-9BpaDF7A-W6i1U2TGM,"Das Geld der ""Ratten"" ist aber willkommen 😂
Was für ein Irrenhaus .","Was sagt der Verfassungsschutz zu ""Rattenfänger"" 🤔🤷♀️",afd,verfassungsschutz,13
ai,Chrupalla: Keine Extremisten in AfD | Markus Lanz vom 06. Februar 2024,UgxoXqktuimS7hZUafF4AaABAg.A-W-9BpaDF7A-W8FUOurAG,"nichts, Narren haben Narrenfreiheit, die AfD dagegen ist böse und man will sie unbedingt verbieten. Deshalb läuft eine massive Kampagne an der sich sehr sehr viele beteiligen ->""Qualitätsmedien"" 🤣, Altparteien, Gutmenschen, Steuergeldumverteiler, etc.","Was sagt der Verfassungsschutz zu ""Rattenfänger"" 🤔🤷♀️",afd,verfassungsschutz,33
ai,Chrupalla: Keine Extremisten in AfD | Markus Lanz vom 06. Februar 2024,UgxoXqktuimS7hZUafF4AaABAg.A-W-9BpaDF7A-W8fTVUV8Q,@user ist nicht dein Ernst....😂😂😂🫵💩das kann nur ein Afdler sagen,"Was sagt der Verfassungsschutz zu ""Rattenfänger"" 🤔🤷♀️",,afd,10
ai,Chrupalla: Keine Extremisten in AfD | Markus Lanz vom 06. Februar 2024,UgxoXqktuimS7hZUafF4AaABAg.A-W-9BpaDF7A-W8oWHDaIh,"Natürlich brauchen wir Fachkräfte.....keine Wirtschaftsflüchtlinge......und zwar in allen Bereichen. Im Sozialbereich verdienen diese Fachkräfte kein Vermögen. Diese Fachkräfte werden in Deutschland wohl kaum bezahlbaren Wohnraum finden, der nicht in einem Brennpunkt liegt.
Warum sollten diese dringend benötigten Fachkräfte nach Deutschland kommen?
Wenn die selber Kinder haben, finden sie keine Kita, das Bildungssystem ist desaströs, die Energie und Lebenshaltungskosten exorbitant......warum sollten also Fachkräfte nach Deutschland kommen?
Es gibt für diese Menschen keinerlei Anreiz.....und das , sorry, ist entweder völlige Ignoranz oder gewollt. Aber vernünftig ist es auf keinen Fall.
Und unsere Kinder, da macht man sich gar nicht mehr die Mühe in Bildung zu investieren.
Nein lieber in Rüstung und man forciert eine bevorstehende Kriegsgefahr.
Welcher halbwegsvernünftige Mensch würde nach Deutschland kommen.
Nur die für die es wirtschaftlich lukrativ ist.
Und dann sind Bezahlkarten auf einmal ein No Go????
Das gibt es auch für Einheimische!
Diese Politik würde mich niemals überzeugen hier her zu kommen. Da gibt es viele andere Länder die einen viel größeren Anreiz für Fachkräfte haben.","Was sagt der Verfassungsschutz zu ""Rattenfänger"" 🤔🤷♀️",migration,attraktiv fuer fachkraefte,168
ai,Chrupalla: Keine Extremisten in AfD | Markus Lanz vom 06. Februar 2024,UgxoXqktuimS7hZUafF4AaABAg.A-W-9BpaDF7A-W9vEGHwPj,Der Verfassungsschutz und sonst jeder mit einem bisschen Hirn verweist auf die Sage und geht gar nicht erst auf diese alberne Opferrolleninszenierung ein.,"Was sagt der Verfassungsschutz zu ""Rattenfänger"" 🤔🤷♀️",verfassungsschutz,afd,23
ai,Chrupalla: Keine Extremisten in AfD | Markus Lanz vom 06. Februar 2024,UgxoXqktuimS7hZUafF4AaABAg.A-W-9BpaDF7A-WBz7rc-P1,Wurde der VS denn angewiesen dazu was zu sagen?,"Was sagt der Verfassungsschutz zu ""Rattenfänger"" 🤔🤷♀️",,verfassungsschutz,9
ai,Chrupalla: Keine Extremisten in AfD | Markus Lanz vom 06. Februar 2024,UgxoXqktuimS7hZUafF4AaABAg.A-W-9BpaDF7A-WC9Sh3bzv,"@user Die Aufgaben sind sehr klar. Der Verfassungsschutz hat die Verfassung zu schützen. Nicht die Regierung. Wenn man irgendwo eine angebliche Beleidigung durch einen AfD Menschen ausmacht, kümmert sich der VS sehr wohl","Was sagt der Verfassungsschutz zu ""Rattenfänger"" 🤔🤷♀️",afd,verfassungsschutz,33
ai,Chrupalla: Keine Extremisten in AfD | Markus Lanz vom 06. Februar 2024,UgxoXqktuimS7hZUafF4AaABAg.A-W-9BpaDF7A-WCDLLUk0u,"Rechtsextreme wurden als Rattenfänger bezeichnet, wer das kritisiert oder sich da angesprochen fühlen will wird scheinbar berechtigterweise beobachtet 😉 aber amüsant wie oft die VS-Hasser immernoch versuchen mit dem VS zu argumentieren 😂","Was sagt der Verfassungsschutz zu ""Rattenfänger"" 🤔🤷♀️",verfassungsschutz,rechtsextremismus,33
ai,Chrupalla: Keine Extremisten in AfD | Markus Lanz vom 06. Februar 2024,UgxoXqktuimS7hZUafF4AaABAg.A-W-9BpaDF7A-WCIvU8T65,"@user Natürlich ist das die Sache des VS, wen nder BP menschen mit Ratten vergleicht. Diese Entmenschlichung hatten wir schon mal. Genau da muss der VS intervenieren","Was sagt der Verfassungsschutz zu ""Rattenfänger"" 🤔🤷♀️",verfassungsschutz,rechtsextremismus,27
ai,Chrupalla: Keine Extremisten in AfD | Markus Lanz vom 06. Februar 2024,UgxoXqktuimS7hZUafF4AaABAg.A-W-9BpaDF7A-WDRRm7mMc,Nix des kommt ja von der richtigen Seite!,"Was sagt der Verfassungsschutz zu ""Rattenfänger"" 🤔🤷♀️",,verfassungsschutz,8
ai,Chrupalla: Keine Extremisten in AfD | Markus Lanz vom 06. Februar 2024,UgxoXqktuimS7hZUafF4AaABAg.A-W-9BpaDF7A-WEIIIZpRb,"@user genau darauf wollte ich hinaus. Ebensowenig ist der Verfassungsschutz zuständig, wenn jemand den Begriff Rattenfänger benutzt. Mich dünkt da wird von einer Seite Äpfel mit Birnen verglichen, um den Ruf des Verfassungsschutz zu schädigen, um seine Legitimität in Frage zu stellen.","Was sagt der Verfassungsschutz zu ""Rattenfänger"" 🤔🤷♀️",verfassungsschutz,,42
ai,Chrupalla: Keine Extremisten in AfD | Markus Lanz vom 06. Februar 2024,UgxoXqktuimS7hZUafF4AaABAg.A-W-9BpaDF7A-WEzkOFIds,"@user ja, so wirkt es auf mich auch. Vor allem, wenn ständig gesagt wird, dass der Verfassungsschutz „kontrolliert“ wird.
Ja, das wird er und das ist auch gut so . Aber vom parlamentarischen Kontrollgremium, das setzt sich aus Mitgliedern aller Parteien zusammen.
Damit ist dann auch der Vorwurf der Steuerung irgendwie hinfällig .
Aber die meisten wissen nicht, wie diese Systeme funktionieren und machen sich auch nicht die Mühe, das einfach mal zu googeln , sondern wiederholen einfach nur die Meinungen, die sie von Demagogen gehört haben. Schade eigentlich.","Was sagt der Verfassungsschutz zu ""Rattenfänger"" 🤔🤷♀️",verfassungsschutz,,89
ai,Chrupalla: Keine Extremisten in AfD | Markus Lanz vom 06. Februar 2024,UgxoXqktuimS7hZUafF4AaABAg.A-W-9BpaDF7A-WG-_crQiH,"Die Bestrafung für Beleidigungen liegt nicht im Aufgabenbereich des Verfassungsschutzes!
Chrupalla hat nur versucht abzulenken, um nicht über die Fehler der eigenen Partei reden zu müssen!","Was sagt der Verfassungsschutz zu ""Rattenfänger"" 🤔🤷♀️",,afd,26
ai,Chrupalla: Keine Extremisten in AfD | Markus Lanz vom 06. Februar 2024,UgxoXqktuimS7hZUafF4AaABAg.A-W-9BpaDF7A-WMRVE75e9,"Hat Haldenwang nicht gesagt das es nicht allein die Aufgabe des BfV ist, die Umfragewerte der Ampel zu senken?! Wusste ich auch erst nicht das die dafür ebenfalls zuständig sind!","Was sagt der Verfassungsschutz zu ""Rattenfänger"" 🤔🤷♀️",,verfassungsschutz,30
ai,Chrupalla: Keine Extremisten in AfD | Markus Lanz vom 06. Februar 2024,UgxoXqktuimS7hZUafF4AaABAg.A-W-9BpaDF7A-WMUxwK6ir,"Der besteht aus gebildeten Menschen, die das Märchen vom Rattenfänger von Hameln kennen und wissen, dass der Begriff seit Generationen für einen Volksverführer und Demagogen gebraucht wird.","Was sagt der Verfassungsschutz zu ""Rattenfänger"" 🤔🤷♀️",verfassungsschutz,,27
ai,Chrupalla: Keine Extremisten in AfD | Markus Lanz vom 06. Februar 2024,UgxoXqktuimS7hZUafF4AaABAg.A-W-9BpaDF7A-WMdBibKv6,Chrupalla : Es gibt auch andere Politiker die extremistische Aussagen tätigen. Lanz : nennen sie mal welche. Chrupalla : mir fallen jetzt keine ein hahhahahaha,"Was sagt der Verfassungsschutz zu ""Rattenfänger"" 🤔🤷♀️",,afd,25
ai,Chrupalla: Keine Extremisten in AfD | Markus Lanz vom 06. Februar 2024,UgxoXqktuimS7hZUafF4AaABAg.A-W-9BpaDF7A-WPPLkmWTh,"Ich tendiere zu Schäfchenfänger, wo ein Wessi-Lehrer die Herde über den Tisch zieht. Rattenfänger würde ich ablehnen.","Was sagt der Verfassungsschutz zu ""Rattenfänger"" 🤔🤷♀️",,"afd, verfassungsschutz",17
ai,Chrupalla: Keine Extremisten in AfD | Markus Lanz vom 06. Februar 2024,UgxoXqktuimS7hZUafF4AaABAg.A-W-9BpaDF7A-WSjuuznRU,"„Rattenfänger“ war an rechtsextreme Kräfte adressiert. Das findet der Verfassunsschutz schon angemessen…….bezeichnend, dass sich die AFD selbst angesprochen fühlt!","Was sagt der Verfassungsschutz zu ""Rattenfänger"" 🤔🤷♀️",verfassungsschutz,"afd, rechtsextremismus",19
ai,Chrupalla: Keine Extremisten in AfD | Markus Lanz vom 06. Februar 2024,UgxoXqktuimS7hZUafF4AaABAg.A-W-9BpaDF7A-WTL05yPFu,"Nichts, die Aussage kommt ja von der ""richtigen"" Seite.","Was sagt der Verfassungsschutz zu ""Rattenfänger"" 🤔🤷♀️",,verfassungsschutz,9
ai,Chrupalla: Keine Extremisten in AfD | Markus Lanz vom 06. Februar 2024,UgxoXqktuimS7hZUafF4AaABAg.A-W-9BpaDF7A-WVu_HN7_W,"Es wäre vielleicht eine Idee, die Story vom Rattenfänger von Hameln nochmal zu lesen?
Einfachster und eklatanter Unterschied: Der Rattenfänger ist schonmal ein Mensch. Also wird durch die Bezeichnung ""Rattenfänger"" schonmal niemand seine Menschlichkeit abgesprochen. Ganz im Gegensatz zu den Sprüchen, die die AfD gerne mal los lässt, wenn es um Migration geht. Das ist ein Unterschied, den sollte jeder mündige, der deutschen Sprache mächtige Mensch eigentlich direkt verstehen. Aber das ist ja egal, denn man will eigentlich von der Diskussion einfach ablenken und sich als Opfer hinstellen.
Es kotzt mich inzwischen einfach nur noch an, wie viele Menschen wie ein trotziges Kind grinsend eine vermeintlich schlaue Gegenfrage stellen und sich dann als ""Sieger"" fühlen. Aber gut, Chrupalla macht's hier ja super vor: Statt mal tatsächlich zu _irgendwas_ vernünftig Stellung zu beziehen, was in _seiner Partei_ abgeht, wird eine Blendrakete nach der nächsten gezündet. Klar, ist ja auch der ""Job eines Politikers, sich nicht festnageln zu lassen"". Das ist einfach nur armselig.","Was sagt der Verfassungsschutz zu ""Rattenfänger"" 🤔🤷♀️",verfassungsschutz,afd,162
ai,Chrupalla: Keine Extremisten in AfD | Markus Lanz vom 06. Februar 2024,UgxoXqktuimS7hZUafF4AaABAg.A-W-9BpaDF7A-WY7pAvrRG,Wir nennen es einfach Demokratie.🤦♂️🤷♂️,"Was sagt der Verfassungsschutz zu ""Rattenfänger"" 🤔🤷♀️",afd,verfassungsschutz,5
ai,Chrupalla: Keine Extremisten in AfD | Markus Lanz vom 06. Februar 2024,UgxoXqktuimS7hZUafF4AaABAg.A-W-9BpaDF7A-WYO4QkcuY,"@user Wie wärs mit ""AfD ler töten"" Schildern auf Demos.... Ist das Verfassungsproblematisch.","Was sagt der Verfassungsschutz zu ""Rattenfänger"" 🤔🤷♀️",afd,,13
ai,Chrupalla: Keine Extremisten in AfD | Markus Lanz vom 06. Februar 2024,UgxoXqktuimS7hZUafF4AaABAg.A-W-9BpaDF7A-WYTSNm1JL,"Nichts, warum auch, das ist u.U. eine Beleidigung, StGB, ein Fall für die Staatsanwaltschaft. Was soll daran verfassungswidrig sein ?","Was sagt der Verfassungsschutz zu ""Rattenfänger"" 🤔🤷♀️",,verfassungsschutz,20
ai,Chrupalla: Keine Extremisten in AfD | Markus Lanz vom 06. Februar 2024,UgxoXqktuimS7hZUafF4AaABAg.A-W-9BpaDF7A-WZhlvi_V0,"Was sagt es über die AfD, wenn die sich beim Begriff ""Rattenfänger"" angesprochen fühlen?","Was sagt der Verfassungsschutz zu ""Rattenfänger"" 🤔🤷♀️",,afd,14
ai,Chrupalla: Keine Extremisten in AfD | Markus Lanz vom 06. Februar 2024,UgxoXqktuimS7hZUafF4AaABAg.A-W-9BpaDF7A-Waj0F1o9m,"@user Zu ""Mainz bleibt Mainz"" am Freitag habe ich dem ZDF folgendes geschrieben: Guten Tag, Ihr Mainzelmännchen*innen ! Am Freitag ist mal wieder KARNEVALSSITZUNG in MAINZ. ( ZDF live ) Bisher habe ich mich in den letzten 45 Jahren immer darauf gefreut . . . ! Aber dieses Jahr werde ich mir diese POLITISCHE HASS-VERANSTALTUNG NICHT NOCH EINMAL BIETEN LASSEN . . . so wie in den letzten Jahren ! ! ! Eure gesichert LINKS-EXTREMEN GRUSELGESTALTEN vom Sitzungspräsidenten bis hin zu Lars Reichow und anderen linksgrün versifften STASI – HETZERN auf der Bühne haben nichts anderes im SINN als ein VIERTEL aller WÄHLER IN UNVERSCHÄMTER ART + WEISE als Ratten oder gar NAZIS zu bezeichnen ! IST DAS etwa DEMOKRATISCH . . . ? Habt ihr noch alle Latten am Zaun . . . ? Ich habe NICHTS gegen KRITIK in Richtung Politik . . . ganz im GEGENTEIL ! Aber was HIER gegen einen politischen MITBEWERBER im MEINUNGSSTREIT geschieht, DAS HAT NICHTS auf einer KARNEVALSSITZUNG VERLOREN . . . ! ! ! Und schon GAR NICHT vor über 10 MILLIONEN ZUSCHAUERN ( m/w/d ). Und EUREN GENDERSCHEISS könnt ihr Euch auch hinten reinschieben . . . ! Wenn ich das schon höre . . . schalte ich GRUNDSÄTZLICH SOFORT WEG ! ! ! ALAAF und HELAU vom NÄRRISCHEN NIEDERRHEIN . . . M f G Frank T . . . .","Was sagt der Verfassungsschutz zu ""Rattenfänger"" 🤔🤷♀️",afd,"oeffentlich-rechtlicher rundfunk, rechtsextremismus",232
ai,Chrupalla: Keine Extremisten in AfD | Markus Lanz vom 06. Februar 2024,UgxoXqktuimS7hZUafF4AaABAg.A-W-9BpaDF7A-WbOWLvZV8,"@user sollte ein Nachrichtendienst nicht dienst- und fachaufsichtlich weisungsgebunden sein? Insbesondere wenn darüber hinaus gerichtliche, parlamentarische, öffentliche Kontrolle und Kontrolle der Finanzen gegeben ist. Denken Sie mal drüber nach, danke. Gute Güte. Dem Verfassungsschutz wurde m.E. zu Recht vorgeworfen zu wenig gegen ""rechtsextreme Bestrebungen"" zu ermitteln.
Nachtrag: ein Nachrichtendienst im luftleeren Raum geht halt nicht.","Was sagt der Verfassungsschutz zu ""Rattenfänger"" 🤔🤷♀️",,"rechtsextremismus, verfassungsschutz",55
ai,Chrupalla: Keine Extremisten in AfD | Markus Lanz vom 06. Februar 2024,UgxoXqktuimS7hZUafF4AaABAg.A-W-9BpaDF7A-Wd3M7ZPrZ,Der Verfassungsschutz ist weisungsgebunden gegenüber dem Bundesinnenministerium der Nancy Faeser und schützt offensichtlich die Altparteien und nicht unsere Verfassung!,"Was sagt der Verfassungsschutz zu ""Rattenfänger"" 🤔🤷♀️",,verfassungsschutz,19
ai,Chrupalla: Keine Extremisten in AfD | Markus Lanz vom 06. Februar 2024,UgxoXqktuimS7hZUafF4AaABAg.A-W-9BpaDF7A-WevVeUlQP,"Wie nennt man das, wenn man die Bauern zum Widerstand aufruft und noch Wochen vorher mit den anderen Parteien für den Abbau von Subventionen stimmt? Wie nennt man das, wenn die Denkfabrik von Herrn Kubitschek tonnenweise Literatur publiziert, wie man das Volk so über den Tisch ziehen kann, dass sie es nicht merken.","Was sagt der Verfassungsschutz zu ""Rattenfänger"" 🤔🤷♀️",,"afd, rechtsextremismus",53
ai,Chrupalla: Keine Extremisten in AfD | Markus Lanz vom 06. Februar 2024,UgxoXqktuimS7hZUafF4AaABAg.A-W-9BpaDF7A-Wf4xWe4WD,Der Verfassungsschutz sollte von dem Verfassungsschutz beobachted werden !,"Was sagt der Verfassungsschutz zu ""Rattenfänger"" 🤔🤷♀️",,verfassungsschutz,9
ai,Chrupalla: Keine Extremisten in AfD | Markus Lanz vom 06. Februar 2024,UgxoXqktuimS7hZUafF4AaABAg.A-W-9BpaDF7A-WfNU3ttQ7,"@user mir vorstellen, dass auch in diesem Gremium alle Vorschläge des AfD Abgeordneten abgelehnt werden, selbst wenn sie gut und richtig sind und zwar deshalb weil sie von der AfD kommen. Sie verstehen schon, so ähnlich wie im Parlament. Einige Wochen später kommt dann eine andere Partei mit dem gleichen Vorschlag, vielleicht leicht abgeändert, und plötzlich ist alles gut.","Was sagt der Verfassungsschutz zu ""Rattenfänger"" 🤔🤷♀️",afd,,59
ai,Chrupalla: Keine Extremisten in AfD | Markus Lanz vom 06. Februar 2024,UgxoXqktuimS7hZUafF4AaABAg.A-W-9BpaDF7A-WfmBRONho,"@user Das will man verschweigen so weit wie möglich, denn da hat sich Haldenwang mal so richtig geoutet und erklärt, dass der VS eindeutig von der Regierung als Regierungsschutz instrumentalisiert wird.","Was sagt der Verfassungsschutz zu ""Rattenfänger"" 🤔🤷♀️",,verfassungsschutz,31
ai,Chrupalla: Keine Extremisten in AfD | Markus Lanz vom 06. Februar 2024,UgxoXqktuimS7hZUafF4AaABAg.A-W-9BpaDF7A-WgDbzzU1s,"Was ist falsch daran, rechte Rattenfänger auch als solche zu bezeichnen?","Was sagt der Verfassungsschutz zu ""Rattenfänger"" 🤔🤷♀️",verfassungsschutz,"afd, rechtsextremismus",11
ai,Chrupalla: Keine Extremisten in AfD | Markus Lanz vom 06. Februar 2024,UgxoXqktuimS7hZUafF4AaABAg.A-W-9BpaDF7A-Wgm9d69Uh,"Ja genau, oder die Demo gegen rechts, wo Schilder hochgehalten wurden, mit JEDEN AFD ler töten! Dabei war sogar unser Bundeskanzler Scholz und co mit dabei! Das muss man sich mal geben!","Was sagt der Verfassungsschutz zu ""Rattenfänger"" 🤔🤷♀️",afd,,32
ai,Chrupalla: Keine Extremisten in AfD | Markus Lanz vom 06. Februar 2024,UgxoXqktuimS7hZUafF4AaABAg.A-W-9BpaDF7A-WkF6kauPP,"@user falsch, das sind Worte, die so ähnlich getätigt wurden. Siehe Reportage vor 3 Jahren ""wir müssen dafür sorgen, dass es Deutschland schlecht geht"". Klingt jetzt nicht unbedingt Deutschland liebend...","Was sagt der Verfassungsschutz zu ""Rattenfänger"" 🤔🤷♀️",vaterlandsliebe,afd,30
ai,Chrupalla: Keine Extremisten in AfD | Markus Lanz vom 06. Februar 2024,UgxoXqktuimS7hZUafF4AaABAg.A-W-9BpaDF7A-WpPlZRHuI,Es sind Rattenfänger,"Was sagt der Verfassungsschutz zu ""Rattenfänger"" 🤔🤷♀️",,afd,3
ai,Chrupalla: Keine Extremisten in AfD | Markus Lanz vom 06. Februar 2024,UgxoXqktuimS7hZUafF4AaABAg.A-W-9BpaDF7A-WsqYnKcN1,ganz genau!!!!@user,"Was sagt der Verfassungsschutz zu ""Rattenfänger"" 🤔🤷♀️",,verfassungsschutz,2
ai,Chrupalla: Keine Extremisten in AfD | Markus Lanz vom 06. Februar 2024,UgxoXqktuimS7hZUafF4AaABAg.A-W-9BpaDF7A-WtIYveYbJ,"Wer hier Dumm und unwissend ist, seid ihr Schlafschafe. Die Welt lacht über euch, nicht über uns, die Rechts sind und das mit Stolz und Hirn.@user","Was sagt der Verfassungsschutz zu ""Rattenfänger"" 🤔🤷♀️",afd,,26
ai,Chrupalla: Keine Extremisten in AfD | Markus Lanz vom 06. Februar 2024,UgxoXqktuimS7hZUafF4AaABAg.A-W-9BpaDF7A-WxYVtYOmS,"@user Gut zu hören was das wahr, EINE BELEIDIGUNG von Tausenden ehrlichen Bürgern!","Was sagt der Verfassungsschutz zu ""Rattenfänger"" 🤔🤷♀️",,afd,13
ai,Chrupalla: Keine Extremisten in AfD | Markus Lanz vom 06. Februar 2024,UgxoXqktuimS7hZUafF4AaABAg.A-W-9BpaDF7A-WyugDkcf9,"@user Der schreibt lieber auf, das einer von der AfD das Regime, Kartellparteien nannte.","Was sagt der Verfassungsschutz zu ""Rattenfänger"" 🤔🤷♀️",afd,verfassungsschutz,14
ai,Chrupalla: Keine Extremisten in AfD | Markus Lanz vom 06. Februar 2024,UgxoXqktuimS7hZUafF4AaABAg.A-W-9BpaDF7A-X0MkxrEAt,"Nur noch AFD , keinen Millimeter diesem linken Deutschland hassendenGesocks","Was sagt der Verfassungsschutz zu ""Rattenfänger"" 🤔🤷♀️",afd,,10
ai,Chrupalla: Keine Extremisten in AfD | Markus Lanz vom 06. Februar 2024,UgxoXqktuimS7hZUafF4AaABAg.A-W-9BpaDF7A-X1IbT38hw,"""Rattenfänger"" ist OK, kommt ja von Steinmeier, genau so wie ""Mischpoke"" (Cem Özdemir).
""Alles für Deutschland"" hingegen ist ganz, ganz schlimm (Björn Höcke).
Wir leben im lächerlichsten Land der Welt.","Was sagt der Verfassungsschutz zu ""Rattenfänger"" 🤔🤷♀️",,"rechtsextremismus, verfassungsschutz",30
ai,Chrupalla: Keine Extremisten in AfD | Markus Lanz vom 06. Februar 2024,UgxoXqktuimS7hZUafF4AaABAg.A-W-9BpaDF7A-X1IllIsGa,"Was sagt der Verfassungsschutz zu ""Ratten"", womit offensichtlich die Bürger gemeint sind, die die AfD wählen!","Was sagt der Verfassungsschutz zu ""Rattenfänger"" 🤔🤷♀️",afd,verfassungsschutz,16
ai,Chrupalla: Keine Extremisten in AfD | Markus Lanz vom 06. Februar 2024,UgxoXqktuimS7hZUafF4AaABAg.A-W-9BpaDF7A-X3gV23l_2,Der Verfassungsschutz steckt mit den menschenschändern der altpartein unter einer decke !! alles VERBRECHERPACK!!!!,"Was sagt der Verfassungsschutz zu ""Rattenfänger"" 🤔🤷♀️",,verfassungsschutz,14
ai,Chrupalla: Keine Extremisten in AfD | Markus Lanz vom 06. Februar 2024,UgxoXqktuimS7hZUafF4AaABAg.A-W-9BpaDF7A-X5hsUljpK,"@user der Verfassungschutz ist dazu da, die opposition klein zu halten wie im moment die afd, was der chef auch schon ÖFFENTLICH gesagt hat. den clip findest du auch hier auf youtube.","Was sagt der Verfassungsschutz zu ""Rattenfänger"" 🤔🤷♀️",afd,verfassungsschutz,32
ai,Chrupalla: Keine Extremisten in AfD | Markus Lanz vom 06. Februar 2024,UgxoXqktuimS7hZUafF4AaABAg.A-W-9BpaDF7A-X6VpWDlT-,"Inlandsgeheimdienste haben immer die selben Aufgaben, wie die Geschichte uns zeigt. Ich sehe keinen Unterschied zum MfS@user","Was sagt der Verfassungsschutz zu ""Rattenfänger"" 🤔🤷♀️",,verfassungsschutz,17
ai,Chrupalla: Keine Extremisten in AfD | Markus Lanz vom 06. Februar 2024,UgxoXqktuimS7hZUafF4AaABAg.A-W-9BpaDF7A-X6XKVZMfW,"Inlandsgeheimdienste haben immer die selben Aufgaben, wie die Geschichte uns zeigt. Ich sehe keinen Unterschied zum MfS@user","Was sagt der Verfassungsschutz zu ""Rattenfänger"" 🤔🤷♀️",,verfassungsschutz,17
ai,Chrupalla: Keine Extremisten in AfD | Markus Lanz vom 06. Februar 2024,UgxoXqktuimS7hZUafF4AaABAg.A-W-9BpaDF7A-X90_TF29m,"@user alle Parteien sind demnach Rattenfänger, denn jeder versucht den Wähler zum wählen seiner Partei zu verlocken","Was sagt der Verfassungsschutz zu ""Rattenfänger"" 🤔🤷♀️",afd,verfassungsschutz,17
ai,Chrupalla: Keine Extremisten in AfD | Markus Lanz vom 06. Februar 2024,UgxoXqktuimS7hZUafF4AaABAg.A-W-9BpaDF7A-X9FsaCW0c,"❤️ Die Liebe zur Heimat ist wie... die Art, wie wir unsere Mutter und unseren Vater lieben! Wir respektieren das Land der Mutter und des Vaters von aller ... aber unser Land und Mutter,Kinder ist wichtiger ... wir lieben es unsere!Wir werden es niemandem geben, wir werden es nicht umtauschen... und wir werden nicht zulassen, dass jemand es verletzt... zerstört! 🇭🇺🤝🏻🇩🇪","Was sagt der Verfassungsschutz zu ""Rattenfänger"" 🤔🤷♀️",vaterlandsliebe,,61
ai,Chrupalla: Keine Extremisten in AfD | Markus Lanz vom 06. Februar 2024,UgxoXqktuimS7hZUafF4AaABAg.A-W-9BpaDF7A-X9d93GXb7,@user sie nicht von der AfD kommen. 3p,"Was sagt der Verfassungsschutz zu ""Rattenfänger"" 🤔🤷♀️",afd,verfassungsschutz,8
ai,Chrupalla: Keine Extremisten in AfD | Markus Lanz vom 06. Februar 2024,UgxoXqktuimS7hZUafF4AaABAg.A-W-9BpaDF7A-XCmcz0IYP,"Die 3000 Likes bestätigen, dass viele (vermutlich AfD Wähler) absolut keinen Plan von dem Verfassungsschutz und dem GG haben😂","Was sagt der Verfassungsschutz zu ""Rattenfänger"" 🤔🤷♀️",,afd,19
ai,Chrupalla: Keine Extremisten in AfD | Markus Lanz vom 06. Februar 2024,UgxoXqktuimS7hZUafF4AaABAg.A-W-9BpaDF7A-XE616k0Hx,"Der Verfassungsschutz ist damit beschäftigt gegen die ganzen offensichtlichen Rechtsradikalen Statements der AfD vorzugehen. Ich finde es auch gut, dass sie immer mehr in die Gänge kommen und teile der AfD als gesichert Rechtsextrem deklariert haben.","Was sagt der Verfassungsschutz zu ""Rattenfänger"" 🤔🤷♀️",verfassungsschutz,"afd, rechtsextremismus",36
ai,Chrupalla: Keine Extremisten in AfD | Markus Lanz vom 06. Februar 2024,UgxoXqktuimS7hZUafF4AaABAg.A-W-9BpaDF7A-XEKWZW7Rl,Der Verfassungsschutz ist empört und leitet sicherlich bald ein Amtsenthebungsverfahren ein ;-),"Was sagt der Verfassungsschutz zu ""Rattenfänger"" 🤔🤷♀️",,verfassungsschutz,12
ai,Chrupalla: Keine Extremisten in AfD | Markus Lanz vom 06. Februar 2024,UgxoXqktuimS7hZUafF4AaABAg.A-W-9BpaDF7A-XH78MfKeS,"Was hat der Verfassungsschutz denn damit zu tun? Manche Menschen sind wirklich unglaublich dumm. Es wundert mich manchmal wirklich nicht, dass manche Menschen so wenig haben, radikal werden, oder die AfD wählen.","Was sagt der Verfassungsschutz zu ""Rattenfänger"" 🤔🤷♀️",,afd,32
ai,Chrupalla: Keine Extremisten in AfD | Markus Lanz vom 06. Februar 2024,UgxoXqktuimS7hZUafF4AaABAg.A-W-9BpaDF7A-XHCKlvM_8,Die Glowies hier können die Frage ja mal beantworten. Weil es von links kommt (also dem andern links ) ist es vermutlich genehmigt worden!,"Was sagt der Verfassungsschutz zu ""Rattenfänger"" 🤔🤷♀️",,verfassungsschutz,24
ai,Chrupalla: Keine Extremisten in AfD | Markus Lanz vom 06. Februar 2024,UgxoXqktuimS7hZUafF4AaABAg.A-W-9BpaDF7A-XI4uCLlvN,"Claudia Roth: Deutschland, Du mieses Stück Scheiße!","Was sagt der Verfassungsschutz zu ""Rattenfänger"" 🤔🤷♀️",vaterlandsliebe,,7
ai,Chrupalla: Keine Extremisten in AfD | Markus Lanz vom 06. Februar 2024,UgxoXqktuimS7hZUafF4AaABAg.A-W-9BpaDF7A-XLKL4j4uU,"Wo liegt eigentlich das Problem mit diesem Ausdruck? Es wurde im Zusammenhang mit Rechtsextremismus verwendet. von der AfD hat in diesem Zusammenhang niemand gesprochen. Wie Herr Chrupalla feststellt, gibt es doch gar keine Rechtsextremen in der AfD. Also ist die AfD nicht gemeint. Und auch mit den Demos nicht, die sind ja auch gegen Rechtsextremismus. Also kann er doch aufhören, sich darüber aufregen, va. über den Rattenfänger oder das Aufwiegeln der Bevölkerung gegen Rechtsextremimus. Oder wohnt in ihm doch einer kleiner rechtsextremer Anteil, weshalb er sich vielleicht doch heimlich still und leise angesprochen fühlt? Nur so eine Vermutung...","Was sagt der Verfassungsschutz zu ""Rattenfänger"" 🤔🤷♀️",verfassungsschutz,"afd, rechtsextremismus",98
ai,Chrupalla: Keine Extremisten in AfD | Markus Lanz vom 06. Februar 2024,UgxoXqktuimS7hZUafF4AaABAg.A-W-9BpaDF7A-XNoBKil6y,"Lies den Artikel ""AfD-Zelle unterwandert den Verfassungsschutz"" mit 12 hohen Beamten, die der AfD angehören.","Was sagt der Verfassungsschutz zu ""Rattenfänger"" 🤔🤷♀️",,"afd, verfassungsschutz",15
ai,Chrupalla: Keine Extremisten in AfD | Markus Lanz vom 06. Februar 2024,UgxoXqktuimS7hZUafF4AaABAg.A-W-9BpaDF7A-XQ46Xtcw5,"Der Verfassungsschutz ist auf dem linken Auge und Ohr komplett blind und taub.
Warum? Weil er von einer linksextremen Innenministerin geführt wird.","Was sagt der Verfassungsschutz zu ""Rattenfänger"" 🤔🤷♀️",,verfassungsschutz,22
ai,Chrupalla: Keine Extremisten in AfD | Markus Lanz vom 06. Februar 2024,UgxoXqktuimS7hZUafF4AaABAg.A-W-9BpaDF7A-XV1bbitdP,Rattenfänger ist als Metapher gemeint. Ist Chrupalla echt so blöd und seine Wähler ? 🤔🥴,"Was sagt der Verfassungsschutz zu ""Rattenfänger"" 🤔🤷♀️",,afd,15
ai,Chrupalla: Keine Extremisten in AfD | Markus Lanz vom 06. Februar 2024,UgxoXqktuimS7hZUafF4AaABAg.A-W-9BpaDF7A-XW-vE8Llw,"Arno Gruen sagt in „Verratene Liebe, falsche Götter“ dazu folgendes: ""Immer wieder machen verzweifelte Menschen jene zu ihren Führern, ihren Göttern, die den Anschein von Stärke offerieren, aber im Grund leer und destruktiv sind."" Auf diese ""falschen Götter"" projizieren die Erniedrigten und Beleidigten dieser Welt ihre oft gewalttätigen Sehnsüchte.","Was sagt der Verfassungsschutz zu ""Rattenfänger"" 🤔🤷♀️",,afd,49
ai,Chrupalla: Keine Extremisten in AfD | Markus Lanz vom 06. Februar 2024,UgxoXqktuimS7hZUafF4AaABAg.A-W-9BpaDF7A-XZX-Rb3NZ,@user Wähler als Ratten bezeichnen? Ist das noch demokratisch?,"Was sagt der Verfassungsschutz zu ""Rattenfänger"" 🤔🤷♀️",afd,,9
ai,Chrupalla: Keine Extremisten in AfD | Markus Lanz vom 06. Februar 2024,UgxoXqktuimS7hZUafF4AaABAg.A-W-9BpaDF7A-XZmX2ixJ2,@user sitzt aktuell niemand von der AFD drin. Deine Aussage macht also keine Sinn.🙃,"Was sagt der Verfassungsschutz zu ""Rattenfänger"" 🤔🤷♀️",afd,,14
ai,Chrupalla: Keine Extremisten in AfD | Markus Lanz vom 06. Februar 2024,UgxoXqktuimS7hZUafF4AaABAg.A-W-9BpaDF7A-Xdwy2Mbbz,"""Rattenfänger"" ist keine Beleidigung, sondern eine Metapher ! Dieses Mindestmaß an Bildung solltest du schon haben, wenn du mitreden möchtest !","Was sagt der Verfassungsschutz zu ""Rattenfänger"" 🤔🤷♀️",,afd,21
ai,Chrupalla: Keine Extremisten in AfD | Markus Lanz vom 06. Februar 2024,UgxoXqktuimS7hZUafF4AaABAg.A-W-9BpaDF7A-XfLxmP6Zf,Der Nazi-Sprech ist ja kein Nazi-Sprech weil es einer von die Guten gesagt hat.,"Was sagt der Verfassungsschutz zu ""Rattenfänger"" 🤔🤷♀️",afd,,14
ai,Chrupalla: Keine Extremisten in AfD | Markus Lanz vom 06. Februar 2024,UgxoXqktuimS7hZUafF4AaABAg.A-W-9BpaDF7A-XfX_xJPNf,"Nichts, weil der Verfassungsschutz (ich Zitiere) nicht allein dafür Verantwortlich ist, die Umfragewerte der AfD zu senken. Dafür braucht es noch Lakaien aus den eigene Reihen und mit der Linksfaschistischen Gesinnung um dieses zu schaffen.","Was sagt der Verfassungsschutz zu ""Rattenfänger"" 🤔🤷♀️",afd,verfassungsschutz,35
ai,Lauterbach: Kiffen gefährlich - und bald erlaubt | Markus Lanz vom 08. Februar 2024,UgyX3itJYdUf9waqKid4AaABAg,Danke Lauterbach für ihre Geduld.,Danke Lauterbach für ihre Geduld.,karl lauterbach,,5
ai,Lauterbach: Kiffen gefährlich - und bald erlaubt | Markus Lanz vom 08. Februar 2024,UgyX3itJYdUf9waqKid4AaABAg.A-aBjA-it4KA-aF10n9ATB,"Hauptsache kiffen....Höhö Anzünden geht noch, der joint, oder?",Danke Lauterbach für ihre Geduld.,,cannabis-legalisierung,8
ai,Lauterbach: Kiffen gefährlich - und bald erlaubt | Markus Lanz vom 08. Februar 2024,UgyX3itJYdUf9waqKid4AaABAg.A-aBjA-it4KA-aFLnJoHLd,"Hauptsache sich mit 16 Jahren für 20 Euro ins Koma saufen oder? ist das besser?
ihr seid kasperle, denen die Argumente ausgehen und deswegen fällt euch nichts besseres ein.@user",Danke Lauterbach für ihre Geduld.,cannabis-legalisierung,,29
ai,Lauterbach: Kiffen gefährlich - und bald erlaubt | Markus Lanz vom 08. Februar 2024,UgyX3itJYdUf9waqKid4AaABAg.A-aBjA-it4KA-aFh3D_CYu,Kann man nicht oft genug sagen. Keine Ahnung wie der das aushält.,Danke Lauterbach für ihre Geduld.,karl lauterbach,,12
ai,Lauterbach: Kiffen gefährlich - und bald erlaubt | Markus Lanz vom 08. Februar 2024,UgyX3itJYdUf9waqKid4AaABAg.A-aBjA-it4KA-aIrY8dDP1,"@user zahlt ja alles der Steuerzahler 😂 👏 Bravo, ab und zu was verkaufen hast deutlich mehr wie wenn du arbeiten gehst naja wenigstens dann saubere Ware",Danke Lauterbach für ihre Geduld.,,cannabis-legalisierung,27
ai,Lauterbach: Kiffen gefährlich - und bald erlaubt | Markus Lanz vom 08. Februar 2024,UgyX3itJYdUf9waqKid4AaABAg.A-aBjA-it4KA-aJXOIRGxH,"Der hat sich davor safe ein durchgezogen, anders hätt der diese schwachsinnige diskussion doch gar nicht ertragen können lol.",Danke Lauterbach für ihre Geduld.,karl lauterbach,,19
ai,Lauterbach: Kiffen gefährlich - und bald erlaubt | Markus Lanz vom 08. Februar 2024,UgyX3itJYdUf9waqKid4AaABAg.A-aBjA-it4KA-aJuk9m65j,"@user Markus Lanz zu Polemisieren gehört zu den Standardaufgaben der AfdNazis. Solange die afdNazis der Kreml-Filiale AfD gegen Lanz hetzen,
macht *Lanz alles richtig...* 😁",Danke Lauterbach für ihre Geduld.,markus lanz,"afd, rechtsextremismus",25
ai,Lauterbach: Kiffen gefährlich - und bald erlaubt | Markus Lanz vom 08. Februar 2024,UgyX3itJYdUf9waqKid4AaABAg.A-aBjA-it4KA-aKHu8WIBK,@user hast du ne Ahnung....,Danke Lauterbach für ihre Geduld.,,karl lauterbach,5
ai,Lauterbach: Kiffen gefährlich - und bald erlaubt | Markus Lanz vom 08. Februar 2024,UgyX3itJYdUf9waqKid4AaABAg.A-aBjA-it4KA-aKTiJA4Un,"In der Tat. Meinen Respekt hat er. Für mich ist Alkohol die schädlichste Droge der Welt, rauchen die asozialste, weil man als Nichtraucher den Mist mit einatmen muss und THC die Dümmste. Alles Dinge die die Welt nicht braucht, aber sie sind nunmal da und Verbote fördern kriminelle Strukturen und füttern die Macht der Mafia. Es ist auch nicht zu vermitteln warum ein Erwachsener Mensch nicht selber entscheiden darf, ob er seinem Körper Schaden zufügen will oder nicht. Wenn es nach mir geht dann sollte man ALLES was es gibt in der Apo kaufen können. Ja mit Warnhinweis und Beipackzettel und manche Dinge ggf. auch erst nach einem einmaligen Beratungsgespräch. Um den Kriminellensumpf auszutrocknen. Menschen die Abhängig sind egal von was raus aus der ständigen Gefahr zu holen durch Verunreinigungen noch abhängiger zu werden oder zu sterben. Um Beschaffungskriminalität weitgehend unnötig zu machen. Das was Lauterbach da anstösst brauchen wir für alle Drogen. Portugal ist übrigens da sehr weit und die machen es am Besten IMHO mit ihrer Drogenpolitik. Zumindest bereits nachweisbar abhängige Menschen sollten das was sie brauchen auf Krankenschein bekommen, gemeinsam mit einem Therapieangebot. Den Menschen helfen, statt sie zu kriminalisieren und auf die Strasse zu treiben. Wenns nach mir geht würde man aber auch Zigaretten dann nur noch in der Apo bekommen und ein Werbeverbot für Alkohol und Zigaretten an allen öffentlichen Stellen, wie für andere Drogen auch.",Danke Lauterbach für ihre Geduld.,"cannabis-legalisierung, karl lauterbach",,231
ai,Lauterbach: Kiffen gefährlich - und bald erlaubt | Markus Lanz vom 08. Februar 2024,UgyX3itJYdUf9waqKid4AaABAg.A-aBjA-it4KA-aL3CzuIi1,"@user armes Deutschland
Feier nur der Feind… ihr Bürger seid hier das Problem..Regierung will nur die Statistik damit verschönern im Asyl Bereich kriminell usw mit dem Gesetz",Danke Lauterbach für ihre Geduld.,,"cannabis-legalisierung, migration",27
ai,Lauterbach: Kiffen gefährlich - und bald erlaubt | Markus Lanz vom 08. Februar 2024,UgyX3itJYdUf9waqKid4AaABAg.A-aBjA-it4KA-aNzPcJwU1,"Rauchen und Alkohol ist doch auch ab 18 Jahren Erlaubt, wo ist das Problem, schadet genau soviel oder sogar mehr",Danke Lauterbach für ihre Geduld.,cannabis-legalisierung,,20
ai,Lauterbach: Kiffen gefährlich - und bald erlaubt | Markus Lanz vom 08. Februar 2024,UgyX3itJYdUf9waqKid4AaABAg.A-aBjA-it4KA-aOU0l-hH3,@user das traurige da gibt euch ein Politiker ein kleinen Knochen u schon wird er gefeiert u gestern noch der Feind. Ihr Bürger seid das Haupt Problem eure Denkweise. Wäre in Australien nicht möglich aber auch andere Mentalität zum glück. Bei uns ist der von gestern auch übermorgen noch der Feind… scheinheilige,Danke Lauterbach für ihre Geduld.,,karl lauterbach,52
ai,Lauterbach: Kiffen gefährlich - und bald erlaubt | Markus Lanz vom 08. Februar 2024,UgyX3itJYdUf9waqKid4AaABAg.A-aBjA-it4KA-aP-hlgWDY,@user naja ihr bekommt von Politiker ein Knochen u feiert ihn… kein Wunder ist es in Deutschland so.. die wollen damit nur die asyl Kriminalität Statistik für tv usw senken u ihr macht mit ..Provo,Danke Lauterbach für ihre Geduld.,,"cannabis-legalisierung, migration",35
ai,Lauterbach: Kiffen gefährlich - und bald erlaubt | Markus Lanz vom 08. Februar 2024,UgyX3itJYdUf9waqKid4AaABAg.A-aBjA-it4KA-aRh6vO_uP,"@user Naja, es ging nur um Beleuchtung von Pro und Contras in Sachen legalisierung von Canabis.
Lauterbach und Lanz sind schon lange gute Kumpel. Übrigens: Markus Lanz zu Polemisieren gehört zu den Standardaufgaben der AfdNazis. Und solange die afdNazis der Kreml-Filiale AfD gegen Lanz hetzen,
macht Lanz alles richtig... 😁
Markus Lanz‘ ZDF-Talk gehört zu den erfolgreichsten Politikformaten in Deutschland, und das zurecht.",Danke Lauterbach für ihre Geduld.,markus lanz,"afd, rechtsextremismus",63
ai,Lauterbach: Kiffen gefährlich - und bald erlaubt | Markus Lanz vom 08. Februar 2024,UgyX3itJYdUf9waqKid4AaABAg.A-aBjA-it4KA-aS6Lumkh2,"@user Ist dir schon mal der Gedanke gekommen, dass nicht alle Menschen, die das Unrecht in der derzeitigen Gesetzgebung erkennen, Kiffer sein müssen? So wie man auch keine Frau sein muss, wenn man für Gleichberechtigung ist oder auch als Weiße gegen Rassismus eintreten kann. Was da passiert, ist ein himmelschreiendes Unrecht. Ich habe über 30 Jahre in der Suchthilfe gearbeitet und habe aus erster Hand erfahren, dass die Stigmatisierung und Prohibition ein größerer Feind sind als die Drogen selber.",Danke Lauterbach für ihre Geduld.,cannabis-legalisierung,,79
ai,Lauterbach: Kiffen gefährlich - und bald erlaubt | Markus Lanz vom 08. Februar 2024,UgyX3itJYdUf9waqKid4AaABAg.A-aBjA-it4KA-aTPmCxDBj,Schau mal weiter HDR nerd mit nem bier in der hand und labber nicht über zeug von dem du keine Ahnung hast 🤣ein weitaus größerer teil der Bürgergeldempfänger sind Alkis keine kiffer. @user,Danke Lauterbach für ihre Geduld.,cannabis-legalisierung,,33
ai,Lauterbach: Kiffen gefährlich - und bald erlaubt | Markus Lanz vom 08. Februar 2024,UgyX3itJYdUf9waqKid4AaABAg.A-aBjA-it4KA-aU53Wz90Y,"@user Würde sicher gut zum BIP und Steueraufkommen beitragen, wenn Cannabis wie Alk verkauft werden würde.",Danke Lauterbach für ihre Geduld.,cannabis-legalisierung,,16
ai,Lauterbach: Kiffen gefährlich - und bald erlaubt | Markus Lanz vom 08. Februar 2024,UgyX3itJYdUf9waqKid4AaABAg.A-aBjA-it4KA-aU9rOIm3v,@user Aha? Und wieviele der Alkis?,Danke Lauterbach für ihre Geduld.,cannabis-legalisierung,,6
ai,Lauterbach: Kiffen gefährlich - und bald erlaubt | Markus Lanz vom 08. Februar 2024,UgyX3itJYdUf9waqKid4AaABAg.A-aBjA-it4KA-aUwktICmW,@user du feierst den Feind weil er dir die Hand gibt..kein Wunder geht DE unter. Ihr feiert ihren neuen Trick dem Volk gegenüber u bekommt es nicht mit..naja blödes thc gel,Danke Lauterbach für ihre Geduld.,,"cannabis-legalisierung, karl lauterbach",31
ai,Lauterbach: Kiffen gefährlich - und bald erlaubt | Markus Lanz vom 08. Februar 2024,UgyX3itJYdUf9waqKid4AaABAg.A-aBjA-it4KA-aVXeg8RSf,Ja man der braucht echt ne lange Lunte bei den Gesprächspartnern.,Danke Lauterbach für ihre Geduld.,karl lauterbach,,11
ai,Lauterbach: Kiffen gefährlich - und bald erlaubt | Markus Lanz vom 08. Februar 2024,UgyX3itJYdUf9waqKid4AaABAg.A-aBjA-it4KA-aWObNGsKi,Solche dumme Kritik much man ja aushalten.,Danke Lauterbach für ihre Geduld.,karl lauterbach,,7
ai,Lauterbach: Kiffen gefährlich - und bald erlaubt | Markus Lanz vom 08. Februar 2024,UgyX3itJYdUf9waqKid4AaABAg.A-aBjA-it4KA-aWoutXA4p,"@user 89% der 2,81 millionen Arbeitslosen Kiffen also ja ? Also auch deine Mutter, deine 2 Väter und Du + 3 von 4 von deinen Kindern ? Da merkt man wie Dumm diese Aussage einfach ist ;) geh AFD wählen brauner .",Danke Lauterbach für ihre Geduld.,,"afd, rechtsextremismus",42
ai,Lauterbach: Kiffen gefährlich - und bald erlaubt | Markus Lanz vom 08. Februar 2024,UgyX3itJYdUf9waqKid4AaABAg.A-aBjA-it4KA-aZBX1Ptb8,❤,Danke Lauterbach für ihre Geduld.,karl lauterbach,,1
ai,Lauterbach: Kiffen gefährlich - und bald erlaubt | Markus Lanz vom 08. Februar 2024,UgyX3itJYdUf9waqKid4AaABAg.A-aBjA-it4KA-aZL6qIpw0,"unsinn ,unsinn@user",Danke Lauterbach für ihre Geduld.,,karl lauterbach,2
ai,Lauterbach: Kiffen gefährlich - und bald erlaubt | Markus Lanz vom 08. Februar 2024,UgyX3itJYdUf9waqKid4AaABAg.A-aBjA-it4KA-aaayW7QWU,@user genauso wie 90% aller Alkohol Konsumenten Arbeitslos sind.,Danke Lauterbach für ihre Geduld.,cannabis-legalisierung,,9
ai,Lauterbach: Kiffen gefährlich - und bald erlaubt | Markus Lanz vom 08. Februar 2024,UgyX3itJYdUf9waqKid4AaABAg.A-aBjA-it4KA-aatdg5HQ-,"@user dann liegt hier aber nicht das Problem am Thema der Legalisierung generell. das ist ein bürgergeldproblem, weil wir Deutschen gerne Geld verschenken. Ist ne andere stellschraube und irgendwo muss man halt mal anfangen",Danke Lauterbach für ihre Geduld.,cannabis-legalisierung,,34
ai,Lauterbach: Kiffen gefährlich - und bald erlaubt | Markus Lanz vom 08. Februar 2024,UgyX3itJYdUf9waqKid4AaABAg.A-aBjA-it4KA-abqkyd2G6,"Der ""Impfclown"" auf Droge - uns bleibt uns auch nichts erspart...;-)",Danke Lauterbach für ihre Geduld.,,karl lauterbach,11
ai,Lauterbach: Kiffen gefährlich - und bald erlaubt | Markus Lanz vom 08. Februar 2024,UgyX3itJYdUf9waqKid4AaABAg.A-aBjA-it4KA-abrkoFEiF,"@user schadet es mehr? Mehr Konsumenten, mehr geschädigte.... ist erstmal logisch. Oder ? Ansonsten erklären Sie mal....",Danke Lauterbach für ihre Geduld.,,cannabis-legalisierung,17
ai,Lauterbach: Kiffen gefährlich - und bald erlaubt | Markus Lanz vom 08. Februar 2024,UgyX3itJYdUf9waqKid4AaABAg.A-aBjA-it4KA-afDT4S9Kq,"Der ist bei jedem Thema so.
Kommt vom Gifteln.",Danke Lauterbach für ihre Geduld.,,karl lauterbach,9
ai,Lauterbach: Kiffen gefährlich - und bald erlaubt | Markus Lanz vom 08. Februar 2024,UgyX3itJYdUf9waqKid4AaABAg.A-aBjA-it4KA-ajeBDhrXr,Steckt halt viel Geld drin ....,Danke Lauterbach für ihre Geduld.,,"cannabis-legalisierung, karl lauterbach",6
ai,Lauterbach: Kiffen gefährlich - und bald erlaubt | Markus Lanz vom 08. Februar 2024,UgyX3itJYdUf9waqKid4AaABAg.A-aBjA-it4KA-ansFtJHiu,"Unfassbar, dass dieser Mann noch was zu melden hat!?! Ich kann es echt nicht verstehen....
Aber obwohl, wenn ich mir hier manch Kommentare durchlese....🤦",Danke Lauterbach für ihre Geduld.,,karl lauterbach,24
ai,Lauterbach: Kiffen gefährlich - und bald erlaubt | Markus Lanz vom 08. Februar 2024,UgyX3itJYdUf9waqKid4AaABAg.A-aBjA-it4KA-aoiKZsxtq,Danke für die Schmerzen. Wo ist das Schmerzensgeld?? Auch für die Grunderhaltungen des Volkes der Nation.,Danke Lauterbach für ihre Geduld.,,karl lauterbach,16
ai,Lauterbach: Kiffen gefährlich - und bald erlaubt | Markus Lanz vom 08. Februar 2024,UgyX3itJYdUf9waqKid4AaABAg.A-aBjA-it4KA-aq9qppbxu,Danke Dr.Mängele...,Danke Lauterbach für ihre Geduld.,,karl lauterbach,2
ai,Lauterbach: Kiffen gefährlich - und bald erlaubt | Markus Lanz vom 08. Februar 2024,UgyX3itJYdUf9waqKid4AaABAg.A-aBjA-it4KA-ardwu8fs3,"Ich mag Herrn L. überhaupt nicht ( und ich werde mir ( FUCK STAATS TV nicht bis zum Ende anschauen )
In Punkt Gras gebe ich Ihm recht ( gut bin kein Konsument ) Wie sieht es aktuell aus Berlin zum Teil 15 Gramm kein Problem , in Bayern 15 Gramm großes Problem .
( Fuck Alkohol ) an jeder Ecke verfügbar richtet wohl mir mehr Schaden an .
Auch ein Punkt an dem man arbeiten kann",Danke Lauterbach für ihre Geduld.,cannabis-legalisierung,"karl lauterbach, oeffentlich-rechtlicher rundfunk",77
ai,Lauterbach: Kiffen gefährlich - und bald erlaubt | Markus Lanz vom 08. Februar 2024,UgyX3itJYdUf9waqKid4AaABAg.A-aBjA-it4KA-atwzfD4OV,"@user Also ich arbeite bei einem renommierten deutschen Automobilhersteller, verdiene knapp 150k €/Jahr und rauche gerne am Wochenende einen Joint.
Wie läuft dein leben so?",Danke Lauterbach für ihre Geduld.,cannabis-legalisierung,,25
ai,Lauterbach: Kiffen gefährlich - und bald erlaubt | Markus Lanz vom 08. Februar 2024,UgyX3itJYdUf9waqKid4AaABAg.A-aBjA-it4KA-auPoNqxD6,"Die Kommentare Zeugen halt von kiffern. Wowow Drogen, kiffen wäähääää....eure vorfahren waren keine Menschenaffen....zu hoch entwickelt...",Danke Lauterbach für ihre Geduld.,,cannabis-legalisierung,16
ai,Lauterbach: Kiffen gefährlich - und bald erlaubt | Markus Lanz vom 08. Februar 2024,UgyX3itJYdUf9waqKid4AaABAg.A-aBjA-it4KA-auXzJWZsQ,"@user Weil die Substanzen viel toxischer sind? Nikotin ist eines der stärksten Nervengifte. Der Suchtfaktor und die Schädigungen an den Organen und Gewebe sind einfach um ein vielfaches höher.
Alkohol ebenso, extremes Suchtpotential, vor allem auch körperlich (Entzug kann tödlich sein).
Cannabis, gefährdungspotential kommt vor allem von dem Rauchprozess und hat daher eine hohe Überschneidung mit Nikotin, dadurch das es mit verwendet wird. Über einen Vaporizer ist das Gefährdungspotential rein auf physischer Ebene.
Dazu hat Cannabis nur eine psychische Abhängigkeit und keine körperliche. Die toxische Dosis (der Wert der Menge wann ein Gift tödlich ist) bei Cannabis ist rein theoretisch und kann nicht erreicht werden, daher gibt es keine Toten durch eine Überdosis, ganz anders als bei Alkohol und Nikotin.",Danke Lauterbach für ihre Geduld.,cannabis-legalisierung,,120
ai,Lauterbach: Kiffen gefährlich - und bald erlaubt | Markus Lanz vom 08. Februar 2024,UgyX3itJYdUf9waqKid4AaABAg.A-aBjA-it4KA-av01mXHhX,"@user wieso sollte wer Bein Staat kaufen, wenn er gutes Zeug für 6-8€/g bekommt? Das sollen die selber konsumieren. Reicht mir, 2x25g/am Mann für eine Woche, 2000€/woche, netto. Einsatz für 50g 300 Euro für 2x25g Eigenbedarf. Uhhhhh der Verkauf ist aber strafbar, dududu denk dran...🤣🤣🤣. Was sknd das für eierlose...wobei bei der Wählerschaft....Alkohol mach birne hohl mit kiffen dann Rauch, in hohler birne 🍐",Danke Lauterbach für ihre Geduld.,,cannabis-legalisierung,64
ai,Lauterbach: Kiffen gefährlich - und bald erlaubt | Markus Lanz vom 08. Februar 2024,UgyX3itJYdUf9waqKid4AaABAg.A-aBjA-it4KA-av16QudIj,Herr Lauterbach! So viel Zeit muss sein! ❤,Danke Lauterbach für ihre Geduld.,karl lauterbach,,8
ai,Lauterbach: Kiffen gefährlich - und bald erlaubt | Markus Lanz vom 08. Februar 2024,UgyX3itJYdUf9waqKid4AaABAg.A-aBjA-it4KA-avK5MENZY,@user was ist falsch an dem was er gesagt hat? bist du zu ordentlicher kritik fähig oder gehts nur auf 2-3 von 10 auf der niveauskala?,Danke Lauterbach für ihre Geduld.,karl lauterbach,,26
ai,Lauterbach: Kiffen gefährlich - und bald erlaubt | Markus Lanz vom 08. Februar 2024,UgyX3itJYdUf9waqKid4AaABAg.A-aBjA-it4KA-avk9xjEUG,"@user für? Dafür brauchen die 2 Jahre? Für genau was? Danke Herr lauterbach für 25g Eigenbedarf am Mann. 50g verkaufe ich die woche, ohne aufstehen. Ob seine klientel auch was will? Schicken halt paar beamte vorbei, ich mach eine ""launch Box"" fertig. KOKS im Abwasser des bundestages klärt. Blöder technischer Fortschritt. Aus 300€ Einsatz mach 2000€ in der Marktwirtschaft....politik sei dank.",Danke Lauterbach für ihre Geduld.,,"cannabis-legalisierung, karl lauterbach",61
ai,Lauterbach: Kiffen gefährlich - und bald erlaubt | Markus Lanz vom 08. Februar 2024,UgyX3itJYdUf9waqKid4AaABAg.A-aBjA-it4KA-az7xvoee5,"scheinheilig. Alkohol tötet viel mehr Menschen und macht süchtig, aber überall gibts Bier, Wein, Sekt etc. und auf Kinderschutz wird von Erwachsenen auch nicht geachtet. Ich war mal empört, weil auf einem Klassenfest (4. Klasse) drei , vier Eltern Schnaps auspackten. Aber nur weiter so mit eurer Scheinheiligkeit. @user",Danke Lauterbach für ihre Geduld.,cannabis-legalisierung,,49
ai,Lauterbach: Kiffen gefährlich - und bald erlaubt | Markus Lanz vom 08. Februar 2024,UgyX3itJYdUf9waqKid4AaABAg.A-aBjA-it4KA-b2tzboJwv,"@user dir dein Arzt mal einen mrna Wirkstoff für deine Krebserkrankung gibt, kannst dem Lauterbach danke sagen",Danke Lauterbach für ihre Geduld.,karl lauterbach,,17
ai,Lauterbach: Kiffen gefährlich - und bald erlaubt | Markus Lanz vom 08. Februar 2024,UgyX3itJYdUf9waqKid4AaABAg.A-aBjA-it4KA-b3KKYL864,Markus Lanz und ist einfach ungebildet in dem Thema und fernab der Realität,Danke Lauterbach für ihre Geduld.,,markus lanz,13
ai,Lauterbach: Kiffen gefährlich - und bald erlaubt | Markus Lanz vom 08. Februar 2024,UgyX3itJYdUf9waqKid4AaABAg.A-aBjA-it4KA-b3qb-IPwR,"@user hättest du bestimmt lieber den Span von der cdu oder , der hat ja nun einmal gar nichts geregt bekommen. Jetzt hat er wieder eine große Fresse. Man muss es leider nun einmal so sehen die Energiekriese kommt ja nun einmal daher weil wir in abhängig gemacht haben, jeder wollte doch immer nur günstig, das wird es nicht mehr geben , ob Energie oder Fleisch oder oder der Drops ist gelutscht.",Danke Lauterbach für ihre Geduld.,,cdu,72
ai,Lauterbach: Kiffen gefährlich - und bald erlaubt | Markus Lanz vom 08. Februar 2024,UgyX3itJYdUf9waqKid4AaABAg.A-aBjA-it4KA-b8IrWExMH,"Genau, deshalb legalisieren wir noch mehr Drogen. Bringt ja eh alles nichts. Wie liebe ich dieses Argument...",Danke Lauterbach für ihre Geduld.,,cannabis-legalisierung,17
ai,Lauterbach: Kiffen gefährlich - und bald erlaubt | Markus Lanz vom 08. Februar 2024,UgyX3itJYdUf9waqKid4AaABAg.A-aBjA-it4KA-bBQw46nnR,Aller drei Monate 25 Gramm ..... Voll der krasse Dealer. Wie die denken alter.,Danke Lauterbach für ihre Geduld.,cannabis-legalisierung,,14
ai,Lauterbach: Kiffen gefährlich - und bald erlaubt | Markus Lanz vom 08. Februar 2024,UgyX3itJYdUf9waqKid4AaABAg.A-aBjA-it4KA-bBpCCyiI7,@user bist voll abgehängt. Beim Grass gibt er sich Mühe. So wie du labern nur die die sich über sein Satzbau tot lachen. Nicht Grad sehr gebildet,Danke Lauterbach für ihre Geduld.,"cannabis-legalisierung, karl lauterbach",,27
ai,Lauterbach: Kiffen gefährlich - und bald erlaubt | Markus Lanz vom 08. Februar 2024,UgyX3itJYdUf9waqKid4AaABAg.A-aBjA-it4KA-bD1I-v-WI,"Dann wird das Regieren gemütlicher, weil alles im Nebel verschwindet?",Danke Lauterbach für ihre Geduld.,,cannabis-legalisierung,10
ai,Lauterbach: Kiffen gefährlich - und bald erlaubt | Markus Lanz vom 08. Februar 2024,UgyX3itJYdUf9waqKid4AaABAg.A-aBjA-it4KA-bFg00gzHB,"Kifft mal alle einen , lauti for president 😂",Danke Lauterbach für ihre Geduld.,"cannabis-legalisierung, karl lauterbach",,9
ai,Lauterbach: Kiffen gefährlich - und bald erlaubt | Markus Lanz vom 08. Februar 2024,UgyX3itJYdUf9waqKid4AaABAg.A-aBjA-it4KA-bJBXwVjRp,Gelassen wie ein Buddah im Sturm der Dummheit!,Danke Lauterbach für ihre Geduld.,karl lauterbach,,8
ai,Lauterbach: Kiffen gefährlich - und bald erlaubt | Markus Lanz vom 08. Februar 2024,UgyX3itJYdUf9waqKid4AaABAg.A-aBjA-it4KA-bJzJeNhnp,"@user Also ich kanns mir vorstellen. Hab in meinem Leben oft genug über das Thema diskutiert. Von daher weiß ich recht gut, wie es ist über Jahrzehnte gegen irgendwelchen Bullshit anzureden, der von Prohibitionisten kommt. Muss allerdings auch sagen, in letzter Zeit, wo wir kurz vorm ersten Meilenstein sind, habe ich von denen einen Schwachsinn gehört, der noch mal alles übertrifft, was ich in den letzten 20 Jahren gehört habe. War aber irgendwie zu erwarten, die Prohibitionisten sind im vollen Panikmodus, weil ihnen klar wird, dass sie verloren haben.",Danke Lauterbach für ihre Geduld.,cannabis-legalisierung,,89
ai,Lauterbach: Kiffen gefährlich - und bald erlaubt | Markus Lanz vom 08. Februar 2024,UgyX3itJYdUf9waqKid4AaABAg.A-aBjA-it4KA-bNEik3FiG,"@user Also Eigenanbau von 3 Pflanzen ist ab 1.4. erlaubt, sofern das Gesetz pünktlich durchgeht. Ernte halt maximal 50 Gramm.
Das Clubs erst ab 1.7. loslegen dürfen, ist ja nur so, damit die Länder noch Zeit haben, sich um die Lizenzen und die Verwaltung einzustellen.
Im eigenen Garten ist die Frage, explizit steht dazu nichts genaues drin. Ich würde anhand von einigen Aussagen aber davon ausgehen, dass es wohl erlaubt wäre, sofern der Garten nach außen hin abgesperrt ist. Ein Zaun drumrum sollte also denke ich da sein. Sicher bin ich da aber auch nicht. Kommt wohl auch etwas drauf an, wie die Justiz das auslegt.",Danke Lauterbach für ihre Geduld.,cannabis-legalisierung,,106
ai,Lauterbach: Kiffen gefährlich - und bald erlaubt | Markus Lanz vom 08. Februar 2024,UgyX3itJYdUf9waqKid4AaABAg.A-aBjA-it4KA-bOTNAYvY8,"@user Was ist gefährlicher: Alkohol oder Cannabis? Es antwortet Universitätsprofessor Dr. Uwe Fuhr, Klinische Pharmakologie der Uniklinik Köln Alle Suchtmittel haben Wirkungen, die von den Konsument*innen als angenehm empfunden werden, und aktivieren das Belohnungssystem. Das führt zum Wunsch nach einer Wiederholung der Anwendung und unter Umständen zur Abhängigkeit. Auch Koffein ist demnach ein Suchtmittel – aber ein harmloses. Die Wirkungen von Koffein sind überschaubar und führen typischerweise nicht zu akut gefährlichen Symptomen oder zu dauerhaften und relevanten gesundheitlichen oder sozialen Folgen für den Einzelnen oder für die Gesellschaft. Zudem kann eine Koffeinabhängigkeit ohne Beschaffungskriminalität überall unschwer befriedigt werden. Alkohol, korrekt als Ethylalkohol oder Ethanol bezeichnet, und Cannabis mit dem Hauptwirkstoff Tetrahydrocannabinol haben jedoch neben der von den Konsument*innen erwünschten Rauschwirkung auch wesentliche unerwünschte und sogar gefährliche Wirkungen. Die weit überwiegende Mehrheit der Menschen in Deutschland konsumiert völlig legal Alkohol, 10 Prozent davon in einem gesundheitsschädlichen Umfang. Bei 2 Prozent ist von einer Alkoholabhängigkeit zu reden. Der Cannabiskonsum zu Genusszwecken ist aktuell noch nicht erlaubt. Dennoch haben 2 Prozent der Menschen in Deutschland im letzten Monat Cannabis konsumiert, und knapp 1 Prozent weist einen problematischen Konsum auf. Während das neue »Cannabisgesetz« mit seiner beschränkten Legalisierung auf eine Entkriminalisierung und auf eine Verbesserung der Sicherheit des Konsums abzielt, bestehen auch Befürchtungen, dass die Legalisierung zu einem vermehrten Konsum mit vermehrter Abhängigkeit führt. Die Gefahren eines Suchtmittels hängen natürlich nicht nur von der eingenommenen Substanz ab, sondern auch von Art, Umfang und Bedingungen des Konsums. Zumindest im Falle der »westlichen Länder« scheint aktuell klar, dass Alkohol wesentlich gefährlicher als Cannabis ist. Untersuchungen aus Ländern wie dem Vereinigten Königreich und Neuseeland haben Schadensskalen für Suchtdrogen verwendet, die unter anderem Todesfälle, Gesundheitsschäden, Funktionseinschränkungen, Abhängigkeit, Unfälle, Verbrechen, soziale Schäden und finanzielle Schäden durch den Konsum berücksichtigen. Die Skalenwerte durch Alkohol sind etwa dreifach höher als durch Cannabis. Fraglos ist das Risiko für eine akute Überdosierung mit direkter oder indirekter Todesfolge bei Alkohol sehr viel höher als bei Cannabis, auch wenn das nicht das wesentliche Risiko eines Konsums darstellt. Bei Alkohol führen der Kontrollverlust und die mit dem Suchtcharakter des Konsums sowie der Schädigung des Gehirns verbundenen Verhaltensänderungen vor allem bei höherem Konsum oft zu schweren Beeinträchtigungen des sozialen Umfelds. Bei Cannabiskonsument*innen stehen ebenfalls Verhaltensänderungen im Vordergrund, die aber eher sie selbst beeinträchtigen und im Extremfall mit Psychosen verbunden sind, die vor allem bei Jugendlichen und jungen Erwachsenen auftreten. Pharmakologisch ist ein wesentlicher Unterschied, dass Alkohol neben den spezifischen Wirkungen im Zentralnervensystem giftig für Zellen ist. Alkohol und sein Hauptabbauprodukt Acetaldehyd schädigen vor allem das Gehirn, die Leber, die Bauchspeicheldrüse und das Herz direkt. Daneben erhöht Alkoholkonsum das Risiko für verschiedene Krebserkrankungen. Auch Tetrahydrocannabinol kann irreversible Schäden im Zentralnervensystem verursachen, vor allem bei längerem Gebrauch. Im Vergleich zu Alkohol besteht eine unspezifische giftige Wirkung bei Cannabiskonsum jedoch allenfalls durch das Einatmen von Verbrennungsprodukten beim Rauchen von Joints, was im Vergleich zur unspezifischen Giftwirkung von Alkohol eine untergeordnete Rolle spielt. Alkohol und Cannabis sind demnach beides gefährliche Suchtmittel, die eine wohl überlegte Handhabung durch den Einzelnen und durch die Gesellschaft brauchen. Wenn man alle Faktoren abwägt, ist Alkohol jedoch gefährlicher. Noch Fragen?",Danke Lauterbach für ihre Geduld.,cannabis-legalisierung,,514
ai,Lauterbach: Kiffen gefährlich - und bald erlaubt | Markus Lanz vom 08. Februar 2024,UgyX3itJYdUf9waqKid4AaABAg.A-aBjA-it4KA-bRIoDdp65,"@user sie schon mal was von ketamin im gras gehört? Von quecksilber? Von synthetischen, potentiell höchst gefährlichen cannabinoiden? Wer kritisch gegenüber der legalisierung ist, lebt auf einem ponyhof.",Danke Lauterbach für ihre Geduld.,cannabis-legalisierung,,28
ai,Lauterbach: Kiffen gefährlich - und bald erlaubt | Markus Lanz vom 08. Februar 2024,UgyX3itJYdUf9waqKid4AaABAg.A-aBjA-it4KA-bWZ3sBAO-,Was fuer drama is wohl besser das sich alle besaufen alcohol ist eine viel gefaehlicherr droge,Danke Lauterbach für ihre Geduld.,cannabis-legalisierung,,16
ai,Lauterbach: Kiffen gefährlich - und bald erlaubt | Markus Lanz vom 08. Februar 2024,UgyX3itJYdUf9waqKid4AaABAg.A-aBjA-it4KA-ba5pYg6pg,"@user
Kiffen 🎉
Was bleibt noch übrig?
Keine Arbeit, Geld und Wohnung",Danke Lauterbach für ihre Geduld.,,cannabis-legalisierung,12
ai,Lauterbach: Kiffen gefährlich - und bald erlaubt | Markus Lanz vom 08. Februar 2024,UgyX3itJYdUf9waqKid4AaABAg.A-aBjA-it4KA-baJt2s0uZ,"Beim Kiffen und Drogen ist Lauterbach anscheinend der Beste, ansonsten wird über ihn übelst gehetzt. Z. B Corona",Danke Lauterbach für ihre Geduld.,karl lauterbach,,18
ai,Lauterbach: Kiffen gefährlich - und bald erlaubt | Markus Lanz vom 08. Februar 2024,UgyX3itJYdUf9waqKid4AaABAg.A-aBjA-it4KA-baV5t8Eo3,"@user dann ist ja gesund. 😅😂
Ab 18 natürlich",Danke Lauterbach für ihre Geduld.,,cannabis-legalisierung,9
ai,Lauterbach: Kiffen gefährlich - und bald erlaubt | Markus Lanz vom 08. Februar 2024,UgyX3itJYdUf9waqKid4AaABAg.A-aBjA-it4KA-bcpXNqdW2,Hat er gut gemeistert! Alle waren gegen Ihn..,Danke Lauterbach für ihre Geduld.,karl lauterbach,,8
ai,Lauterbach: Kiffen gefährlich - und bald erlaubt | Markus Lanz vom 08. Februar 2024,UgyX3itJYdUf9waqKid4AaABAg.A-aBjA-it4KA-bgZEiDWyT,"@user Schade, dass Kanabislegalisiereung vielen wichtiger ist, als dass die Krankenkassen(zusatz)beiträge stark steigen, weil Lauterbach sich da nicht durchsetzen wollte.",Danke Lauterbach für ihre Geduld.,,"cannabis-legalisierung, karl lauterbach, steigende kassenbeitraege",20
ai,Lauterbach: Kiffen gefährlich - und bald erlaubt | Markus Lanz vom 08. Februar 2024,UgyX3itJYdUf9waqKid4AaABAg.A-aBjA-it4KA-biMrYCkw0,Da isser ja wieder. Unser Fachmann. Ich lach mich tot. Was für ein Dackel.,Danke Lauterbach für ihre Geduld.,,karl lauterbach,14
ai,AfD-Chefin Weidel: Keine Koalition mit der CDU unter Friedrich Merz | Markus Lanz vom 06. März 2025,Ugz0O7dm6f0B4YQmxcl4AaABAg,Den Mist kann man sich als normaler Mensch doch gar nicht mehr anschauen.,Den Mist kann man sich als normaler Mensch doch gar nicht mehr anschauen.,,"markus lanz, oeffentlich-rechtlicher rundfunk",13
ai,AfD-Chefin Weidel: Keine Koalition mit der CDU unter Friedrich Merz | Markus Lanz vom 06. März 2025,Ugz0O7dm6f0B4YQmxcl4AaABAg.AFMexEJEYBiAFMkSu207fO,"@user
Du guckst definitiv zuviel Öffentlich-Rechtliche Volksverblödungs-Propaganda. Callcenter Bonsai",Den Mist kann man sich als normaler Mensch doch gar nicht mehr anschauen.,,oeffentlich-rechtlicher rundfunk,9
ai,AfD-Chefin Weidel: Keine Koalition mit der CDU unter Friedrich Merz | Markus Lanz vom 06. März 2025,Ugz0O7dm6f0B4YQmxcl4AaABAg.AFMexEJEYBiAFMkV9K9pUg,Ich stimme Ihnen zu. Leider sieht man Alice trotzdem ständig in den Medien,Den Mist kann man sich als normaler Mensch doch gar nicht mehr anschauen.,,"afd, oeffentlich-rechtlicher rundfunk",13
ai,AfD-Chefin Weidel: Keine Koalition mit der CDU unter Friedrich Merz | Markus Lanz vom 06. März 2025,Ugz0O7dm6f0B4YQmxcl4AaABAg.AFMexEJEYBiAFMkgs6_VsE,@user Wahrscheinlich wenn man die AfD wählt😅😉,Den Mist kann man sich als normaler Mensch doch gar nicht mehr anschauen.,afd,,7
ai,AfD-Chefin Weidel: Keine Koalition mit der CDU unter Friedrich Merz | Markus Lanz vom 06. März 2025,Ugz0O7dm6f0B4YQmxcl4AaABAg.AFMexEJEYBiAFMlDkXoBhC,"Ja, Frau Dr. Weidel kann man sich wirklich nicht mehr anschauen.",Den Mist kann man sich als normaler Mensch doch gar nicht mehr anschauen.,,afd,11
ai,AfD-Chefin Weidel: Keine Koalition mit der CDU unter Friedrich Merz | Markus Lanz vom 06. März 2025,Ugz0O7dm6f0B4YQmxcl4AaABAg.AFMexEJEYBiAFMlGjgohr-,"Stimmt, hier ging es wieder nur darum Frau Weidel fertig zu machen. Hat man in der GANZEN SENDUNG auch nur ein aktuelles politisches Sachthema besprochen?!
Statt dessen zum 100. Mal gäähn* die Nazikeule, es ist soo ermüdend.",Den Mist kann man sich als normaler Mensch doch gar nicht mehr anschauen.,afd,"markus lanz, rechtsextremismus",37
ai,AfD-Chefin Weidel: Keine Koalition mit der CDU unter Friedrich Merz | Markus Lanz vom 06. März 2025,Ugz0O7dm6f0B4YQmxcl4AaABAg.AFMexEJEYBiAFMlKno3Rz-,Warum wird dieser Knusperhäuschen-Hexe immer noch eine Plattform im ÖRR gegeben?,Den Mist kann man sich als normaler Mensch doch gar nicht mehr anschauen.,,"afd, oeffentlich-rechtlicher rundfunk",11
ai,AfD-Chefin Weidel: Keine Koalition mit der CDU unter Friedrich Merz | Markus Lanz vom 06. März 2025,Ugz0O7dm6f0B4YQmxcl4AaABAg.AFMexEJEYBiAFMlWZ6LHdW,@user ist einfach zu beantworten. Ab dem Zeitpunkt wo du die Schafherde verlässt und zur Seite des Wolfes wechselst bist du nicht mehr normal. 20 % haben das bereits gemacht. Die Frage die sich stellt ist wieso? Aw: die sind alle nicht normal bis es 50 % sind. Dann ist die Herde weg und der Schäfer ist unnütz.,Den Mist kann man sich als normaler Mensch doch gar nicht mehr anschauen.,afd,,58
ai,AfD-Chefin Weidel: Keine Koalition mit der CDU unter Friedrich Merz | Markus Lanz vom 06. März 2025,Ugz0O7dm6f0B4YQmxcl4AaABAg.AFMexEJEYBiAFMlomJ-1ST,@user die Gäste sind alle nicht normal und Lanz schon mal garnicht.,Den Mist kann man sich als normaler Mensch doch gar nicht mehr anschauen.,,markus lanz,12
ai,AfD-Chefin Weidel: Keine Koalition mit der CDU unter Friedrich Merz | Markus Lanz vom 06. März 2025,Ugz0O7dm6f0B4YQmxcl4AaABAg.AFMexEJEYBiAFMm1BIKPEj,Verstehe auch nicht warum man diese schwurbelpartei afd noch einlädt.,Den Mist kann man sich als normaler Mensch doch gar nicht mehr anschauen.,,"afd, oeffentlich-rechtlicher rundfunk",10
ai,AfD-Chefin Weidel: Keine Koalition mit der CDU unter Friedrich Merz | Markus Lanz vom 06. März 2025,Ugz0O7dm6f0B4YQmxcl4AaABAg.AFMexEJEYBiAFMmCrDUo7z,"@user 60% der Menschen gehen garnicht mehr wählen 🗳️, es gibt keine vernünftigen und gebildeten Politiker mehr die man überhaupt wählen könnte. Viele Menschen wollen jetzt auswandern, weil Merz Kanzler geworden ist .",Den Mist kann man sich als normaler Mensch doch gar nicht mehr anschauen.,,friedrich merz,33
ai,AfD-Chefin Weidel: Keine Koalition mit der CDU unter Friedrich Merz | Markus Lanz vom 06. März 2025,Ugz0O7dm6f0B4YQmxcl4AaABAg.AFMexEJEYBiAFMmK8wOzaZ,Ja die weidel ist echt schlimm anzusehen das stimmt 😢,Den Mist kann man sich als normaler Mensch doch gar nicht mehr anschauen.,,afd,10
ai,AfD-Chefin Weidel: Keine Koalition mit der CDU unter Friedrich Merz | Markus Lanz vom 06. März 2025,Ugz0O7dm6f0B4YQmxcl4AaABAg.AFMexEJEYBiAFMmR0syLBa,@user AfD ist und bleibt eine Pöbel Partei . Schaue nur auf das was da rumläuft! Meine Oma hat mal gesagt niemals mehr Nazis an der Macht !!!,Den Mist kann man sich als normaler Mensch doch gar nicht mehr anschauen.,,"afd, rechtsextremismus",28
ai,AfD-Chefin Weidel: Keine Koalition mit der CDU unter Friedrich Merz | Markus Lanz vom 06. März 2025,Ugz0O7dm6f0B4YQmxcl4AaABAg.AFMexEJEYBiAFMmtGH66gc,"Warum lädt man diese Frau ein, unverständlich!??",Den Mist kann man sich als normaler Mensch doch gar nicht mehr anschauen.,,"afd, markus lanz, oeffentlich-rechtlicher rundfunk",7
ai,AfD-Chefin Weidel: Keine Koalition mit der CDU unter Friedrich Merz | Markus Lanz vom 06. März 2025,Ugz0O7dm6f0B4YQmxcl4AaABAg.AFMexEJEYBiAFMnU6LoSPL,@user dann mach halt 1 Billion schulden und Merz bricht noch mehr versprechen .......,Den Mist kann man sich als normaler Mensch doch gar nicht mehr anschauen.,,"friedrich merz, neue schulden",14
ai,AfD-Chefin Weidel: Keine Koalition mit der CDU unter Friedrich Merz | Markus Lanz vom 06. März 2025,Ugz0O7dm6f0B4YQmxcl4AaABAg.AFMexEJEYBiAFMnaaUx4TH,genau nur auf1 und nius sagen die wahrheit !!!1!!1!elf blaues dulli herzchen xD,Den Mist kann man sich als normaler Mensch doch gar nicht mehr anschauen.,,afd,13
ai,AfD-Chefin Weidel: Keine Koalition mit der CDU unter Friedrich Merz | Markus Lanz vom 06. März 2025,Ugz0O7dm6f0B4YQmxcl4AaABAg.AFMexEJEYBiAFMo9w72TpE,"@user warum lässt du dich von den Altparteien verarschen? Ach ja, stimmt ja Sozialismus und Kommunismus ist was tolles.🧐",Den Mist kann man sich als normaler Mensch doch gar nicht mehr anschauen.,,cdu,19
ai,AfD-Chefin Weidel: Keine Koalition mit der CDU unter Friedrich Merz | Markus Lanz vom 06. März 2025,Ugz0O7dm6f0B4YQmxcl4AaABAg.AFMexEJEYBiAFMoHD8YorQ,awa ist doch die beste serie gradde die man sich anschauen kann xD,Den Mist kann man sich als normaler Mensch doch gar nicht mehr anschauen.,markus lanz,,13
ai,AfD-Chefin Weidel: Keine Koalition mit der CDU unter Friedrich Merz | Markus Lanz vom 06. März 2025,Ugz0O7dm6f0B4YQmxcl4AaABAg.AFMexEJEYBiAFMouB5QURD,"@user 😂du erfüllst hier jegliches Klischee eines patriotischen Deutschen Schnitzel fressenen AfD Wähler,man muss nicht unbedingt links sein um gegen rassen feindliche Rechte zu sein sowas hat Alice in eure Hirne gepflanzt ✌️",Den Mist kann man sich als normaler Mensch doch gar nicht mehr anschauen.,,"afd, rechtsextremismus",33
ai,AfD-Chefin Weidel: Keine Koalition mit der CDU unter Friedrich Merz | Markus Lanz vom 06. März 2025,Ugz0O7dm6f0B4YQmxcl4AaABAg.AFMexEJEYBiAFMoyaKEGu3,"Stimmt, ein AgD/Putin-Alien ist da.",Den Mist kann man sich als normaler Mensch doch gar nicht mehr anschauen.,,afd,5
ai,AfD-Chefin Weidel: Keine Koalition mit der CDU unter Friedrich Merz | Markus Lanz vom 06. März 2025,Ugz0O7dm6f0B4YQmxcl4AaABAg.AFMexEJEYBiAFMqJ-YSAEO,"@user es genug Bonzen Verbrecher gibt, bestes Beispiel die CDU, die uns noch den dritten Weltkrieg bescheren wird wenn sie Waffen an die Ukraine liefern, vielen Dank an die Wähler.",Den Mist kann man sich als normaler Mensch doch gar nicht mehr anschauen.,,cdu,30
ai,AfD-Chefin Weidel: Keine Koalition mit der CDU unter Friedrich Merz | Markus Lanz vom 06. März 2025,Ugz0O7dm6f0B4YQmxcl4AaABAg.AFMexEJEYBiAFMqMab43rh,@user Rechtsadikalität und Faschismus hatten wir doch schon....,Den Mist kann man sich als normaler Mensch doch gar nicht mehr anschauen.,,rechtsextremismus,8
ai,AfD-Chefin Weidel: Keine Koalition mit der CDU unter Friedrich Merz | Markus Lanz vom 06. März 2025,Ugz0O7dm6f0B4YQmxcl4AaABAg.AFMexEJEYBiAFMr1fzaYlY,"@user Ja, welche ""Altpartei"" ist oder war denn je kommunistisch? (Von kleinen Teilen der Linken mal abgesehen) Oder will Kommunismus? Das ist so hanebüchener Unsinn. Aber erzähl ruhig weiter....bissl Belustigung können wir alle brauchen in diesen Zeiten...",Den Mist kann man sich als normaler Mensch doch gar nicht mehr anschauen.,cdu,,37
ai,AfD-Chefin Weidel: Keine Koalition mit der CDU unter Friedrich Merz | Markus Lanz vom 06. März 2025,Ugz0O7dm6f0B4YQmxcl4AaABAg.AFMexEJEYBiAFMr1v6FoRb,@user du scheinst dich auch gerne von den Altparteien verarschen zu lassen🤦♂️🤦♂️🤦♂️du Experte,Den Mist kann man sich als normaler Mensch doch gar nicht mehr anschauen.,,cdu,13
ai,AfD-Chefin Weidel: Keine Koalition mit der CDU unter Friedrich Merz | Markus Lanz vom 06. März 2025,Ugz0O7dm6f0B4YQmxcl4AaABAg.AFMexEJEYBiAFMs-bEyhrp,"@user Altparteien sind noch mal ein anderes Thema! Aber wer sich auf eine rechte Partei einlässt, hat nicht viel verstanden! Ist schon lachhaft, wenns nichts so traurig wär) für die AFD zu stimmen und den anderen zu unterstellen, man werde verarscht. Die ideologisch populistische Gehirnwäsche der AFD über die Medien funktioniert nur bei Leuten, die nicht weiter denken als bis zu den Finanzen oder Windrädern etc !",Den Mist kann man sich als normaler Mensch doch gar nicht mehr anschauen.,,afd,67
ai,AfD-Chefin Weidel: Keine Koalition mit der CDU unter Friedrich Merz | Markus Lanz vom 06. März 2025,Ugz0O7dm6f0B4YQmxcl4AaABAg.AFMexEJEYBiAFMtor_2_85,"Es ist mir bei jedem Auftritt von AfD Führungsleuten ein Rätsel, wie man deren Worten zuhören und das dann für gut befinden kann.",Den Mist kann man sich als normaler Mensch doch gar nicht mehr anschauen.,,afd,23
ai,AfD-Chefin Weidel: Keine Koalition mit der CDU unter Friedrich Merz | Markus Lanz vom 06. März 2025,Ugz0O7dm6f0B4YQmxcl4AaABAg.AFMexEJEYBiAFMuaTReaGR,"@user Es bleibt für mich ein Rätsel, wie man immer noch den Altparteien vertrauen schenkt. Und man gleichzeitig sagt, hier ist alles toll und schön. Aber ich versteh das,für ein links-Grünen tut die Wahrheit weh.",Den Mist kann man sich als normaler Mensch doch gar nicht mehr anschauen.,,cdu,35
ai,AfD-Chefin Weidel: Keine Koalition mit der CDU unter Friedrich Merz | Markus Lanz vom 06. März 2025,Ugz0O7dm6f0B4YQmxcl4AaABAg.AFMexEJEYBiAFMvKRVACQv,"Ja, unerträglich dieser Weidel…",Den Mist kann man sich als normaler Mensch doch gar nicht mehr anschauen.,,afd,4
ai,AfD-Chefin Weidel: Keine Koalition mit der CDU unter Friedrich Merz | Markus Lanz vom 06. März 2025,Ugz0O7dm6f0B4YQmxcl4AaABAg.AFMexEJEYBiAFMvmhfhbgr,@user man kann es verstehen für euch links-Grünen tut die Wahrheit weh🧐,Den Mist kann man sich als normaler Mensch doch gar nicht mehr anschauen.,afd,,12
ai,AfD-Chefin Weidel: Keine Koalition mit der CDU unter Friedrich Merz | Markus Lanz vom 06. März 2025,Ugz0O7dm6f0B4YQmxcl4AaABAg.AFMexEJEYBiAFMww57_2Ch,"Vorallem den undifferenzierten Mist, den Frau Weidel erzählt.",Den Mist kann man sich als normaler Mensch doch gar nicht mehr anschauen.,,afd,8
ai,AfD-Chefin Weidel: Keine Koalition mit der CDU unter Friedrich Merz | Markus Lanz vom 06. März 2025,Ugz0O7dm6f0B4YQmxcl4AaABAg.AFMexEJEYBiAFMxLYHp20S,"Die Afd Wählen behaupten auch sie wären ""normale"" Menschen und wüssten Bescheid. 😆",Den Mist kann man sich als normaler Mensch doch gar nicht mehr anschauen.,,afd,13
ai,AfD-Chefin Weidel: Keine Koalition mit der CDU unter Friedrich Merz | Markus Lanz vom 06. März 2025,Ugz0O7dm6f0B4YQmxcl4AaABAg.AFMexEJEYBiAFMxWO9tjyN,"Links grüner Mist hier.. Ihr werdet alle in ein paar Jahren von der AFD regiert und ich hoffe das ihr diversen Opfer alle auswandert! Hier ist Fremdschämen angesagt, ihr seid alle nur Schafe die der Herde hinterher läuft!",Den Mist kann man sich als normaler Mensch doch gar nicht mehr anschauen.,afd,,38
ai,AfD-Chefin Weidel: Keine Koalition mit der CDU unter Friedrich Merz | Markus Lanz vom 06. März 2025,Ugz0O7dm6f0B4YQmxcl4AaABAg.AFMexEJEYBiAFMy0rfPG6z,Ich habs 2x geschaut ich empfehle die ganze Sendung füt ein wenig mehr Salz. Ich fand Alice stabil🥑,Den Mist kann man sich als normaler Mensch doch gar nicht mehr anschauen.,afd,,18
ai,AfD-Chefin Weidel: Keine Koalition mit der CDU unter Friedrich Merz | Markus Lanz vom 06. März 2025,Ugz0O7dm6f0B4YQmxcl4AaABAg.AFMexEJEYBiAFMzTt7xIpO,@user zu zeigen wie dumm diese ist! Und die Menschen die sie wählen 🗳️.,Den Mist kann man sich als normaler Mensch doch gar nicht mehr anschauen.,,afd,14
ai,AfD-Chefin Weidel: Keine Koalition mit der CDU unter Friedrich Merz | Markus Lanz vom 06. März 2025,Ugz0O7dm6f0B4YQmxcl4AaABAg.AFMexEJEYBiAFN-ZRDRoE7,@user als putins arschlecker afd !,Den Mist kann man sich als normaler Mensch doch gar nicht mehr anschauen.,,afd,6
ai,AfD-Chefin Weidel: Keine Koalition mit der CDU unter Friedrich Merz | Markus Lanz vom 06. März 2025,Ugz0O7dm6f0B4YQmxcl4AaABAg.AFMexEJEYBiAFN00pQh5_g,"""Normal"" - also nach (ihrer) ""Norm"" ist ja für die AFD und Ihre Anhänger ganz wichtig und ein Hauptslogan",Den Mist kann man sich als normaler Mensch doch gar nicht mehr anschauen.,,afd,19
ai,AfD-Chefin Weidel: Keine Koalition mit der CDU unter Friedrich Merz | Markus Lanz vom 06. März 2025,Ugz0O7dm6f0B4YQmxcl4AaABAg.AFMexEJEYBiAFN4RIisoM6,"Solltest du aber, unabhängig davon was du gewählt hast. So sieht Wählerbetrug aus. Das ist demokratiefeindlich.",Den Mist kann man sich als normaler Mensch doch gar nicht mehr anschauen.,,wahlversprechen,16
ai,AfD-Chefin Weidel: Keine Koalition mit der CDU unter Friedrich Merz | Markus Lanz vom 06. März 2025,Ugz0O7dm6f0B4YQmxcl4AaABAg.AFMexEJEYBiAFN5wlgMC7T,"@user du meinst stabiil wie immer mit ihren Populismus was anderes tut sie nämlich nie .
Warum findest du dass denn stabil?",Den Mist kann man sich als normaler Mensch doch gar nicht mehr anschauen.,,afd,22
ai,AfD-Chefin Weidel: Keine Koalition mit der CDU unter Friedrich Merz | Markus Lanz vom 06. März 2025,Ugz0O7dm6f0B4YQmxcl4AaABAg.AFMexEJEYBiAFN6zFsMboj,Leider muss man dafür auch noch Zwangsgebühren zahlen.,Den Mist kann man sich als normaler Mensch doch gar nicht mehr anschauen.,,oeffentlich-rechtlicher rundfunk,8
ai,AfD-Chefin Weidel: Keine Koalition mit der CDU unter Friedrich Merz | Markus Lanz vom 06. März 2025,Ugz0O7dm6f0B4YQmxcl4AaABAg.AFMexEJEYBiAFNGaNv9jbE,"Wie blöd sind die dumm deutschen überhaupt, wenn solche Menschen wie die von der CDU CSU noch verteidigt werden, und die ganzen anderen Wort Brecher, aber Hauptsache ihr habt was zu streiten, ihr deutschen Kasperl 😂😂",Den Mist kann man sich als normaler Mensch doch gar nicht mehr anschauen.,,cdu,36
ai,AfD-Chefin Weidel: Keine Koalition mit der CDU unter Friedrich Merz | Markus Lanz vom 06. März 2025,Ugz0O7dm6f0B4YQmxcl4AaABAg.AFMexEJEYBiAFNIgEvgN5X,@user Oh ein CDU Doofmann,Den Mist kann man sich als normaler Mensch doch gar nicht mehr anschauen.,,cdu,5
ai,AfD-Chefin Weidel: Keine Koalition mit der CDU unter Friedrich Merz | Markus Lanz vom 06. März 2025,Ugz0O7dm6f0B4YQmxcl4AaABAg.AFMexEJEYBiAFNJaylIFAM,"Ja, wieso wird Nazis so eine Bühne gegeben? Unfassbar.",Den Mist kann man sich als normaler Mensch doch gar nicht mehr anschauen.,,"afd, oeffentlich-rechtlicher rundfunk, rechtsextremismus",9
ai,AfD-Chefin Weidel: Keine Koalition mit der CDU unter Friedrich Merz | Markus Lanz vom 06. März 2025,Ugz0O7dm6f0B4YQmxcl4AaABAg.AFMexEJEYBiAFNJkJXFAdj,@user CSU und Tierschutzpartei. Keine Macht den Rechtsradikalen,Den Mist kann man sich als normaler Mensch doch gar nicht mehr anschauen.,,"afd, koalition mit der afd, rechtsextremismus",8
ai,AfD-Chefin Weidel: Keine Koalition mit der CDU unter Friedrich Merz | Markus Lanz vom 06. März 2025,Ugz0O7dm6f0B4YQmxcl4AaABAg.AFMexEJEYBiAFNK43GULPh,"@user Ja, Frau Dr. Weidel ist politisch in der rechten Ecke. Sie vertritt die politische Richtung von Präsident Trump und Vizepräsident Vance.
Beide bauen, Elon Musk erwähne ich jetzt nicht, in eine Autokratie um. Trump regiert mit Dikreten am Senat vorbei. Diesen Kahlschlag hält Frau Dr. Weidel für in Ordnung. JD Vance steht bei ihr hoch im Kurs. Selenskji ist für Frau Dr. Weidel der falsche Präsident. Putin ist bei ihr auch gut gelitten. Das sind meine Gründe.",Den Mist kann man sich als normaler Mensch doch gar nicht mehr anschauen.,,afd,78
ai,AfD-Chefin Weidel: Keine Koalition mit der CDU unter Friedrich Merz | Markus Lanz vom 06. März 2025,Ugz0O7dm6f0B4YQmxcl4AaABAg.AFMexEJEYBiAFNLOLAvDfF,"Diese ""frau"" kann man sich nicht mehr anhören. E k e l h a f t !",Den Mist kann man sich als normaler Mensch doch gar nicht mehr anschauen.,,afd,17
ai,AfD-Chefin Weidel: Keine Koalition mit der CDU unter Friedrich Merz | Markus Lanz vom 06. März 2025,Ugz0O7dm6f0B4YQmxcl4AaABAg.AFMexEJEYBiAFNLyKkSIIF,"Ja nie wieder Weidel, ich mach den Fernseher dann niemals an, die ist einfach Intelligent Dumm",Den Mist kann man sich als normaler Mensch doch gar nicht mehr anschauen.,,afd,16
ai,AfD-Chefin Weidel: Keine Koalition mit der CDU unter Friedrich Merz | Markus Lanz vom 06. März 2025,Ugz0O7dm6f0B4YQmxcl4AaABAg.AFMexEJEYBiAFNMRzGhZUQ,@user sie recht hat,Den Mist kann man sich als normaler Mensch doch gar nicht mehr anschauen.,afd,,4
ai,AfD-Chefin Weidel: Keine Koalition mit der CDU unter Friedrich Merz | Markus Lanz vom 06. März 2025,Ugz0O7dm6f0B4YQmxcl4AaABAg.AFMexEJEYBiAFNPDQq-M-2,@user wo ist da ein Nazi ? 😂,Den Mist kann man sich als normaler Mensch doch gar nicht mehr anschauen.,,rechtsextremismus,8
ai,AfD-Chefin Weidel: Keine Koalition mit der CDU unter Friedrich Merz | Markus Lanz vom 06. März 2025,Ugz0O7dm6f0B4YQmxcl4AaABAg.AFMexEJEYBiAFNQowYcpjT,"@user Sie führt die zweitstärkste Partei deutschlandweit. Und sie ist weit hinter Grünen, SPD und Linken in der Repräsentanz beim ÖRR ;)",Den Mist kann man sich als normaler Mensch doch gar nicht mehr anschauen.,afd,oeffentlich-rechtlicher rundfunk,22
ai,AfD-Chefin Weidel: Keine Koalition mit der CDU unter Friedrich Merz | Markus Lanz vom 06. März 2025,Ugz0O7dm6f0B4YQmxcl4AaABAg.AFMexEJEYBiAFNTYR49QnR,Ja das Niveau des gesprâchs ist teilweise anstrengend. Wie ein Streit im Kindergarten.,Den Mist kann man sich als normaler Mensch doch gar nicht mehr anschauen.,,markus lanz,13
ai,AfD-Chefin Weidel: Keine Koalition mit der CDU unter Friedrich Merz | Markus Lanz vom 06. März 2025,Ugz0O7dm6f0B4YQmxcl4AaABAg.AFMexEJEYBiAFNTk3hiBqh,Das stimmt kommt nur der höcke das Land ist denen egal Hauptsache die eigene Tasche füllen,Den Mist kann man sich als normaler Mensch doch gar nicht mehr anschauen.,,"afd, rechtsextremismus",16
ai,AfD-Chefin Weidel: Keine Koalition mit der CDU unter Friedrich Merz | Markus Lanz vom 06. März 2025,Ugz0O7dm6f0B4YQmxcl4AaABAg.AFMexEJEYBiAFNU13HWvoc,"@user ist ein bezahlter linker Moderator in Youtube um Menschen zu denonzieren und abzuwehren umsonst macht sowas doch keiner und nur beleidigen was anderes kann der links bezahlte Dreck nicht
Wer sein Land nicht liebt sollte sich aufs Meer begeben und dort leben",Den Mist kann man sich als normaler Mensch doch gar nicht mehr anschauen.,vaterlandsliebe,,43
ai,AfD-Chefin Weidel: Keine Koalition mit der CDU unter Friedrich Merz | Markus Lanz vom 06. März 2025,Ugz0O7dm6f0B4YQmxcl4AaABAg.AFMexEJEYBiAFNW0TZNase,"@user AfDler sonst in ihren asozialen Blasen nicht zurechtgerückt werden, weil sie von den Feinden Deutschlands extrem gehypt werden.",Den Mist kann man sich als normaler Mensch doch gar nicht mehr anschauen.,,afd,19
ai,AfD-Chefin Weidel: Keine Koalition mit der CDU unter Friedrich Merz | Markus Lanz vom 06. März 2025,Ugz0O7dm6f0B4YQmxcl4AaABAg.AFMexEJEYBiAFNWaDO--CX,@user anscheinend auch...oder wie bewertet man sonst ihre Argumentation???,Den Mist kann man sich als normaler Mensch doch gar nicht mehr anschauen.,,afd,9
ai,AfD-Chefin Weidel: Keine Koalition mit der CDU unter Friedrich Merz | Markus Lanz vom 06. März 2025,Ugz0O7dm6f0B4YQmxcl4AaABAg.AFMexEJEYBiAFNXktCtizd,"@user doch selbst ein par flüchtlinge bei dir zu Hause auf, wenn du so ein Fan von der Migration bist.",Den Mist kann man sich als normaler Mensch doch gar nicht mehr anschauen.,,migration,20
ai,AfD-Chefin Weidel: Keine Koalition mit der CDU unter Friedrich Merz | Markus Lanz vom 06. März 2025,Ugz0O7dm6f0B4YQmxcl4AaABAg.AFMexEJEYBiAFNXuP7AZlU,"@user die normalen Menschen, die verstehen das schulden inflation und massenmigratiin schlecht sind.",Den Mist kann man sich als normaler Mensch doch gar nicht mehr anschauen.,,"migration, neue schulden",13
ai,AfD-Chefin Weidel: Keine Koalition mit der CDU unter Friedrich Merz | Markus Lanz vom 06. März 2025,Ugz0O7dm6f0B4YQmxcl4AaABAg.AFMexEJEYBiAFN_KYbK5X2,"@user Sehe sie sind ein strammer Faschist, es geht schon wieder los bei euch. Nur ihre Meinung darf gehört werden. Grüssse aus der Schweiz",Den Mist kann man sich als normaler Mensch doch gar nicht mehr anschauen.,,rechtsextremismus,24
ai,AfD-Chefin Weidel: Keine Koalition mit der CDU unter Friedrich Merz | Markus Lanz vom 06. März 2025,Ugz0O7dm6f0B4YQmxcl4AaABAg.AFMexEJEYBiAFNaA-G7XpR,Due einzige die man sich noch ansehen kann @user,Den Mist kann man sich als normaler Mensch doch gar nicht mehr anschauen.,afd,,9
ai,AfD-Chefin Weidel: Keine Koalition mit der CDU unter Friedrich Merz | Markus Lanz vom 06. März 2025,Ugz0O7dm6f0B4YQmxcl4AaABAg.AFMexEJEYBiAFNhb5tuXfF,@user Wer AfD wählt hat in Geschichte definitiv nicht aufgepasst 😉 (oder ist einfach ein überzeugter Nazi 🤷🏻♂️),Den Mist kann man sich als normaler Mensch doch gar nicht mehr anschauen.,,"afd, rechtsextremismus",18
ai,AfD-Chefin Weidel: Keine Koalition mit der CDU unter Friedrich Merz | Markus Lanz vom 06. März 2025,Ugz0O7dm6f0B4YQmxcl4AaABAg.AFMexEJEYBiAFNj2FtLc7j,"@user warum lässt DU Dich von Naziparteien verarschen? Ach ja, stimmt ja Faschismus ist was tolles. 🧐",Den Mist kann man sich als normaler Mensch doch gar nicht mehr anschauen.,,"afd, rechtsextremismus",17
ai,AfD-Chefin Weidel: Keine Koalition mit der CDU unter Friedrich Merz | Markus Lanz vom 06. März 2025,Ugz0O7dm6f0B4YQmxcl4AaABAg.AFMexEJEYBiAFNlyienPKr,Frau Weidel der Lichtblick. Jetzt müssen sie die AfD Politiker in ihre Sendungen reinnehmen. Ich sehe das als Fortschritt!!Immerhin.,Den Mist kann man sich als normaler Mensch doch gar nicht mehr anschauen.,"afd, oeffentlich-rechtlicher rundfunk",,19
ai,AfD-Chefin Weidel: Keine Koalition mit der CDU unter Friedrich Merz | Markus Lanz vom 06. März 2025,Ugz0O7dm6f0B4YQmxcl4AaABAg.AFMexEJEYBiAFNnL5A152U,"@user Schwede...hab mir grad ein paar ihrer Kommentare durchgelesen...:sorry aber für sie gibt's wohl nur Altparteien oder AFD...weiter reicht der Horizont nicht. Sie glauben doch nicht im Ernst dass ihre Afd die weltpolitische Lage händeln könnte. Ihre Einseitigkeit löst garnichts, man muss alles ganzheitlich betrachten...und das überfordert sie und ihre Afd",Den Mist kann man sich als normaler Mensch doch gar nicht mehr anschauen.,,afd,51
ai,AfD-Chefin Weidel: Keine Koalition mit der CDU unter Friedrich Merz | Markus Lanz vom 06. März 2025,Ugz0O7dm6f0B4YQmxcl4AaABAg.AFMexEJEYBiAFNtGS2VBXy,@user Weidel der Lichtblick… ich schmeiß mich weg!,Den Mist kann man sich als normaler Mensch doch gar nicht mehr anschauen.,,afd,8
ai,AfD-Chefin Weidel: Keine Koalition mit der CDU unter Friedrich Merz | Markus Lanz vom 06. März 2025,Ugz0O7dm6f0B4YQmxcl4AaABAg.AFMexEJEYBiAFO0JIAk9bD,"@user hast gar nichts verstanden. Wähl ruhig gegen deine Interessen, aber heul danach nicht rum, wie all die Trump-Wähler derzeit.",Den Mist kann man sich als normaler Mensch doch gar nicht mehr anschauen.,,afd,20
ai,AfD-Chefin Weidel: Keine Koalition mit der CDU unter Friedrich Merz | Markus Lanz vom 06. März 2025,Ugz0O7dm6f0B4YQmxcl4AaABAg.AFMexEJEYBiAFO0_7LUNdy,"@user""Altparteien"" ist sooo A*D-Sprech. EkelhAfD!",Den Mist kann man sich als normaler Mensch doch gar nicht mehr anschauen.,,afd,5
ai,AfD-Chefin Weidel: Keine Koalition mit der CDU unter Friedrich Merz | Markus Lanz vom 06. März 2025,Ugz0O7dm6f0B4YQmxcl4AaABAg.AFMexEJEYBiAFO4RzOKrnr,Endlich wird Lanz mal hartnäckig gegenüber dem unsäglichen verlogenen Weidel.,Den Mist kann man sich als normaler Mensch doch gar nicht mehr anschauen.,markus lanz,afd,10
ai,Gysi und Chrupalla streiten über AfD-Wahlprogramm  | Markus Lanz vom 05. Februar 2025,Ugz67ir8WJvw64knbkp4AaABAg,"02:20 Warum soll ein Indischer IT-Experte nach Deutschland kommen, wenn er von seinem Gehalt 50% abgeben muss und er dafür schlechte Bahnverbindungen und eine erodierende innere Sicherheit geboten bekommt?","02:20 Warum soll ein Indischer IT-Experte nach Deutschland kommen, wenn er von seinem Gehalt 50% abgeben muss und er dafür schlechte Bahnverbindungen und eine erodierende innere Sicherheit geboten bekommt?",in infrastruktur investieren,attraktiv fuer fachkraefte,29
ai,Gysi und Chrupalla streiten über AfD-Wahlprogramm  | Markus Lanz vom 05. Februar 2025,Ugz67ir8WJvw64knbkp4AaABAg.AECAXWOsXtwAECBnJGr9zc,Sehr gute Frage.,"02:20 Warum soll ein Indischer IT-Experte nach Deutschland kommen, wenn er von seinem Gehalt 50% abgeben muss und er dafür schlechte Bahnverbindungen und eine erodierende innere Sicherheit geboten bekommt?",,attraktiv fuer fachkraefte,3
ai,Gysi und Chrupalla streiten über AfD-Wahlprogramm  | Markus Lanz vom 05. Februar 2025,Ugz67ir8WJvw64knbkp4AaABAg.AECAXWOsXtwAECD6piJBYJ,Na zb.weil er hier zb.in berlin nachts mit der ubahn TOTSICHER heimfahren kann.😉,"02:20 Warum soll ein Indischer IT-Experte nach Deutschland kommen, wenn er von seinem Gehalt 50% abgeben muss und er dafür schlechte Bahnverbindungen und eine erodierende innere Sicherheit geboten bekommt?",,attraktiv fuer fachkraefte,13
ai,Gysi und Chrupalla streiten über AfD-Wahlprogramm  | Markus Lanz vom 05. Februar 2025,Ugz67ir8WJvw64knbkp4AaABAg.AECAXWOsXtwAECFPiLdK0e,"Warum? Weil ein Indischer IT Experte in Indien höchstens 300 Euro verdienen würde, während in Deutschland nach Steuern immernoch um die 3000 bleiben. Er kann in Deutschland 1 Jahr arbeiten und seine Familie in Indien damit für mehrere Jahre ernähren.","02:20 Warum soll ein Indischer IT-Experte nach Deutschland kommen, wenn er von seinem Gehalt 50% abgeben muss und er dafür schlechte Bahnverbindungen und eine erodierende innere Sicherheit geboten bekommt?",attraktiv fuer fachkraefte,,40
ai,Gysi und Chrupalla streiten über AfD-Wahlprogramm  | Markus Lanz vom 05. Februar 2025,Ugz67ir8WJvw64knbkp4AaABAg.AECAXWOsXtwAECFb0BWNwX,"@user Stimmt, Remote Jobs sind eine Fantasie","02:20 Warum soll ein Indischer IT-Experte nach Deutschland kommen, wenn er von seinem Gehalt 50% abgeben muss und er dafür schlechte Bahnverbindungen und eine erodierende innere Sicherheit geboten bekommt?",,attraktiv fuer fachkraefte,7
ai,Gysi und Chrupalla streiten über AfD-Wahlprogramm  | Markus Lanz vom 05. Februar 2025,Ugz67ir8WJvw64knbkp4AaABAg.AECAXWOsXtwAECFbBN5LPo,"Willst du das jetzt gegen die systematische Benachteiligung, die die AfD plant, ausspielen oder was?","02:20 Warum soll ein Indischer IT-Experte nach Deutschland kommen, wenn er von seinem Gehalt 50% abgeben muss und er dafür schlechte Bahnverbindungen und eine erodierende innere Sicherheit geboten bekommt?",migration,"afd, attraktiv fuer fachkraefte",15
ai,Gysi und Chrupalla streiten über AfD-Wahlprogramm  | Markus Lanz vom 05. Februar 2025,Ugz67ir8WJvw64knbkp4AaABAg.AECAXWOsXtwAECFjQZOuLG,"Weil das immernoch mehr ist als das was er in Indien bekommt. Das betrifft in etwa 1/3 der Beschäftigten im IT -Sektor. Die abzuschieben wäre das dümmste was man machen kann und sorgt nur dafür, dass wir mit der Digitalisierung noch weiter hinterher hängen","02:20 Warum soll ein Indischer IT-Experte nach Deutschland kommen, wenn er von seinem Gehalt 50% abgeben muss und er dafür schlechte Bahnverbindungen und eine erodierende innere Sicherheit geboten bekommt?","attraktiv fuer fachkraefte, migration",,44
ai,Gysi und Chrupalla streiten über AfD-Wahlprogramm  | Markus Lanz vom 05. Februar 2025,Ugz67ir8WJvw64knbkp4AaABAg.AECAXWOsXtwAECFnN1NicV,@user auf den Punkt gebracht. Und das selbe machen die söhne irgend eines Bauern aus Syrien und Afghanistan auch. Ein bürgergeld Gehalt ist dort wie ein Jahresgehalt und das monatlich. Hier kommen KEINE fachkräfte aus ländern wie Syrien Irak oder Afghanistan. Die kommen der Kohle wegen,"02:20 Warum soll ein Indischer IT-Experte nach Deutschland kommen, wenn er von seinem Gehalt 50% abgeben muss und er dafür schlechte Bahnverbindungen und eine erodierende innere Sicherheit geboten bekommt?",,"attraktiv fuer fachkraefte, migration",46
ai,Gysi und Chrupalla streiten über AfD-Wahlprogramm  | Markus Lanz vom 05. Februar 2025,Ugz67ir8WJvw64knbkp4AaABAg.AECAXWOsXtwAECG3vGo5Rl,"@user LOL das denkst du ernsthaft , in Dubai bekommt er 6k netto .","02:20 Warum soll ein Indischer IT-Experte nach Deutschland kommen, wenn er von seinem Gehalt 50% abgeben muss und er dafür schlechte Bahnverbindungen und eine erodierende innere Sicherheit geboten bekommt?",,attraktiv fuer fachkraefte,14
ai,Gysi und Chrupalla streiten über AfD-Wahlprogramm  | Markus Lanz vom 05. Februar 2025,Ugz67ir8WJvw64knbkp4AaABAg.AECAXWOsXtwAECG6MCFocd,"@user 1. 50% würde er nicht zahlen müssen. Der Spitzensteuersatz liegt bei 42%, wozu auch erstmal ein beachtliches Einkommen dazukommen muss. Dazu wird nur das Nur das Einkommen, das in dem Bereich (Er fällt für eine Einzelperson bei einem Jahreseinkommen zwischen 66.761 € und 277.825 € an. ) Bereich liegt, mit 42 % versteuert. 2. Der Inder kommt natürlich trotzdem weil er deutlich mehr Kaufkraft hat und auch einen viel besseren Lebensstandard.","02:20 Warum soll ein Indischer IT-Experte nach Deutschland kommen, wenn er von seinem Gehalt 50% abgeben muss und er dafür schlechte Bahnverbindungen und eine erodierende innere Sicherheit geboten bekommt?",attraktiv fuer fachkraefte,,72
ai,Gysi und Chrupalla streiten über AfD-Wahlprogramm  | Markus Lanz vom 05. Februar 2025,Ugz67ir8WJvw64knbkp4AaABAg.AECAXWOsXtwAECGGiBsZFV,@user realitätsfern,"02:20 Warum soll ein Indischer IT-Experte nach Deutschland kommen, wenn er von seinem Gehalt 50% abgeben muss und er dafür schlechte Bahnverbindungen und eine erodierende innere Sicherheit geboten bekommt?",attraktiv fuer fachkraefte,,2
ai,Gysi und Chrupalla streiten über AfD-Wahlprogramm  | Markus Lanz vom 05. Februar 2025,Ugz67ir8WJvw64knbkp4AaABAg.AECAXWOsXtwAECGIxPPiNz,@user dann hat er schlecht verhandelt. Locker 10k netto drin. Aber du musst davon private KV etc. zahlen.,"02:20 Warum soll ein Indischer IT-Experte nach Deutschland kommen, wenn er von seinem Gehalt 50% abgeben muss und er dafür schlechte Bahnverbindungen und eine erodierende innere Sicherheit geboten bekommt?",attraktiv fuer fachkraefte,,18
ai,Gysi und Chrupalla streiten über AfD-Wahlprogramm  | Markus Lanz vom 05. Februar 2025,Ugz67ir8WJvw64knbkp4AaABAg.AECAXWOsXtwAECGJPJPaSm,@user lüge,"02:20 Warum soll ein Indischer IT-Experte nach Deutschland kommen, wenn er von seinem Gehalt 50% abgeben muss und er dafür schlechte Bahnverbindungen und eine erodierende innere Sicherheit geboten bekommt?",attraktiv fuer fachkraefte,,2
ai,Gysi und Chrupalla streiten über AfD-Wahlprogramm  | Markus Lanz vom 05. Februar 2025,Ugz67ir8WJvw64knbkp4AaABAg.AECAXWOsXtwAECGXEnKKcz,Geh mal für einen Monat nach Indien und bilde dich,"02:20 Warum soll ein Indischer IT-Experte nach Deutschland kommen, wenn er von seinem Gehalt 50% abgeben muss und er dafür schlechte Bahnverbindungen und eine erodierende innere Sicherheit geboten bekommt?",attraktiv fuer fachkraefte,,10
ai,Gysi und Chrupalla streiten über AfD-Wahlprogramm  | Markus Lanz vom 05. Februar 2025,Ugz67ir8WJvw64knbkp4AaABAg.AECAXWOsXtwAECGoTg2fXg,"@user also in deutschland schon, weil neuland ^^","02:20 Warum soll ein Indischer IT-Experte nach Deutschland kommen, wenn er von seinem Gehalt 50% abgeben muss und er dafür schlechte Bahnverbindungen und eine erodierende innere Sicherheit geboten bekommt?",attraktiv fuer fachkraefte,,8
ai,Gysi und Chrupalla streiten über AfD-Wahlprogramm  | Markus Lanz vom 05. Februar 2025,Ugz67ir8WJvw64knbkp4AaABAg.AECAXWOsXtwAECGvuQ2qf3,@user und keine Wohnung findet,"02:20 Warum soll ein Indischer IT-Experte nach Deutschland kommen, wenn er von seinem Gehalt 50% abgeben muss und er dafür schlechte Bahnverbindungen und eine erodierende innere Sicherheit geboten bekommt?",,attraktiv fuer fachkraefte,5
ai,Gysi und Chrupalla streiten über AfD-Wahlprogramm  | Markus Lanz vom 05. Februar 2025,Ugz67ir8WJvw64knbkp4AaABAg.AECAXWOsXtwAECH2t1huE_,@user andere Länder bieten bessere Perspektiven,"02:20 Warum soll ein Indischer IT-Experte nach Deutschland kommen, wenn er von seinem Gehalt 50% abgeben muss und er dafür schlechte Bahnverbindungen und eine erodierende innere Sicherheit geboten bekommt?",,attraktiv fuer fachkraefte,6
ai,Gysi und Chrupalla streiten über AfD-Wahlprogramm  | Markus Lanz vom 05. Februar 2025,Ugz67ir8WJvw64knbkp4AaABAg.AECAXWOsXtwAECH4GcPSD4,@user das Geld fehlt dann der deutschen Wirtschaft 🤦♂️,"02:20 Warum soll ein Indischer IT-Experte nach Deutschland kommen, wenn er von seinem Gehalt 50% abgeben muss und er dafür schlechte Bahnverbindungen und eine erodierende innere Sicherheit geboten bekommt?",,attraktiv fuer fachkraefte,9
ai,Gysi und Chrupalla streiten über AfD-Wahlprogramm  | Markus Lanz vom 05. Februar 2025,Ugz67ir8WJvw64knbkp4AaABAg.AECAXWOsXtwAECHSDY_6gm,"warum sollte der Inder überhaupt in ein Land kommen in der Hetze, Hass gegen alles Nichtdeutsche verbreitet wird, übelste Vorurteile geschürt und verbreitet werden? Nachdem der Inder in seinen Feierabend geht und privat mit so einem Müll konfrontiert wird, hat der nichtmal Lust Geld in der Gesellschaft auszugeben....ach der wird niemals einen Fuß hier in Görmäny setzen, vor allem dann nicht, wenn er weiß das wenn er Jahrelang buckelt und mal Pech im Arbeitsleben hat sogar noch Kürzungen, Benachteiligungen in den sozialen Sicherungen durch die braune AFD erhält, vom Wohnungsmarkt ganz zu schweigen, da hat dann der reinrassige arbeitslose Kevin vorrang, eine Wohnung zu erhalten.....es ist schon ein Armutszeugnis wie sich die Deutschen ihr eigenes Land kaputt machen wegen dme bösen bösen Fremden.....!","02:20 Warum soll ein Indischer IT-Experte nach Deutschland kommen, wenn er von seinem Gehalt 50% abgeben muss und er dafür schlechte Bahnverbindungen und eine erodierende innere Sicherheit geboten bekommt?",migration,"afd, attraktiv fuer fachkraefte, rechtsextremismus",123
ai,Gysi und Chrupalla streiten über AfD-Wahlprogramm  | Markus Lanz vom 05. Februar 2025,Ugz67ir8WJvw64knbkp4AaABAg.AECAXWOsXtwAECH_zE15dT,Thüringer faschos raus !,"02:20 Warum soll ein Indischer IT-Experte nach Deutschland kommen, wenn er von seinem Gehalt 50% abgeben muss und er dafür schlechte Bahnverbindungen und eine erodierende innere Sicherheit geboten bekommt?",,"afd, rechtsextremismus",4
ai,Gysi und Chrupalla streiten über AfD-Wahlprogramm  | Markus Lanz vom 05. Februar 2025,Ugz67ir8WJvw64knbkp4AaABAg.AECAXWOsXtwAECHe4muZYc,"Die sind doch schon da und gehen einer Arbeit nach. Sie werden auch weiterhin nach Deutschland kommen, weil irgendwo ein Märchen über unser Land verkauft wird. Sobald sie hier sind, geht es ihnen trotzdem besser als in Indien, aber auch sie merken irgendwann, dass man hier eine Menge Steuern abdrückt. Bleibt nur die Frage, ob es ihnen weiterhin gefällt oder wieder nach Hause reisen. Das wird die Zeit zeigen.","02:20 Warum soll ein Indischer IT-Experte nach Deutschland kommen, wenn er von seinem Gehalt 50% abgeben muss und er dafür schlechte Bahnverbindungen und eine erodierende innere Sicherheit geboten bekommt?",,attraktiv fuer fachkraefte,69
ai,Gysi und Chrupalla streiten über AfD-Wahlprogramm  | Markus Lanz vom 05. Februar 2025,Ugz67ir8WJvw64knbkp4AaABAg.AECAXWOsXtwAECHzz2hthu,@user in den USA verdient er je nach Region 3-4 Mal so viel und hat trotz höherer Lebenshaltungskosten mehr Geld in der Tasche,"02:20 Warum soll ein Indischer IT-Experte nach Deutschland kommen, wenn er von seinem Gehalt 50% abgeben muss und er dafür schlechte Bahnverbindungen und eine erodierende innere Sicherheit geboten bekommt?",,attraktiv fuer fachkraefte,23
ai,Gysi und Chrupalla streiten über AfD-Wahlprogramm  | Markus Lanz vom 05. Februar 2025,Ugz67ir8WJvw64knbkp4AaABAg.AECAXWOsXtwAECIw3nrD6q,@user genau,"02:20 Warum soll ein Indischer IT-Experte nach Deutschland kommen, wenn er von seinem Gehalt 50% abgeben muss und er dafür schlechte Bahnverbindungen und eine erodierende innere Sicherheit geboten bekommt?",,attraktiv fuer fachkraefte,2
ai,Gysi und Chrupalla streiten über AfD-Wahlprogramm  | Markus Lanz vom 05. Februar 2025,Ugz67ir8WJvw64knbkp4AaABAg.AECAXWOsXtwAECJ-m8OjXA,Weil es überall schöner als in Indien ist,"02:20 Warum soll ein Indischer IT-Experte nach Deutschland kommen, wenn er von seinem Gehalt 50% abgeben muss und er dafür schlechte Bahnverbindungen und eine erodierende innere Sicherheit geboten bekommt?",attraktiv fuer fachkraefte,,8
ai,Gysi und Chrupalla streiten über AfD-Wahlprogramm  | Markus Lanz vom 05. Februar 2025,Ugz67ir8WJvw64knbkp4AaABAg.AECAXWOsXtwAECJG2TWikq,@user du hast 0 Plan von indischen Löhnen für Programmierer.,"02:20 Warum soll ein Indischer IT-Experte nach Deutschland kommen, wenn er von seinem Gehalt 50% abgeben muss und er dafür schlechte Bahnverbindungen und eine erodierende innere Sicherheit geboten bekommt?",attraktiv fuer fachkraefte,,10
ai,Gysi und Chrupalla streiten über AfD-Wahlprogramm  | Markus Lanz vom 05. Februar 2025,Ugz67ir8WJvw64knbkp4AaABAg.AECAXWOsXtwAECJRb0uAZf,Endlich mal ein Sinnvoller Kommentar,"02:20 Warum soll ein Indischer IT-Experte nach Deutschland kommen, wenn er von seinem Gehalt 50% abgeben muss und er dafür schlechte Bahnverbindungen und eine erodierende innere Sicherheit geboten bekommt?",,attraktiv fuer fachkraefte,5
ai,Gysi und Chrupalla streiten über AfD-Wahlprogramm  | Markus Lanz vom 05. Februar 2025,Ugz67ir8WJvw64knbkp4AaABAg.AECAXWOsXtwAECJYm3qXIL,"tja die Sozialleistungen, die alle wollen und am liebsten noch mehr werden sollen, müssen ja irgendwo herkommen oder ? Vom Himmel fallen sie ja noch nicht","02:20 Warum soll ein Indischer IT-Experte nach Deutschland kommen, wenn er von seinem Gehalt 50% abgeben muss und er dafür schlechte Bahnverbindungen und eine erodierende innere Sicherheit geboten bekommt?",,attraktiv fuer fachkraefte,26
ai,Gysi und Chrupalla streiten über AfD-Wahlprogramm  | Markus Lanz vom 05. Februar 2025,Ugz67ir8WJvw64knbkp4AaABAg.AECAXWOsXtwAECJeaBtAgI,"@user sein. Das Argument steht aber immernoch warum sollte der indische IT Experte nach Deutschland kommen für 3000k netto wenn er in jedes andere erste Welt Land gehen kann und dort noch mehr Geld, +Bessere Infrastruktur, + bessere innere Sicherheit.","02:20 Warum soll ein Indischer IT-Experte nach Deutschland kommen, wenn er von seinem Gehalt 50% abgeben muss und er dafür schlechte Bahnverbindungen und eine erodierende innere Sicherheit geboten bekommt?",,attraktiv fuer fachkraefte,40
ai,Gysi und Chrupalla streiten über AfD-Wahlprogramm  | Markus Lanz vom 05. Februar 2025,Ugz67ir8WJvw64knbkp4AaABAg.AECAXWOsXtwAECKCgkRsuC,"@user warum sollte er Deutschland aussuchen und nicht die USA,Kanada, Schweiz usw? Warum sollte er das Land mit den meisten Abgaben aussuchen?","02:20 Warum soll ein Indischer IT-Experte nach Deutschland kommen, wenn er von seinem Gehalt 50% abgeben muss und er dafür schlechte Bahnverbindungen und eine erodierende innere Sicherheit geboten bekommt?",,attraktiv fuer fachkraefte,22
ai,Gysi und Chrupalla streiten über AfD-Wahlprogramm  | Markus Lanz vom 05. Februar 2025,Ugz67ir8WJvw64knbkp4AaABAg.AECAXWOsXtwAECKIyRfUcp,"Weil er immer noch ein vielfaches dessen,was er in Indien verdienen würde😂😂😂","02:20 Warum soll ein Indischer IT-Experte nach Deutschland kommen, wenn er von seinem Gehalt 50% abgeben muss und er dafür schlechte Bahnverbindungen und eine erodierende innere Sicherheit geboten bekommt?",attraktiv fuer fachkraefte,,12
ai,Gysi und Chrupalla streiten über AfD-Wahlprogramm  | Markus Lanz vom 05. Februar 2025,Ugz67ir8WJvw64knbkp4AaABAg.AECAXWOsXtwAECKdXtiRC1,sie kommen trotzdem,"02:20 Warum soll ein Indischer IT-Experte nach Deutschland kommen, wenn er von seinem Gehalt 50% abgeben muss und er dafür schlechte Bahnverbindungen und eine erodierende innere Sicherheit geboten bekommt?",attraktiv fuer fachkraefte,,3
ai,Gysi und Chrupalla streiten über AfD-Wahlprogramm  | Markus Lanz vom 05. Februar 2025,Ugz67ir8WJvw64knbkp4AaABAg.AECAXWOsXtwAECKesNfHtt,"@user Rechne das doch mal in Kaufkraft durch. Nach Numbeo ist die Miete in Indien im Schnitt bei 21,6% der des deutschen Schnitts. Alles andere ist entsprechend auch günstiger. Der einzige Unterschied sind Luxusaustos und neuste Elektronik, aber ein 10 Jahre alter PC funktioniert auch noch problemlos für die meisten Anwendungen, und kostet auch nur 10% eines Neuen. Die Leute die gut tenug ausgebildet sind, um hier Nettosteuerzahler zu sein, verdienen in Indien in Kaufkraft gerechnet mehr, als sie hier verdienen würden.","02:20 Warum soll ein Indischer IT-Experte nach Deutschland kommen, wenn er von seinem Gehalt 50% abgeben muss und er dafür schlechte Bahnverbindungen und eine erodierende innere Sicherheit geboten bekommt?",,attraktiv fuer fachkraefte,82
ai,Gysi und Chrupalla streiten über AfD-Wahlprogramm  | Markus Lanz vom 05. Februar 2025,Ugz67ir8WJvw64knbkp4AaABAg.AECAXWOsXtwAECLHTE7GKX,@user und dann mit fremdenfeindlichkeit konfrontiert wird,"02:20 Warum soll ein Indischer IT-Experte nach Deutschland kommen, wenn er von seinem Gehalt 50% abgeben muss und er dafür schlechte Bahnverbindungen und eine erodierende innere Sicherheit geboten bekommt?",,attraktiv fuer fachkraefte,7
ai,Gysi und Chrupalla streiten über AfD-Wahlprogramm  | Markus Lanz vom 05. Februar 2025,Ugz67ir8WJvw64knbkp4AaABAg.AECAXWOsXtwAECLn81dpvI,Bin selber links aber glaub mir aus indischer Sicht ist das Bahnnetz hier paradiesisch,"02:20 Warum soll ein Indischer IT-Experte nach Deutschland kommen, wenn er von seinem Gehalt 50% abgeben muss und er dafür schlechte Bahnverbindungen und eine erodierende innere Sicherheit geboten bekommt?",attraktiv fuer fachkraefte,,14
ai,Gysi und Chrupalla streiten über AfD-Wahlprogramm  | Markus Lanz vom 05. Februar 2025,Ugz67ir8WJvw64knbkp4AaABAg.AECAXWOsXtwAECMT6tSH80,Erstens das sind 30 % seines Gehalts da er kein spitzen verdiener ist und selbst wenn wären es 42% wie wäre es mal mit Fakten und keine fake news und es stellt sich die Frage warum sollte er ihn einer Land kommen wo ein Partei mehrfach festgestellt rechtsextreme ist und tiefe Kontakte zu Menschen hat wo nazis sind ihn dieses Land kommen wi er Angst um sein Leben und das Leben seiner Familie hat,"02:20 Warum soll ein Indischer IT-Experte nach Deutschland kommen, wenn er von seinem Gehalt 50% abgeben muss und er dafür schlechte Bahnverbindungen und eine erodierende innere Sicherheit geboten bekommt?",,"afd, attraktiv fuer fachkraefte, rechtsextremismus",74
ai,Gysi und Chrupalla streiten über AfD-Wahlprogramm  | Markus Lanz vom 05. Februar 2025,Ugz67ir8WJvw64knbkp4AaABAg.AECAXWOsXtwAECMbYbyyP1,"@user unsere Fachkräfte kommen doch alle nach Deutschland, weil hier das Schlaraffenland ist!","02:20 Warum soll ein Indischer IT-Experte nach Deutschland kommen, wenn er von seinem Gehalt 50% abgeben muss und er dafür schlechte Bahnverbindungen und eine erodierende innere Sicherheit geboten bekommt?",,attraktiv fuer fachkraefte,13
ai,Gysi und Chrupalla streiten über AfD-Wahlprogramm  | Markus Lanz vom 05. Februar 2025,Ugz67ir8WJvw64knbkp4AaABAg.AECAXWOsXtwAECN84ihasV,@user 😂 dann kann er aber auch in die Schweiz… hast wohl nicht gelernt Dinge zu hinterfragen und eigenständig zu denken.,"02:20 Warum soll ein Indischer IT-Experte nach Deutschland kommen, wenn er von seinem Gehalt 50% abgeben muss und er dafür schlechte Bahnverbindungen und eine erodierende innere Sicherheit geboten bekommt?",,attraktiv fuer fachkraefte,21
ai,Gysi und Chrupalla streiten über AfD-Wahlprogramm  | Markus Lanz vom 05. Februar 2025,Ugz67ir8WJvw64knbkp4AaABAg.AECAXWOsXtwAECNJ_L8xQh,Als ob indische IT ler nach Deutschland kommen. Die arbeiten hier remote. Würde ich genauso machen.,"02:20 Warum soll ein Indischer IT-Experte nach Deutschland kommen, wenn er von seinem Gehalt 50% abgeben muss und er dafür schlechte Bahnverbindungen und eine erodierende innere Sicherheit geboten bekommt?",,attraktiv fuer fachkraefte,16
ai,Gysi und Chrupalla streiten über AfD-Wahlprogramm  | Markus Lanz vom 05. Februar 2025,Ugz67ir8WJvw64knbkp4AaABAg.AECAXWOsXtwAECNKfQrI3s,"@user weil sie mit einer ausländischen arbeitsmoral arbeiten, keiner deutschen lari fari","02:20 Warum soll ein Indischer IT-Experte nach Deutschland kommen, wenn er von seinem Gehalt 50% abgeben muss und er dafür schlechte Bahnverbindungen und eine erodierende innere Sicherheit geboten bekommt?",migration,,12
ai,Gysi und Chrupalla streiten über AfD-Wahlprogramm  | Markus Lanz vom 05. Februar 2025,Ugz67ir8WJvw64knbkp4AaABAg.AECAXWOsXtwAECP8j1GSoQ,Das Problem ist dass er stinkt und mich damit verletzt. Ich muss ja den Geruch nicht ertragen,"02:20 Warum soll ein Indischer IT-Experte nach Deutschland kommen, wenn er von seinem Gehalt 50% abgeben muss und er dafür schlechte Bahnverbindungen und eine erodierende innere Sicherheit geboten bekommt?",,migration,17
ai,Gysi und Chrupalla streiten über AfD-Wahlprogramm  | Markus Lanz vom 05. Februar 2025,Ugz67ir8WJvw64knbkp4AaABAg.AECAXWOsXtwAECPKpWiEhj,@user Die Rechnung würd ich gern mal ausführlich sehen🤣,"02:20 Warum soll ein Indischer IT-Experte nach Deutschland kommen, wenn er von seinem Gehalt 50% abgeben muss und er dafür schlechte Bahnverbindungen und eine erodierende innere Sicherheit geboten bekommt?",attraktiv fuer fachkraefte,,9
ai,Gysi und Chrupalla streiten über AfD-Wahlprogramm  | Markus Lanz vom 05. Februar 2025,Ugz67ir8WJvw64knbkp4AaABAg.AECAXWOsXtwAECQB4YQuzz,"@user Seine Familie zu ernähren bringt ihm nix, wenn er im besten Deutschland aller Zeiten auf der Straße weggemessert wird.🤣","02:20 Warum soll ein Indischer IT-Experte nach Deutschland kommen, wenn er von seinem Gehalt 50% abgeben muss und er dafür schlechte Bahnverbindungen und eine erodierende innere Sicherheit geboten bekommt?",,attraktiv fuer fachkraefte,20
ai,Gysi und Chrupalla streiten über AfD-Wahlprogramm  | Markus Lanz vom 05. Februar 2025,Ugz67ir8WJvw64knbkp4AaABAg.AECAXWOsXtwAECRJ1naDwC,"@user Das ist bei weitem nicht mehr korrekt. Anwendungsentwickler mit 3-5 Jahren Berufserfahrung verdienen ca 8-15k€ im Jahr. Spezialisten die z.b. in C++ ausgebildet sind verdienen mit etwa 6-10 Jahren Erfahrung 24.000-56.000€ (letzteres nur bei Führungsverantwortung und Senior Developer). Die Zeiten des 300€ Inders in der IT ist lange vorbei. Inder gehen wieder zurück, weil die Lebenshaltungskosten und Qualität mit diesem Gehalt in Indien erheblich höher ist. Wer als Inder 36.000€ im Jahr verdient. Leistet sich ein Haus, ggfs. Hausangestellte (Außerhalb Dehlis/Pune/Mumbai/etc. und lebt sehr, sehr gut.","02:20 Warum soll ein Indischer IT-Experte nach Deutschland kommen, wenn er von seinem Gehalt 50% abgeben muss und er dafür schlechte Bahnverbindungen und eine erodierende innere Sicherheit geboten bekommt?",,attraktiv fuer fachkraefte,87
ai,Gysi und Chrupalla streiten über AfD-Wahlprogramm  | Markus Lanz vom 05. Februar 2025,Ugz67ir8WJvw64knbkp4AaABAg.AECAXWOsXtwAECRV9MAd_1,"Da habe ich selbst Erfahrung mit einem meiner Arbeitskollegen u. auch Inder. Nach 2 Jahren ist der wieder zurück in die Heimat. Er sagt dort habe er einen Fahrer gehabt, eine kostenlose Wohnung und unterm Strich wenn man die Lebenshaltungskosten u. Steuern u. Abgaben berücksichtigt einen besseren Verdienst. Zudem ist die Lebensqualität mit dem dortigen Verdienst um einiges höher als hier. Genau aus dem Grund laufen uns auch jährlich deutsche Fachkräfte davon.","02:20 Warum soll ein Indischer IT-Experte nach Deutschland kommen, wenn er von seinem Gehalt 50% abgeben muss und er dafür schlechte Bahnverbindungen und eine erodierende innere Sicherheit geboten bekommt?",,attraktiv fuer fachkraefte,72
ai,Gysi und Chrupalla streiten über AfD-Wahlprogramm  | Markus Lanz vom 05. Februar 2025,Ugz67ir8WJvw64knbkp4AaABAg.AECAXWOsXtwAECSU-RTEmF,"@user wegen 300€, sie wissen garnicht wovon sie reden. Der durchschnittliche Verdienst in Indien beträgt 325$, das verdient dort ein Bauarbeiter etc. Ein IT’ler verdient in Indien zwischen 1200-1500€ im Monat. Hinzu kommt meist eine kostenlose Wohnung u. ein Fahrer. Das weiß ich aus erster Hand. Da sind schon Steuern etc. abgezogen. Damit lebt er dort um ein vielfaches besser als hier, denn die Lebenshaltungskosten sind dort verschwindend gering.","02:20 Warum soll ein Indischer IT-Experte nach Deutschland kommen, wenn er von seinem Gehalt 50% abgeben muss und er dafür schlechte Bahnverbindungen und eine erodierende innere Sicherheit geboten bekommt?",,attraktiv fuer fachkraefte,69
ai,Gysi und Chrupalla streiten über AfD-Wahlprogramm  | Markus Lanz vom 05. Februar 2025,Ugz67ir8WJvw64knbkp4AaABAg.AECAXWOsXtwAECSdfBuQ5r,"@user Der Spitzensteuersatz in Deutschland liegt bei 42%, mit Abgaben kommst du locker über 50%.","02:20 Warum soll ein Indischer IT-Experte nach Deutschland kommen, wenn er von seinem Gehalt 50% abgeben muss und er dafür schlechte Bahnverbindungen und eine erodierende innere Sicherheit geboten bekommt?",,attraktiv fuer fachkraefte,15
ai,Gysi und Chrupalla streiten über AfD-Wahlprogramm  | Markus Lanz vom 05. Februar 2025,Ugz67ir8WJvw64knbkp4AaABAg.AECAXWOsXtwAECTFl2oY8K,Warum sollte der indische IT Experte sich von Rechten im Osten verprügeln lassen ?,"02:20 Warum soll ein Indischer IT-Experte nach Deutschland kommen, wenn er von seinem Gehalt 50% abgeben muss und er dafür schlechte Bahnverbindungen und eine erodierende innere Sicherheit geboten bekommt?",,"attraktiv fuer fachkraefte, rechtsextremismus",14
ai,Gysi und Chrupalla streiten über AfD-Wahlprogramm  | Markus Lanz vom 05. Februar 2025,Ugz67ir8WJvw64knbkp4AaABAg.AECAXWOsXtwAECVpqW-93y,"@user in den USA, VAE, Saudi, Schweiz etc.?","02:20 Warum soll ein Indischer IT-Experte nach Deutschland kommen, wenn er von seinem Gehalt 50% abgeben muss und er dafür schlechte Bahnverbindungen und eine erodierende innere Sicherheit geboten bekommt?",,attraktiv fuer fachkraefte,8
ai,Gysi und Chrupalla streiten über AfD-Wahlprogramm  | Markus Lanz vom 05. Februar 2025,Ugz67ir8WJvw64knbkp4AaABAg.AECAXWOsXtwAECW-FLnIWK,"@user Ach was? Nach paar Tagen fahrt in den Zug ,wird er abgestochen und das wärs mit dem guten Verdienst in Deutschland. Heutzutage weiß ja das die ganze Welt!","02:20 Warum soll ein Indischer IT-Experte nach Deutschland kommen, wenn er von seinem Gehalt 50% abgeben muss und er dafür schlechte Bahnverbindungen und eine erodierende innere Sicherheit geboten bekommt?",,attraktiv fuer fachkraefte,29
ai,Gysi und Chrupalla streiten über AfD-Wahlprogramm  | Markus Lanz vom 05. Februar 2025,Ugz67ir8WJvw64knbkp4AaABAg.AECAXWOsXtwAECW4sHXN71,"@user Genauer 51,52% inkl Soli und Kirchensteuer.","02:20 Warum soll ein Indischer IT-Experte nach Deutschland kommen, wenn er von seinem Gehalt 50% abgeben muss und er dafür schlechte Bahnverbindungen und eine erodierende innere Sicherheit geboten bekommt?",,attraktiv fuer fachkraefte,7
ai,Gysi und Chrupalla streiten über AfD-Wahlprogramm  | Markus Lanz vom 05. Februar 2025,Ugz67ir8WJvw64knbkp4AaABAg.AECAXWOsXtwAECXbi71HmD,"Stimmt aber warum sollte ein Indischer IT-Experte nach Deutschland kommen, wenn die AfD ihn und seine Nachkommen niemals als deutscher akzeptieren werden und eine Partei im Bundestag sitzt, die in den Umfragen bei 20% steht und generell jeden Tag pausenlos über Ausländer schimpft? Also all diese Tatsachen machen Deutschland unattraktiv. Die Steuern und die schlechte Bahnverbindung kann man ändern, die AfD wird auch weiterhin Ausländer für alles schuldig sprechen","02:20 Warum soll ein Indischer IT-Experte nach Deutschland kommen, wenn er von seinem Gehalt 50% abgeben muss und er dafür schlechte Bahnverbindungen und eine erodierende innere Sicherheit geboten bekommt?",migration,"afd, attraktiv fuer fachkraefte",69
ai,Gysi und Chrupalla streiten über AfD-Wahlprogramm  | Markus Lanz vom 05. Februar 2025,Ugz67ir8WJvw64knbkp4AaABAg.AECAXWOsXtwAECZ9dvqjQx,@user Warum soll er nicht in die USA gehen und sich genau Deutschland aussuchen?,"02:20 Warum soll ein Indischer IT-Experte nach Deutschland kommen, wenn er von seinem Gehalt 50% abgeben muss und er dafür schlechte Bahnverbindungen und eine erodierende innere Sicherheit geboten bekommt?",,attraktiv fuer fachkraefte,14
ai,Gysi und Chrupalla streiten über AfD-Wahlprogramm  | Markus Lanz vom 05. Februar 2025,Ugz67ir8WJvw64knbkp4AaABAg.AECAXWOsXtwAECZCOFsXj4,"Ich hab erst letztens mit einer Inderin gesprochen, die gesagt hat, bevor sie nochmal in die USA geht, geht sie nach Deutschland oder zurück nach Indien. Ihr Mann ist ITler. Es wurde und bleibt Deutschland und das wird seine Gründe haben.","02:20 Warum soll ein Indischer IT-Experte nach Deutschland kommen, wenn er von seinem Gehalt 50% abgeben muss und er dafür schlechte Bahnverbindungen und eine erodierende innere Sicherheit geboten bekommt?",attraktiv fuer fachkraefte,,41
ai,Gysi und Chrupalla streiten über AfD-Wahlprogramm  | Markus Lanz vom 05. Februar 2025,Ugz67ir8WJvw64knbkp4AaABAg.AECAXWOsXtwAECZnDljqBX,@user news gehören nicht hier her,"02:20 Warum soll ein Indischer IT-Experte nach Deutschland kommen, wenn er von seinem Gehalt 50% abgeben muss und er dafür schlechte Bahnverbindungen und eine erodierende innere Sicherheit geboten bekommt?",attraktiv fuer fachkraefte,,6
ai,Gysi und Chrupalla streiten über AfD-Wahlprogramm  | Markus Lanz vom 05. Februar 2025,Ugz67ir8WJvw64knbkp4AaABAg.AECAXWOsXtwAECc-5-i2HQ,"Nervig sich so etwas anzuhören. Wenn einer spricht warten die anderen, das kann doch nicht so schwer sein? Lanz hört sich zwar auch selbst gern reden, aber hier muss doch mal vernünftig reguliert werden.","02:20 Warum soll ein Indischer IT-Experte nach Deutschland kommen, wenn er von seinem Gehalt 50% abgeben muss und er dafür schlechte Bahnverbindungen und eine erodierende innere Sicherheit geboten bekommt?",,markus lanz,34
ai,Gysi und Chrupalla streiten über AfD-Wahlprogramm  | Markus Lanz vom 05. Februar 2025,Ugz67ir8WJvw64knbkp4AaABAg.AECAXWOsXtwAECc52rvMhi,Schau mal nach Indien dann weist du es.,"02:20 Warum soll ein Indischer IT-Experte nach Deutschland kommen, wenn er von seinem Gehalt 50% abgeben muss und er dafür schlechte Bahnverbindungen und eine erodierende innere Sicherheit geboten bekommt?",attraktiv fuer fachkraefte,,8
ai,Gysi und Chrupalla streiten über AfD-Wahlprogramm  | Markus Lanz vom 05. Februar 2025,Ugz67ir8WJvw64knbkp4AaABAg.AECAXWOsXtwAECckFpfAst,"@user der wird versuchen in die USA zu gehen 1. Englisch kann er chon. In DE muss er erst die Sprache lernen (zumindest rudimentär)
2. In USA sind die großen tech Konzerne die mehr zahlen 3. und weniger Steuern. USA ist also für IT Experten interessanter als Europa","02:20 Warum soll ein Indischer IT-Experte nach Deutschland kommen, wenn er von seinem Gehalt 50% abgeben muss und er dafür schlechte Bahnverbindungen und eine erodierende innere Sicherheit geboten bekommt?",,attraktiv fuer fachkraefte,48
ai,Gysi und Chrupalla streiten über AfD-Wahlprogramm  | Markus Lanz vom 05. Februar 2025,Ugz67ir8WJvw64knbkp4AaABAg.AECAXWOsXtwAECcwlXVca_,"@user, Weil er zum Beispiel in den USA mit max. 25% Steuerlast betroffen ist. Deutschland ist für ausländische Facharbeiter uninteressant","02:20 Warum soll ein Indischer IT-Experte nach Deutschland kommen, wenn er von seinem Gehalt 50% abgeben muss und er dafür schlechte Bahnverbindungen und eine erodierende innere Sicherheit geboten bekommt?",,attraktiv fuer fachkraefte,20
ai,Gysi und Chrupalla streiten über AfD-Wahlprogramm  | Markus Lanz vom 05. Februar 2025,Ugz67ir8WJvw64knbkp4AaABAg.AECAXWOsXtwAECeSJFKLYP,@user Weil die einzigen Optionen für ITler ja auch Indien oder Deutschland sind 😂 Eine erschreckend eingeschränkte Sichtweise und entsprechend sehr schwaches Argument.,"02:20 Warum soll ein Indischer IT-Experte nach Deutschland kommen, wenn er von seinem Gehalt 50% abgeben muss und er dafür schlechte Bahnverbindungen und eine erodierende innere Sicherheit geboten bekommt?",,attraktiv fuer fachkraefte,23
ai,Gysi und Chrupalla streiten über AfD-Wahlprogramm  | Markus Lanz vom 05. Februar 2025,Ugz67ir8WJvw64knbkp4AaABAg.AECAXWOsXtwAECfOnDfto9,"@user Menschen, wie Du, begreifen aber nicht, dass Deutschland für die ausländischen Arbeitskräfte nicht das Maß der Dinge ist, oder? Wenn sie ihr Land verlassen, git es dafür etliche deutlich bessere Möglichkeiten, als Deutschland. Deutschland ist lediglich für die Interessant, die nicht so gerne abeiten wollen. Begreife die Realität doch einfach.","02:20 Warum soll ein Indischer IT-Experte nach Deutschland kommen, wenn er von seinem Gehalt 50% abgeben muss und er dafür schlechte Bahnverbindungen und eine erodierende innere Sicherheit geboten bekommt?",,"attraktiv fuer fachkraefte, migration",51
ai,Gysi und Chrupalla streiten über AfD-Wahlprogramm  | Markus Lanz vom 05. Februar 2025,Ugz67ir8WJvw64knbkp4AaABAg.AECAXWOsXtwAEChCECyiPB,"@user Indien ja, aber es gibt noch sehr viel mehr Länder als Deutschland, die eine wesentlich attraktivere Möglichkeit für ihn bieten. Was viele vergessen, dass das Ausland viel ehrlicher über uns berichtet wie wir selber. Mein Freund ist mit einer ukrainischen geflüchteten zusammen, und die wusste von den Problemen im Land viel besser Bescheid als viele deutsche. Nur wegen ihrer Medien zuhause.","02:20 Warum soll ein Indischer IT-Experte nach Deutschland kommen, wenn er von seinem Gehalt 50% abgeben muss und er dafür schlechte Bahnverbindungen und eine erodierende innere Sicherheit geboten bekommt?",,attraktiv fuer fachkraefte,62
ai,Gysi und Chrupalla streiten über AfD-Wahlprogramm  | Markus Lanz vom 05. Februar 2025,Ugz67ir8WJvw64knbkp4AaABAg.AECAXWOsXtwAECmH5nCSqV,"@user dann geht er in die USA und bekommt mindestens 120k im Jahr... und jetzt ? es gibt KEINEN Grund für eine GUT ausgebildete FACHKRAFT nach Deutschland zu kommen, NOCHMAL KEINEN GRUND!","02:20 Warum soll ein Indischer IT-Experte nach Deutschland kommen, wenn er von seinem Gehalt 50% abgeben muss und er dafür schlechte Bahnverbindungen und eine erodierende innere Sicherheit geboten bekommt?",,attraktiv fuer fachkraefte,32
ai,Gysi und Chrupalla streiten über AfD-Wahlprogramm  | Markus Lanz vom 05. Februar 2025,Ugz67ir8WJvw64knbkp4AaABAg.AECAXWOsXtwAECn5-TH6gc,@user als Deutschland ? hast du Lack gesoffen ? Deutschland bietet rein gar keine Perspektive die ein anderes westliches Land nicht auch bietet..,"02:20 Warum soll ein Indischer IT-Experte nach Deutschland kommen, wenn er von seinem Gehalt 50% abgeben muss und er dafür schlechte Bahnverbindungen und eine erodierende innere Sicherheit geboten bekommt?",,attraktiv fuer fachkraefte,23
ai,Gysi und Chrupalla streiten über AfD-Wahlprogramm  | Markus Lanz vom 05. Februar 2025,Ugz67ir8WJvw64knbkp4AaABAg.AECAXWOsXtwAECn6m2xQul,"Weil alles was du als angeblich negativ auflistest in Indien noch viel schlimmer ist, je nach ind. Bundesstaat.","02:20 Warum soll ein Indischer IT-Experte nach Deutschland kommen, wenn er von seinem Gehalt 50% abgeben muss und er dafür schlechte Bahnverbindungen und eine erodierende innere Sicherheit geboten bekommt?",attraktiv fuer fachkraefte,,18
ai,Gysi und Chrupalla streiten über AfD-Wahlprogramm  | Markus Lanz vom 05. Februar 2025,Ugz67ir8WJvw64knbkp4AaABAg.AECAXWOsXtwAECoUJuovIf,"@user Und danach kommen MwSt., co2, Benzin, Abwasser, Grund, Alkohol, Versicherung STEUER usw usw usw jeder von uns bewegt sich wohl eher im raum von 60-70% Steuern und Abgaben","02:20 Warum soll ein Indischer IT-Experte nach Deutschland kommen, wenn er von seinem Gehalt 50% abgeben muss und er dafür schlechte Bahnverbindungen und eine erodierende innere Sicherheit geboten bekommt?",,attraktiv fuer fachkraefte,29
ai,Gysi und Chrupalla streiten über AfD-Wahlprogramm  | Markus Lanz vom 05. Februar 2025,Ugz67ir8WJvw64knbkp4AaABAg.AECAXWOsXtwAECoxXW7L_F,"Naja, schau dir Indien an 😅","02:20 Warum soll ein Indischer IT-Experte nach Deutschland kommen, wenn er von seinem Gehalt 50% abgeben muss und er dafür schlechte Bahnverbindungen und eine erodierende innere Sicherheit geboten bekommt?",attraktiv fuer fachkraefte,,6
ai,Gysi und Chrupalla streiten über AfD-Wahlprogramm  | Markus Lanz vom 05. Februar 2025,Ugz67ir8WJvw64knbkp4AaABAg.AECAXWOsXtwAECqEv-g_MS,@user ich zahle zwischen 51 bis 56% je nach Überstunden,"02:20 Warum soll ein Indischer IT-Experte nach Deutschland kommen, wenn er von seinem Gehalt 50% abgeben muss und er dafür schlechte Bahnverbindungen und eine erodierende innere Sicherheit geboten bekommt?",,attraktiv fuer fachkraefte,10
ai,Gysi und Chrupalla streiten über AfD-Wahlprogramm  | Markus Lanz vom 05. Februar 2025,Ugz67ir8WJvw64knbkp4AaABAg.AECAXWOsXtwAECqaobb9AY,"Genau. Die kommen, gleich wie eure Ärzte, zu uns in die Schweiz.","02:20 Warum soll ein Indischer IT-Experte nach Deutschland kommen, wenn er von seinem Gehalt 50% abgeben muss und er dafür schlechte Bahnverbindungen und eine erodierende innere Sicherheit geboten bekommt?",,attraktiv fuer fachkraefte,12
ai,Gysi und Chrupalla streiten über AfD-Wahlprogramm  | Markus Lanz vom 05. Februar 2025,Ugz67ir8WJvw64knbkp4AaABAg.AECAXWOsXtwAECrG-QAaGA,"Weil er hier als IT-Experte locker 50k netto holen kann und in Indien vielleicht 5-10? Wer als AN auf das Brutto schaut und nicht auf das Netto, ist eh todeslost in der rechten Bubble.","02:20 Warum soll ein Indischer IT-Experte nach Deutschland kommen, wenn er von seinem Gehalt 50% abgeben muss und er dafür schlechte Bahnverbindungen und eine erodierende innere Sicherheit geboten bekommt?",attraktiv fuer fachkraefte,,34
ai,Gysi und Chrupalla streiten über AfD-Wahlprogramm  | Markus Lanz vom 05. Februar 2025,Ugz67ir8WJvw64knbkp4AaABAg.AECAXWOsXtwAECrH-tBRL2,leider müssen wir Einheimischen all dies klaglos hinnehmen ;-),"02:20 Warum soll ein Indischer IT-Experte nach Deutschland kommen, wenn er von seinem Gehalt 50% abgeben muss und er dafür schlechte Bahnverbindungen und eine erodierende innere Sicherheit geboten bekommt?",in infrastruktur investieren,,9
ai,Gysi und Chrupalla streiten über AfD-Wahlprogramm  | Markus Lanz vom 05. Februar 2025,Ugz67ir8WJvw64knbkp4AaABAg.AECAXWOsXtwAECuyTbIfRO,"Uiuiui. Viele viele Kommentare. So manche wahre und auch klare! Was ich mich jedoch frage: Wie sehr wurdest du beschissen, um 50% abdrücken zu müssen? 😂","02:20 Warum soll ein Indischer IT-Experte nach Deutschland kommen, wenn er von seinem Gehalt 50% abgeben muss und er dafür schlechte Bahnverbindungen und eine erodierende innere Sicherheit geboten bekommt?",attraktiv fuer fachkraefte,,26
ai,Gysi und Chrupalla streiten über AfD-Wahlprogramm  | Markus Lanz vom 05. Februar 2025,Ugz67ir8WJvw64knbkp4AaABAg.AECAXWOsXtwAECvHIbg69M,"@user Du glaubst auch, dass nur Deutschland IT-ler sucht oder?","02:20 Warum soll ein Indischer IT-Experte nach Deutschland kommen, wenn er von seinem Gehalt 50% abgeben muss und er dafür schlechte Bahnverbindungen und eine erodierende innere Sicherheit geboten bekommt?",,attraktiv fuer fachkraefte,10
ai,Gysi und Chrupalla streiten über AfD-Wahlprogramm  | Markus Lanz vom 05. Februar 2025,Ugz67ir8WJvw64knbkp4AaABAg.AECAXWOsXtwAECvTQlfhBQ,"@user Ne, das ist wie alles ein Klassenthema. Ein IT-ler dürfte nicht zur indischen Unterschicht/niedrigsten Kaste gehören, also kann der sich locker die 1. Klasse im Zug leisten. Indische 1. und 2. Klasse sind himmelweite Unterschiede.","02:20 Warum soll ein Indischer IT-Experte nach Deutschland kommen, wenn er von seinem Gehalt 50% abgeben muss und er dafür schlechte Bahnverbindungen und eine erodierende innere Sicherheit geboten bekommt?",,attraktiv fuer fachkraefte,36
ai,Gysi und Chrupalla streiten über AfD-Wahlprogramm  | Markus Lanz vom 05. Februar 2025,Ugz67ir8WJvw64knbkp4AaABAg.AECAXWOsXtwAECvqQeDq-f,Absolut recht. Freitbeträge müssen erhöht werden. Kapitalerträge/Erbschaft dagegen....,"02:20 Warum soll ein Indischer IT-Experte nach Deutschland kommen, wenn er von seinem Gehalt 50% abgeben muss und er dafür schlechte Bahnverbindungen und eine erodierende innere Sicherheit geboten bekommt?",,attraktiv fuer fachkraefte,8
ai,Gysi und Chrupalla streiten über AfD-Wahlprogramm  | Markus Lanz vom 05. Februar 2025,Ugz67ir8WJvw64knbkp4AaABAg.AECAXWOsXtwAECyvnUN3sd,"ich hoffe für Deutschland, dass sie mehrheitlich AFD wählen. Ja es mag rechtsradikale darunter haben, aber ihr Heuc...ler.. denkt mal wie viele linksextreme oder anarchisten in den Linken Parteien sitzen. Viele darunter sind sogar rassistisch gegenüber Uns weissen und gegen unsere Kultur. Ihr sprecht über Fachkräfte ins Land holen aber ihr holt Leute die kriminell oder gewalttätig sind.
Viele davon beziehen Sozialleistungen und all diese Leute brauchen eine Wohnung, einen Arzt usw. All diese ""Fachkräfte"" brauchen mehr Fachkräfte. Ihr habt täglich viele Vergewaltigungen, Morde und dabei eine überrepresentation von Fachkräften. Euer Land ist dreckig und verschmutzt, eure Zustände sind unhlaublich anzuschauen. Der Osten eures Landes lebt in Armut, ihr helft euren eigenen Leuten weniger als den vergewal...gen Fachkräften.","02:20 Warum soll ein Indischer IT-Experte nach Deutschland kommen, wenn er von seinem Gehalt 50% abgeben muss und er dafür schlechte Bahnverbindungen und eine erodierende innere Sicherheit geboten bekommt?",afd,migration,118
ai,Gysi und Chrupalla streiten über AfD-Wahlprogramm  | Markus Lanz vom 05. Februar 2025,Ugz67ir8WJvw64knbkp4AaABAg.AECAXWOsXtwAED-CWBeNxS,"@user nehmen wir an das stimmt so und sicher gibt es das auch. Wenn wir jetzt noch eine gute Portion Fremdenhass oben drauf packen, dann brauchen wir uns über abwandernde ausländische Fachkräfte keine Gedanken mehr machen. Dann kommt nämlich niemand mehr her….","02:20 Warum soll ein Indischer IT-Experte nach Deutschland kommen, wenn er von seinem Gehalt 50% abgeben muss und er dafür schlechte Bahnverbindungen und eine erodierende innere Sicherheit geboten bekommt?",migration,attraktiv fuer fachkraefte,42
ai,Gysi und Chrupalla streiten über AfD-Wahlprogramm  | Markus Lanz vom 05. Februar 2025,Ugz67ir8WJvw64knbkp4AaABAg.AECAXWOsXtwAED0al7AZXM,@user das weißt du weil du selbst so viel bezahlst? Klar steigen die Abgaben mit höheren Gehalt. Aber was steht bitte auf einer Gehaltsabrechnung im Brutto damit MEHR als 50% anfallen? Jetzt sag mir nicht dass du jeden Monat so viel zusätzlich spendest - glaub ich dir nämlich nicht! 😄,"02:20 Warum soll ein Indischer IT-Experte nach Deutschland kommen, wenn er von seinem Gehalt 50% abgeben muss und er dafür schlechte Bahnverbindungen und eine erodierende innere Sicherheit geboten bekommt?",attraktiv fuer fachkraefte,,50
ai,Gysi und Chrupalla streiten über AfD-Wahlprogramm  | Markus Lanz vom 05. Februar 2025,Ugz67ir8WJvw64knbkp4AaABAg.AECAXWOsXtwAED0dyD18yx,@user das weißt du weil du selbst so viel bezahlst? Klar steigen die Abgaben mit höheren Gehalt. Aber was steht bitte auf einer Gehaltsabrechnung im Brutto damit MEHR als 50% anfallen? Jetzt sag mir nicht dass du jeden Monat so viel zusätzlich spendest - glaub ich dir nämlich nicht! 😄,"02:20 Warum soll ein Indischer IT-Experte nach Deutschland kommen, wenn er von seinem Gehalt 50% abgeben muss und er dafür schlechte Bahnverbindungen und eine erodierende innere Sicherheit geboten bekommt?",attraktiv fuer fachkraefte,,50
ai,Gysi und Chrupalla streiten über AfD-Wahlprogramm  | Markus Lanz vom 05. Februar 2025,Ugz67ir8WJvw64knbkp4AaABAg.AECAXWOsXtwAED6dMn8QtX,@user gibt aber wesentlich bessere Alternativen als Deutschland 🙄,"02:20 Warum soll ein Indischer IT-Experte nach Deutschland kommen, wenn er von seinem Gehalt 50% abgeben muss und er dafür schlechte Bahnverbindungen und eine erodierende innere Sicherheit geboten bekommt?",,attraktiv fuer fachkraefte,9
ai,Gysi und Chrupalla streiten über AfD-Wahlprogramm  | Markus Lanz vom 05. Februar 2025,Ugz67ir8WJvw64knbkp4AaABAg.AECAXWOsXtwAED7G8JRxW8,"@user Die ""Benachteiligung"", welche die AFD angeblich im Schilde führt ist dennoch mehr, als die Zuzügler in der Heimat bekämen.","02:20 Warum soll ein Indischer IT-Experte nach Deutschland kommen, wenn er von seinem Gehalt 50% abgeben muss und er dafür schlechte Bahnverbindungen und eine erodierende innere Sicherheit geboten bekommt?",afd,,20
ai,Gysi und Chrupalla streiten über AfD-Wahlprogramm  | Markus Lanz vom 05. Februar 2025,Ugz67ir8WJvw64knbkp4AaABAg.AECAXWOsXtwAED7N5OiF5z,"@user ich rede vom Spitzensterusatz (42% ) u. der wird bereits ab 66761€ Brutto ( Single) fällig. Ich kenne keinen in meiner Firma der weniger Jahresbrutto hat. Das sind allenfalls welche die gerade von der Uni kommen. Der Höchststeuersatz (45%) wird bei 277000€ fällig. Die 3% machen den Braten nicht fett. Die Abgaben sind hier noch nicht drin. Nimmt man verheiratete dazu ist man beim doppelten Einkommen mit Kinder noch etwas mehr da sich die Freibeträge erhöhen. Wie kommt man auf 80000€, wer kann denn fast 14000€ als Arbeitnehmer in Abzug bringen? Ich kann dich aber beruhigen, auch das ist für IT’ler ein eher durchschnittliches Gehalt. Die Abgaben sind wie gesagt hier immer noch nicht drin, u. die versteckten Steuern wie 19% Mehrwertsteuer, Energiesteuer von 65 cent pro Liter Benzin + nochmal 19% ingesamt da zusätzlich drauf, die Grundbesitzabgaben etc. etc. Kurz gesagt hier wird man ausgenommen wie eine Weihnachtsgans.","02:20 Warum soll ein Indischer IT-Experte nach Deutschland kommen, wenn er von seinem Gehalt 50% abgeben muss und er dafür schlechte Bahnverbindungen und eine erodierende innere Sicherheit geboten bekommt?",,attraktiv fuer fachkraefte,150
ai,Chrupalla: Keine Extremisten in AfD | Markus Lanz vom 06. Februar 2024,UgzKDt5F5cpievfwb714AaABAg.A-WHKn5Q2hoA-WtaVbKpJ3,"@user Es mag ja richtig sein, dass der Verfassungsschutz weisungsgebunden ist. Aber dessen Einstufung wurde vom Kölner Verwaltungsgericht überprüft und dieses Gericht ist nicht weisungsgebunden. Auch nicht das Gericht, das den erfolgten Einspruch der JA jetzt überprüft. Chrupalla ist argumentativ etwas hinter der Realität und Lanz hat sich ins Boxhorn jagen lassen.","Lanz stellt sich so überrascht vor, als Chrupalla ihn hinweist, dass Verfassungsschutz der Innenministerin (m/w/d) untersteht, dass es fast schon blöd wirkt.",verfassungsschutz,markus lanz,52
ai,AfD-Chefin Weidel: Keine Koalition mit der CDU unter Friedrich Merz | Markus Lanz vom 06. März 2025,UgzMr9hHjL0oz3fjg0h4AaABAg,"""Sondervermögen "" -das sind Schulden - Wollt Ihr uns verarschen ?","""Sondervermögen "" -das sind Schulden - Wollt Ihr uns verarschen ?",,sondervermoegen,11
ai,AfD-Chefin Weidel: Keine Koalition mit der CDU unter Friedrich Merz | Markus Lanz vom 06. März 2025,UgzMr9hHjL0oz3fjg0h4AaABAg.AFMgCma4oRyAFMj9yHDS7u,"Und was ändert das an der Tatsache, dass die zugehörigen Investitionen schlicht notwendig sind?","""Sondervermögen "" -das sind Schulden - Wollt Ihr uns verarschen ?","in infrastruktur investieren, neue schulden, sondervermoegen",,14
ai,AfD-Chefin Weidel: Keine Koalition mit der CDU unter Friedrich Merz | Markus Lanz vom 06. März 2025,UgzMr9hHjL0oz3fjg0h4AaABAg.AFMgCma4oRyAFMjDcYexRC,Ja und? Wie finanzierst du denn dein Haus/Wohnung/Auto?,"""Sondervermögen "" -das sind Schulden - Wollt Ihr uns verarschen ?","neue schulden, sondervermoegen",,8
ai,AfD-Chefin Weidel: Keine Koalition mit der CDU unter Friedrich Merz | Markus Lanz vom 06. März 2025,UgzMr9hHjL0oz3fjg0h4AaABAg.AFMgCma4oRyAFMjdlwmEO6,"Die Schulden des Staates sind das Vermögen seiner Bürger. Ist recht einfach zu verstehen. Aber es ist schon witzig, wie viele sich an dem Wort aufhängen, anstatt sich mit dem Inhalt zu beschäftigen.","""Sondervermögen "" -das sind Schulden - Wollt Ihr uns verarschen ?","neue schulden, sondervermoegen",,33
ai,AfD-Chefin Weidel: Keine Koalition mit der CDU unter Friedrich Merz | Markus Lanz vom 06. März 2025,UgzMr9hHjL0oz3fjg0h4AaABAg.AFMgCma4oRyAFMjeSde3zv,@user Notwendig? Für Aufrüstung so viele Milliarden Schulden zu machen? Schau mal wieviel Milliarden allein an Zinsen zurückgezahlt werden müssen- ohne dass die Schulden selbst getilgt werden.,"""Sondervermögen "" -das sind Schulden - Wollt Ihr uns verarschen ?",,"neue schulden, sondervermoegen",27
ai,AfD-Chefin Weidel: Keine Koalition mit der CDU unter Friedrich Merz | Markus Lanz vom 06. März 2025,UgzMr9hHjL0oz3fjg0h4AaABAg.AFMgCma4oRyAFMk7Eq6VLt,@user Warum wählt man dann so ein Euphemismus- um zu täuschen.,"""Sondervermögen "" -das sind Schulden - Wollt Ihr uns verarschen ?",,sondervermoegen,11
ai,AfD-Chefin Weidel: Keine Koalition mit der CDU unter Friedrich Merz | Markus Lanz vom 06. März 2025,UgzMr9hHjL0oz3fjg0h4AaABAg.AFMgCma4oRyAFMkFkt_o8P,"@user Ja, für Aufrüstung! Aber setz ruhig die geopolitschen Scheuklappen auf. Frage: Was kostet uns die Investition gegen einen militärischen Flächenbrand in Europa? Antwort: Viel zu viel! Aber am Ende weniger als ein tatsächlicher Krieg! Nennt sich Absicherung! Aber hey, mit dem Motto ""wird schon nix passieren"" lebt es sich so schön an der Realität vorbei.","""Sondervermögen "" -das sind Schulden - Wollt Ihr uns verarschen ?","neue schulden, sondervermoegen",,56
ai,AfD-Chefin Weidel: Keine Koalition mit der CDU unter Friedrich Merz | Markus Lanz vom 06. März 2025,UgzMr9hHjL0oz3fjg0h4AaABAg.AFMgCma4oRyAFMlPkHRh1J,"Lieber heute eine brücke für 20 Millionen reparieren, als morgen die selbe Brücke für 1 Milliarde neu zu bauen.","""Sondervermögen "" -das sind Schulden - Wollt Ihr uns verarschen ?",in infrastruktur investieren,,19
ai,AfD-Chefin Weidel: Keine Koalition mit der CDU unter Friedrich Merz | Markus Lanz vom 06. März 2025,UgzMr9hHjL0oz3fjg0h4AaABAg.AFMgCma4oRyAFMmMwc1V4R,@user Bitte konfrontieren Sie AfD-Wähler nicht mit Fakten. Danke!,"""Sondervermögen "" -das sind Schulden - Wollt Ihr uns verarschen ?",,afd,9
ai,AfD-Chefin Weidel: Keine Koalition mit der CDU unter Friedrich Merz | Markus Lanz vom 06. März 2025,UgzMr9hHjL0oz3fjg0h4AaABAg.AFMgCma4oRyAFMqnZo6ADa,"Wir brauchen das Geld um uns damit um die Migration zu kümmern, neue Wohnungen für unsere neuen Mitmenschen bauen,Moscheen usw. Ein kleiner Teil wird in die Bundeswehr fließen .","""Sondervermögen "" -das sind Schulden - Wollt Ihr uns verarschen ?",,"migration, sondervermoegen",29
ai,AfD-Chefin Weidel: Keine Koalition mit der CDU unter Friedrich Merz | Markus Lanz vom 06. März 2025,UgzMr9hHjL0oz3fjg0h4AaABAg.AFMgCma4oRyAFMqyUPt--t,@user nötig??? Damit wir weiter Mrd an Entwicklungshilfe an andere Länder zahlen können???,"""Sondervermögen "" -das sind Schulden - Wollt Ihr uns verarschen ?",,"neue schulden, sondervermoegen",13
ai,AfD-Chefin Weidel: Keine Koalition mit der CDU unter Friedrich Merz | Markus Lanz vom 06. März 2025,UgzMr9hHjL0oz3fjg0h4AaABAg.AFMgCma4oRyAFMrnbbYaKV,"@user Dank für den Kommentar.😍
Ansonsten ist die Kommentarspalte ein Spiegel der Sendung.","""Sondervermögen "" -das sind Schulden - Wollt Ihr uns verarschen ?",,"neue schulden, sondervermoegen",13
ai,AfD-Chefin Weidel: Keine Koalition mit der CDU unter Friedrich Merz | Markus Lanz vom 06. März 2025,UgzMr9hHjL0oz3fjg0h4AaABAg.AFMgCma4oRyAFMrxqyCxWf,@user Sie noch nicht genug Steuern?,"""Sondervermögen "" -das sind Schulden - Wollt Ihr uns verarschen ?",,"neue schulden, sondervermoegen",6
ai,AfD-Chefin Weidel: Keine Koalition mit der CDU unter Friedrich Merz | Markus Lanz vom 06. März 2025,UgzMr9hHjL0oz3fjg0h4AaABAg.AFMgCma4oRyAFMsLPZFnM0,@user warum wird es nicht so benannt?! Das muss doch einen Grund haben.,"""Sondervermögen "" -das sind Schulden - Wollt Ihr uns verarschen ?",,"neue schulden, sondervermoegen",13
ai,AfD-Chefin Weidel: Keine Koalition mit der CDU unter Friedrich Merz | Markus Lanz vom 06. März 2025,UgzMr9hHjL0oz3fjg0h4AaABAg.AFMgCma4oRyAFMsvYdQ4A0,"@user Investitonen sind notwendig. In Öffentlicher Infrastruktur, Gesundheitswesen und vor allem in Bildung! Sie treten gerade den Beweis an!","""Sondervermögen "" -das sind Schulden - Wollt Ihr uns verarschen ?","in infrastruktur investieren, neue schulden, sondervermoegen",,19
ai,AfD-Chefin Weidel: Keine Koalition mit der CDU unter Friedrich Merz | Markus Lanz vom 06. März 2025,UgzMr9hHjL0oz3fjg0h4AaABAg.AFMgCma4oRyAFMtMsj0SQS,"Wieso verarschen? War dir nicht bewusst, dass es Schulden sind? 😅 Ich gehe dann mal davon aus, dass du dich oft verarscht fühlst","""Sondervermögen "" -das sind Schulden - Wollt Ihr uns verarschen ?",,sondervermoegen,23
ai,AfD-Chefin Weidel: Keine Koalition mit der CDU unter Friedrich Merz | Markus Lanz vom 06. März 2025,UgzMr9hHjL0oz3fjg0h4AaABAg.AFMgCma4oRyAFMtexWn7Ay,@user Sparen!,"""Sondervermögen "" -das sind Schulden - Wollt Ihr uns verarschen ?",,"neue schulden, sondervermoegen",2
ai,AfD-Chefin Weidel: Keine Koalition mit der CDU unter Friedrich Merz | Markus Lanz vom 06. März 2025,UgzMr9hHjL0oz3fjg0h4AaABAg.AFMgCma4oRyAFMtr0O1xo6,"Ok, dann lassen wir die Straßen und Brücken halt weiter verrotten, oder was? Was für ein Schwachsinn.","""Sondervermögen "" -das sind Schulden - Wollt Ihr uns verarschen ?","in infrastruktur investieren, neue schulden, sondervermoegen",,17
ai,AfD-Chefin Weidel: Keine Koalition mit der CDU unter Friedrich Merz | Markus Lanz vom 06. März 2025,UgzMr9hHjL0oz3fjg0h4AaABAg.AFMgCma4oRyAFMtsfTKen0,"ich gehe auch gern einmal zur Bank und frage, ob sie ein wenig Vermögen für mich übrig haben. Das nennt man Wortakrobatik!","""Sondervermögen "" -das sind Schulden - Wollt Ihr uns verarschen ?",,"neue schulden, sondervermoegen",22
ai,AfD-Chefin Weidel: Keine Koalition mit der CDU unter Friedrich Merz | Markus Lanz vom 06. März 2025,UgzMr9hHjL0oz3fjg0h4AaABAg.AFMgCma4oRyAFMttD2-qT9,und jetzt? WAS JETZT? WAS WILLST DU UNS MIT DEINEM Kommentar sagen? Sollen wir nur rum pupsen und chillen? Brücken verfallen lassen? WAS IST DEIN FK ARGUMENT?,"""Sondervermögen "" -das sind Schulden - Wollt Ihr uns verarschen ?","in infrastruktur investieren, neue schulden, sondervermoegen",,27
ai,AfD-Chefin Weidel: Keine Koalition mit der CDU unter Friedrich Merz | Markus Lanz vom 06. März 2025,UgzMr9hHjL0oz3fjg0h4AaABAg.AFMgCma4oRyAFMugKQLWG1,"Der wesentliche Unterschied ist, das ein Sondervermögen Zweckgebunden ist, sprich die 500Mrd müssen auch in Infrastruktur investiert werden, was DRINGEND gebraucht wird.","""Sondervermögen "" -das sind Schulden - Wollt Ihr uns verarschen ?","in infrastruktur investieren, neue schulden, sondervermoegen",,22
ai,AfD-Chefin Weidel: Keine Koalition mit der CDU unter Friedrich Merz | Markus Lanz vom 06. März 2025,UgzMr9hHjL0oz3fjg0h4AaABAg.AFMgCma4oRyAFMv2alAr0j,@user man kann die 1 Billion Steuern auch sinnvoll ausgeben und muss sie nicht mit der Baggerschaufel aus dem Fenster werfen! Aber wem sage ich das?,"""Sondervermögen "" -das sind Schulden - Wollt Ihr uns verarschen ?",,sondervermoegen,26
ai,AfD-Chefin Weidel: Keine Koalition mit der CDU unter Friedrich Merz | Markus Lanz vom 06. März 2025,UgzMr9hHjL0oz3fjg0h4AaABAg.AFMgCma4oRyAFMvQuDJnxC,"@user am Ende müssen es immer die gleichen Leute zurückzahlen und das sind nicht die Alten, das sind die kommenden Generationen. Beim Klimaschutz hat das BVerfG Generationengerechtigkeit eingefordert. Das muss dann auch bei den Schulden gelten.","""Sondervermögen "" -das sind Schulden - Wollt Ihr uns verarschen ?",,"neue schulden, sondervermoegen",36
ai,AfD-Chefin Weidel: Keine Koalition mit der CDU unter Friedrich Merz | Markus Lanz vom 06. März 2025,UgzMr9hHjL0oz3fjg0h4AaABAg.AFMgCma4oRyAFMvYkFxuF8,"@user Sind sie nicht, vorallem nicht militärisch. Selbes Gesabbel wie im dritten Reich damals. Wollt ihr echt Runde 3? Danach bleibt Deutschland aber Ackerland.","""Sondervermögen "" -das sind Schulden - Wollt Ihr uns verarschen ?",,"neue schulden, rechtsextremismus, sondervermoegen",24
ai,AfD-Chefin Weidel: Keine Koalition mit der CDU unter Friedrich Merz | Markus Lanz vom 06. März 2025,UgzMr9hHjL0oz3fjg0h4AaABAg.AFMgCma4oRyAFMvdVC_RN2,"@user Indem man es nur dann kauft, wenn man das Geld hat? Auf Pump leben ist typische Wessi-Masche.","""Sondervermögen "" -das sind Schulden - Wollt Ihr uns verarschen ?",,"neue schulden, sondervermoegen",18
ai,AfD-Chefin Weidel: Keine Koalition mit der CDU unter Friedrich Merz | Markus Lanz vom 06. März 2025,UgzMr9hHjL0oz3fjg0h4AaABAg.AFMgCma4oRyAFMvdfW4ec7,"@user Sie dürfen mir ja einmal erklären warum wir insgesamt über 1 Milliarde in Infrastrukturprojekte in Indien investieren müssen, obwohl dieses Land 300 Milliardäre ausweist. Können diese Leute ihr eigenes Land nicht finanzieren?","""Sondervermögen "" -das sind Schulden - Wollt Ihr uns verarschen ?",,in infrastruktur investieren,33
ai,AfD-Chefin Weidel: Keine Koalition mit der CDU unter Friedrich Merz | Markus Lanz vom 06. März 2025,UgzMr9hHjL0oz3fjg0h4AaABAg.AFMgCma4oRyAFMvi5KtiyO,@user Es geht kaum um Brücken. Eher Autobahnen und natürlich die Rüstung. Runde 3 ist angesagt.,"""Sondervermögen "" -das sind Schulden - Wollt Ihr uns verarschen ?",,"neue schulden, sondervermoegen",16
ai,AfD-Chefin Weidel: Keine Koalition mit der CDU unter Friedrich Merz | Markus Lanz vom 06. März 2025,UgzMr9hHjL0oz3fjg0h4AaABAg.AFMgCma4oRyAFMw0gWlqCr,"@user ich gehöre (noch) zu den jungen Generation, aber ich beschäftige mich später lieber mit Schulden und lebe dafür in einer stabil wachsenden Wirtschaft mit einer guten Infrastruktur. Natürlich sollte das Geld nicht zum Fenster raus geworfen und schulden möglichst gering gehalten werden aber wenn wirtschaftliche Stagnation und die Infrastruktur einen starken Impuls brauchen, ist es das auf jeden Fall wert.","""Sondervermögen "" -das sind Schulden - Wollt Ihr uns verarschen ?","in infrastruktur investieren, neue schulden, sondervermoegen",,61
ai,AfD-Chefin Weidel: Keine Koalition mit der CDU unter Friedrich Merz | Markus Lanz vom 06. März 2025,UgzMr9hHjL0oz3fjg0h4AaABAg.AFMgCma4oRyAFMwEmCTVPn,"@user Gehört zu den Dingen, die wir meinerseits auch gerne einsparen können. Reicht aber nicht um 400-600Mrd in der Infrastruktur zu investieren, Steuererleichterung für Wirtschaft und Bevölkerung zu geben und den Mindesetat in der Bundesweher zu finanzieren.","""Sondervermögen "" -das sind Schulden - Wollt Ihr uns verarschen ?","in infrastruktur investieren, neue schulden, sondervermoegen",,37
ai,AfD-Chefin Weidel: Keine Koalition mit der CDU unter Friedrich Merz | Markus Lanz vom 06. März 2025,UgzMr9hHjL0oz3fjg0h4AaABAg.AFMgCma4oRyAFMwcWDcMO7,"@user weil Sie keine Vorstellungen von den Konsequenzen haben. Es gab in der Geschichte noch kein Land, dass sich durch Überschuldung saniert hätte. Im Gegenteil, die Löcher müssen mit immer mehr Geld gestopft werden und am Ende steht die Währungsreform. Schauen Sie sich die Geschichte von Argentinien an. Einst das reichste Land dieser Erde! Mit Schulden wächst gar nichts!","""Sondervermögen "" -das sind Schulden - Wollt Ihr uns verarschen ?",,"neue schulden, sondervermoegen",59
ai,AfD-Chefin Weidel: Keine Koalition mit der CDU unter Friedrich Merz | Markus Lanz vom 06. März 2025,UgzMr9hHjL0oz3fjg0h4AaABAg.AFMgCma4oRyAFMwk-5vivV,@user mehr kostet uns denn die marode Infrastruktur wenn wir noch weitere 10 Jahre nichts tun würden?,"""Sondervermögen "" -das sind Schulden - Wollt Ihr uns verarschen ?",in infrastruktur investieren,,17
ai,AfD-Chefin Weidel: Keine Koalition mit der CDU unter Friedrich Merz | Markus Lanz vom 06. März 2025,UgzMr9hHjL0oz3fjg0h4AaABAg.AFMgCma4oRyAFMx0CZFEx5,"Die Brücken marode, da nicht zur Zeit Geld in die Hand genommen wurde um Probleme zu verhindern","""Sondervermögen "" -das sind Schulden - Wollt Ihr uns verarschen ?",in infrastruktur investieren,,17
ai,AfD-Chefin Weidel: Keine Koalition mit der CDU unter Friedrich Merz | Markus Lanz vom 06. März 2025,UgzMr9hHjL0oz3fjg0h4AaABAg.AFMgCma4oRyAFMxNA-4CFa,Hört doch mal mit dem Höcke Quatsch auf!,"""Sondervermögen "" -das sind Schulden - Wollt Ihr uns verarschen ?",,rechtsextremismus,8
ai,AfD-Chefin Weidel: Keine Koalition mit der CDU unter Friedrich Merz | Markus Lanz vom 06. März 2025,UgzMr9hHjL0oz3fjg0h4AaABAg.AFMgCma4oRyAFMxXgm5UsM,"@user man muss nur einmal genauer hinschauen. Da ist noch sehr viel Potential, den Rotstift anzusetzen. Ich habe mir die 17 Seiten PDF im BMZ sorgfältig angesehen und nicht ein Projekt entdeckt, dass irgendwie sinnvoll klang. Wir reden hier schon einmal über 33 Milliarden. Es wäre klug, dieses Ministerium ganz zu streichen u. es beim Außenamt anzugliedern Ich finde es auch nicht sinnvoll, dass man Nichtregierungsorganisationen zu Regierungsorganisationen umfunktioniert. Das ist Missbrauch von Steuergeldern.","""Sondervermögen "" -das sind Schulden - Wollt Ihr uns verarschen ?",,neue schulden,74
ai,AfD-Chefin Weidel: Keine Koalition mit der CDU unter Friedrich Merz | Markus Lanz vom 06. März 2025,UgzMr9hHjL0oz3fjg0h4AaABAg.AFMgCma4oRyAFMxZ9yhWZ4,"Blödsinn, alles haben sie schon zu gegebenen Zeiten verrotten lassen.
Die schwer erarbeiteten Steuern wurden von Bärbock 22:43 außer Land geschafft für irgendwelchen Genderkram 22:43","""Sondervermögen "" -das sind Schulden - Wollt Ihr uns verarschen ?",in infrastruktur investieren,neue schulden,25
ai,AfD-Chefin Weidel: Keine Koalition mit der CDU unter Friedrich Merz | Markus Lanz vom 06. März 2025,UgzMr9hHjL0oz3fjg0h4AaABAg.AFMgCma4oRyAFMxoXH-6fk,"@user mit 1 Billion Steuergeld lässt sich auch unsere Infrastruktur sanieren! Wir haben kein Einnahmeproblem, wir haben ein Ausgabenproblem, wir finanzieren die falschen Interessen. In Dresden hat man zwar die Brücke nicht saniert, dafür wurden aber hübsche Blumenkübel angeschafft, die noch nicht einmal winterfest sind.","""Sondervermögen "" -das sind Schulden - Wollt Ihr uns verarschen ?",in infrastruktur investieren,neue schulden,45
ai,AfD-Chefin Weidel: Keine Koalition mit der CDU unter Friedrich Merz | Markus Lanz vom 06. März 2025,UgzMr9hHjL0oz3fjg0h4AaABAg.AFMgCma4oRyAFMygMfI-bK,"Von Sparen wird garnicht mehr geredet: Migration 50 Mrd. Entwicklungshilfe 32, Bürgergeld 23, Klimahilfen 6 = 111Mrd. Das wäre schon mal das Geld für die Infrastruktur.","""Sondervermögen "" -das sind Schulden - Wollt Ihr uns verarschen ?",in infrastruktur investieren,migration,26
ai,AfD-Chefin Weidel: Keine Koalition mit der CDU unter Friedrich Merz | Markus Lanz vom 06. März 2025,UgzMr9hHjL0oz3fjg0h4AaABAg.AFMgCma4oRyAFN-mtRfnhy,"Schulden die ich endlich mal gerne zahle! Bin 25 übrigens.
Für Verteidigung und Infrastruktur bin ich bereit zu zahlen, für soziale Versprechungen nicht! Jetzt nicht in die Verteidigung Deutschlands zu investieren wäre fatal! Daher ist es nur vernünftig und staatsmännisch, auch wenn manche Wähler mit ner Voraussicht auf 3 Monate das nicht begriefen wollen.","""Sondervermögen "" -das sind Schulden - Wollt Ihr uns verarschen ?","in infrastruktur investieren, neue schulden, sondervermoegen",,54
ai,AfD-Chefin Weidel: Keine Koalition mit der CDU unter Friedrich Merz | Markus Lanz vom 06. März 2025,UgzMr9hHjL0oz3fjg0h4AaABAg.AFMgCma4oRyAFN0bl486xl,@user ich empfehle einen Workshop in Ökonomie,"""Sondervermögen "" -das sind Schulden - Wollt Ihr uns verarschen ?","neue schulden, sondervermoegen",,7
ai,AfD-Chefin Weidel: Keine Koalition mit der CDU unter Friedrich Merz | Markus Lanz vom 06. März 2025,UgzMr9hHjL0oz3fjg0h4AaABAg.AFMgCma4oRyAFN34uPXYgM,"@user Doch. Weil keiner was von VWL versteht. Vermögen und Schulden sind nicht das selbe. Schon das Geldsystem des Staates ist von den Euros mit denen du dein Sonntagsbrötchen bezahlst, vollkommen getrennt, weil es nicht den selben regeln folgt. Darum sind es keine Schulden sondern Vermögen. Aber Neoliberale und Rechtsextreme vergiften halt gerne den Diskurs. Die belügen liebend gern Ignorante Wähler die nichts von Volkswirtschaft verstehen.","""Sondervermögen "" -das sind Schulden - Wollt Ihr uns verarschen ?",sondervermoegen,rechtsextremismus,66
ai,AfD-Chefin Weidel: Keine Koalition mit der CDU unter Friedrich Merz | Markus Lanz vom 06. März 2025,UgzMr9hHjL0oz3fjg0h4AaABAg.AFMgCma4oRyAFN3sKKaq4L,@user es geht um die Waffen Lobbys die haben die Parteien im Griff und komm mir jetzt nicht mit dass Russland hier einmarschiert. Jedem ist klar dass dieser Krieg durch die Nato Osterweiterung entstanden ist weil Verträge gebrochen wurden Wahlversprechen werden ebenfalls und von dem Maidan spricht auch keiner mehr. Die Leute sind Naiv und vergessen schnell,"""Sondervermögen "" -das sind Schulden - Wollt Ihr uns verarschen ?",,wahlversprechen,57
ai,AfD-Chefin Weidel: Keine Koalition mit der CDU unter Friedrich Merz | Markus Lanz vom 06. März 2025,UgzMr9hHjL0oz3fjg0h4AaABAg.AFMgCma4oRyAFN4LdcAHJB,Die Weidel sagt es hier vorraus wir werden dermaßen in Probleme kommen durch die Schulden. Alleine die Zinsen werden 30 Milliarden jährlich betragen das ist völlig irre. Was unsere Infrastruktur angeht lieben gern aber das müsste auch mit dem eigenen Haushalt gehen ohne Schulden zu machen. Und Grundgesetz heißt nicht umsonst Grundgesetz wenn man das ausgehebelt hat gar nichts mehr hier an Wert und Seriosität,"""Sondervermögen "" -das sind Schulden - Wollt Ihr uns verarschen ?",in infrastruktur investieren,"neue schulden, sondervermoegen",65
ai,AfD-Chefin Weidel: Keine Koalition mit der CDU unter Friedrich Merz | Markus Lanz vom 06. März 2025,UgzMr9hHjL0oz3fjg0h4AaABAg.AFMgCma4oRyAFN5tcz1syR,"@user Die CDU hat 16 Jahre lang regiert und das Militär systematisch demontiert - und die WOLLEN DAS MIT SCHULDEN AUSBADEN.
Merkst du eigentlich noch was? Reicht das Hirn dafür?","""Sondervermögen "" -das sind Schulden - Wollt Ihr uns verarschen ?",,"cdu, neue schulden, sondervermoegen",30
ai,AfD-Chefin Weidel: Keine Koalition mit der CDU unter Friedrich Merz | Markus Lanz vom 06. März 2025,UgzMr9hHjL0oz3fjg0h4AaABAg.AFMgCma4oRyAFN69Mb_vII,@user 1 Billion .... willst du mit großen Zahlen bei AfDlern Eindruck machen oder hast du die Zahl irgendwo aufgeschnappt?,"""Sondervermögen "" -das sind Schulden - Wollt Ihr uns verarschen ?",,afd,20
ai,AfD-Chefin Weidel: Keine Koalition mit der CDU unter Friedrich Merz | Markus Lanz vom 06. März 2025,UgzMr9hHjL0oz3fjg0h4AaABAg.AFMgCma4oRyAFN6UK3P7YZ,"Warum konnte man das Geld nicht schon vorher beschaffen? Die Probleme sind doch schon lange da die ""jetzt"" angegangen werden. Einfach alles in die Ukraine blasen und alle jubeln. 😂","""Sondervermögen "" -das sind Schulden - Wollt Ihr uns verarschen ?",,"neue schulden, sondervermoegen",30
ai,AfD-Chefin Weidel: Keine Koalition mit der CDU unter Friedrich Merz | Markus Lanz vom 06. März 2025,UgzMr9hHjL0oz3fjg0h4AaABAg.AFMgCma4oRyAFN6VpQE-jE,@user gesprochen!,"""Sondervermögen "" -das sind Schulden - Wollt Ihr uns verarschen ?",,"neue schulden, sondervermoegen",2
ai,AfD-Chefin Weidel: Keine Koalition mit der CDU unter Friedrich Merz | Markus Lanz vom 06. März 2025,UgzMr9hHjL0oz3fjg0h4AaABAg.AFMgCma4oRyAFN6hZeICUg,Und? Trotzdem ist es notwendig wenn man auf aktuelle Gefahren reagiert. Anders geht nicht,"""Sondervermögen "" -das sind Schulden - Wollt Ihr uns verarschen ?","neue schulden, sondervermoegen",,14
ai,AfD-Chefin Weidel: Keine Koalition mit der CDU unter Friedrich Merz | Markus Lanz vom 06. März 2025,UgzMr9hHjL0oz3fjg0h4AaABAg.AFMgCma4oRyAFN7Dlv5Kxr,benutze das Wort bei deiner Bank nur zum Test😂,"""Sondervermögen "" -das sind Schulden - Wollt Ihr uns verarschen ?",,"neue schulden, sondervermoegen",9
ai,AfD-Chefin Weidel: Keine Koalition mit der CDU unter Friedrich Merz | Markus Lanz vom 06. März 2025,UgzMr9hHjL0oz3fjg0h4AaABAg.AFMgCma4oRyAFN7H-CLhjA,"@user Das sind Schulden, was unsere Kinder zurückzahlen müssen samt Zinsen. Gehen sie mal zur Bank und möchten einen Kredit aus Sondervermögen, weil es ist ja das geld der ganzen Bürger.","""Sondervermögen "" -das sind Schulden - Wollt Ihr uns verarschen ?",,"neue schulden, sondervermoegen",31
ai,AfD-Chefin Weidel: Keine Koalition mit der CDU unter Friedrich Merz | Markus Lanz vom 06. März 2025,UgzMr9hHjL0oz3fjg0h4AaABAg.AFMgCma4oRyAFN7L9Np5aK,⁠@user wäre nach Ihrer „finanz- bzw. volkswirtschaftlichen“ Interpretation also ein Negativvermögen. Schulden klingt bei einer weiteren Neuverschuldung natürlich weniger gut.,"""Sondervermögen "" -das sind Schulden - Wollt Ihr uns verarschen ?",,"neue schulden, sondervermoegen",20
ai,AfD-Chefin Weidel: Keine Koalition mit der CDU unter Friedrich Merz | Markus Lanz vom 06. März 2025,UgzMr9hHjL0oz3fjg0h4AaABAg.AFMgCma4oRyAFN8TGRvEw7,"@user Deutschland ist eines der am wenigsten verschuldeten Länder Weltweit abhängig vom BIP. Frankreich alleine hat 110% Verschuldung, die USA sogar 250%. Die AfD und FDP kann ja weiterhin behaupten, dass es nicht benötigt wird. Aus der Opposition redet man ja eh immer nur groß ohne sinnvolle Lösungen zu bringen.","""Sondervermögen "" -das sind Schulden - Wollt Ihr uns verarschen ?","neue schulden, sondervermoegen",afd,50
ai,AfD-Chefin Weidel: Keine Koalition mit der CDU unter Friedrich Merz | Markus Lanz vom 06. März 2025,UgzMr9hHjL0oz3fjg0h4AaABAg.AFMgCma4oRyAFN8Ylxrrdl,@user Ja sorry aber wenn du einer Alice Weidel in Sachen Finanzpolitik vertraust ist das dein persönliches Problem. Jede einzelne Industrienation der Welt hat höhere Staatsschulden als Deutschland und die haben alle ein größeres Wirtschaftswachstum als wir. Wie lange sollen wir also noch unser Land kaputtsparen?,"""Sondervermögen "" -das sind Schulden - Wollt Ihr uns verarschen ?","neue schulden, sondervermoegen",afd,46
ai,AfD-Chefin Weidel: Keine Koalition mit der CDU unter Friedrich Merz | Markus Lanz vom 06. März 2025,UgzMr9hHjL0oz3fjg0h4AaABAg.AFMgCma4oRyAFNAYV70Qbv,Ja. wollen sie.,"""Sondervermögen "" -das sind Schulden - Wollt Ihr uns verarschen ?",,"neue schulden, sondervermoegen",3
ai,AfD-Chefin Weidel: Keine Koalition mit der CDU unter Friedrich Merz | Markus Lanz vom 06. März 2025,UgzMr9hHjL0oz3fjg0h4AaABAg.AFMgCma4oRyAFNCGFWnIqk,"@user
Soweit mir bekannt ist es sittenwidrig und unzulässig sein Haus/Wohnung/Auto zu finanzieren, indem man die Zinslasten und die Kredittilgungen auch seinen Kindern, Enkeln und Urenkeln aufbürdet. Und das alles nur, weil man selbst keinerlei Ausgabendisziplin an den Tag legen will.","""Sondervermögen "" -das sind Schulden - Wollt Ihr uns verarschen ?",,"neue schulden, sondervermoegen",41
ai,AfD-Chefin Weidel: Keine Koalition mit der CDU unter Friedrich Merz | Markus Lanz vom 06. März 2025,UgzMr9hHjL0oz3fjg0h4AaABAg.AFMgCma4oRyAFNCv3L2J4o,"@user ich sehe da ein anderes Problem, das man auch mit dem Begriff Gier umschreiben kann. Wenn man einmal zulangt, kann man anschließend nicht mehr bremsen. Ich habe heute meinen Grundsteuerbescheid bekommen. +45 % für eine Wohngegend in Randlage ohne nennenswerte Infrastruktur. Man muss nicht naiv sein, auch in anderen Bereichen zeigen die Wünsche nach oben. Wer glaubt, er kommt ungeschoren davon, wird schnell eines Besseren belehrt.","""Sondervermögen "" -das sind Schulden - Wollt Ihr uns verarschen ?",in infrastruktur investieren,sondervermoegen,67
ai,AfD-Chefin Weidel: Keine Koalition mit der CDU unter Friedrich Merz | Markus Lanz vom 06. März 2025,UgzMr9hHjL0oz3fjg0h4AaABAg.AFMgCma4oRyAFNETCwzCvp,"Soll ich über so einen Kommentar lachen oder weinen. Wer nur ein wenig Wissen über Volks-/ Betriebswirtschaft und internationalen Handel hat, wußte schon vor 2 Jahren, das Investitionen durch die private Wirtschaft, nur durch staatliche Investitionen in die Infrastruktur und Energiewirtschaft, stimuliert werden. Da reden Blinde über Farben.","""Sondervermögen "" -das sind Schulden - Wollt Ihr uns verarschen ?","in infrastruktur investieren, neue schulden, sondervermoegen",,48
ai,AfD-Chefin Weidel: Keine Koalition mit der CDU unter Friedrich Merz | Markus Lanz vom 06. März 2025,UgzMr9hHjL0oz3fjg0h4AaABAg.AFMgCma4oRyAFNFePWyyOC,"@user Aus Ihrem Kommentar geht deutlich hervor, das Sie mit Volkswirtschaft auf Kriegsfuß stehen, freundlich ausgedrückt! 🤦♂️🤭","""Sondervermögen "" -das sind Schulden - Wollt Ihr uns verarschen ?","neue schulden, sondervermoegen",,17
ai,AfD-Chefin Weidel: Keine Koalition mit der CDU unter Friedrich Merz | Markus Lanz vom 06. März 2025,UgzMr9hHjL0oz3fjg0h4AaABAg.AFMgCma4oRyAFNGDcc8ZwQ,@user ja und wenn man dann mal angegriffen wird und sich nicht verteidigen kann dann jammert und meckert ihr ebenfalls über die Regierung dass sie nicht investiert haben und mit EUREM Leben spekuliert haben,"""Sondervermögen "" -das sind Schulden - Wollt Ihr uns verarschen ?","neue schulden, sondervermoegen",,34
ai,AfD-Chefin Weidel: Keine Koalition mit der CDU unter Friedrich Merz | Markus Lanz vom 06. März 2025,UgzMr9hHjL0oz3fjg0h4AaABAg.AFMgCma4oRyAFNGW6EpNEk,"@user es ist nicht traurig, es ist erst der Anfang. Man kann einen Staat nicht mit Schulden sanieren. Das hat noch nie funktioniert! Man muss zunächst einmal schauen, wo Gelder zum Fenster rausgeworfen werden. Fangen wir doch einfach einmal an, die überschüssige Bürokratie abzubauen. Wer braucht die eigentlich. Schaffen wir sofort sämtliche Beauftragte ab! Die braucht kein Mensch und von diesen Beispielen gibt es viele. Wir brauchen keine Aufpasser, die kontrollieren, ob wir im Wald spazieren gehen, oder unseren Töchtern Zöpfe flechten!","""Sondervermögen "" -das sind Schulden - Wollt Ihr uns verarschen ?",,"neue schulden, sondervermoegen",82
ai,AfD-Chefin Weidel: Keine Koalition mit der CDU unter Friedrich Merz | Markus Lanz vom 06. März 2025,UgzMr9hHjL0oz3fjg0h4AaABAg.AFMgCma4oRyAFNHMXlBwk8,Und wir müssen in den nächsten 20 Jahren 600 Milliarden in Infrastruktur stecken sonst kannst du bald zu Fuß gehen,"""Sondervermögen "" -das sind Schulden - Wollt Ihr uns verarschen ?",in infrastruktur investieren,,20
ai,AfD-Chefin Weidel: Keine Koalition mit der CDU unter Friedrich Merz | Markus Lanz vom 06. März 2025,UgzMr9hHjL0oz3fjg0h4AaABAg.AFMgCma4oRyAFNKCWri-CS,"""Sondervermögen"" definiert nicht die Quelle des Geldes, sondern wie es verbucht und eingesetzt wird. Bitte informiert euch doch mal 3 Sekunden. Einmal googlen, einmal die Definition lesen. Und dann bitte gleich noch Fiskalpolitik googlen. Danke.","""Sondervermögen "" -das sind Schulden - Wollt Ihr uns verarschen ?",sondervermoegen,,35
ai,AfD-Chefin Weidel: Keine Koalition mit der CDU unter Friedrich Merz | Markus Lanz vom 06. März 2025,UgzMr9hHjL0oz3fjg0h4AaABAg.AFMgCma4oRyAFNKKTjfhiQ,@user Geld wird aber für Kriegstreiberei genutzt. Das Geld wird niemandem in Deutschland nützen.,"""Sondervermögen "" -das sind Schulden - Wollt Ihr uns verarschen ?",,sondervermoegen,14
ai,AfD-Chefin Weidel: Keine Koalition mit der CDU unter Friedrich Merz | Markus Lanz vom 06. März 2025,UgzMr9hHjL0oz3fjg0h4AaABAg.AFMgCma4oRyAFNL6AlFBnf,"@user Man könnte es auch Feenstaub nennen. Der Name spielt doch keine Rolle hier. Leute, die sich am Namen aufhängen, tun dies nur, damit sie sich nicht mit dem Inhalt auseinandersetzen müssen. Und Schulden klingt nur schlecht, wenn man nicht versteht, dass die Schulden des Staates das Vermögen seiner Bürger sind.","""Sondervermögen "" -das sind Schulden - Wollt Ihr uns verarschen ?","neue schulden, sondervermoegen",,51
ai,AfD-Chefin Weidel: Keine Koalition mit der CDU unter Friedrich Merz | Markus Lanz vom 06. März 2025,UgzMr9hHjL0oz3fjg0h4AaABAg.AFMgCma4oRyAFNM7YzGWww,"@user was ist notwendig? Eine Verteidigung? Also ich sehe und sah weit und breit Niemanden, der den Deutschen an die Karre will - ausser der ausgesprochene Fachkräftemangel im Bundestag.","""Sondervermögen "" -das sind Schulden - Wollt Ihr uns verarschen ?",,"neue schulden, sondervermoegen",29
ai,AfD-Chefin Weidel: Keine Koalition mit der CDU unter Friedrich Merz | Markus Lanz vom 06. März 2025,UgzMr9hHjL0oz3fjg0h4AaABAg.AFMgCma4oRyAFNM9SRmlVN,@user die Schuldenschlingel werden ja alle Hausbesitzer die Kredite haben richtig bluten lassen,"""Sondervermögen "" -das sind Schulden - Wollt Ihr uns verarschen ?",,"neue schulden, sondervermoegen",13
ai,AfD-Chefin Weidel: Keine Koalition mit der CDU unter Friedrich Merz | Markus Lanz vom 06. März 2025,UgzMr9hHjL0oz3fjg0h4AaABAg.AFMgCma4oRyAFNMjfVekjZ,Der Euro funktioniert eigentlich nur durch die Liquidität der deutschen. Wenn die deutschen jetzt massiv Schulden aufnehmen... naja. Da müsst ihr selber drauf kommen 😉,"""Sondervermögen "" -das sind Schulden - Wollt Ihr uns verarschen ?",,"neue schulden, sondervermoegen",25
ai,AfD-Chefin Weidel: Keine Koalition mit der CDU unter Friedrich Merz | Markus Lanz vom 06. März 2025,UgzMr9hHjL0oz3fjg0h4AaABAg.AFMgCma4oRyAFNN-ldAsxo,@user Investment comes from the outside and the private sector. Devalueing your currency and making debt is literally just taking money from the people.,"""Sondervermögen "" -das sind Schulden - Wollt Ihr uns verarschen ?",,"neue schulden, sondervermoegen",24
ai,AfD-Chefin Weidel: Keine Koalition mit der CDU unter Friedrich Merz | Markus Lanz vom 06. März 2025,UgzMr9hHjL0oz3fjg0h4AaABAg.AFMgCma4oRyAFNRtjZOI-Z,"@user sind notwendig, das Geld dafür kann gut und gerne woanders eingespart werden! Wenn man will!","""Sondervermögen "" -das sind Schulden - Wollt Ihr uns verarschen ?",in infrastruktur investieren,"neue schulden, sondervermoegen",16
ai,AfD-Chefin Weidel: Keine Koalition mit der CDU unter Friedrich Merz | Markus Lanz vom 06. März 2025,UgzMr9hHjL0oz3fjg0h4AaABAg.AFMgCma4oRyAFNSa9Zo8yK,"@user Autsch. Einfach nichts schreiben, wenn man von Nichts viel Ahnung hat. Wirtschaft scheint nicht dein Ding.","""Sondervermögen "" -das sind Schulden - Wollt Ihr uns verarschen ?","neue schulden, sondervermoegen",,17
ai,AfD-Chefin Weidel: Keine Koalition mit der CDU unter Friedrich Merz | Markus Lanz vom 06. März 2025,UgzMr9hHjL0oz3fjg0h4AaABAg.AFMgCma4oRyAFNSdczO0Oc,Kurze Antwort: Ja! Lange Antwort: JAAAAAA!,"""Sondervermögen "" -das sind Schulden - Wollt Ihr uns verarschen ?",,sondervermoegen,6
ai,AfD-Chefin Weidel: Keine Koalition mit der CDU unter Friedrich Merz | Markus Lanz vom 06. März 2025,UgzMr9hHjL0oz3fjg0h4AaABAg.AFMgCma4oRyAFNTbEUK9ct,"@user muss man an anderer Stelle sparen. 27 MRD Euro Bürgergeld, 39 MRD Entwicklungshilfe, Zig Milliarden für NGOs. Das ist viel Luft. Die 500 MRD für Verteidigung verteilen sich auf 10 Jahre, also 50 MRD je Jahr. passt, wenn man will. Und der positive Nebeneffekt wäre, dass die Bürgergeldempfänger dann sogar arbeiten (müssen) und Steuern und Abgaben zahlen. Schröder hat es vor 20 Jahren vorgemacht.","""Sondervermögen "" -das sind Schulden - Wollt Ihr uns verarschen ?",sondervermoegen,neue schulden,65
ai,AfD-Chefin Weidel: Keine Koalition mit der CDU unter Friedrich Merz | Markus Lanz vom 06. März 2025,UgzMr9hHjL0oz3fjg0h4AaABAg.AFMgCma4oRyAFNW3bCAiP3,"@user Ja, aber die Gegenseite der Schulden, die blendest du halt aus. Die sind ja nicht ins Klo gespült worden!","""Sondervermögen "" -das sind Schulden - Wollt Ihr uns verarschen ?","neue schulden, sondervermoegen",,20
ai,AfD-Chefin Weidel: Keine Koalition mit der CDU unter Friedrich Merz | Markus Lanz vom 06. März 2025,UgzMr9hHjL0oz3fjg0h4AaABAg.AFMgCma4oRyAFNWN2gDDCR,"@user Stimmt, gutes Eigentor.","""Sondervermögen "" -das sind Schulden - Wollt Ihr uns verarschen ?",,"neue schulden, sondervermoegen",4
ai,AfD-Chefin Weidel: Keine Koalition mit der CDU unter Friedrich Merz | Markus Lanz vom 06. März 2025,UgzMr9hHjL0oz3fjg0h4AaABAg.AFMgCma4oRyAFNXh452HJq,"@user das Sondervermögen (Sonderschulden) ist für die zum Teil noch Ungeborenen eingebucht. Die dürfen dann erstmal das fehlende Vermögen ihrer Großeltern nacharbeiten, bevor sie sich ein eigenes Hemd kaufen dürfen. Eine feine Idee. Ähks.","""Sondervermögen "" -das sind Schulden - Wollt Ihr uns verarschen ?",,"neue schulden, sondervermoegen",34
ai,AfD-Chefin Weidel: Keine Koalition mit der CDU unter Friedrich Merz | Markus Lanz vom 06. März 2025,UgzMr9hHjL0oz3fjg0h4AaABAg.AFMgCma4oRyAFNY1thYwNU,@user noch besser als wenn alle unsere Häuser zerbombt werden wie in der Ukraine.,"""Sondervermögen "" -das sind Schulden - Wollt Ihr uns verarschen ?","neue schulden, sondervermoegen",,14
ai,AfD-Chefin Weidel: Keine Koalition mit der CDU unter Friedrich Merz | Markus Lanz vom 06. März 2025,UgzMr9hHjL0oz3fjg0h4AaABAg.AFMgCma4oRyAFNYIcE933S,@user die Wiedervereinigung haben wir weit über 2 Billionen Kredite aufgenommen und damit auch noch unsere Rentenkassen/Sozialversicherungskassen mindestens in gleicher Höhe belastet.,"""Sondervermögen "" -das sind Schulden - Wollt Ihr uns verarschen ?",,neue schulden,22
ai,AfD-Chefin Weidel: Keine Koalition mit der CDU unter Friedrich Merz | Markus Lanz vom 06. März 2025,UgzMr9hHjL0oz3fjg0h4AaABAg.AFMgCma4oRyAFNYIixKiZU,"@user Nein, wir nutzen einfach mal unser Steuergeld für die Dinge, für die sie gedacht sind, bevor wir neue Schulden aufnehmen. Stattdessen verblasen wir 100te von Milliarden in den Krieg in die Ukraine, statt diplomatische Wege weiterhin anzustreben, um dann weitere 100te Milliarden in die Wirtschaft zu „investieren“ und es gegenseitig zu rechtfertigen… Steuersenkungen würden zu einem Wirtschaftswachstum führen, aber das hier zu erläutern, würde zu viel Text ergeben - gerne mal im persönlichen Gespräch, sofern eine offene, sachliche, auf Fakten basierte Debatte erwünscht ist und nicht ein bloßes Anpöbeln. Freundlichen Gruß und schönes, sonniges Wochenende.","""Sondervermögen "" -das sind Schulden - Wollt Ihr uns verarschen ?",,"neue schulden, sondervermoegen",96
ai,AfD-Chefin Weidel: Keine Koalition mit der CDU unter Friedrich Merz | Markus Lanz vom 06. März 2025,UgzMr9hHjL0oz3fjg0h4AaABAg.AFMgCma4oRyAFNYtLXaV3T,"Das als Sondervermögen zu deklarieren hat aber durchaus seinen Sinn, denn man bekommt ja etwas dafür, eben neue Brücken, etcetera.","""Sondervermögen "" -das sind Schulden - Wollt Ihr uns verarschen ?","in infrastruktur investieren, neue schulden, sondervermoegen",,20
ai,AfD-Chefin Weidel: Keine Koalition mit der CDU unter Friedrich Merz | Markus Lanz vom 06. März 2025,UgzMr9hHjL0oz3fjg0h4AaABAg.AFMgCma4oRyAFN_LUVBwIa,@user ‘s denn wenigstens dafür ausgegeben werden würde…,"""Sondervermögen "" -das sind Schulden - Wollt Ihr uns verarschen ?",,sondervermoegen,8
ai,AfD-Chefin Weidel: Keine Koalition mit der CDU unter Friedrich Merz | Markus Lanz vom 06. März 2025,UgzMr9hHjL0oz3fjg0h4AaABAg.AFMgCma4oRyAFNaALU8lbw,Ja.,"""Sondervermögen "" -das sind Schulden - Wollt Ihr uns verarschen ?",,sondervermoegen,1
ai,AfD-Chefin Weidel: Keine Koalition mit der CDU unter Friedrich Merz | Markus Lanz vom 06. März 2025,UgzMr9hHjL0oz3fjg0h4AaABAg.AFMgCma4oRyAFNbWqCALsy,jau und für wohnungsbau is nichts da seit 19 jahren...für miltär und andere länder wie mutter teresa jedoch immer....*akte x theme*,"""Sondervermögen "" -das sind Schulden - Wollt Ihr uns verarschen ?",,sondervermoegen,21
ai,AfD-Chefin Weidel: Keine Koalition mit der CDU unter Friedrich Merz | Markus Lanz vom 06. März 2025,UgzbhJEz5UEo8uWtcPV4AaABAg,"Ich bin erstaunt, dass so viele Menschen enttäuscht sind von Merz. Mir war es von Anfang an klar, dass man ihm nicht vertrauen kann.","Ich bin erstaunt, dass so viele Menschen enttäuscht sind von Merz. Mir war es von Anfang an klar, dass man ihm nicht vertrauen kann.",,friedrich merz,24
ai,AfD-Chefin Weidel: Keine Koalition mit der CDU unter Friedrich Merz | Markus Lanz vom 06. März 2025,UgzbhJEz5UEo8uWtcPV4AaABAg.AFMgQXrsFk9AFMiAHYJ78r,"Mir auch. Dazu erinner ich mich noch zu sehr zu Merkels Zeiten. Ich war in Schockstarre, als es hieß, er könnte Kanzler werden 😡","Ich bin erstaunt, dass so viele Menschen enttäuscht sind von Merz. Mir war es von Anfang an klar, dass man ihm nicht vertrauen kann.",,friedrich merz,24
ai,AfD-Chefin Weidel: Keine Koalition mit der CDU unter Friedrich Merz | Markus Lanz vom 06. März 2025,UgzbhJEz5UEo8uWtcPV4AaABAg.AFMgQXrsFk9AFMil-CvqoR,@user So ging es mir bei der Weidel🥴🤷♀️,"Ich bin erstaunt, dass so viele Menschen enttäuscht sind von Merz. Mir war es von Anfang an klar, dass man ihm nicht vertrauen kann.",,afd,8
ai,AfD-Chefin Weidel: Keine Koalition mit der CDU unter Friedrich Merz | Markus Lanz vom 06. März 2025,UgzbhJEz5UEo8uWtcPV4AaABAg.AFMgQXrsFk9AFMiyWNNteP,"Mir auch, man spürt was er für ein unaufrichtiger Lügen Mensch ist aus jeder Pore.... es gibt davon auch 1000 Video Beweise bereits heute A morgen B! Mir was es auch zu 100% klar was das für ne Sorte Mensch ist!","Ich bin erstaunt, dass so viele Menschen enttäuscht sind von Merz. Mir war es von Anfang an klar, dass man ihm nicht vertrauen kann.",,friedrich merz,41
ai,AfD-Chefin Weidel: Keine Koalition mit der CDU unter Friedrich Merz | Markus Lanz vom 06. März 2025,UgzbhJEz5UEo8uWtcPV4AaABAg.AFMgQXrsFk9AFMizO-Rvrb,Der AfD aber auch nicht.,"Ich bin erstaunt, dass so viele Menschen enttäuscht sind von Merz. Mir war es von Anfang an klar, dass man ihm nicht vertrauen kann.",,afd,5
ai,AfD-Chefin Weidel: Keine Koalition mit der CDU unter Friedrich Merz | Markus Lanz vom 06. März 2025,UgzbhJEz5UEo8uWtcPV4AaABAg.AFMgQXrsFk9AFMjp97m7KP,"@user Schwachsinn? Es gibt von keinem Politiker mehr Videobeweise als von Merz, heute A morgen B das ist seine DNA und du redest von Schwachsinn. 😂 Auf welchem Planeten lebst du?","Ich bin erstaunt, dass so viele Menschen enttäuscht sind von Merz. Mir war es von Anfang an klar, dass man ihm nicht vertrauen kann.",,friedrich merz,31
ai,AfD-Chefin Weidel: Keine Koalition mit der CDU unter Friedrich Merz | Markus Lanz vom 06. März 2025,UgzbhJEz5UEo8uWtcPV4AaABAg.AFMgQXrsFk9AFMkgj39teS,"Spätestens nachdem er den Bundestag im November belogen hat, hätte jeder wissen müssen, dass er ein Lügner und Wendehals ist. Aber auch die Tatsache, dass das CDU-Wahlprogramm eine Finanzierungslücke von 150 bis 230 Milliarden enthielt, wie verschiedene Wirtschaftsinstitute vor der Wahl unabhängig voneinander ausgerechnet haben, war bekannt. Und so genau hätte man es gar nicht ausrechnen brauchen, denn jedem hätte klar sein müssen, dass man nicht zig zusätzliche Milliarden raushauen kann ohne im gleichen Maße zu sparen, wenn man die Schuldenbremse beibehalten will. Auch hier hat Merz alle bewusst belogen.","Ich bin erstaunt, dass so viele Menschen enttäuscht sind von Merz. Mir war es von Anfang an klar, dass man ihm nicht vertrauen kann.",,"cdu, friedrich merz",90
ai,AfD-Chefin Weidel: Keine Koalition mit der CDU unter Friedrich Merz | Markus Lanz vom 06. März 2025,UgzbhJEz5UEo8uWtcPV4AaABAg.AFMgQXrsFk9AFMlk3aZ5BC,"Bin nicht enttäuscht von Merz, sondern von Lanz. Viel zu kurze, zu wenig in die Tiefe erklärte Beiträge der Gesprächspartner von Frau Weidel.","Ich bin erstaunt, dass so viele Menschen enttäuscht sind von Merz. Mir war es von Anfang an klar, dass man ihm nicht vertrauen kann.",,"afd, markus lanz",23
ai,AfD-Chefin Weidel: Keine Koalition mit der CDU unter Friedrich Merz | Markus Lanz vom 06. März 2025,UgzbhJEz5UEo8uWtcPV4AaABAg.AFMgQXrsFk9AFMmJFA5z7l,"Ich bin positiv überrascht! Hätte nie erwartet, dass er das mit der Schuldenbreme schafft","Ich bin erstaunt, dass so viele Menschen enttäuscht sind von Merz. Mir war es von Anfang an klar, dass man ihm nicht vertrauen kann.","friedrich merz, neue schulden",,14
ai,AfD-Chefin Weidel: Keine Koalition mit der CDU unter Friedrich Merz | Markus Lanz vom 06. März 2025,UgzbhJEz5UEo8uWtcPV4AaABAg.AFMgQXrsFk9AFMnAm9fklc,@user du den nicht was in Deutschland passiert 😮willst du wirklich noch mehr Syrier und Afghanen ?????😮😮😮😮,"Ich bin erstaunt, dass so viele Menschen enttäuscht sind von Merz. Mir war es von Anfang an klar, dass man ihm nicht vertrauen kann.",,migration,17
ai,AfD-Chefin Weidel: Keine Koalition mit der CDU unter Friedrich Merz | Markus Lanz vom 06. März 2025,UgzbhJEz5UEo8uWtcPV4AaABAg.AFMgQXrsFk9AFMpMn5_dvJ,"Tja,nun haben wir den Salat","Ich bin erstaunt, dass so viele Menschen enttäuscht sind von Merz. Mir war es von Anfang an klar, dass man ihm nicht vertrauen kann.",,friedrich merz,5
ai,AfD-Chefin Weidel: Keine Koalition mit der CDU unter Friedrich Merz | Markus Lanz vom 06. März 2025,UgzbhJEz5UEo8uWtcPV4AaABAg.AFMgQXrsFk9AFMpjAd-clX,"Was soll man sonst von den „Weiter so“-Wählern erwarten. Klar, sind die jetzt wieder alle überrascht. 😂","Ich bin erstaunt, dass so viele Menschen enttäuscht sind von Merz. Mir war es von Anfang an klar, dass man ihm nicht vertrauen kann.",,"cdu, friedrich merz",17
ai,AfD-Chefin Weidel: Keine Koalition mit der CDU unter Friedrich Merz | Markus Lanz vom 06. März 2025,UgzbhJEz5UEo8uWtcPV4AaABAg.AFMgQXrsFk9AFMpu7tcUry,Zum Glück haben 80% der Bevölkerung die gefährliche AFD nicht gewählt.,"Ich bin erstaunt, dass so viele Menschen enttäuscht sind von Merz. Mir war es von Anfang an klar, dass man ihm nicht vertrauen kann.",,afd,11
ai,AfD-Chefin Weidel: Keine Koalition mit der CDU unter Friedrich Merz | Markus Lanz vom 06. März 2025,UgzbhJEz5UEo8uWtcPV4AaABAg.AFMgQXrsFk9AFMq9mg3QuT,@user Für die Äußerungen seiner Gäste ist Lanz ja wohl kaum verantwortlich. Er selbst hat sehr genaue Fragen gestellt.,"Ich bin erstaunt, dass so viele Menschen enttäuscht sind von Merz. Mir war es von Anfang an klar, dass man ihm nicht vertrauen kann.",markus lanz,,19
ai,AfD-Chefin Weidel: Keine Koalition mit der CDU unter Friedrich Merz | Markus Lanz vom 06. März 2025,UgzbhJEz5UEo8uWtcPV4AaABAg.AFMgQXrsFk9AFMqNoFgKmw,Mir auch. Deshalb habe ich ihn nicht gewählt,"Ich bin erstaunt, dass so viele Menschen enttäuscht sind von Merz. Mir war es von Anfang an klar, dass man ihm nicht vertrauen kann.",,friedrich merz,8
ai,AfD-Chefin Weidel: Keine Koalition mit der CDU unter Friedrich Merz | Markus Lanz vom 06. März 2025,UgzbhJEz5UEo8uWtcPV4AaABAg.AFMgQXrsFk9AFMqcz9MlB5,@user behuete uns davon 😳🙏,"Ich bin erstaunt, dass so viele Menschen enttäuscht sind von Merz. Mir war es von Anfang an klar, dass man ihm nicht vertrauen kann.",,friedrich merz,5
ai,AfD-Chefin Weidel: Keine Koalition mit der CDU unter Friedrich Merz | Markus Lanz vom 06. März 2025,UgzbhJEz5UEo8uWtcPV4AaABAg.AFMgQXrsFk9AFMrH7rCkwa,Regiert er alleine??,"Ich bin erstaunt, dass so viele Menschen enttäuscht sind von Merz. Mir war es von Anfang an klar, dass man ihm nicht vertrauen kann.",friedrich merz,,3
ai,AfD-Chefin Weidel: Keine Koalition mit der CDU unter Friedrich Merz | Markus Lanz vom 06. März 2025,UgzbhJEz5UEo8uWtcPV4AaABAg.AFMgQXrsFk9AFMrk6XfHiv,"das ist doch Blödsinn, der versucht gerade unser aller Arsch zu retten","Ich bin erstaunt, dass so viele Menschen enttäuscht sind von Merz. Mir war es von Anfang an klar, dass man ihm nicht vertrauen kann.",friedrich merz,,12
ai,AfD-Chefin Weidel: Keine Koalition mit der CDU unter Friedrich Merz | Markus Lanz vom 06. März 2025,UgzbhJEz5UEo8uWtcPV4AaABAg.AFMgQXrsFk9AFMsWlwykzO,@user,"Ich bin erstaunt, dass so viele Menschen enttäuscht sind von Merz. Mir war es von Anfang an klar, dass man ihm nicht vertrauen kann.",friedrich merz,,1
ai,AfD-Chefin Weidel: Keine Koalition mit der CDU unter Friedrich Merz | Markus Lanz vom 06. März 2025,UgzbhJEz5UEo8uWtcPV4AaABAg.AFMgQXrsFk9AFMszOFtAD9,Kann ich nur beipflichten... Ich habe ihn nicht gewählt! Ich hab eh noch nie Altparteien gewählt und weiss warum...,"Ich bin erstaunt, dass so viele Menschen enttäuscht sind von Merz. Mir war es von Anfang an klar, dass man ihm nicht vertrauen kann.",,"cdu, friedrich merz",19
ai,AfD-Chefin Weidel: Keine Koalition mit der CDU unter Friedrich Merz | Markus Lanz vom 06. März 2025,UgzbhJEz5UEo8uWtcPV4AaABAg.AFMgQXrsFk9AFMtk3a7NoZ,"ja, aber so krass, die Wählerschaft zu täuschen und zu belügen, da gehört auch einiges dazu! Nach der Wahl ist vor der Wahl!","Ich bin erstaunt, dass so viele Menschen enttäuscht sind von Merz. Mir war es von Anfang an klar, dass man ihm nicht vertrauen kann.",,friedrich merz,23
ai,AfD-Chefin Weidel: Keine Koalition mit der CDU unter Friedrich Merz | Markus Lanz vom 06. März 2025,UgzbhJEz5UEo8uWtcPV4AaABAg.AFMgQXrsFk9AFMuNInwQKD,"ach kommt, mal ehrlich! JEDE Partei sagt vorher, was mit ihnen auf keinen Fall zu machen ist. Da aber KEINE Partei alleine regieren kann, muss man dann eben das Beste, was geht rausholen, das wäre bei den Linken, der AfD und der Tierschutzpartei auch nicht anders. Und bestimmte Dinge ergeben sich nun mal auch erst. Ich bin noch NICHT enttäuscht von Merz. Gebt denen doch auch erst einmal eine Chance. Mir ist ehrlich gesagt Wurst, wer wem jetzt mehr entgegen kommt, das Ergebnis ist wichtig und das kennen wir ALLE noch nicht, also seid fair.","Ich bin erstaunt, dass so viele Menschen enttäuscht sind von Merz. Mir war es von Anfang an klar, dass man ihm nicht vertrauen kann.",friedrich merz,,95
ai,AfD-Chefin Weidel: Keine Koalition mit der CDU unter Friedrich Merz | Markus Lanz vom 06. März 2025,UgzbhJEz5UEo8uWtcPV4AaABAg.AFMgQXrsFk9AFMuXqOc6C4,"Ich denke das wir CDU Wähler damit gerechnet haben , die Ampel ist am Geld gescheitert ! Es ist viel in der Tat , keine neue Regierung wer auch immer hätte das ohne schaffen können Die Situation erfordert Handeln .. Bei Frau Weidel müsste man bei jedem ja und Amen sagen , aber das sind nicht unsere Werte und der Mehrheit des Volkes auch nicht !","Ich bin erstaunt, dass so viele Menschen enttäuscht sind von Merz. Mir war es von Anfang an klar, dass man ihm nicht vertrauen kann.","cdu, neue schulden, sondervermoegen","afd, koalition mit der afd",66
ai,AfD-Chefin Weidel: Keine Koalition mit der CDU unter Friedrich Merz | Markus Lanz vom 06. März 2025,UgzbhJEz5UEo8uWtcPV4AaABAg.AFMgQXrsFk9AFMujuVxsb_,"Weil sie alle sehr tief schlafen & nicht sehen was hier seit Jahren im Hintergrund geschieht. Die sind ja schon zu faul nach für sie selber wichtigen Abstimmungen im Bundestag, beim Bund das Abstimmungsergebnis anzuschauen, dann wüssten sie das sehr viele vor der Kamera lügen & gegenteilig abstimmen. Als ob sie sich bewusst von der Wahrheit abschotten, nicht das ihre Lebenslüge aufliegt & sie sich grobe Fehler eingestehen müssen.","Ich bin erstaunt, dass so viele Menschen enttäuscht sind von Merz. Mir war es von Anfang an klar, dass man ihm nicht vertrauen kann.",,wahlversprechen,69
ai,AfD-Chefin Weidel: Keine Koalition mit der CDU unter Friedrich Merz | Markus Lanz vom 06. März 2025,UgzbhJEz5UEo8uWtcPV4AaABAg.AFMgQXrsFk9AFMulm6fdDn,İch würde ihm erst mal eine Chance geben! Egal wer jetzt auf der Macht wäre kann keine Wunder wirken .,"Ich bin erstaunt, dass so viele Menschen enttäuscht sind von Merz. Mir war es von Anfang an klar, dass man ihm nicht vertrauen kann.",friedrich merz,,20
ai,AfD-Chefin Weidel: Keine Koalition mit der CDU unter Friedrich Merz | Markus Lanz vom 06. März 2025,UgzbhJEz5UEo8uWtcPV4AaABAg.AFMgQXrsFk9AFMulnguenC,"@user, Rechtsradikalismus unterstützen wir nicht ! Dann würde ich meine Großeltern verraten , die das hautnah erlebt haben !!!","Ich bin erstaunt, dass so viele Menschen enttäuscht sind von Merz. Mir war es von Anfang an klar, dass man ihm nicht vertrauen kann.",,rechtsextremismus,19
ai,AfD-Chefin Weidel: Keine Koalition mit der CDU unter Friedrich Merz | Markus Lanz vom 06. März 2025,UgzbhJEz5UEo8uWtcPV4AaABAg.AFMgQXrsFk9AFMurIj-qYR,"Naja, als ob die Weidel jetzt 'ne Hoffnungsträgerin wäre. Die lügt und biegt sich, dass sich die Balken biegen. Wenn ich die Frau sehe, könnt ich nicht soviel fressen, wie ich kotzen möchte. Davon abgesehen, wer glaubt auch, dass mind. 3 User, die hier kommentieren, ein und die selbe AfD-Person sind?","Ich bin erstaunt, dass so viele Menschen enttäuscht sind von Merz. Mir war es von Anfang an klar, dass man ihm nicht vertrauen kann.",,afd,51
ai,AfD-Chefin Weidel: Keine Koalition mit der CDU unter Friedrich Merz | Markus Lanz vom 06. März 2025,UgzbhJEz5UEo8uWtcPV4AaABAg.AFMgQXrsFk9AFMuyGugk6v,@user geht noch?? İm April kommt die neue Regierung..was bisher Merz gemacht hat oder versucht zu machen ist nur ein Trailer !,"Ich bin erstaunt, dass so viele Menschen enttäuscht sind von Merz. Mir war es von Anfang an klar, dass man ihm nicht vertrauen kann.",,friedrich merz,22
ai,AfD-Chefin Weidel: Keine Koalition mit der CDU unter Friedrich Merz | Markus Lanz vom 06. März 2025,UgzbhJEz5UEo8uWtcPV4AaABAg.AFMgQXrsFk9AFMuzha3jnl,@user hat man euch schön verrarscht. :D,"Ich bin erstaunt, dass so viele Menschen enttäuscht sind von Merz. Mir war es von Anfang an klar, dass man ihm nicht vertrauen kann.",,friedrich merz,7
ai,AfD-Chefin Weidel: Keine Koalition mit der CDU unter Friedrich Merz | Markus Lanz vom 06. März 2025,UgzbhJEz5UEo8uWtcPV4AaABAg.AFMgQXrsFk9AFMv2HyBqDa,"@user die hatte bis jetzt noch nie einen Kanzler oder war in Verantwortung, woher willst du das wissen?","Ich bin erstaunt, dass so viele Menschen enttäuscht sind von Merz. Mir war es von Anfang an klar, dass man ihm nicht vertrauen kann.",afd,,18
ai,AfD-Chefin Weidel: Keine Koalition mit der CDU unter Friedrich Merz | Markus Lanz vom 06. März 2025,UgzbhJEz5UEo8uWtcPV4AaABAg.AFMgQXrsFk9AFMv7j278aL,"Er wurde m.M.n. damals von Angie "" entschwanzt "" ! Bedauerlich!","Ich bin erstaunt, dass so viele Menschen enttäuscht sind von Merz. Mir war es von Anfang an klar, dass man ihm nicht vertrauen kann.",friedrich merz,,11
ai,AfD-Chefin Weidel: Keine Koalition mit der CDU unter Friedrich Merz | Markus Lanz vom 06. März 2025,UgzbhJEz5UEo8uWtcPV4AaABAg.AFMgQXrsFk9AFMvCo22Jmj,Hatte jemals eine SPD oder CDU Regierung ihre Versprechen gehalten oder jemals was für das arbeitende Volk getan. Einfache Antwort nein. Nach jeder Wahl wurde das Leben etwas teurer. Wie kann man erwarten das es diesmal oder künftig anders wird? Nein es kann nur anders werden wenn man anders wählt. Zum Beispiel für Volksentscheid. Eine Partei die das ablehnt registriert nimals fürs Volk sondern vür macht und persönlichen Wohlstand.,"Ich bin erstaunt, dass so viele Menschen enttäuscht sind von Merz. Mir war es von Anfang an klar, dass man ihm nicht vertrauen kann.",,"cdu, wahlversprechen",69
ai,AfD-Chefin Weidel: Keine Koalition mit der CDU unter Friedrich Merz | Markus Lanz vom 06. März 2025,UgzbhJEz5UEo8uWtcPV4AaABAg.AFMgQXrsFk9AFMvM5U-XDz,Mir auch. Merz = Kriegstreiber. War lange vor der Wahl klar.,"Ich bin erstaunt, dass so viele Menschen enttäuscht sind von Merz. Mir war es von Anfang an klar, dass man ihm nicht vertrauen kann.",,friedrich merz,11
ai,AfD-Chefin Weidel: Keine Koalition mit der CDU unter Friedrich Merz | Markus Lanz vom 06. März 2025,UgzbhJEz5UEo8uWtcPV4AaABAg.AFMgQXrsFk9AFMvS5rQKkh,Dieses Weidel lügt ohne mit der Wimper zu zucken…,"Ich bin erstaunt, dass so viele Menschen enttäuscht sind von Merz. Mir war es von Anfang an klar, dass man ihm nicht vertrauen kann.",,afd,9
ai,AfD-Chefin Weidel: Keine Koalition mit der CDU unter Friedrich Merz | Markus Lanz vom 06. März 2025,UgzbhJEz5UEo8uWtcPV4AaABAg.AFMgQXrsFk9AFMvYQiYqrW,Ich bin erstaunt dass so viele Trottel dieser Frau glauben.,"Ich bin erstaunt, dass so viele Menschen enttäuscht sind von Merz. Mir war es von Anfang an klar, dass man ihm nicht vertrauen kann.",,afd,10
ai,AfD-Chefin Weidel: Keine Koalition mit der CDU unter Friedrich Merz | Markus Lanz vom 06. März 2025,UgzbhJEz5UEo8uWtcPV4AaABAg.AFMgQXrsFk9AFMw5y0qBjn,"weil er nicht mit einer verlogenen Tusse arbeitet, die behauptete Hitler war Kommunist? Kann die Schweiz bitte Schnitzelfresse behalten?","Ich bin erstaunt, dass so viele Menschen enttäuscht sind von Merz. Mir war es von Anfang an klar, dass man ihm nicht vertrauen kann.",friedrich merz,"afd, koalition mit der afd, rechtsextremismus",19
ai,AfD-Chefin Weidel: Keine Koalition mit der CDU unter Friedrich Merz | Markus Lanz vom 06. März 2025,UgzbhJEz5UEo8uWtcPV4AaABAg.AFMgQXrsFk9AFMwBG5gOYT,Wo ist denn das Problem mit Merz. Ich kapier es leider nicht. Wir müssen Geld in die Hand nehmen und das Land wieder voranbringen.,"Ich bin erstaunt, dass so viele Menschen enttäuscht sind von Merz. Mir war es von Anfang an klar, dass man ihm nicht vertrauen kann.","friedrich merz, in infrastruktur investieren, neue schulden",,24
ai,AfD-Chefin Weidel: Keine Koalition mit der CDU unter Friedrich Merz | Markus Lanz vom 06. März 2025,UgzbhJEz5UEo8uWtcPV4AaABAg.AFMgQXrsFk9AFMwGM6SCIl,"Deshalb haben ja auch alle Merz davor gewarnt, das Blaue vom Himmel ohne jede Gegenfinanzierung zu versprechen.","Ich bin erstaunt, dass so viele Menschen enttäuscht sind von Merz. Mir war es von Anfang an klar, dass man ihm nicht vertrauen kann.",,friedrich merz,17
ai,AfD-Chefin Weidel: Keine Koalition mit der CDU unter Friedrich Merz | Markus Lanz vom 06. März 2025,UgzbhJEz5UEo8uWtcPV4AaABAg.AFMgQXrsFk9AFMwZn6mwv4,Ich hoffe die Grünen setzen bei der geplanten Sondervermögen noch ein paar Punkte in Sachen Klimaschutz. Sonst kann Merz ja mit der Linken über die komplette Abschaffung der Schuldenbremse verhandeln. Das wäre eh sinnvoller und hätte Merz voll verdient.,"Ich bin erstaunt, dass so viele Menschen enttäuscht sind von Merz. Mir war es von Anfang an klar, dass man ihm nicht vertrauen kann.","neue schulden, sondervermoegen",friedrich merz,39
ai,AfD-Chefin Weidel: Keine Koalition mit der CDU unter Friedrich Merz | Markus Lanz vom 06. März 2025,UgzbhJEz5UEo8uWtcPV4AaABAg.AFMgQXrsFk9AFMwjMx2w7l,Ich denke das nicht fiele enttäusch sind natürlich Hätte man das anders machen können aber ich find das es die richtige Entscheidung war und der DAX spiegelt das auch wieder,"Ich bin erstaunt, dass so viele Menschen enttäuscht sind von Merz. Mir war es von Anfang an klar, dass man ihm nicht vertrauen kann.",friedrich merz,,30
ai,AfD-Chefin Weidel: Keine Koalition mit der CDU unter Friedrich Merz | Markus Lanz vom 06. März 2025,UgzbhJEz5UEo8uWtcPV4AaABAg.AFMgQXrsFk9AFMwqEX2Y91,"@user Merz bzw die CDU hat vorher das Gegenteil versprochen. Ich bin gespannt, ob die Reform der Schuldenbremse und die Sondervermögen überhaupt eine 2/3el-Mehrheit in der CDU finden. Die meisten von denen wissen ja nicht mal was das ist und wie das Geldsystem funktioniert.","Ich bin erstaunt, dass so viele Menschen enttäuscht sind von Merz. Mir war es von Anfang an klar, dass man ihm nicht vertrauen kann.",,"cdu, friedrich merz",44
ai,AfD-Chefin Weidel: Keine Koalition mit der CDU unter Friedrich Merz | Markus Lanz vom 06. März 2025,UgzbhJEz5UEo8uWtcPV4AaABAg.AFMgQXrsFk9AFMxJkI-Btv,"@user die überwiegende Mehrheit der Unionswähler will das die Schuldenbremse in diesen Zeiten ad Acta gelegt wird und die überwiegende Mehrheit in der Bevölkerung ca 80-85%ebenso und genau danach muss er sich richten,ich meine,du brauchst dich ja nur im Land umzugucken und Scheuklappen absetzen nicht vergessen und du wirst feststellen, daß es gemacht werden muss, alles andere wäre Stuss","Ich bin erstaunt, dass so viele Menschen enttäuscht sind von Merz. Mir war es von Anfang an klar, dass man ihm nicht vertrauen kann.","friedrich merz, neue schulden",,59
ai,AfD-Chefin Weidel: Keine Koalition mit der CDU unter Friedrich Merz | Markus Lanz vom 06. März 2025,UgzbhJEz5UEo8uWtcPV4AaABAg.AFMgQXrsFk9AFMxKnm9iHj,Die Schlafschafe der Unions Wähler wachen jetzt in der Realität auf,"Ich bin erstaunt, dass so viele Menschen enttäuscht sind von Merz. Mir war es von Anfang an klar, dass man ihm nicht vertrauen kann.",,cdu,11
ai,AfD-Chefin Weidel: Keine Koalition mit der CDU unter Friedrich Merz | Markus Lanz vom 06. März 2025,UgzbhJEz5UEo8uWtcPV4AaABAg.AFMgQXrsFk9AFMxzRyH16E,"@user Ach, da zeigt man in der ARD mal wieder ein paar Berichte, die das ins positive Licht rücken und die Masse ist besänftigt. Die einzige Enttäuschung hier sind die Bürger, die alles 1:1 als eigene Meinung übernehmen, was man ihnen vorserzt. Kritisches Hinterfragen Fehlanzeige.","Ich bin erstaunt, dass so viele Menschen enttäuscht sind von Merz. Mir war es von Anfang an klar, dass man ihm nicht vertrauen kann.",,oeffentlich-rechtlicher rundfunk,45
ai,AfD-Chefin Weidel: Keine Koalition mit der CDU unter Friedrich Merz | Markus Lanz vom 06. März 2025,UgzbhJEz5UEo8uWtcPV4AaABAg.AFMgQXrsFk9AFMyCpgaJMr,"@user Das wisst ihr woher? Viele AFD Wähler sind die Allerersten, die beim versagen der AFD Regierung aufstehen. Die Altparteien verarschen uns min. seit 23 Jahren auf aller räudigste Art. Ich kann nur für mich sprechen (viele ticken ähnlich), aber ich schau mir die Verarsche bei Blau keine Legislatur an! Ich würde schon jetzt durchdrehen, würde sich die AFD nach dem Wahlsieg so verhalten wie die CDU in der letzten Woche. Das wäre das letzte Mal das ich AFD wähle, aber ich gehe auf keinen Fall zu den Altparteien zurück. Dann bleibt nur die Revolution als letztes Mittel, weil das perverse System weg muss & der Bürger braucht mehr Einfluss auf die Politik. Das geht nicht ohne direkte Demokratie, sonst verarschen sie uns wieder in 2-3 Legislaturen! Wichtig ist das jegliche Ideologie aus dem öffentlichen Raum & der Politik verschwindet, das gilt auch für rechts, ansonsten habe ich wieder einen Grund gegen die AFD zu eskalieren, obwohl ich sie seit 2018 wähle. Ich habe kein Bock auf ideologische Beeinflussung durch die Politik! Was privat finanzierte Medien & der Bürger macht, muss mir als Demokrat egal sein! Aktuell wird mit unserem Steuergeld gegen uns demonstriert, wie krank ist das denn?! Und wir sollen die Antidemokraten sein, ist klar. Eigentlich wollte ich eine Revolution immer vermeiden, weil man nicht weiß ob sie friedlich bleibt. Kombiniert mit so vielen gewaltbereiten Migranten, steigt die Eskalationsgefahr sowieso an. Wenn die das bei uns sehen machen sie in ihrer verrohten Art mit oder gehen auf uns & Integrierte ab, wenn das System die Kontrolle verliert. Es darf erst gar nicht dazu kommen, was nur gelingt, wenn man die Brandmauer auch in der Bevölkerung niederreißt! Die Hetzerei untereinander muss aufhören, sonst geht es bis zum großen Knall immer so weiter.","Ich bin erstaunt, dass so viele Menschen enttäuscht sind von Merz. Mir war es von Anfang an klar, dass man ihm nicht vertrauen kann.","afd, koalition mit der afd","cdu, migration",293
ai,AfD-Chefin Weidel: Keine Koalition mit der CDU unter Friedrich Merz | Markus Lanz vom 06. März 2025,UgzbhJEz5UEo8uWtcPV4AaABAg.AFMgQXrsFk9AFMyv_RP0nA,"Mir fällt noch was hat sie gesagt wenn Höcke in Thüringen Ministerpräsident wird dann wird aufgeräumt! Da lief es mir eiskalt über demRücken , hatten wir das in der Vergangenheit nicht schonmal ? Werden dann Migranten in Handschellen und Fußketten entsorgt ?","Ich bin erstaunt, dass so viele Menschen enttäuscht sind von Merz. Mir war es von Anfang an klar, dass man ihm nicht vertrauen kann.",migration,"afd, rechtsextremismus",42
ai,AfD-Chefin Weidel: Keine Koalition mit der CDU unter Friedrich Merz | Markus Lanz vom 06. März 2025,UgzbhJEz5UEo8uWtcPV4AaABAg.AFMgQXrsFk9AFMzBPVG1pP,"War mir völlig klar und ist gut was Merz da macht.
Wir müssen soviel Geld in die Hand nehmen, versteht jeder.","Ich bin erstaunt, dass so viele Menschen enttäuscht sind von Merz. Mir war es von Anfang an klar, dass man ihm nicht vertrauen kann.","friedrich merz, neue schulden, sondervermoegen",,21
ai,AfD-Chefin Weidel: Keine Koalition mit der CDU unter Friedrich Merz | Markus Lanz vom 06. März 2025,UgzbhJEz5UEo8uWtcPV4AaABAg.AFMgQXrsFk9AFMzZivQXcs,"Oh man kann ihm sehr wohl vertrauen. Man bedenke wie blitzschnell die politische Verhältnisse sich ändern: unberechenbarer Trump, die Tatsache dass Deutschland sowie Europa endlich auf eigenen Füssen stehen soll/ muss und die Aufrüstung allein sowie Bundeswehr u nd und und...Dafür braucht man unmengen von Geld das die Ampel sinnlos verpulvert hat: bürgergeld dass alle bekommen die daher kommen und krankenversorgung. Und ich denke man muss mal endlich lernen selbständig zu denken und nicht immer auf das geschwaffel der anderer hören Man denke nur was fr.Waidel für Töne spuckt. Die würde uns glatt an den Putin/Trump mob verkaufen","Ich bin erstaunt, dass so viele Menschen enttäuscht sind von Merz. Mir war es von Anfang an klar, dass man ihm nicht vertrauen kann.","friedrich merz, neue schulden, sondervermoegen","afd, migration",98
ai,AfD-Chefin Weidel: Keine Koalition mit der CDU unter Friedrich Merz | Markus Lanz vom 06. März 2025,UgzbhJEz5UEo8uWtcPV4AaABAg.AFMgQXrsFk9AFMzg5GZYVU,Sicher besser als die AfD lol,"Ich bin erstaunt, dass so viele Menschen enttäuscht sind von Merz. Mir war es von Anfang an klar, dass man ihm nicht vertrauen kann.",friedrich merz,afd,6
ai,AfD-Chefin Weidel: Keine Koalition mit der CDU unter Friedrich Merz | Markus Lanz vom 06. März 2025,UgzbhJEz5UEo8uWtcPV4AaABAg.AFMgQXrsFk9AFMzqjWT06W,"Quatsch!!! Er will und hat erkannt, dass er es nicht so kann, weil es keine passende Partei zur Koalition hat! Schade und ich hoffe, dass er, wenn der Kanzler ist, einiges wieder aktivieren kann!!! Frau Weidel geht gar nicht …; wenn auch nicht alles falsch ist, was diese Partei will und auch nicht kann … !!!","Ich bin erstaunt, dass so viele Menschen enttäuscht sind von Merz. Mir war es von Anfang an klar, dass man ihm nicht vertrauen kann.",friedrich merz,"afd, koalition mit der afd",56
ai,AfD-Chefin Weidel: Keine Koalition mit der CDU unter Friedrich Merz | Markus Lanz vom 06. März 2025,UgzbhJEz5UEo8uWtcPV4AaABAg.AFMgQXrsFk9AFN-IU4jdwI,Darum habe ich die Grünen gewählt. 👍,"Ich bin erstaunt, dass so viele Menschen enttäuscht sind von Merz. Mir war es von Anfang an klar, dass man ihm nicht vertrauen kann.",,friedrich merz,7
ai,AfD-Chefin Weidel: Keine Koalition mit der CDU unter Friedrich Merz | Markus Lanz vom 06. März 2025,UgzbhJEz5UEo8uWtcPV4AaABAg.AFMgQXrsFk9AFN-JOtInh1,"@user wen??? Dann haben wir Putin wieder als Gast und erpressbare Wirtschaftspolitik! Chaos ist weltweit und Frau W. ist „ Neunmalklug“ und könnte doch mit H. Vance gemeinsam Herrn Putin befrieden, dann überzeugt sie auch mich!!! 🤔🙏","Ich bin erstaunt, dass so viele Menschen enttäuscht sind von Merz. Mir war es von Anfang an klar, dass man ihm nicht vertrauen kann.",,afd,37
ai,AfD-Chefin Weidel: Keine Koalition mit der CDU unter Friedrich Merz | Markus Lanz vom 06. März 2025,UgzbhJEz5UEo8uWtcPV4AaABAg.AFMgQXrsFk9AFN-Qf_PMJx,"@user, Lanz und Gäste haben versagt mit Argumenten!","Ich bin erstaunt, dass so viele Menschen enttäuscht sind von Merz. Mir war es von Anfang an klar, dass man ihm nicht vertrauen kann.",,markus lanz,8
ai,AfD-Chefin Weidel: Keine Koalition mit der CDU unter Friedrich Merz | Markus Lanz vom 06. März 2025,UgzbhJEz5UEo8uWtcPV4AaABAg.AFMgQXrsFk9AFN-oHBPEGT,@user wir sehen der Realität ins Auge ! Trump ist nicht zuverlässig ! Zölle anberaumt und heute wieder zurückgenommen siehe Kanada und México !!! Wir müssen Geld in die Hand nehmen..,"Ich bin erstaunt, dass so viele Menschen enttäuscht sind von Merz. Mir war es von Anfang an klar, dass man ihm nicht vertrauen kann.",neue schulden,,31
ai,AfD-Chefin Weidel: Keine Koalition mit der CDU unter Friedrich Merz | Markus Lanz vom 06. März 2025,UgzbhJEz5UEo8uWtcPV4AaABAg.AFMgQXrsFk9AFN-pbuFhtY,"Gespielte Empörung besonders von der Weidel.
Sie weiß ganz genau, dass Deutschland Investitionen über die Schuldenbremse hinaus braucht, will aber dagegen sein, weil es die AfD stärkt, wenn es den Menschen in Deutschland schlecht geht. Ich finde es ebenso bezeichnend, wie sich Alice Weidel wieder in die verblödete Opferrolle gestellt hat.","Ich bin erstaunt, dass so viele Menschen enttäuscht sind von Merz. Mir war es von Anfang an klar, dass man ihm nicht vertrauen kann.","in infrastruktur investieren, neue schulden",afd,51
ai,AfD-Chefin Weidel: Keine Koalition mit der CDU unter Friedrich Merz | Markus Lanz vom 06. März 2025,UgzbhJEz5UEo8uWtcPV4AaABAg.AFMgQXrsFk9AFN0DLtJakc,Die afd findet im diskurs gar nicht statt. Nicht ernstzunehmen diese partei .,"Ich bin erstaunt, dass so viele Menschen enttäuscht sind von Merz. Mir war es von Anfang an klar, dass man ihm nicht vertrauen kann.",,afd,13
ai,AfD-Chefin Weidel: Keine Koalition mit der CDU unter Friedrich Merz | Markus Lanz vom 06. März 2025,UgzbhJEz5UEo8uWtcPV4AaABAg.AFMgQXrsFk9AFN0N7TIf6b,@user aber Weidel nein !!!,"Ich bin erstaunt, dass so viele Menschen enttäuscht sind von Merz. Mir war es von Anfang an klar, dass man ihm nicht vertrauen kann.",,afd,5
ai,AfD-Chefin Weidel: Keine Koalition mit der CDU unter Friedrich Merz | Markus Lanz vom 06. März 2025,UgzbhJEz5UEo8uWtcPV4AaABAg.AFMgQXrsFk9AFN15V2jfrD,"Der dumme durchschnittsbürger hat sich einlullen lassen. Wie immer, war doch von Anfang an klar was gespielt wird wie kann man das vorher nicht sehen 😂","Ich bin erstaunt, dass so viele Menschen enttäuscht sind von Merz. Mir war es von Anfang an klar, dass man ihm nicht vertrauen kann.",,friedrich merz,26
ai,AfD-Chefin Weidel: Keine Koalition mit der CDU unter Friedrich Merz | Markus Lanz vom 06. März 2025,UgzbhJEz5UEo8uWtcPV4AaABAg.AFMgQXrsFk9AFN1Gq7ExRC,"Mir war von Anfang an klar, das Veränderungen Geld kostet. Aber viele Wähler haben Probleme mit zuviel Realität...","Ich bin erstaunt, dass so viele Menschen enttäuscht sind von Merz. Mir war es von Anfang an klar, dass man ihm nicht vertrauen kann.",neue schulden,,18
ai,AfD-Chefin Weidel: Keine Koalition mit der CDU unter Friedrich Merz | Markus Lanz vom 06. März 2025,UgzbhJEz5UEo8uWtcPV4AaABAg.AFMgQXrsFk9AFN1veIv8pC,@user hat Frau Weidel getan? Die Altparteien haben ihre Wahlversprechen gebrochen,"Ich bin erstaunt, dass so viele Menschen enttäuscht sind von Merz. Mir war es von Anfang an klar, dass man ihm nicht vertrauen kann.",afd,cdu,11
ai,AfD-Chefin Weidel: Keine Koalition mit der CDU unter Friedrich Merz | Markus Lanz vom 06. März 2025,UgzbhJEz5UEo8uWtcPV4AaABAg.AFMgQXrsFk9AFN2-Cy4EEN,"@user Wer ständig vom Rechtsradikalismus redet ohne Belege, ist gesichert linksradikal.","Ich bin erstaunt, dass so viele Menschen enttäuscht sind von Merz. Mir war es von Anfang an klar, dass man ihm nicht vertrauen kann.",,rechtsextremismus,11
ai,AfD-Chefin Weidel: Keine Koalition mit der CDU unter Friedrich Merz | Markus Lanz vom 06. März 2025,UgzbhJEz5UEo8uWtcPV4AaABAg.AFMgQXrsFk9AFN2MabwM6a,"@user sich mit wirtschaft auskennt, war dies schon bewusst.alles gelaber, selbst die AfD haette so handeln muessen.aber sie ist von goldman Sachs.solang ihr Gehalt hoch genug ist, ist es egal da schule und Straßen kaputt gespart werden, medizin gsrnicht erst anzufangen.deutschland ist 1000fach produktiver als vor 50 Jahren, was denkt sie woher ihr mehrwertgeld kommt? 😂 staatschulden sind das privat geld.geld faellt nicht vom baum","Ich bin erstaunt, dass so viele Menschen enttäuscht sind von Merz. Mir war es von Anfang an klar, dass man ihm nicht vertrauen kann.","in infrastruktur investieren, neue schulden",afd,65
ai,AfD-Chefin Weidel: Keine Koalition mit der CDU unter Friedrich Merz | Markus Lanz vom 06. März 2025,UgzbhJEz5UEo8uWtcPV4AaABAg.AFMgQXrsFk9AFN2kVxzvcv,Wie bitte Lanz ist ein Idiot @user,"Ich bin erstaunt, dass so viele Menschen enttäuscht sind von Merz. Mir war es von Anfang an klar, dass man ihm nicht vertrauen kann.",,markus lanz,7
ai,AfD-Chefin Weidel: Keine Koalition mit der CDU unter Friedrich Merz | Markus Lanz vom 06. März 2025,UgzbhJEz5UEo8uWtcPV4AaABAg.AFMgQXrsFk9AFN2zOVKdDG,@user die richtige Blaue Partei die Frieden will,"Ich bin erstaunt, dass so viele Menschen enttäuscht sind von Merz. Mir war es von Anfang an klar, dass man ihm nicht vertrauen kann.",afd,,8
ai,AfD-Chefin Weidel: Keine Koalition mit der CDU unter Friedrich Merz | Markus Lanz vom 06. März 2025,UgzbhJEz5UEo8uWtcPV4AaABAg.AFMgQXrsFk9AFN31m_sudI,"@user Ja, ich war mal 1994 in einer, Partei NEUES BWUSSTSEIN wi ich bei der, Landtagswahl auch kandidiert. War eine spannende Zeit Hinterher wurde die Partei aufgelöst, und es entstand DIE VIOLETTEN, wo ich aber dann recht schnell ausstieg. Die beiden Parteien wählte ich. Danach hatte ich die Tierschutzpartei gewählt...
2021 bei der Landtags und Bundestagswahl wählte ich die AfD, zumal auch ein guter Freund von mir sich aufstellen ließ. 2020 drückte ich mir das, fast 80 seitige Wahlprogramm aus, und las mirs genau durch
Darüber hinaus las ich ab 1987 einschlägige Bücher ua, über die wahre Geschichte über Deutschland und stellte fest, dass auch schon Prof Dr Baring, Historiker und Politwissenschaftler, sowie Träger des Bundesverdienstkreuzes im Bayr Rundfunk sagte, dass die Na... S LINKS gewesen seien, was ich auch aus meinen Büchern erfuhr... Manche Bücher wurden sogar später verboten, aber ich war schneller mit bestellen und kaufen. 😉
Ich kann hier leider nicht mehr schreiben, weil YT mich ein paar mal in der Kommentarfunktion gesperrt hatte, für 24 Stunden...","Ich bin erstaunt, dass so viele Menschen enttäuscht sind von Merz. Mir war es von Anfang an klar, dass man ihm nicht vertrauen kann.",afd,,170
ai,AfD-Chefin Weidel: Keine Koalition mit der CDU unter Friedrich Merz | Markus Lanz vom 06. März 2025,UgzbhJEz5UEo8uWtcPV4AaABAg.AFMgQXrsFk9AFN39eUnt4-,@user ist Rechtsradikal die CDU doch Lügen wie 33,"Ich bin erstaunt, dass so viele Menschen enttäuscht sind von Merz. Mir war es von Anfang an klar, dass man ihm nicht vertrauen kann.",,"cdu, rechtsextremismus",9
ai,AfD-Chefin Weidel: Keine Koalition mit der CDU unter Friedrich Merz | Markus Lanz vom 06. März 2025,UgzbhJEz5UEo8uWtcPV4AaABAg.AFMgQXrsFk9AFN3JLa5zHN,@user Schwachsinn? Mit wem will er sein Wahlprogramm durchsetzen? Mit den Antifa Freunden der SPD und auch mit den Grünen nicht möglich. Er ist ja jetzt schneller umgefallen als zu erwarten war.,"Ich bin erstaunt, dass so viele Menschen enttäuscht sind von Merz. Mir war es von Anfang an klar, dass man ihm nicht vertrauen kann.",,friedrich merz,32
ai,AfD-Chefin Weidel: Keine Koalition mit der CDU unter Friedrich Merz | Markus Lanz vom 06. März 2025,UgzbhJEz5UEo8uWtcPV4AaABAg.AFMgQXrsFk9AFN3LMbDlI7,Schwarzwählerdeppen !!!!!!!!!!!!!!!!!!!!!!!,"Ich bin erstaunt, dass so viele Menschen enttäuscht sind von Merz. Mir war es von Anfang an klar, dass man ihm nicht vertrauen kann.",,cdu,2
ai,AfD-Chefin Weidel: Keine Koalition mit der CDU unter Friedrich Merz | Markus Lanz vom 06. März 2025,UgzbhJEz5UEo8uWtcPV4AaABAg.AFMgQXrsFk9AFN3X4IZ_9B,"@user hat Fragen gestellt, es fehlt im aber der geistige Tiefgang. Frau Dr. Weidel hat dieser ganzen Runde gekontert.😊","Ich bin erstaunt, dass so viele Menschen enttäuscht sind von Merz. Mir war es von Anfang an klar, dass man ihm nicht vertrauen kann.",afd,,19
ai,AfD-Chefin Weidel: Keine Koalition mit der CDU unter Friedrich Merz | Markus Lanz vom 06. März 2025,UgzbhJEz5UEo8uWtcPV4AaABAg.AFMgQXrsFk9AFNBSPr4PsT,"Die richtige und notwendige Entscheidung von Merz in einer sich schnell und radikal verändernden Welt. 0,0% CDU'ler hier, aber die Entscheidung hat mein Vertrauen in Merz gestärkt.","Ich bin erstaunt, dass so viele Menschen enttäuscht sind von Merz. Mir war es von Anfang an klar, dass man ihm nicht vertrauen kann.","friedrich merz, sondervermoegen",,27
