annotator,title,comment_id,comment_text,context,stance_pro,stance_con,word_count
ai,Guerre en Ukraine/ingérence: l'interview du porte-parole de l'ambassade de Russie en intégralité,Ugw7NcMuZ2HOMdXuUV14AaABAg,Il faut absolument aider l Ukraine en envoyant macron et ses électeurs,Il faut absolument aider l Ukraine en envoyant macron et ses électeurs,,"aide a l ukraine, emmanuel macron",12
ai,Guerre en Ukraine/ingérence: l'interview du porte-parole de l'ambassade de Russie en intégralité,Ugw7NcMuZ2HOMdXuUV14AaABAg.A4HDeiIf2S9A4HGkyRM_cz,"Bonne idee..
Pour les inscrire sur la liste des electeurs ''Ukrainiens'' et auront le droit de vote....pour assurer le prochain Mandat pour Zelensky...",Il faut absolument aider l Ukraine en envoyant macron et ses électeurs,,guerre en ukraine,23
ai,Guerre en Ukraine/ingérence: l'interview du porte-parole de l'ambassade de Russie en intégralité,Ugw7NcMuZ2HOMdXuUV14AaABAg.A4HDeiIf2S9A4HGwMWcWKd,Non seulement Macron et ses amis mais aussi les JOURNALEUX de bfmtv…,Il faut absolument aider l Ukraine en envoyant macron et ses électeurs,,"bfmtv, emmanuel macron, journalisme francais",12
ai,Guerre en Ukraine/ingérence: l'interview du porte-parole de l'ambassade de Russie en intégralité,Ugw7NcMuZ2HOMdXuUV14AaABAg.A4HDeiIf2S9A4HHyF7IpQ2,quelle bonne idée !,Il faut absolument aider l Ukraine en envoyant macron et ses électeurs,,"aide a l ukraine, emmanuel macron",4
ai,Guerre en Ukraine/ingérence: l'interview du porte-parole de l'ambassade de Russie en intégralité,Ugw7NcMuZ2HOMdXuUV14AaABAg.A4HDeiIf2S9A4HJbXZXPp1,Bravo 👏 est Brigitte avec,Il faut absolument aider l Ukraine en envoyant macron et ses électeurs,,emmanuel macron,5
ai,Guerre en Ukraine/ingérence: l'interview du porte-parole de l'ambassade de Russie en intégralité,Ugw7NcMuZ2HOMdXuUV14AaABAg.A4HDeiIf2S9A4HJl_IuLtK,Bonne idée 😂😂😂,Il faut absolument aider l Ukraine en envoyant macron et ses électeurs,,emmanuel macron,3
ai,Guerre en Ukraine/ingérence: l'interview du porte-parole de l'ambassade de Russie en intégralité,Ugw7NcMuZ2HOMdXuUV14AaABAg.A4HDeiIf2S9A4HL1VLF4kR,Je valide,Il faut absolument aider l Ukraine en envoyant macron et ses électeurs,aide a l ukraine,emmanuel macron,2
ai,Guerre en Ukraine/ingérence: l'interview du porte-parole de l'ambassade de Russie en intégralité,Ugw7NcMuZ2HOMdXuUV14AaABAg.A4HDeiIf2S9A4HMy7IqLo-,"Les nouveaux électeurs ou les anciens. PS, je suis un ancien électeur 😂",Il faut absolument aider l Ukraine en envoyant macron et ses électeurs,,emmanuel macron,13
ai,Guerre en Ukraine/ingérence: l'interview du porte-parole de l'ambassade de Russie en intégralité,Ugw7NcMuZ2HOMdXuUV14AaABAg.A4HDeiIf2S9A4HNzKb1Grk,"Ce serait l ideal,+ tous ses lobbies,+tous ses parlementaires ....isnt'it??",Il faut absolument aider l Ukraine en envoyant macron et ses électeurs,,emmanuel macron,10
ai,Guerre en Ukraine/ingérence: l'interview du porte-parole de l'ambassade de Russie en intégralité,Ugw7NcMuZ2HOMdXuUV14AaABAg.A4HDeiIf2S9A4HQwN34xAr,On va déjà envoyer le collabo en Russie ça fera le ménage,Il faut absolument aider l Ukraine en envoyant macron et ses électeurs,,emmanuel macron,12
ai,Guerre en Ukraine/ingérence: l'interview du porte-parole de l'ambassade de Russie en intégralité,Ugw7NcMuZ2HOMdXuUV14AaABAg.A4HDeiIf2S9A4HRfwr6Zc-,Excellente idée !,Il faut absolument aider l Ukraine en envoyant macron et ses électeurs,,"aide a l ukraine, emmanuel macron",3
ai,Guerre en Ukraine/ingérence: l'interview du porte-parole de l'ambassade de Russie en intégralité,Ugw7NcMuZ2HOMdXuUV14AaABAg.A4HDeiIf2S9A4HS-J1Kv4g,@user C’est la meilleure idée que quelqu’un pouvait poster en commentaire!!! 👍😆,Il faut absolument aider l Ukraine en envoyant macron et ses électeurs,,"aide a l ukraine, emmanuel macron",12
ai,Guerre en Ukraine/ingérence: l'interview du porte-parole de l'ambassade de Russie en intégralité,Ugw7NcMuZ2HOMdXuUV14AaABAg.A4HDeiIf2S9A4HSjItDCw9,"Le chef d'état français ira sur le front quand le guignol à Moscou fera de même. Pour l'heure c'est le clown le plus protégé de la planète, on se doute pourquoi.",Il faut absolument aider l Ukraine en envoyant macron et ses électeurs,emmanuel macron,vladimir poutine,31
ai,Guerre en Ukraine/ingérence: l'interview du porte-parole de l'ambassade de Russie en intégralité,Ugw7NcMuZ2HOMdXuUV14AaABAg.A4HDeiIf2S9A4HTlaWn6hE,".. + Gluksman et autres soldats de salon qui veulent la guerre, j'ouvre une cagnotte pour leur payer l'aller , pas le retour c'est pas la peine 😉et BHL dans la soute.",Il faut absolument aider l Ukraine en envoyant macron et ses électeurs,,guerre en ukraine,32
ai,Guerre en Ukraine/ingérence: l'interview du porte-parole de l'ambassade de Russie en intégralité,Ugw7NcMuZ2HOMdXuUV14AaABAg.A4HDeiIf2S9A4HWND8L5SH,@user Et de LCI !,Il faut absolument aider l Ukraine en envoyant macron et ses électeurs,,journalisme francais,5
ai,Guerre en Ukraine/ingérence: l'interview du porte-parole de l'ambassade de Russie en intégralité,Ugw7NcMuZ2HOMdXuUV14AaABAg.A4HDeiIf2S9A4HihxHU3GJ,Et toute sa clique ....au gouvernement ....et ..bon débarras ...,Il faut absolument aider l Ukraine en envoyant macron et ses électeurs,,emmanuel macron,10
ai,Guerre en Ukraine/ingérence: l'interview du porte-parole de l'ambassade de Russie en intégralité,Ugw7NcMuZ2HOMdXuUV14AaABAg.A4HDeiIf2S9A4HwVJ5RNnr,Excellente idée. Cela permettrait à la Russie de gagner totalement cette guerre en 15 jours.,Il faut absolument aider l Ukraine en envoyant macron et ses électeurs,"guerre en ukraine, russie",emmanuel macron,15
ai,Guerre en Ukraine/ingérence: l'interview du porte-parole de l'ambassade de Russie en intégralité,Ugw7NcMuZ2HOMdXuUV14AaABAg.A4HDeiIf2S9A4I57SamQuH,Bravo...,Il faut absolument aider l Ukraine en envoyant macron et ses électeurs,,"aide a l ukraine, emmanuel macron",1
ai,Guerre en Ukraine/ingérence: l'interview du porte-parole de l'ambassade de Russie en intégralité,Ugw7NcMuZ2HOMdXuUV14AaABAg.A4HDeiIf2S9A4I5bZIVNil,"La France devient un ennemi prioritaire, à tuer en premier.",Il faut absolument aider l Ukraine en envoyant macron et ses électeurs,,aide a l ukraine,10
ai,Guerre en Ukraine/ingérence: l'interview du porte-parole de l'ambassade de Russie en intégralité,Ugw7NcMuZ2HOMdXuUV14AaABAg.A4HDeiIf2S9A4I7A0wOc6f,"Depuis que le RN dit qu' elle veut destituer Macron, ont n' attends encore pffff tous les mêmes 😡",Il faut absolument aider l Ukraine en envoyant macron et ses électeurs,,emmanuel macron,19
ai,Guerre en Ukraine/ingérence: l'interview du porte-parole de l'ambassade de Russie en intégralité,Ugw7NcMuZ2HOMdXuUV14AaABAg.A4HDeiIf2S9A4I7Qc4Rk_S,Les journalopes de LCI avec,Il faut absolument aider l Ukraine en envoyant macron et ses électeurs,,journalisme francais,5
ai,Guerre en Ukraine/ingérence: l'interview du porte-parole de l'ambassade de Russie en intégralité,Ugw7NcMuZ2HOMdXuUV14AaABAg.A4HDeiIf2S9A4I80EDuj4t,😂😂😂😂😂😂😂😂tous les électeurs de la p'tite poutinette devraient aller en Ukraine aussi 😂😂😂😂 combattre le nazisme 😂😂😂😂😂😂les zombies du goulag s'imaginent gagner la guerre avec l'armée des trolls sur les réseaux sociaux 😂😂😂😂😂😂😂😂😂😂,Il faut absolument aider l Ukraine en envoyant macron et ses électeurs,,"guerre en ukraine, russie, trolls russes, vladimir poutine",33
ai,Guerre en Ukraine/ingérence: l'interview du porte-parole de l'ambassade de Russie en intégralité,Ugw7NcMuZ2HOMdXuUV14AaABAg.A4HDeiIf2S9A4I8Mw-_QVo,@user oublié LCI etc..,Il faut absolument aider l Ukraine en envoyant macron et ses électeurs,,journalisme francais,4
ai,Guerre en Ukraine/ingérence: l'interview du porte-parole de l'ambassade de Russie en intégralité,Ugw7NcMuZ2HOMdXuUV14AaABAg.A4HDeiIf2S9A4IAH9pJ9bg,Absolument 😂,Il faut absolument aider l Ukraine en envoyant macron et ses électeurs,,"aide a l ukraine, emmanuel macron",2
ai,Guerre en Ukraine/ingérence: l'interview du porte-parole de l'ambassade de Russie en intégralité,Ugw7NcMuZ2HOMdXuUV14AaABAg.A4HDeiIf2S9A4IBDj5qh4r,C est pas gagner la cage aux folles contre la Russie 😢😂😂😂,Il faut absolument aider l Ukraine en envoyant macron et ses électeurs,russie,emmanuel macron,12
ai,Guerre en Ukraine/ingérence: l'interview du porte-parole de l'ambassade de Russie en intégralité,Ugw7NcMuZ2HOMdXuUV14AaABAg.A4HDeiIf2S9A4IB__vrjeE,Sans oublier Brigitte et Roseline,Il faut absolument aider l Ukraine en envoyant macron et ses électeurs,,emmanuel macron,5
ai,Guerre en Ukraine/ingérence: l'interview du porte-parole de l'ambassade de Russie en intégralité,Ugw7NcMuZ2HOMdXuUV14AaABAg.A4HDeiIf2S9A4IBol_Xx7V,"@user 😂😂😂😂😂😂😂ouin ouin zombie du goulag 😂🤣🤣🤣🤣🤣 vous allez voir 🤣🤣🤣🤣🤣 vous êtes juste la Moldavie avec l'arme nucléaire, vous avez que ça en bouche guerre nucléaire guerre nucléaire 🤣🤣🤣🤣🤣🤣🤣",Il faut absolument aider l Ukraine en envoyant macron et ses électeurs,,russie,30
ai,Guerre en Ukraine/ingérence: l'interview du porte-parole de l'ambassade de Russie en intégralité,Ugw7NcMuZ2HOMdXuUV14AaABAg.A4HDeiIf2S9A4IEYRLKzPn,"Moi j’aurais ajouté les pro sioniste Pivet, le porc Habib, Attal avec son Crief, ça fera des cons en moins",Il faut absolument aider l Ukraine en envoyant macron et ses électeurs,,israel,20
ai,Guerre en Ukraine/ingérence: l'interview du porte-parole de l'ambassade de Russie en intégralité,Ugw7NcMuZ2HOMdXuUV14AaABAg.A4HDeiIf2S9A4IEsai9Zau,"Moi je propose tout les électeurs du RN, de zemmouroïde fan de poutine, ainsi que les journalistes de cnew.",Il faut absolument aider l Ukraine en envoyant macron et ses électeurs,,"journalisme francais, vladimir poutine",19
ai,Guerre en Ukraine/ingérence: l'interview du porte-parole de l'ambassade de Russie en intégralité,Ugw7NcMuZ2HOMdXuUV14AaABAg.A4HDeiIf2S9A4IFCBwKY2J,Et LFI en Palestine pour aider la population 🎉,Il faut absolument aider l Ukraine en envoyant macron et ses électeurs,palestine,lfi,9
ai,Guerre en Ukraine/ingérence: l'interview du porte-parole de l'ambassade de Russie en intégralité,Ugw7NcMuZ2HOMdXuUV14AaABAg.A4HDeiIf2S9A4IFnVAM6nt,Kéké rose macron😂,Il faut absolument aider l Ukraine en envoyant macron et ses électeurs,,emmanuel macron,3
ai,Guerre en Ukraine/ingérence: l'interview du porte-parole de l'ambassade de Russie en intégralité,Ugw7NcMuZ2HOMdXuUV14AaABAg.A4HDeiIf2S9A4IGbp9Tabu,je propose même d'y envoyer ces journalistes qui doivent en rêver.,Il faut absolument aider l Ukraine en envoyant macron et ses électeurs,,journalisme francais,11
ai,Guerre en Ukraine/ingérence: l'interview du porte-parole de l'ambassade de Russie en intégralité,Ugw7NcMuZ2HOMdXuUV14AaABAg.A4HDeiIf2S9A4IIslzrO-U,@user 👏👏👏,Il faut absolument aider l Ukraine en envoyant macron et ses électeurs,,"aide a l ukraine, emmanuel macron",2
ai,Guerre en Ukraine/ingérence: l'interview du porte-parole de l'ambassade de Russie en intégralité,Ugw7NcMuZ2HOMdXuUV14AaABAg.A4HDeiIf2S9A4IMxV1lxOq,Ce plateau est honteux. La dégradation total de la France :😢,Il faut absolument aider l Ukraine en envoyant macron et ses électeurs,,"bfmtv, journalisme francais",11
ai,Guerre en Ukraine/ingérence: l'interview du porte-parole de l'ambassade de Russie en intégralité,Ugw7NcMuZ2HOMdXuUV14AaABAg.A4HDeiIf2S9A4IN6k4N4on,@user BHL sans casque et en chemise rose,Il faut absolument aider l Ukraine en envoyant macron et ses électeurs,,aide a l ukraine,8
ai,Guerre en Ukraine/ingérence: l'interview du porte-parole de l'ambassade de Russie en intégralité,Ugw7NcMuZ2HOMdXuUV14AaABAg.A4HDeiIf2S9A4IN9f7LqCZ,Macron en tête évidemment,Il faut absolument aider l Ukraine en envoyant macron et ses électeurs,,emmanuel macron,4
ai,Guerre en Ukraine/ingérence: l'interview du porte-parole de l'ambassade de Russie en intégralité,Ugw7NcMuZ2HOMdXuUV14AaABAg.A4HDeiIf2S9A4INDzLcUTZ,T'es un génie !,Il faut absolument aider l Ukraine en envoyant macron et ses électeurs,,"aide a l ukraine, emmanuel macron",4
ai,Guerre en Ukraine/ingérence: l'interview du porte-parole de l'ambassade de Russie en intégralité,Ugw7NcMuZ2HOMdXuUV14AaABAg.A4HDeiIf2S9A4INtuKdKmg,et Poutine ...sur le front,Il faut absolument aider l Ukraine en envoyant macron et ses électeurs,,vladimir poutine,5
ai,Guerre en Ukraine/ingérence: l'interview du porte-parole de l'ambassade de Russie en intégralité,Ugw7NcMuZ2HOMdXuUV14AaABAg.A4HDeiIf2S9A4IOsKKBf5f,Bonne idée . Et les journalistes de LCI comme instructeurs.-,Il faut absolument aider l Ukraine en envoyant macron et ses électeurs,,"aide a l ukraine, journalisme francais",10
ai,Guerre en Ukraine/ingérence: l'interview du porte-parole de l'ambassade de Russie en intégralité,Ugw7NcMuZ2HOMdXuUV14AaABAg.A4HDeiIf2S9A4IPnzEg_Uf,"En lisant tous les postes, je constate que le vote est bouclé avec 99,99% des voix en faveur. Macron et les siens seront donc au front.-",Il faut absolument aider l Ukraine en envoyant macron et ses électeurs,,"aide a l ukraine, emmanuel macron",26
ai,Guerre en Ukraine/ingérence: l'interview du porte-parole de l'ambassade de Russie en intégralité,Ugw7NcMuZ2HOMdXuUV14AaABAg.A4HDeiIf2S9A4IPo3EUGgL,Excellent,Il faut absolument aider l Ukraine en envoyant macron et ses électeurs,,"aide a l ukraine, emmanuel macron",1
ai,Guerre en Ukraine/ingérence: l'interview du porte-parole de l'ambassade de Russie en intégralité,Ugw7NcMuZ2HOMdXuUV14AaABAg.A4HDeiIf2S9A4IQn7aytYe,Le régime Macron a tué ou mutilé plus de français que tout autre régime de cette cinquième République.,Il faut absolument aider l Ukraine en envoyant macron et ses électeurs,,emmanuel macron,18
ai,Guerre en Ukraine/ingérence: l'interview du porte-parole de l'ambassade de Russie en intégralité,Ugw7NcMuZ2HOMdXuUV14AaABAg.A4HDeiIf2S9A4IQzLtZ_12,"Pétain ou Macron, vous avez fait votre choix les collabos",Il faut absolument aider l Ukraine en envoyant macron et ses électeurs,,emmanuel macron,10
ai,Guerre en Ukraine/ingérence: l'interview du porte-parole de l'ambassade de Russie en intégralité,Ugw7NcMuZ2HOMdXuUV14AaABAg.A4HDeiIf2S9A4ISI_r36nI,J'approuve a 1000%,Il faut absolument aider l Ukraine en envoyant macron et ses électeurs,aide a l ukraine,emmanuel macron,3
ai,Guerre en Ukraine/ingérence: l'interview du porte-parole de l'ambassade de Russie en intégralité,Ugw7NcMuZ2HOMdXuUV14AaABAg.A4HDeiIf2S9A4ISzPb40rs,Sans oublier ses journalistes,Il faut absolument aider l Ukraine en envoyant macron et ses électeurs,,"emmanuel macron, journalisme francais",4
ai,Guerre en Ukraine/ingérence: l'interview du porte-parole de l'ambassade de Russie en intégralité,Ugw7NcMuZ2HOMdXuUV14AaABAg.A4HDeiIf2S9A4IViedatOk,Et quelques journalistes :),Il faut absolument aider l Ukraine en envoyant macron et ses électeurs,,journalisme francais,4
ai,Guerre en Ukraine/ingérence: l'interview du porte-parole de l'ambassade de Russie en intégralité,Ugw7NcMuZ2HOMdXuUV14AaABAg.A4HDeiIf2S9A4IXnTqy043,"@user Si tu apprenais davantage l’histoire à l’école, tu aurais appris que la Russie a été un allié de l’Allemagne avant le début de la Seconde Guerre mondiale. La Russie avec l’Allemagne a déclenché la seconde guerre mondial. La campagne de la Pologne, également connue sous le nom de campagne de septembre (en polonais : Kampania wrześniowa) ou guerre défensive de 1939 (en polonais : Wojna obronna 1939 roku) en Pologne, et invasion de la Pologne (en allemand : Polenfeldzug) ou plan Blanc (en allemand : Fall Weiss) en Allemagne, est une opération militaire déclenchée par l'Allemagne avec l'appui de la ville libre de Dantzig et d'un contingent slovaque, et par l'Union soviétique, dans le but d'envahir et de partager la Pologne. Cette offensive lancée par surprise provoque l'entrée en guerre de la France et du Royaume-Uni, puis fait basculer l'Europe dans la Seconde Guerre mondiale. Mais bon, on se sent bien dans l’ignorance ou la rhétorique rusée.",Il faut absolument aider l Ukraine en envoyant macron et ses électeurs,,russie,158
ai,Guerre en Ukraine/ingérence: l'interview du porte-parole de l'ambassade de Russie en intégralité,Ugw7NcMuZ2HOMdXuUV14AaABAg.A4HDeiIf2S9A4IZOa9VUqm,"T’est un fou mec macron doit être destitué depuis longtemps seulement les parlementaires f9nt pas leurs boulot sauf pour le 49,3 rappeler vous. ...",Il faut absolument aider l Ukraine en envoyant macron et ses électeurs,,"democratie francaise, emmanuel macron",24
ai,Guerre en Ukraine/ingérence: l'interview du porte-parole de l'ambassade de Russie en intégralité,Ugw7NcMuZ2HOMdXuUV14AaABAg.A4HDeiIf2S9A4IZkVx0oiQ,Excellente idée N'oublions pas les journalopes 😂,Il faut absolument aider l Ukraine en envoyant macron et ses électeurs,,"emmanuel macron, journalisme francais",7
ai,Guerre en Ukraine/ingérence: l'interview du porte-parole de l'ambassade de Russie en intégralité,Ugw7NcMuZ2HOMdXuUV14AaABAg.A4HDeiIf2S9A4IaaMsiq_H,"@user Néologisme de bouzzeux du RN.lepen.bardella et ses amis soutiennent la guerre coloniale de Poutine, bande.d.e.lache",Il faut absolument aider l Ukraine en envoyant macron et ses électeurs,,"guerre en ukraine, vladimir poutine",16
ai,Guerre en Ukraine/ingérence: l'interview du porte-parole de l'ambassade de Russie en intégralité,Ugw7NcMuZ2HOMdXuUV14AaABAg.A4HDeiIf2S9A4IboQeA5Oo,Excellente idée !,Il faut absolument aider l Ukraine en envoyant macron et ses électeurs,,"aide a l ukraine, emmanuel macron",3
ai,Guerre en Ukraine/ingérence: l'interview du porte-parole de l'ambassade de Russie en intégralité,Ugw7NcMuZ2HOMdXuUV14AaABAg.A4HDeiIf2S9A4IcH8_B7pi,J'ai adoré. Bravo.,Il faut absolument aider l Ukraine en envoyant macron et ses électeurs,,emmanuel macron,3
ai,Guerre en Ukraine/ingérence: l'interview du porte-parole de l'ambassade de Russie en intégralité,Ugw7NcMuZ2HOMdXuUV14AaABAg.A4HDeiIf2S9A4IcUbWn-bP,Brillant ! 😂,Il faut absolument aider l Ukraine en envoyant macron et ses électeurs,,"aide a l ukraine, emmanuel macron",3
ai,Guerre en Ukraine/ingérence: l'interview du porte-parole de l'ambassade de Russie en intégralité,Ugw7NcMuZ2HOMdXuUV14AaABAg.A4HDeiIf2S9A4IexSExlTP,Très bonne idée !!!!,Il faut absolument aider l Ukraine en envoyant macron et ses électeurs,aide a l ukraine,emmanuel macron,4
ai,Guerre en Ukraine/ingérence: l'interview du porte-parole de l'ambassade de Russie en intégralité,Ugw7NcMuZ2HOMdXuUV14AaABAg.A4HDeiIf2S9A4IlxNhxBW1,Tout à fait d accord et vous verrez qu ils changeront vite d'avis!,Il faut absolument aider l Ukraine en envoyant macron et ses électeurs,,"aide a l ukraine, emmanuel macron",13
ai,Guerre en Ukraine/ingérence: l'interview du porte-parole de l'ambassade de Russie en intégralité,Ugw7NcMuZ2HOMdXuUV14AaABAg.A4HDeiIf2S9A4ImDgp4opn,"@user je suis sur que jean bribri est bien plus courageux que macron, plus de testo.",Il faut absolument aider l Ukraine en envoyant macron et ses électeurs,,emmanuel macron,16
ai,Guerre en Ukraine/ingérence: l'interview du porte-parole de l'ambassade de Russie en intégralité,Ugw7NcMuZ2HOMdXuUV14AaABAg.A4HDeiIf2S9A4IyyRubGnt,Ça grouille de trolls africains et de collabo français ( de l extrême droite et de gauche ) ici 🤮🙄,Il faut absolument aider l Ukraine en envoyant macron et ses électeurs,,trolls russes,20
ai,Guerre en Ukraine/ingérence: l'interview du porte-parole de l'ambassade de Russie en intégralité,Ugw7NcMuZ2HOMdXuUV14AaABAg.A4HDeiIf2S9A4J5ZP2swn1,"@user
Ses électeurs, ça va pas faire beaucoup de monde en réalité.",Il faut absolument aider l Ukraine en envoyant macron et ses électeurs,,"democratie francaise, emmanuel macron",12
ai,Guerre en Ukraine/ingérence: l'interview du porte-parole de l'ambassade de Russie en intégralité,Ugw7NcMuZ2HOMdXuUV14AaABAg.A4HDeiIf2S9A4J5sE2t4DR,tu a oublié LCI???😂😂😂😂,Il faut absolument aider l Ukraine en envoyant macron et ses électeurs,,journalisme francais,4
ai,Guerre en Ukraine/ingérence: l'interview du porte-parole de l'ambassade de Russie en intégralité,Ugw7NcMuZ2HOMdXuUV14AaABAg.A4HDeiIf2S9A4J6GyQ_op0,Brigitte surtout en première ligne ils va nous montrée qui la des coronesse,Il faut absolument aider l Ukraine en envoyant macron et ses électeurs,,emmanuel macron,13
ai,Guerre en Ukraine/ingérence: l'interview du porte-parole de l'ambassade de Russie en intégralité,Ugw7NcMuZ2HOMdXuUV14AaABAg.A4HDeiIf2S9A4J7bgAuC0D,"Merci, on est d'accord, on veut la paix entre la russie et l'ukraine, pas la guerre, si c'est la cas on vous donne Macron c'est très bien",Il faut absolument aider l Ukraine en envoyant macron et ses électeurs,,"emmanuel macron, guerre en ukraine",27
ai,Guerre en Ukraine/ingérence: l'interview du porte-parole de l'ambassade de Russie en intégralité,Ugw7NcMuZ2HOMdXuUV14AaABAg.A4HDeiIf2S9A4JAZfvuwV0,Vive l'Ukraine,Il faut absolument aider l Ukraine en envoyant macron et ses électeurs,guerre en ukraine,,2
ai,Guerre en Ukraine/ingérence: l'interview du porte-parole de l'ambassade de Russie en intégralité,Ugw7NcMuZ2HOMdXuUV14AaABAg.A4HDeiIf2S9A4JB6y-guJc,N'oubliez pas les journalistes 😅,Il faut absolument aider l Ukraine en envoyant macron et ses électeurs,,journalisme francais,5
ai,Guerre en Ukraine/ingérence: l'interview du porte-parole de l'ambassade de Russie en intégralité,Ugw7NcMuZ2HOMdXuUV14AaABAg.A4HDeiIf2S9A4JBdLZ1wAd,Pas mal 😂😂😂,Il faut absolument aider l Ukraine en envoyant macron et ses électeurs,,emmanuel macron,3
ai,Guerre en Ukraine/ingérence: l'interview du porte-parole de l'ambassade de Russie en intégralité,Ugw7NcMuZ2HOMdXuUV14AaABAg.A4HDeiIf2S9A4JBzEYD4R3,👍,Il faut absolument aider l Ukraine en envoyant macron et ses électeurs,,"aide a l ukraine, emmanuel macron",1
ai,Guerre en Ukraine/ingérence: l'interview du porte-parole de l'ambassade de Russie en intégralité,Ugw7NcMuZ2HOMdXuUV14AaABAg.A4HDeiIf2S9A4JC_C6ZKUN,"@user pourquoi pas les migrants qui critiquent la France. On fera un lot avec les électeurs du RN, eux aussi critiquent la France... Mais pour rassurer tout le monde, il y a aussi des électeurs de LFI...
Après ce nettoyage, nous respirerons mieux et la France redeviendra la France.",Il faut absolument aider l Ukraine en envoyant macron et ses électeurs,,lfi,49
ai,Guerre en Ukraine/ingérence: l'interview du porte-parole de l'ambassade de Russie en intégralité,Ugw7NcMuZ2HOMdXuUV14AaABAg.A4HDeiIf2S9A4JCsKK6gNY,"Et pour une fois ,je regarderai BFM 😅 admirer la défaite de Manu 😅",Il faut absolument aider l Ukraine en envoyant macron et ses électeurs,,emmanuel macron,14
ai,Guerre en Ukraine/ingérence: l'interview du porte-parole de l'ambassade de Russie en intégralité,Ugw7NcMuZ2HOMdXuUV14AaABAg.A4HDeiIf2S9A4JIXukUoUQ,Je suis d'accord,Il faut absolument aider l Ukraine en envoyant macron et ses électeurs,aide a l ukraine,emmanuel macron,3
ai,Guerre en Ukraine/ingérence: l'interview du porte-parole de l'ambassade de Russie en intégralité,Ugw7NcMuZ2HOMdXuUV14AaABAg.A4HDeiIf2S9A4JJx5plFAn,Tem toda razão sem dúvida nenhuma.,Il faut absolument aider l Ukraine en envoyant macron et ses électeurs,,"aide a l ukraine, emmanuel macron",6
ai,Guerre en Ukraine/ingérence: l'interview du porte-parole de l'ambassade de Russie en intégralité,Ugw7NcMuZ2HOMdXuUV14AaABAg.A4HDeiIf2S9A4JLI6-TTk_,@user moi aussi😃,Il faut absolument aider l Ukraine en envoyant macron et ses électeurs,,emmanuel macron,3
ai,Guerre en Ukraine/ingérence: l'interview du porte-parole de l'ambassade de Russie en intégralité,Ugw7NcMuZ2HOMdXuUV14AaABAg.A4HDeiIf2S9A4JMpu2eeeZ,Je valide 😂😂😂,Il faut absolument aider l Ukraine en envoyant macron et ses électeurs,,emmanuel macron,3
ai,Guerre en Ukraine/ingérence: l'interview du porte-parole de l'ambassade de Russie en intégralité,Ugw7NcMuZ2HOMdXuUV14AaABAg.A4HDeiIf2S9A4JNi35XhHd,"🤣🤣🤣🤣🤣 Vider la cote d azur, alors.",Il faut absolument aider l Ukraine en envoyant macron et ses électeurs,,emmanuel macron,7
ai,Guerre en Ukraine/ingérence: l'interview du porte-parole de l'ambassade de Russie en intégralité,Ugw7NcMuZ2HOMdXuUV14AaABAg.A4HDeiIf2S9A4JNucv-eeP,Surtout,Il faut absolument aider l Ukraine en envoyant macron et ses électeurs,,"aide a l ukraine, emmanuel macron",1
ai,Guerre en Ukraine/ingérence: l'interview du porte-parole de l'ambassade de Russie en intégralité,Ugw7NcMuZ2HOMdXuUV14AaABAg.A4HDeiIf2S9A4JODrnhpRJ,"Peut aussi envoyer Hollande, Mélanchon, Sarko, Fillon, Nadine Morano…….",Il faut absolument aider l Ukraine en envoyant macron et ses électeurs,,"aide a l ukraine, lfi",9
ai,Guerre en Ukraine/ingérence: l'interview du porte-parole de l'ambassade de Russie en intégralité,Ugw7NcMuZ2HOMdXuUV14AaABAg.A4HDeiIf2S9A4JQ6NrRTqE,@user réalité toutes la pseudo élites !!,Il faut absolument aider l Ukraine en envoyant macron et ses électeurs,,"aide a l ukraine, emmanuel macron",7
ai,Guerre en Ukraine/ingérence: l'interview du porte-parole de l'ambassade de Russie en intégralité,Ugw7NcMuZ2HOMdXuUV14AaABAg.A4HDeiIf2S9A4JQ7hGowUZ,l'idée du siècle.,Il faut absolument aider l Ukraine en envoyant macron et ses électeurs,aide a l ukraine,emmanuel macron,3
ai,Guerre en Ukraine/ingérence: l'interview du porte-parole de l'ambassade de Russie en intégralité,Ugw7NcMuZ2HOMdXuUV14AaABAg.A4HDeiIf2S9A4JQTWAtwj7,@user 😂 ta toujours pas réussi à comprendre que c était la même élites le RN est Macron1er juste le RN le côté raciste en plus ! Mais niveau économique c est la même chose. Et l élites se fout que ce soit le RN tant que les privilégiés reste dans la même situation ! Et que la société soit pas plus égalitaire,Il faut absolument aider l Ukraine en envoyant macron et ses électeurs,,"democratie francaise, emmanuel macron",63
ai,Guerre en Ukraine/ingérence: l'interview du porte-parole de l'ambassade de Russie en intégralité,Ugw7NcMuZ2HOMdXuUV14AaABAg.A4HDeiIf2S9A4JVClfZe62,"Merci pour votre commentaire réfléchi et plein de bon sens 🙏 Les français doivent envoyer Macron, Yaël brann-pivet, Habib Meyer le porc, BHL, Gabriel Attal et toute sa clique 👊",Il faut absolument aider l Ukraine en envoyant macron et ses électeurs,,"aide a l ukraine, emmanuel macron",30
ai,Guerre en Ukraine/ingérence: l'interview du porte-parole de l'ambassade de Russie en intégralité,Ugw7NcMuZ2HOMdXuUV14AaABAg.A4HDeiIf2S9A4JYiiAFOxP,"😂😂😂😂🤣🤣🤣🤣🤣🤣😂😂😂😂 Macron en guerre ??? en short ou en slip ....ca sera plus facile pour lui de se changer, sinon il devra porter des couches, a ce qui parait il s'est déjà chié dessus pour deux fois moins que ca.",Il faut absolument aider l Ukraine en envoyant macron et ses électeurs,,emmanuel macron,40
ai,Guerre en Ukraine/ingérence: l'interview du porte-parole de l'ambassade de Russie en intégralité,Ugw7NcMuZ2HOMdXuUV14AaABAg.A4HDeiIf2S9A4JbK07D9hd,C'est une bonne idée ! Macron et chouchou dans les tranchées !,Il faut absolument aider l Ukraine en envoyant macron et ses électeurs,,emmanuel macron,12
ai,Un proche de Poutine menace la France: l'entretien exclusif de  notre reporter à Moscou,UgwUFMjN2JJnfNZwRH14AaABAg,Les Journalistes français circulent librement en Russie mais les journalistes Russes ne sont pas la bienvenue en France.🤣Les donneurs de leçon exposés 🙂l'occident decadent,Les Journalistes français circulent librement en Russie mais les journalistes Russes ne sont pas la bienvenue en France.🤣Les donneurs de leçon exposés 🙂l'occident decadent,russie,occident,24
ai,Un proche de Poutine menace la France: l'entretien exclusif de  notre reporter à Moscou,UgwUFMjN2JJnfNZwRH14AaABAg.A1FHrr2cFVfA1FUNcX9YgD,Excellent,Les Journalistes français circulent librement en Russie mais les journalistes Russes ne sont pas la bienvenue en France.🤣Les donneurs de leçon exposés 🙂l'occident decadent,russie,"liberte de la presse, occident",1
ai,Un proche de Poutine menace la France: l'entretien exclusif de  notre reporter à Moscou,UgwUFMjN2JJnfNZwRH14AaABAg.A1FHrr2cFVfA1FXChszAzR,faux espèce de troll pourri,Les Journalistes français circulent librement en Russie mais les journalistes Russes ne sont pas la bienvenue en France.🤣Les donneurs de leçon exposés 🙂l'occident decadent,"liberte de la presse, occident",trolls russes,5
ai,Un proche de Poutine menace la France: l'entretien exclusif de  notre reporter à Moscou,UgwUFMjN2JJnfNZwRH14AaABAg.A1FHrr2cFVfA1FXG25ruX3,"Le ""deux poids deux mesures "" dans toute sa splendeur !",Les Journalistes français circulent librement en Russie mais les journalistes Russes ne sont pas la bienvenue en France.🤣Les donneurs de leçon exposés 🙂l'occident decadent,liberte de la presse,occident,11
ai,Un proche de Poutine menace la France: l'entretien exclusif de  notre reporter à Moscou,UgwUFMjN2JJnfNZwRH14AaABAg.A1FHrr2cFVfA1FbViZFtI4,"Les journalistes Russes ont le droit de venir en France, et l'Occident décadent vous emmerde.....",Les Journalistes français circulent librement en Russie mais les journalistes Russes ne sont pas la bienvenue en France.🤣Les donneurs de leçon exposés 🙂l'occident decadent,"liberte de la presse, occident",,15
ai,Un proche de Poutine menace la France: l'entretien exclusif de  notre reporter à Moscou,UgwUFMjN2JJnfNZwRH14AaABAg.A1FHrr2cFVfA1FdZZhZulW,Vous êtes prêt pour aller au frond vous..engagez vous.@user,Les Journalistes français circulent librement en Russie mais les journalistes Russes ne sont pas la bienvenue en France.🤣Les donneurs de leçon exposés 🙂l'occident decadent,,guerre en ukraine,9
ai,Un proche de Poutine menace la France: l'entretien exclusif de  notre reporter à Moscou,UgwUFMjN2JJnfNZwRH14AaABAg.A1FHrr2cFVfA1FezkOqQmO,Ouais mais la France est une democratie alors que la Russie une dictature,Les Journalistes français circulent librement en Russie mais les journalistes Russes ne sont pas la bienvenue en France.🤣Les donneurs de leçon exposés 🙂l'occident decadent,democratie francaise,russie,13
ai,Un proche de Poutine menace la France: l'entretien exclusif de  notre reporter à Moscou,UgwUFMjN2JJnfNZwRH14AaABAg.A1FHrr2cFVfA1Ff0uhfqzh,C'est cela les plus intelligents comprennent qui ment et qui est dans le faux.,Les Journalistes français circulent librement en Russie mais les journalistes Russes ne sont pas la bienvenue en France.🤣Les donneurs de leçon exposés 🙂l'occident decadent,,"liberte de la presse, occident",14
ai,Un proche de Poutine menace la France: l'entretien exclusif de  notre reporter à Moscou,UgwUFMjN2JJnfNZwRH14AaABAg.A1FHrr2cFVfA1Ff7P4u958,"fallait oser, sur un autre post tu vois des journalistes français qui a peine débarqués de leur bagnole sont ""bien"" contrôlés par les policiers moscovites, enfin les journalistes pro russes n'ont aucun probleme c'est certain",Les Journalistes français circulent librement en Russie mais les journalistes Russes ne sont pas la bienvenue en France.🤣Les donneurs de leçon exposés 🙂l'occident decadent,liberte de la presse,russie,35
ai,Un proche de Poutine menace la France: l'entretien exclusif de  notre reporter à Moscou,UgwUFMjN2JJnfNZwRH14AaABAg.A1FHrr2cFVfA1Fh8GNGr7x,"@user 🤣😀En France, les journalistes Russes ne sont meme pas permit de débarquer 🙂
En Russie, ils débarquent, on le contrôle mais ils font leur boulot",Les Journalistes français circulent librement en Russie mais les journalistes Russes ne sont pas la bienvenue en France.🤣Les donneurs de leçon exposés 🙂l'occident decadent,"liberte de la presse, russie",,26
ai,Un proche de Poutine menace la France: l'entretien exclusif de  notre reporter à Moscou,UgwUFMjN2JJnfNZwRH14AaABAg.A1FHrr2cFVfA1FhJiIu9c5,Ces occidentaux sont tout sauf des démocrates.,Les Journalistes français circulent librement en Russie mais les journalistes Russes ne sont pas la bienvenue en France.🤣Les donneurs de leçon exposés 🙂l'occident decadent,,occident,7
ai,Un proche de Poutine menace la France: l'entretien exclusif de  notre reporter à Moscou,UgwUFMjN2JJnfNZwRH14AaABAg.A1FHrr2cFVfA1Fhxmrbc5a,"@user
France DÉCADENTE !",Les Journalistes français circulent librement en Russie mais les journalistes Russes ne sont pas la bienvenue en France.🤣Les donneurs de leçon exposés 🙂l'occident decadent,,occident,4
ai,Un proche de Poutine menace la France: l'entretien exclusif de  notre reporter à Moscou,UgwUFMjN2JJnfNZwRH14AaABAg.A1FHrr2cFVfA1FiFa6Kxr0,"Pourquoi seraient ils les bienvenus? Pour diffuser plus de propagande soviet et avoir + d'idiots utiles comme vous pour la répandre ? Vous faites, sans vous en rendre compte , de par vous laisser laver le cerveau, assez le boulot de sape des agents du FSB qui sont infiltrés depuis des années et qui vous montent la tête sur les réseaux sociaux sans même que vous en prenez conscience. Arrêtez de soutenir l'ennemi . Vous soutenez un dictateur . Vous voulez que la France devienne une dictature ? Vous avez une idée de ce qu'est le malheur de vivre dans un pays où vous n'avez plus de liberté , vivre sous la coupe d'un opresseur? C'est ça l'avenir que vous voulez pour nos enfants ? Non, ça me semble logique donc ouvrez les yeux sur le block soviet que rêve de reformer Poutine et regardez en face la réalité ! l'histoire devrait servir de leçon mais apparemment des gens comme vous l'occultez , l'oubliez ! Vous soutenez un clone fait de 3 monstres : Hitler, Staline et Lenine avec",Les Journalistes français circulent librement en Russie mais les journalistes Russes ne sont pas la bienvenue en France.🤣Les donneurs de leçon exposés 🙂l'occident decadent,,"liberte de la presse, russie, trolls russes, vladimir poutine",179
ai,Un proche de Poutine menace la France: l'entretien exclusif de  notre reporter à Moscou,UgwUFMjN2JJnfNZwRH14AaABAg.A1FHrr2cFVfA1FieFrGHBS,"Les journalistes russes peuvent venir en France n’importe quoi, c’est les chaînes russe types RT qui sont interdit de diffusion en France. Amalgame encore d’une personne avec un niveau intellectuel à zéro",Les Journalistes français circulent librement en Russie mais les journalistes Russes ne sont pas la bienvenue en France.🤣Les donneurs de leçon exposés 🙂l'occident decadent,liberte de la presse,,32
ai,Un proche de Poutine menace la France: l'entretien exclusif de  notre reporter à Moscou,UgwUFMjN2JJnfNZwRH14AaABAg.A1FHrr2cFVfA1FijejY5h0,Les hypocrites,Les Journalistes français circulent librement en Russie mais les journalistes Russes ne sont pas la bienvenue en France.🤣Les donneurs de leçon exposés 🙂l'occident decadent,liberte de la presse,occident,2
ai,Un proche de Poutine menace la France: l'entretien exclusif de  notre reporter à Moscou,UgwUFMjN2JJnfNZwRH14AaABAg.A1FHrr2cFVfA1FimER7YZn,Il a oublier de dire aussi que Staline a fourni l’acier et petrol à Hitler,Les Journalistes français circulent librement en Russie mais les journalistes Russes ne sont pas la bienvenue en France.🤣Les donneurs de leçon exposés 🙂l'occident decadent,,russie,15
ai,Un proche de Poutine menace la France: l'entretien exclusif de  notre reporter à Moscou,UgwUFMjN2JJnfNZwRH14AaABAg.A1FHrr2cFVfA1FiuLCA0kg,"Puis je viens de remarquer, tu es juste un troll de poutine Tu ne vis même pas en France et tu répands la propagande que tu as apprise par cœur sans même savoir qu'en France le journalisme est libre et indépendant contrairement en Russie , où ton Poutine en a le contrôle et opresse les journalistes pour qu'ils ne fassent que des articles à sa gloire ! Casse toi le perroquet du Kremlin ! Tu nous fatigues",Les Journalistes français circulent librement en Russie mais les journalistes Russes ne sont pas la bienvenue en France.🤣Les donneurs de leçon exposés 🙂l'occident decadent,"journalisme francais, liberte de la presse","russie, trolls russes, vladimir poutine",77
ai,Un proche de Poutine menace la France: l'entretien exclusif de  notre reporter à Moscou,UgwUFMjN2JJnfNZwRH14AaABAg.A1FHrr2cFVfA1FiyNz1tqy,C’est un gros C.. ce mec désolé fait l’envoyer sur le front. C’est la Russie qui a menti à la France en disant qu’il n’allais pas attaqué l’Ukraine. La Russie sont des menteur née,Les Journalistes français circulent librement en Russie mais les journalistes Russes ne sont pas la bienvenue en France.🤣Les donneurs de leçon exposés 🙂l'occident decadent,,"guerre en ukraine, russie",34
ai,Un proche de Poutine menace la France: l'entretien exclusif de  notre reporter à Moscou,UgwUFMjN2JJnfNZwRH14AaABAg.A1FHrr2cFVfA1FjSSv7Hzn,Ce n’est pas normal hein camarade. Je préconise d’établir de suite la démocratie façon russe en France. Le parler vrai. À ceux qui racontent n’importe quoi sur YouTube ont droit à une visite du goulag -Et surtout dire aux pays nazis....missiles en seulement 106 secondes- .,Les Journalistes français circulent librement en Russie mais les journalistes Russes ne sont pas la bienvenue en France.🤣Les donneurs de leçon exposés 🙂l'occident decadent,liberte de la presse,russie,46
ai,Un proche de Poutine menace la France: l'entretien exclusif de  notre reporter à Moscou,UgwUFMjN2JJnfNZwRH14AaABAg.A1FHrr2cFVfA1FjstATv3K,"@user Un philou au niveau intellectuel à zéro va nous partager un reportage des journalistes Russes en France parce que selon le Philou, les journalistes Russes sont permit de faire des reportages en France 🙂🙂",Les Journalistes français circulent librement en Russie mais les journalistes Russes ne sont pas la bienvenue en France.🤣Les donneurs de leçon exposés 🙂l'occident decadent,,liberte de la presse,35
ai,Un proche de Poutine menace la France: l'entretien exclusif de  notre reporter à Moscou,UgwUFMjN2JJnfNZwRH14AaABAg.A1FHrr2cFVfA1FjtgrpcrI,"Ces traitres à la patrie veulent nous mener au désastre & à la guerre, leur trahison leur coûtera très cher...",Les Journalistes français circulent librement en Russie mais les journalistes Russes ne sont pas la bienvenue en France.🤣Les donneurs de leçon exposés 🙂l'occident decadent,,guerre en ukraine,20
ai,Un proche de Poutine menace la France: l'entretien exclusif de  notre reporter à Moscou,UgwUFMjN2JJnfNZwRH14AaABAg.A1FHrr2cFVfA1Fk_ycub4S,N'importe quoi ! Aucun journaliste français n'aurait le droit de s'exprimer en direct à Moscou TV... Alors que Piètre Tolstoï je l'ai vu passer en direct plusieurs fois pour exprimer ses opinions de poivrot radicalisé ! Ses menaces de vitrification de Paris et bla bla bla. On a compris. Un zombie de plus à éliminer.,Les Journalistes français circulent librement en Russie mais les journalistes Russes ne sont pas la bienvenue en France.🤣Les donneurs de leçon exposés 🙂l'occident decadent,liberte de la presse,russie,55
ai,Un proche de Poutine menace la France: l'entretien exclusif de  notre reporter à Moscou,UgwUFMjN2JJnfNZwRH14AaABAg.A1FHrr2cFVfA1FkcBKcTEF,Dire que si ton gouvernement te payerait a te battre au lieu de dire des âneries vous auriez pu avoir lair moins con sur le champ de bataille 😎👍🏻🇫🇷🇫🇷🇫🇷🇫🇷,Les Journalistes français circulent librement en Russie mais les journalistes Russes ne sont pas la bienvenue en France.🤣Les donneurs de leçon exposés 🙂l'occident decadent,,"russie, trolls russes",29
ai,Un proche de Poutine menace la France: l'entretien exclusif de  notre reporter à Moscou,UgwUFMjN2JJnfNZwRH14AaABAg.A1FHrr2cFVfA1FlZwsGQI5,A Gaza non! les journalistes du prétendu monde libre sont en connivence avec le Tsahal .,Les Journalistes français circulent librement en Russie mais les journalistes Russes ne sont pas la bienvenue en France.🤣Les donneurs de leçon exposés 🙂l'occident decadent,,"gaza, israel, occident",16
ai,Un proche de Poutine menace la France: l'entretien exclusif de  notre reporter à Moscou,UgwUFMjN2JJnfNZwRH14AaABAg.A1FHrr2cFVfA1FnKvucVuz,LES MÉDIAS MAINSTREAM SERONT DÉTRUITS,Les Journalistes français circulent librement en Russie mais les journalistes Russes ne sont pas la bienvenue en France.🤣Les donneurs de leçon exposés 🙂l'occident decadent,,"bfmtv, journalisme francais",5
ai,Un proche de Poutine menace la France: l'entretien exclusif de  notre reporter à Moscou,UgwUFMjN2JJnfNZwRH14AaABAg.A1FHrr2cFVfA1FoJ0dmjHn,"@user Ben voyons... et quand un journaliste français pose une question gênante à l'élysée.... il est exclu définitivement de la liste des journalistes accrédités... quelle démocratie...??? une démocratie qui ment comme les pires dictatures, une démocratie qui filtre l'information, une démocratie qui vote des lois de contrôle de la pensée et de l'expression privée.... mon pauvre garçon, vous êtes déconnecté grave....!!!!",Les Journalistes français circulent librement en Russie mais les journalistes Russes ne sont pas la bienvenue en France.🤣Les donneurs de leçon exposés 🙂l'occident decadent,,"democratie francaise, liberte de la presse",61
ai,Un proche de Poutine menace la France: l'entretien exclusif de  notre reporter à Moscou,UgwUFMjN2JJnfNZwRH14AaABAg.A1FHrr2cFVfA1FofFcOD0w,"Cretin, les ""journalistes"" russes assassinent les opposants au Kremlin réfugiés en occident. Reflechis avant de l'ouvrir pour dire des conneries collabos",Les Journalistes français circulent librement en Russie mais les journalistes Russes ne sont pas la bienvenue en France.🤣Les donneurs de leçon exposés 🙂l'occident decadent,,russie,21
ai,Un proche de Poutine menace la France: l'entretien exclusif de  notre reporter à Moscou,UgwUFMjN2JJnfNZwRH14AaABAg.A1FHrr2cFVfA1FpODOZV5u,"@user allez hop, encore un qui a fumé la moquette. T'as déjà été en poser, toi, des questions embarrassantes. On dirait pas, parce quect'es encore bien là, à la ramener. Tu ferais mieux d'aller écouter sud radio et de laisser tes compatriotes en paix, eh, corniaud !",Les Journalistes français circulent librement en Russie mais les journalistes Russes ne sont pas la bienvenue en France.🤣Les donneurs de leçon exposés 🙂l'occident decadent,liberte de la presse,russie,47
ai,Un proche de Poutine menace la France: l'entretien exclusif de  notre reporter à Moscou,UgwUFMjN2JJnfNZwRH14AaABAg.A1FHrr2cFVfA1FpqNtEzLc,@user Eh bien casse toi en Russie si ça à l'air si bien que ça! Tu verras enfin que c'est une démocratie en France et tu arrêteras de raconter n'importe quoi !,Les Journalistes français circulent librement en Russie mais les journalistes Russes ne sont pas la bienvenue en France.🤣Les donneurs de leçon exposés 🙂l'occident decadent,democratie francaise,russie,32
ai,Un proche de Poutine menace la France: l'entretien exclusif de  notre reporter à Moscou,UgwUFMjN2JJnfNZwRH14AaABAg.A1FHrr2cFVfA1FquMEValK,"Faux ! Totalement faux. Les journalistes en Russie sont sur écoute, espionné dans leurs hôtel, et suivis et filmés dans la rue. Au lieu de dire n'importe quoi renseignez vous mieux que dans un emballage carambar. Et tu sais ce qu'il te dit l'Occident ? Il te dit de rester vivre en dictature si ça te chante et de la fermer surtout si c'est pour dire de la merde",Les Journalistes français circulent librement en Russie mais les journalistes Russes ne sont pas la bienvenue en France.🤣Les donneurs de leçon exposés 🙂l'occident decadent,"liberte de la presse, occident",russie,69
ai,Un proche de Poutine menace la France: l'entretien exclusif de  notre reporter à Moscou,UgwUFMjN2JJnfNZwRH14AaABAg.A1FHrr2cFVfA1FrNGq5lAD,Exact,Les Journalistes français circulent librement en Russie mais les journalistes Russes ne sont pas la bienvenue en France.🤣Les donneurs de leçon exposés 🙂l'occident decadent,"liberte de la presse, russie",occident,1
ai,Un proche de Poutine menace la France: l'entretien exclusif de  notre reporter à Moscou,UgwUFMjN2JJnfNZwRH14AaABAg.A1FHrr2cFVfA1FrcjPFSR6,"@user ces mêmes journalistes prétendent être contrôlés 100 fois par jour , et toi tu les crois , tu es sensible à la propagande",Les Journalistes français circulent librement en Russie mais les journalistes Russes ne sont pas la bienvenue en France.🤣Les donneurs de leçon exposés 🙂l'occident decadent,russie,journalisme francais,24
ai,Un proche de Poutine menace la France: l'entretien exclusif de  notre reporter à Moscou,UgwUFMjN2JJnfNZwRH14AaABAg.A1FHrr2cFVfA1Fs8KTDZmH,"""librement"" 😅😅😅 tu sais le nr acceptés et le nr de jours de visas limités?? ""décadent"" c est pour ca que tous les enfants de Putine et autres de la Douma sont en occident? vous bavez de jalousie, pauvres troll que vous etes....",Les Journalistes français circulent librement en Russie mais les journalistes Russes ne sont pas la bienvenue en France.🤣Les donneurs de leçon exposés 🙂l'occident decadent,occident,"russie, trolls russes, vladimir poutine",43
ai,Un proche de Poutine menace la France: l'entretien exclusif de  notre reporter à Moscou,UgwUFMjN2JJnfNZwRH14AaABAg.A1FHrr2cFVfA1FsMWyHZZS,"@user
La dictature n'existe pas en Russie ! Il n'y a que les gens de gauche pour livrer cette absurdité . Ainsi que toutes les chaînes d'infos mainstream ! Mon fils qui travaille à Moscou ne se plaint pas du tout !
Par contre , moi qui vit en France , depuis 2019 la dictature , l'asservissement , les Français savent ce qu'ils endurent ! Il faut vouer un culte au poudré pour nier les faits ! Quelle mauvaise foi vous avez !
Vos questions en disent long sur QUI vous êtes ! GO YOUR WAY ! N B : Je mange dans le même râtelier que Pierre DE GAULLE : "" L'Europe , de l'Atlantique à l'Oural "" !",Les Journalistes français circulent librement en Russie mais les journalistes Russes ne sont pas la bienvenue en France.🤣Les donneurs de leçon exposés 🙂l'occident decadent,russie,"democratie francaise, emmanuel macron, journalisme francais",120
ai,Un proche de Poutine menace la France: l'entretien exclusif de  notre reporter à Moscou,UgwUFMjN2JJnfNZwRH14AaABAg.A1FHrr2cFVfA1FsjI1bHCF,@user sent le picouser et le mec qui a voter pour cette tarlouse de Macron et qui aime son bourreau …,Les Journalistes français circulent librement en Russie mais les journalistes Russes ne sont pas la bienvenue en France.🤣Les donneurs de leçon exposés 🙂l'occident decadent,,emmanuel macron,21
ai,Un proche de Poutine menace la France: l'entretien exclusif de  notre reporter à Moscou,UgwUFMjN2JJnfNZwRH14AaABAg.A1FHrr2cFVfA1FssRIrxM7,je n'ai pas vu de propagande russe mais francaise partout,Les Journalistes français circulent librement en Russie mais les journalistes Russes ne sont pas la bienvenue en France.🤣Les donneurs de leçon exposés 🙂l'occident decadent,russie,journalisme francais,10
ai,Un proche de Poutine menace la France: l'entretien exclusif de  notre reporter à Moscou,UgwUFMjN2JJnfNZwRH14AaABAg.A1FHrr2cFVfA1FtOQl9YuM,"Faux. Tout journaliste en Russie doit avoir une accréditation, ils sont rares les Français, et quand ils y sont ils sont suivis, surveillés, et menacés s'ils disent trop de choses déplaisantes. Vous êtes vraiment naïf et ignorant.@user",Les Journalistes français circulent librement en Russie mais les journalistes Russes ne sont pas la bienvenue en France.🤣Les donneurs de leçon exposés 🙂l'occident decadent,liberte de la presse,russie,37
ai,Un proche de Poutine menace la France: l'entretien exclusif de  notre reporter à Moscou,UgwUFMjN2JJnfNZwRH14AaABAg.A1FHrr2cFVfA1FujkuG2qS,En plus ils se jouent aux donneurs de leçons 😂. Pays aux dirigeants voyous=France 😂,Les Journalistes français circulent librement en Russie mais les journalistes Russes ne sont pas la bienvenue en France.🤣Les donneurs de leçon exposés 🙂l'occident decadent,,occident,15
ai,Un proche de Poutine menace la France: l'entretien exclusif de  notre reporter à Moscou,UgwUFMjN2JJnfNZwRH14AaABAg.A1FHrr2cFVfA1FxMvxLFPo,"Les records d’alcoolisme et de femmes battus c'est en Russie, pas en Occident.",Les Journalistes français circulent librement en Russie mais les journalistes Russes ne sont pas la bienvenue en France.🤣Les donneurs de leçon exposés 🙂l'occident decadent,occident,russie,13
ai,Un proche de Poutine menace la France: l'entretien exclusif de  notre reporter à Moscou,UgwUFMjN2JJnfNZwRH14AaABAg.A1FHrr2cFVfA1FxjU50m8U,@user tu parle a des trolls on est envahi 🤣,Les Journalistes français circulent librement en Russie mais les journalistes Russes ne sont pas la bienvenue en France.🤣Les donneurs de leçon exposés 🙂l'occident decadent,,trolls russes,10
ai,Un proche de Poutine menace la France: l'entretien exclusif de  notre reporter à Moscou,UgwUFMjN2JJnfNZwRH14AaABAg.A1FHrr2cFVfA1Fz6MCEF_Q,L'hypocrisie dans toute sa splendeur c'est une gangrène confirmée la destructions de la France est en marche ce n'est pas la guerre mais leurs politiques vassaux des USA et d'Israël,Les Journalistes français circulent librement en Russie mais les journalistes Russes ne sont pas la bienvenue en France.🤣Les donneurs de leçon exposés 🙂l'occident decadent,,"israel, occident",30
ai,Un proche de Poutine menace la France: l'entretien exclusif de  notre reporter à Moscou,UgwUFMjN2JJnfNZwRH14AaABAg.A1FHrr2cFVfA1FzX6KFrWT,"Pars que macro il a la haine contre la Russie à cause de la réveille africaine, selon macro ce la Russie qui a réveillé l'Afrique dans le sommeil, pour tant c'est faux car l'Afrique est réveillé à cause des impérialistes dont la France 🇫🇷",Les Journalistes français circulent librement en Russie mais les journalistes Russes ne sont pas la bienvenue en France.🤣Les donneurs de leçon exposés 🙂l'occident decadent,russie,"emmanuel macron, occident",44
ai,Un proche de Poutine menace la France: l'entretien exclusif de  notre reporter à Moscou,UgwUFMjN2JJnfNZwRH14AaABAg.A1FHrr2cFVfA1FzmjU487o,Uraaaaaaaaaa❤,Les Journalistes français circulent librement en Russie mais les journalistes Russes ne sont pas la bienvenue en France.🤣Les donneurs de leçon exposés 🙂l'occident decadent,russie,,1
ai,Un proche de Poutine menace la France: l'entretien exclusif de  notre reporter à Moscou,UgwUFMjN2JJnfNZwRH14AaABAg.A1FHrr2cFVfA1G-OWsrGVj,Troll,Les Journalistes français circulent librement en Russie mais les journalistes Russes ne sont pas la bienvenue en France.🤣Les donneurs de leçon exposés 🙂l'occident decadent,,trolls russes,1
ai,Un proche de Poutine menace la France: l'entretien exclusif de  notre reporter à Moscou,UgwUFMjN2JJnfNZwRH14AaABAg.A1FHrr2cFVfA1G-c9_YQgG,"Ah, le même constat",Les Journalistes français circulent librement en Russie mais les journalistes Russes ne sont pas la bienvenue en France.🤣Les donneurs de leçon exposés 🙂l'occident decadent,"liberte de la presse, russie",occident,4
ai,Un proche de Poutine menace la France: l'entretien exclusif de  notre reporter à Moscou,UgwUFMjN2JJnfNZwRH14AaABAg.A1FHrr2cFVfA1G0ZdVBvSJ,@user Ton QI le bot ?,Les Journalistes français circulent librement en Russie mais les journalistes Russes ne sont pas la bienvenue en France.🤣Les donneurs de leçon exposés 🙂l'occident decadent,,trolls russes,6
ai,Un proche de Poutine menace la France: l'entretien exclusif de  notre reporter à Moscou,UgwUFMjN2JJnfNZwRH14AaABAg.A1FHrr2cFVfA1G0fs4Qf31,Je ne suis pas d'accord. Personalement je connais des journalistes russes qui sont actuellement en France. Et pas qu'un,Les Journalistes français circulent librement en Russie mais les journalistes Russes ne sont pas la bienvenue en France.🤣Les donneurs de leçon exposés 🙂l'occident decadent,liberte de la presse,,19
ai,Un proche de Poutine menace la France: l'entretien exclusif de  notre reporter à Moscou,UgwUFMjN2JJnfNZwRH14AaABAg.A1FHrr2cFVfA1G1833Y8ra,En Russie il ya a la DÉMOCRATIE en France il y a l'atcratie,Les Journalistes français circulent librement en Russie mais les journalistes Russes ne sont pas la bienvenue en France.🤣Les donneurs de leçon exposés 🙂l'occident decadent,russie,democratie francaise,13
ai,Un proche de Poutine menace la France: l'entretien exclusif de  notre reporter à Moscou,UgwUFMjN2JJnfNZwRH14AaABAg.A1FHrr2cFVfA1G1fVYTMao,Ca se voit. Tu as tout compris. Tu peux tenter ta chance en y allant. Tu reviendra à Bah ! Tu peux toujours y aller pour revenir en cercueil à Orly.,Les Journalistes français circulent librement en Russie mais les journalistes Russes ne sont pas la bienvenue en France.🤣Les donneurs de leçon exposés 🙂l'occident decadent,,russie,31
ai,Un proche de Poutine menace la France: l'entretien exclusif de  notre reporter à Moscou,UgwUFMjN2JJnfNZwRH14AaABAg.A1FHrr2cFVfA1G23sGiCFH,@user T'as tout comprit?BRAVO,Les Journalistes français circulent librement en Russie mais les journalistes Russes ne sont pas la bienvenue en France.🤣Les donneurs de leçon exposés 🙂l'occident decadent,"liberte de la presse, russie",occident,4
ai,Un proche de Poutine menace la France: l'entretien exclusif de  notre reporter à Moscou,UgwUFMjN2JJnfNZwRH14AaABAg.A1FHrr2cFVfA1G2FS1MaiL,"@user Il y a 30 ans, oui, aujourd'hui le rapport s'est inversé.",Les Journalistes français circulent librement en Russie mais les journalistes Russes ne sont pas la bienvenue en France.🤣Les donneurs de leçon exposés 🙂l'occident decadent,"liberte de la presse, russie",occident,12
ai,Un proche de Poutine menace la France: l'entretien exclusif de  notre reporter à Moscou,UgwUFMjN2JJnfNZwRH14AaABAg.A1FHrr2cFVfA1G2rf15h42,Ils circulent librement car cela arrange bien le kremlin de laissé cet abruti nous débiter ces conneries,Les Journalistes français circulent librement en Russie mais les journalistes Russes ne sont pas la bienvenue en France.🤣Les donneurs de leçon exposés 🙂l'occident decadent,,russie,17
ai,Un proche de Poutine menace la France: l'entretien exclusif de  notre reporter à Moscou,UgwUFMjN2JJnfNZwRH14AaABAg.A1FHrr2cFVfA1G73JBU5yH,"@user qui leur plaît chez nous, c'est la liberté, baiser tout ce qu'ils peuvent, voler, profiter de tout sans devoir contribuer et tuer par tous les moyens disponibles ( tant que ça gonfle le compte en banque) pas de chtar (ou si peu si pas du tout). Profiter du système aveugle qui distribue sans compter au détriment des citoyens originaires de longue date. Je peux continuer avec le même film, j'ai peur que c'est du temps perdu.Vivre est une bataille tous azimut, encore faut-t'il l'intelligence suffisante pour mener la bataille quitte a devoir s'y reprendre à plusieurs fois [ encore faut-t'il le nombre car seul, vaut mieux se foutre une bonne branlette (intellectuelle )]",Les Journalistes français circulent librement en Russie mais les journalistes Russes ne sont pas la bienvenue en France.🤣Les donneurs de leçon exposés 🙂l'occident decadent,,occident,114
ai,Un proche de Poutine menace la France: l'entretien exclusif de  notre reporter à Moscou,UgwUFMjN2JJnfNZwRH14AaABAg.A1FHrr2cFVfA1G8CdcQzGi,"Si la France est une dictature, allez en Russie, la dictature de là-bas vous plaira sûrement",Les Journalistes français circulent librement en Russie mais les journalistes Russes ne sont pas la bienvenue en France.🤣Les donneurs de leçon exposés 🙂l'occident decadent,democratie francaise,russie,16
ai,Un proche de Poutine menace la France: l'entretien exclusif de  notre reporter à Moscou,UgwUFMjN2JJnfNZwRH14AaABAg.A1FHrr2cFVfA1G8k_3OsWu,C’est pas faux 😱,Les Journalistes français circulent librement en Russie mais les journalistes Russes ne sont pas la bienvenue en France.🤣Les donneurs de leçon exposés 🙂l'occident decadent,"liberte de la presse, russie",occident,4
ai,Un proche de Poutine menace la France: l'entretien exclusif de  notre reporter à Moscou,UgwUFMjN2JJnfNZwRH14AaABAg.A1FHrr2cFVfA1G91wWsvII,Il y a des journalistes Russes en France. Les journalistes Russes sont tous en dehors de la Russie ou en prison ou morts.,Les Journalistes français circulent librement en Russie mais les journalistes Russes ne sont pas la bienvenue en France.🤣Les donneurs de leçon exposés 🙂l'occident decadent,liberte de la presse,russie,23
ai,Un proche de Poutine menace la France: l'entretien exclusif de  notre reporter à Moscou,UgwUFMjN2JJnfNZwRH14AaABAg.A1FHrr2cFVfA1G9Eepa1Hu,@user tu semble bien attarder pour un troll je ne vais pas te faciliter le travail de propagande. Aller petit nazi retourne au pays russe,Les Journalistes français circulent librement en Russie mais les journalistes Russes ne sont pas la bienvenue en France.🤣Les donneurs de leçon exposés 🙂l'occident decadent,,trolls russes,25
ai,Un proche de Poutine menace la France: l'entretien exclusif de  notre reporter à Moscou,UgwUFMjN2JJnfNZwRH14AaABAg.A1FHrr2cFVfA1GADevKVJv,@user Arrête d'essayer d'inverser la situation garçon. Tu es un putain de troll point barre. Le seum que tu dois éprouver en ce moment me délecte.,Les Journalistes français circulent librement en Russie mais les journalistes Russes ne sont pas la bienvenue en France.🤣Les donneurs de leçon exposés 🙂l'occident decadent,,trolls russes,26
ai,Un proche de Poutine menace la France: l'entretien exclusif de  notre reporter à Moscou,UgwUFMjN2JJnfNZwRH14AaABAg.A1FHrr2cFVfA1GB50Kbclb,"Les vrais journalistes Russes sont tous en dehors de la Russie en opposition au gouvernement Poutine ou soit en taule, morts ...",Les Journalistes français circulent librement en Russie mais les journalistes Russes ne sont pas la bienvenue en France.🤣Les donneurs de leçon exposés 🙂l'occident decadent,liberte de la presse,"russie, vladimir poutine",22
ai,Un proche de Poutine menace la France: l'entretien exclusif de  notre reporter à Moscou,UgwUFMjN2JJnfNZwRH14AaABAg.A1FHrr2cFVfA1GBPr7414e,"Ce journaleux est nul.
Il a le droit d e rester en Russie parce que les journaleux russes ont le droit de rester en France.
Tolstoï joue le pittbull, ( avec 200 missiles) mais sait bien que les missiles français peuve’t transformer moscou en parking.
Bref, combat de coq entre un ours russe et un roquet français.",Les Journalistes français circulent librement en Russie mais les journalistes Russes ne sont pas la bienvenue en France.🤣Les donneurs de leçon exposés 🙂l'occident decadent,,"journalisme francais, russie",57
ai,Un proche de Poutine menace la France: l'entretien exclusif de  notre reporter à Moscou,UgwUFMjN2JJnfNZwRH14AaABAg.A1FHrr2cFVfA1GBQV4M-HR,@user trouves toi logique qu'une soit disant démocratie interdit une chaîne de télévision ? Quelle est donc la différence avec le régime de de Poutine?,Les Journalistes français circulent librement en Russie mais les journalistes Russes ne sont pas la bienvenue en France.🤣Les donneurs de leçon exposés 🙂l'occident decadent,liberte de la presse,democratie francaise,25
ai,Un proche de Poutine menace la France: l'entretien exclusif de  notre reporter à Moscou,UgwUFMjN2JJnfNZwRH14AaABAg.A1FHrr2cFVfA1GJaIajEX7,Nous sommes dirigés par des pervers 🤣🤣🤣,Les Journalistes français circulent librement en Russie mais les journalistes Russes ne sont pas la bienvenue en France.🤣Les donneurs de leçon exposés 🙂l'occident decadent,,"emmanuel macron, occident",7
ai,Un proche de Poutine menace la France: l'entretien exclusif de  notre reporter à Moscou,UgwUFMjN2JJnfNZwRH14AaABAg.A1FHrr2cFVfA1GL81uUF-1,Vous vous rendez compte 😢 j'ai honte pour mes arrières grands parents de la première et seconde guerre mondiale honte pour la république de Napoléon vous vous rendez compte que l'on défend l'Ukraine qui dans ses rend compte et troupes nazis et de l'autre côté on soutient Israël. Quel honte ou et la logique de Macron,Les Journalistes français circulent librement en Russie mais les journalistes Russes ne sont pas la bienvenue en France.🤣Les donneurs de leçon exposés 🙂l'occident decadent,,"aide a l ukraine, emmanuel macron, guerre en ukraine, israel",56
ai,Un proche de Poutine menace la France: l'entretien exclusif de  notre reporter à Moscou,UgwUFMjN2JJnfNZwRH14AaABAg.A1FHrr2cFVfA1GLFnqEB20,"Si t'es pas content, tu peux toujours prendre ta déchéance de nationalité et partir en Russie pauvre con",Les Journalistes français circulent librement en Russie mais les journalistes Russes ne sont pas la bienvenue en France.🤣Les donneurs de leçon exposés 🙂l'occident decadent,,russie,18
ai,Un proche de Poutine menace la France: l'entretien exclusif de  notre reporter à Moscou,UgwUFMjN2JJnfNZwRH14AaABAg.A1FHrr2cFVfA1GNnHSuFR0,That is democracy - freedom of speech they call it :)))))),Les Journalistes français circulent librement en Russie mais les journalistes Russes ne sont pas la bienvenue en France.🤣Les donneurs de leçon exposés 🙂l'occident decadent,,"democratie francaise, liberte de la presse, occident",11
ai,Un proche de Poutine menace la France: l'entretien exclusif de  notre reporter à Moscou,UgwUFMjN2JJnfNZwRH14AaABAg.A1FHrr2cFVfA1GOLbUd-1G,"Mdr, la recherche Journaliste emprisonné en Russie.",Les Journalistes français circulent librement en Russie mais les journalistes Russes ne sont pas la bienvenue en France.🤣Les donneurs de leçon exposés 🙂l'occident decadent,liberte de la presse,russie,7
ai,Un proche de Poutine menace la France: l'entretien exclusif de  notre reporter à Moscou,UgwUFMjN2JJnfNZwRH14AaABAg.A1FHrr2cFVfA1GPmPO2Faj,Vous journalistes français vous êtes arrogant même vous cherche r a aggravé vous êtes des chiens des grosse fortune qui vous m anipule vous n êtes pas objectif,Les Journalistes français circulent librement en Russie mais les journalistes Russes ne sont pas la bienvenue en France.🤣Les donneurs de leçon exposés 🙂l'occident decadent,,journalisme francais,28
ai,Un proche de Poutine menace la France: l'entretien exclusif de  notre reporter à Moscou,UgwUFMjN2JJnfNZwRH14AaABAg.A1FHrr2cFVfA1GRuEQmVuZ,@user L'hypocrisie en premier lieu !!,Les Journalistes français circulent librement en Russie mais les journalistes Russes ne sont pas la bienvenue en France.🤣Les donneurs de leçon exposés 🙂l'occident decadent,liberte de la presse,occident,6
ai,Un proche de Poutine menace la France: l'entretien exclusif de  notre reporter à Moscou,UgwUFMjN2JJnfNZwRH14AaABAg.A1FHrr2cFVfA1GS8fV-5bF,Pas surprenant son raisonnement. Pas choquant. En 45 les russes sont venir nous sortir de la merde.,Les Journalistes français circulent librement en Russie mais les journalistes Russes ne sont pas la bienvenue en France.🤣Les donneurs de leçon exposés 🙂l'occident decadent,russie,,17
ai,Un proche de Poutine menace la France: l'entretien exclusif de  notre reporter à Moscou,UgwUFMjN2JJnfNZwRH14AaABAg.A1FHrr2cFVfA1GSJ-72O0a,"@user pas d'intellect , car ton déni et celui des journalistes corrompus qui font la fausse propagande d 'une Russie envahissante en fait rire plus d'un
Alors que nous marchons sur les pieds des Russes depuis les accord de MINSK JAMAIS RESPECTER , que si l'Ukraine entre dans l'Otan comme tout pays membre , elle accueillera les bases et leurs missile ( qui d'ailleurs seront diriger vers Moscou ) Ukraine c est + - 1600km de frontière avec la Russie ,
Cette guerre était prévisible et orchestrer par nos maître ( usa qui dirige l'otan ) etc..etc...et maintenant Macron veut faire tuer nos enfants en les envoyant en Ukraine alors que l'Ukraine ne fait pas partie de l'union européenne ( et donc la France serait ) de 1 en tord , de 2 personne ne va les suivre en Europe et encore moins les Américains,
Donc ne fait pas celui qui a tout compris et qui se permet de parler de l'intellect des gens car en Geo politique tu n'as pas l'air d'y comprendre grand chose ,
Peut être ton cerveau est lobotomiser par BFM , TF1 etc....donc je te conseille d'aller sur google ( et pas youporn sa te changera )
Et d'aller étudier le sujet,
La Russie a toujours été ami de la France,c'est Macron qui détruit tout , d'ailleurs c'est à cause de lui s'il n'y a pas eux de cesser de feu ( mais il en veut un maintenant pour les JO haha et pourquoi pas pour la Champions ligues 😂
En plis ce serait pour réarmer l'Ukraine car ils sont à court de munition ,
Ce qui m'étonne c'est que ici on dénonce l'antisémitisme mais les Nazis au pouvoirs avec Zelinsky ( au parlement sa dérange personne ) mais bon , fait toi une culture et forge toi une vrai opinion et pas une opinion à travers nos menteur de MEDIA corrompus, si tu penses que nous disons la vérité , que Poutine est le mechant et que nous sommes l'axe du bien on peut plus rien pour toi,",Les Journalistes français circulent librement en Russie mais les journalistes Russes ne sont pas la bienvenue en France.🤣Les donneurs de leçon exposés 🙂l'occident decadent,"russie, vladimir poutine","aide a l ukraine, bfmtv, emmanuel macron, journalisme francais, occident",344
ai,Un proche de Poutine menace la France: l'entretien exclusif de  notre reporter à Moscou,UgwUFMjN2JJnfNZwRH14AaABAg.A1FHrr2cFVfA1GTtSwDRrF,😅 c est pas de Attal q il voulait parler mais le journaliste biaise son interview l affaire Brigitte a passer les frontières a mon avis bref !!!! Ce qui est sur c est que Macron vas trop loin depuis des années sur pleins de sujets et d ailleurs les seuls journalistes russes qu ont voient sur plateau TV c est pour dire q ils sont contre Poutine et son régime sinon ont ne les laisse pas parler et sa fait des années que ça dure bref a moment donner la France vas trinquer a cause de Macron .... 😢 Faudrait pas pleurer ont l aura bien cherché a se mêler de se qui nous regardaient pas .... Pauvre France ont verras qui nous aidera quand ont sera dans l'avion merde ????? Quel pays sera notre allié et ne dites pas les états unies parce que là je rie fort,Les Journalistes français circulent librement en Russie mais les journalistes Russes ne sont pas la bienvenue en France.🤣Les donneurs de leçon exposés 🙂l'occident decadent,liberte de la presse,"aide a l ukraine, emmanuel macron, journalisme francais, occident",150
ai,Un proche de Poutine menace la France: l'entretien exclusif de  notre reporter à Moscou,UgwUFMjN2JJnfNZwRH14AaABAg.A1FHrr2cFVfA1GTwayGGf_,Ben il dit les choses au moins c clair!!!!et du coup je suis plutot ok avec lui !!!macron le petit poucet devrait s occuper de son pays avant de faire le petit soldat !!il nous ridiculise assez dans le monde et la je pense que ca suffit les petites visites a marseille c blabla on a compris cela depuis un moment!!!basta!!!!serieux!!il nous manque un chef!!!!!!!!!!!!!!,Les Journalistes français circulent librement en Russie mais les journalistes Russes ne sont pas la bienvenue en France.🤣Les donneurs de leçon exposés 🙂l'occident decadent,,emmanuel macron,65
ai,L'interview du porte-parole de l'ambassade de Russie en France en intégralité,UgxAc5qNbzeIP-4nEvR4AaABAg,"Madame Bachelot, Jacques Chirac à été réélu en 2002 à hauteur de 83% des voix.. en démocratie.. en France..","Madame Bachelot, Jacques Chirac à été réélu en 2002 à hauteur de 83% des voix.. en démocratie.. en France..",elections russes,,19
ai,L'interview du porte-parole de l'ambassade de Russie en France en intégralité,UgxAc5qNbzeIP-4nEvR4AaABAg.A18evMTBUcLA18jGS0jOZp,"Wow! Le mafieux ''petit poutine'' a été félicité par la Chine, la Corée du Nord et l'Iran!!! Méga Magouille du Kremlin!!! Le Peuple Russe va se Révolté ça c'est Certain et petit poutine a une Cible dans l'dos! Il ne terminera pas l'année et makogonov est pitoyable! Plus il parle plus il se cale!!!","Madame Bachelot, Jacques Chirac à été réélu en 2002 à hauteur de 83% des voix.. en démocratie.. en France..",,"elections russes, russie, vladimir poutine",54
ai,L'interview du porte-parole de l'ambassade de Russie en France en intégralité,UgxAc5qNbzeIP-4nEvR4AaABAg.A18evMTBUcLA18uW_TqAQd,"C'est votre Souhait semer le chaos dans les autres pays et affaibli poutine de l'intérieur mais cela n'arrivera jamais. Poutine empêche la France de voler,piller en Afrique voilà pourquoi vous detestez poutine","Madame Bachelot, Jacques Chirac à été réélu en 2002 à hauteur de 83% des voix.. en démocratie.. en France..",vladimir poutine,occident,32
ai,L'interview du porte-parole de l'ambassade de Russie en France en intégralité,UgxAc5qNbzeIP-4nEvR4AaABAg.A18evMTBUcLA18wZU4vGM0,"@user cas où tu as pas pigé, c'est l'Occident qui se casse la gueule et que plus personne n'écoute. C'est nous qui devenons ceux dont tout le monde se fout... Visiblement tu n'as pas pigé.","Madame Bachelot, Jacques Chirac à été réélu en 2002 à hauteur de 83% des voix.. en démocratie.. en France..",,occident,35
ai,L'interview du porte-parole de l'ambassade de Russie en France en intégralité,UgxAc5qNbzeIP-4nEvR4AaABAg.A18evMTBUcLA191Oq0950G,Qu'est-ce que ce russe parle bien français 😂 seul contre eux,"Madame Bachelot, Jacques Chirac à été réélu en 2002 à hauteur de 83% des voix.. en démocratie.. en France..",russie,journalisme francais,11
ai,L'interview du porte-parole de l'ambassade de Russie en France en intégralité,UgxAc5qNbzeIP-4nEvR4AaABAg.A18evMTBUcLA191QV2Lkqb,Continue à rêver 🤣trouve déjà le moyen de te débarrasser de ton président que vous critiquez tous...Mdr@user,"Madame Bachelot, Jacques Chirac à été réélu en 2002 à hauteur de 83% des voix.. en démocratie.. en France..",,"democratie francaise, emmanuel macron",17
ai,L'interview du porte-parole de l'ambassade de Russie en France en intégralité,UgxAc5qNbzeIP-4nEvR4AaABAg.A18evMTBUcLA192kkoTdk2,Il n'a pas tué son opposant espèce d'abruti,"Madame Bachelot, Jacques Chirac à été réélu en 2002 à hauteur de 83% des voix.. en démocratie.. en France..",democratie francaise,vladimir poutine,8
ai,L'interview du porte-parole de l'ambassade de Russie en France en intégralité,UgxAc5qNbzeIP-4nEvR4AaABAg.A18evMTBUcLA195iSNoOnG,"Chirac recevé de l'argent de ça campagne électorale de Saddam Hussein à l'époque,des valises remplies des euros dans les métros de Paris , ça été dévoilé par l'ex chef des renseignements irakien","Madame Bachelot, Jacques Chirac à été réélu en 2002 à hauteur de 83% des voix.. en démocratie.. en France..",,democratie francaise,32
ai,L'interview du porte-parole de l'ambassade de Russie en France en intégralité,UgxAc5qNbzeIP-4nEvR4AaABAg.A18evMTBUcLA199iF3qc7g,"Il n'a pas tué son opposant, lui, cré - tine","Madame Bachelot, Jacques Chirac à été réélu en 2002 à hauteur de 83% des voix.. en démocratie.. en France..",democratie francaise,vladimir poutine,10
ai,L'interview du porte-parole de l'ambassade de Russie en France en intégralité,UgxAc5qNbzeIP-4nEvR4AaABAg.A18evMTBUcLA19A4Tznp_f,"Le score de Poutine fait beaucoup de jaloux 😏...
En tout cas, en Afrique on APPLAUDIT!
Ou alors on ne compte pas 😅?","Madame Bachelot, Jacques Chirac à été réélu en 2002 à hauteur de 83% des voix.. en démocratie.. en France..","elections russes, vladimir poutine",,23
ai,L'interview du porte-parole de l'ambassade de Russie en France en intégralité,UgxAc5qNbzeIP-4nEvR4AaABAg.A18evMTBUcLA19CO-cdhr_,"Vous applaudissez ,mais ce n'est pas la bas que vous allez ,pourtant le pays est immense et vous y serez accueillis les bras ouverts avec des colliers de fleurs","Madame Bachelot, Jacques Chirac à été réélu en 2002 à hauteur de 83% des voix.. en démocratie.. en France..",,russie,29
ai,L'interview du porte-parole de l'ambassade de Russie en France en intégralité,UgxAc5qNbzeIP-4nEvR4AaABAg.A18evMTBUcLA19JqH_oRa9,À la différence que c était au second tour,"Madame Bachelot, Jacques Chirac à été réélu en 2002 à hauteur de 83% des voix.. en démocratie.. en France..",democratie francaise,,9
ai,L'interview du porte-parole de l'ambassade de Russie en France en intégralité,UgxAc5qNbzeIP-4nEvR4AaABAg.A18evMTBUcLA19KLZpKUYU,"@user as vu en France on a le droit de dire qu on est pas d accord.
En Russie celui qui dit publiquement ne pas être d accord fini en prison","Madame Bachelot, Jacques Chirac à été réélu en 2002 à hauteur de 83% des voix.. en démocratie.. en France..",democratie francaise,russie,31
ai,L'interview du porte-parole de l'ambassade de Russie en France en intégralité,UgxAc5qNbzeIP-4nEvR4AaABAg.A18evMTBUcLA19NlnFqbIn,"@user par Assimi Goïta du mali🎉..
T'as le seum toi😂😂
Pauvre gamin français ; traumatisé par la propagande occidentale ..😂😂😂","Madame Bachelot, Jacques Chirac à été réélu en 2002 à hauteur de 83% des voix.. en démocratie.. en France..",,occident,20
ai,L'interview du porte-parole de l'ambassade de Russie en France en intégralité,UgxAc5qNbzeIP-4nEvR4AaABAg.A18evMTBUcLA19ONn4uBRe,"@user’est parce que c’est pas la Russie qui a pillé l’Afrique depuis des siècles, jusqu’à présent avec la complicité de certains dirigeants, on vient récupérer nos bien, pour rappel les occidentaux sont les Premiers à se rendre en Afrique pour lesclavage et la colonisation","Madame Bachelot, Jacques Chirac à été réélu en 2002 à hauteur de 83% des voix.. en démocratie.. en France..",russie,occident,44
ai,L'interview du porte-parole de l'ambassade de Russie en France en intégralité,UgxAc5qNbzeIP-4nEvR4AaABAg.A18evMTBUcLA19Q3FYyZg9,Chirac à été élu avec 20%,"Madame Bachelot, Jacques Chirac à été réélu en 2002 à hauteur de 83% des voix.. en démocratie.. en France..",,democratie francaise,6
ai,L'interview du porte-parole de l'ambassade de Russie en France en intégralité,UgxAc5qNbzeIP-4nEvR4AaABAg.A18evMTBUcLA19R_Pm7j_h,Je suis d'accord avec vous la colonisation est nefaste mais elle existe toujours plus ou moins mais de façon iplus insidieuse certains pays sont pillés en payant avec leurs ressources naturelles pour payer certains groupes paramilitaires et pas que des occidentaux,"Madame Bachelot, Jacques Chirac à été réélu en 2002 à hauteur de 83% des voix.. en démocratie.. en France..",,occident,41
ai,L'interview du porte-parole de l'ambassade de Russie en France en intégralité,UgxAc5qNbzeIP-4nEvR4AaABAg.A18evMTBUcLA19U6JzjP-C,@user source: Navalny et BFM mdr,"Madame Bachelot, Jacques Chirac à été réélu en 2002 à hauteur de 83% des voix.. en démocratie.. en France..",,bfmtv,6
ai,L'interview du porte-parole de l'ambassade de Russie en France en intégralité,UgxAc5qNbzeIP-4nEvR4AaABAg.A18evMTBUcLA19YI9Go7T7,"@user Mais si t'es pro Ukrainien, c'est à toi d'y aller mon loulou, moi l'Ukraine je m'en tartine les couilles","Madame Bachelot, Jacques Chirac à été réélu en 2002 à hauteur de 83% des voix.. en démocratie.. en France..",,aide a l ukraine,20
ai,L'interview du porte-parole de l'ambassade de Russie en France en intégralité,UgxAc5qNbzeIP-4nEvR4AaABAg.A18evMTBUcLA19aBsM5Bfi,C'est journaleux qui cherche le moindre détail pour dire du mal à la limite de l'interrogatoire SI SEULEMENT ils avaient la même ferveur et hargne pour les politiques français qui eux auraient bien besoin qu'ont les confrontes à leurs incompétence et mensonges.,"Madame Bachelot, Jacques Chirac à été réélu en 2002 à hauteur de 83% des voix.. en démocratie.. en France..",,journalisme francais,42
ai,L'interview du porte-parole de l'ambassade de Russie en France en intégralité,UgxAc5qNbzeIP-4nEvR4AaABAg.A18evMTBUcLA19cX7AGn8Z,Il me semble qu un retraité avec une banderole a été condamné en France ....@user,"Madame Bachelot, Jacques Chirac à été réélu en 2002 à hauteur de 83% des voix.. en démocratie.. en France..",,democratie francaise,15
ai,L'interview du porte-parole de l'ambassade de Russie en France en intégralité,UgxAc5qNbzeIP-4nEvR4AaABAg.A18evMTBUcLA19cdHZpbQ4,'exact avec les médias tous du même côté,"Madame Bachelot, Jacques Chirac à été réélu en 2002 à hauteur de 83% des voix.. en démocratie.. en France..",,"democratie francaise, journalisme francais",8
ai,L'interview du porte-parole de l'ambassade de Russie en France en intégralité,UgxAc5qNbzeIP-4nEvR4AaABAg.A18evMTBUcLA19cp-gaCel,"@user Petit Poutine??. Il vous le mets bien la ou je le pense..87% de son peuple est derriere lui..et a juste titre. Il sera la au moins jusqu'a 2030, tu le veuilles ou non..Occupe toi de ton pays et de ton clown de president ..qui dit qu'il veut envoyer des troupes en Ukraine, mais qui n'a pas les couilles de le faire..Allez declarer la guetre a la Grande Russie si vous en avez le courage..Vous petez plus haut que votre derriere..","Madame Bachelot, Jacques Chirac à été réélu en 2002 à hauteur de 83% des voix.. en démocratie.. en France..","elections russes, guerre en ukraine, russie, vladimir poutine",emmanuel macron,81
ai,L'interview du porte-parole de l'ambassade de Russie en France en intégralité,UgxAc5qNbzeIP-4nEvR4AaABAg.A18evMTBUcLA19desaF65P,La mère BACHELOT a été particulièrement PITOYABLE...en se disant choquée pour un oui ou pour un non!!!!,"Madame Bachelot, Jacques Chirac à été réélu en 2002 à hauteur de 83% des voix.. en démocratie.. en France..",,journalisme francais,17
ai,L'interview du porte-parole de l'ambassade de Russie en France en intégralité,UgxAc5qNbzeIP-4nEvR4AaABAg.A18evMTBUcLA19ik1aJuyW,"Malheureusement le peuple Russe est apathique ,les intellectuels peuvent faire réfléchir certains mais cela n'est pas suffisant
Il ne Faut pas oublier qu'avant Poutine lesRusses faisaient des qUEUES DEvant les magasins d'alimentation
Quant à Magonov, je le trouve pathétique,on ne voit que les icelles de la marionnette du Kremlin quand il parle","Madame Bachelot, Jacques Chirac à été réélu en 2002 à hauteur de 83% des voix.. en démocratie.. en France..",,"russie, vladimir poutine",52
ai,L'interview du porte-parole de l'ambassade de Russie en France en intégralité,UgxAc5qNbzeIP-4nEvR4AaABAg.A18evMTBUcLA19ixeL26II,Ces journaleux de vrais charognars,"Madame Bachelot, Jacques Chirac à été réélu en 2002 à hauteur de 83% des voix.. en démocratie.. en France..",,journalisme francais,5
ai,L'interview du porte-parole de l'ambassade de Russie en France en intégralité,UgxAc5qNbzeIP-4nEvR4AaABAg.A18evMTBUcLA19m3BpteID,Medvedev sur macron excellent le texte 🤣🤣🤣🤣🤣,"Madame Bachelot, Jacques Chirac à été réélu en 2002 à hauteur de 83% des voix.. en démocratie.. en France..",,emmanuel macron,7
ai,L'interview du porte-parole de l'ambassade de Russie en France en intégralité,UgxAc5qNbzeIP-4nEvR4AaABAg.A18evMTBUcLA19mEs0-MEv,Tout à fait...Cette bonne femme se dit chaquée quand ça l'arrange et que ç correspond à la pensée unique du plateau!!!,"Madame Bachelot, Jacques Chirac à été réélu en 2002 à hauteur de 83% des voix.. en démocratie.. en France..",,"bfmtv, journalisme francais",21
ai,L'interview du porte-parole de l'ambassade de Russie en France en intégralité,UgxAc5qNbzeIP-4nEvR4AaABAg.A18evMTBUcLA19mSPASULQ,"@user: espèce d'idiot , au second tour en général il reste que deux candidats, et au Magreb les scores ne sont- ils pas manipulés ? Voire magoullés ?","Madame Bachelot, Jacques Chirac à été réélu en 2002 à hauteur de 83% des voix.. en démocratie.. en France..",democratie francaise,,28
ai,L'interview du porte-parole de l'ambassade de Russie en France en intégralité,UgxAc5qNbzeIP-4nEvR4AaABAg.A18evMTBUcLA19mW_87D3a,@user pour finir a 83% c'est qu'il y avait un problème démocratique quand-même.,"Madame Bachelot, Jacques Chirac à été réélu en 2002 à hauteur de 83% des voix.. en démocratie.. en France..",,democratie francaise,13
ai,L'interview du porte-parole de l'ambassade de Russie en France en intégralité,UgxAc5qNbzeIP-4nEvR4AaABAg.A18evMTBUcLA19mnK_hPHX,"Les médias français veulent voir ce qu'ils veulent voir et critiquer ce qu'ils n'aiment pas, en fait, les médias français suivent les états unis et la CIA.","Madame Bachelot, Jacques Chirac à été réélu en 2002 à hauteur de 83% des voix.. en démocratie.. en France..",,"journalisme francais, occident",27
ai,L'interview du porte-parole de l'ambassade de Russie en France en intégralité,UgxAc5qNbzeIP-4nEvR4AaABAg.A18evMTBUcLA19mzAv9FUf,Grand respect à alexander makogonov,"Madame Bachelot, Jacques Chirac à été réélu en 2002 à hauteur de 83% des voix.. en démocratie.. en France..",russie,,5
ai,L'interview du porte-parole de l'ambassade de Russie en France en intégralité,UgxAc5qNbzeIP-4nEvR4AaABAg.A18evMTBUcLA19nFE-8fvq,"@user ah bon ? combien de gilets jaunes ont été emprisonnés pour rien ?
Et la France n'est certainement pas un exemple de démocratie.
Mitterrand candidat avait été emprisonné pour avoir ouvert une radio libre.
Darmanin qui veut interdire le NPA.
Mélenchon condamné pour avoir réclamé l'ouverture de son Local bloqué par un policier qui n'avait pas respecté la loi.","Madame Bachelot, Jacques Chirac à été réélu en 2002 à hauteur de 83% des voix.. en démocratie.. en France..",liberte de la presse,democratie francaise,60
ai,L'interview du porte-parole de l'ambassade de Russie en France en intégralité,UgxAc5qNbzeIP-4nEvR4AaABAg.A18evMTBUcLA19oYAYG2OH,"ahahah ....ces journalistes qui se plaignent de la sécurité en RUSSIE, les pôvres ne peuvent pas travailler correctement et informer le monde .... ---> JULIAN ASSANGE..... ILS NE CONNAISSENT PAS JULIAN ASSANGE. !.... ça confirme leur niveau journalistique","Madame Bachelot, Jacques Chirac à été réélu en 2002 à hauteur de 83% des voix.. en démocratie.. en France..","liberte de la presse, russie",journalisme francais,38
ai,L'interview du porte-parole de l'ambassade de Russie en France en intégralité,UgxAc5qNbzeIP-4nEvR4AaABAg.A18evMTBUcLA19wQ0VxJJt,"@user êtes aussi loin de Poutine que la lune, et Makagonov n'est pas un mendiant ukrainien hystérique, tout ce qu'il dit est correct.","Madame Bachelot, Jacques Chirac à été réélu en 2002 à hauteur de 83% des voix.. en démocratie.. en France..","guerre en ukraine, russie, vladimir poutine",,23
ai,L'interview du porte-parole de l'ambassade de Russie en France en intégralité,UgxAc5qNbzeIP-4nEvR4AaABAg.A18evMTBUcLA19wbXDxMOt,"@user, vous êtes juste stupide, la Russie a plus de libertés et de droits que le soi-disant monde occidental.","Madame Bachelot, Jacques Chirac à été réélu en 2002 à hauteur de 83% des voix.. en démocratie.. en France..",russie,occident,19
ai,L'interview du porte-parole de l'ambassade de Russie en France en intégralité,UgxAc5qNbzeIP-4nEvR4AaABAg.A18evMTBUcLA19xj1sGqOx,@user bien sûre quelle belle démocratie en france mdr confiné de force picouzé de force on nous fait les poches ferme la va ...t iras te battre en ukraine on te regardera en train de pisser dans ton froc,"Madame Bachelot, Jacques Chirac à été réélu en 2002 à hauteur de 83% des voix.. en démocratie.. en France..",,democratie francaise,39
ai,L'interview du porte-parole de l'ambassade de Russie en France en intégralité,UgxAc5qNbzeIP-4nEvR4AaABAg.A18evMTBUcLA19ywnycqiE,Et toc !,"Madame Bachelot, Jacques Chirac à été réélu en 2002 à hauteur de 83% des voix.. en démocratie.. en France..",democratie francaise,,3
ai,L'interview du porte-parole de l'ambassade de Russie en France en intégralité,UgxAc5qNbzeIP-4nEvR4AaABAg.A18evMTBUcLA19zUGwYbeh,@user le Russe makagono pourquoi il dégage pas chez son putine lifté adoré,"Madame Bachelot, Jacques Chirac à été réélu en 2002 à hauteur de 83% des voix.. en démocratie.. en France..",,"russie, vladimir poutine",13
ai,L'interview du porte-parole de l'ambassade de Russie en France en intégralité,UgxAc5qNbzeIP-4nEvR4AaABAg.A18evMTBUcLA19zqfELlWJ,"Jamais on a vu l'Occident défendre l'Afrique quand les oppositions sont muselées ou quand les opposants sont assassinés.
C'est triste","Madame Bachelot, Jacques Chirac à été réélu en 2002 à hauteur de 83% des voix.. en démocratie.. en France..",,occident,20
ai,L'interview du porte-parole de l'ambassade de Russie en France en intégralité,UgxAc5qNbzeIP-4nEvR4AaABAg.A18evMTBUcLA1A-q4e0_dd,@user Et MACRON ...qu'est-ce que vous en pensez ? Vous allez en Ukraine pour la guerre de MACRON .,"Madame Bachelot, Jacques Chirac à été réélu en 2002 à hauteur de 83% des voix.. en démocratie.. en France..",,"emmanuel macron, guerre en ukraine",19
ai,L'interview du porte-parole de l'ambassade de Russie en France en intégralité,UgxAc5qNbzeIP-4nEvR4AaABAg.A18evMTBUcLA1A-wnmedce,tu peux rappeler le nombre de personnes qui se sont presentées au 1er tour ! c'est toute la difference avec la russie !!!,"Madame Bachelot, Jacques Chirac à été réélu en 2002 à hauteur de 83% des voix.. en démocratie.. en France..",democratie francaise,elections russes,23
ai,L'interview du porte-parole de l'ambassade de Russie en France en intégralité,UgxAc5qNbzeIP-4nEvR4AaABAg.A18evMTBUcLA1A0jD7xaps,Это другое! 😂,"Madame Bachelot, Jacques Chirac à été réélu en 2002 à hauteur de 83% des voix.. en démocratie.. en France..",elections russes,democratie francaise,3
ai,L'interview du porte-parole de l'ambassade de Russie en France en intégralité,UgxAc5qNbzeIP-4nEvR4AaABAg.A18evMTBUcLA1A1pj_er2x,"Les trolls russes ça ose tout, c'est à ça qu'on les reconnaît.
Allez Ivan tu nous appelles le jour où il y a un 2e tour en russie.","Madame Bachelot, Jacques Chirac à été réélu en 2002 à hauteur de 83% des voix.. en démocratie.. en France..",,"elections russes, trolls russes",28
ai,L'interview du porte-parole de l'ambassade de Russie en France en intégralité,UgxAc5qNbzeIP-4nEvR4AaABAg.A18evMTBUcLA1A1tioARuX,Jacques Chirac a été réélu face à un candidat facho à plus de 80%. Poutine aussi mais c’est lui le facho qui était face à trois autres candidat qu'il a choisit qui on tous fait moins de 4%…,"Madame Bachelot, Jacques Chirac à été réélu en 2002 à hauteur de 83% des voix.. en démocratie.. en France..",democratie francaise,"elections russes, vladimir poutine",38
ai,L'interview du porte-parole de l'ambassade de Russie en France en intégralité,UgxAc5qNbzeIP-4nEvR4AaABAg.A18evMTBUcLA1A273VTgRT,Peut être que c'était alors truqué ?,"Madame Bachelot, Jacques Chirac à été réélu en 2002 à hauteur de 83% des voix.. en démocratie.. en France..",,democratie francaise,7
ai,L'interview du porte-parole de l'ambassade de Russie en France en intégralité,UgxAc5qNbzeIP-4nEvR4AaABAg.A18evMTBUcLA1A2YdWsw3k,"Même en étant au second tour et donc avec uniquement 2 candidats, ce score reste inférieur à celui de Poutine C’est assez malhonnête","Madame Bachelot, Jacques Chirac à été réélu en 2002 à hauteur de 83% des voix.. en démocratie.. en France..",,elections russes,23
ai,L'interview du porte-parole de l'ambassade de Russie en France en intégralité,UgxAc5qNbzeIP-4nEvR4AaABAg.A18evMTBUcLA1A4TzTH2ST,@user en utilisant les mêmes moyens que poutine !,"Madame Bachelot, Jacques Chirac à été réélu en 2002 à hauteur de 83% des voix.. en démocratie.. en France..",,"democratie francaise, elections russes, vladimir poutine",9
ai,L'interview du porte-parole de l'ambassade de Russie en France en intégralité,UgxAc5qNbzeIP-4nEvR4AaABAg.A18evMTBUcLA1A4dnqn-we,@user a raison même au deuxième tour ils ont interdit à lepen de faire campagne et ont passé des reportages nazis 15 jours même méthode que poutine !,"Madame Bachelot, Jacques Chirac à été réélu en 2002 à hauteur de 83% des voix.. en démocratie.. en France..",,"democratie francaise, vladimir poutine",28
ai,L'interview du porte-parole de l'ambassade de Russie en France en intégralité,UgxAc5qNbzeIP-4nEvR4AaABAg.A18evMTBUcLA1A4n4Rgva5,"C'est presque pire que ce que j' entendais, du temps de l' Urss... C'est pas peu dire !
Et un jour l urss s'est ecroulée comme un chateau de sable. Plouf !
Mentir et abuser a ce niveau... Pitoyable.
Et l armée des timbrés de trolls qui embrayent comme un seul homme... des simples... Des mômes frustrés et puerils. Tristes sires.!","Madame Bachelot, Jacques Chirac à été réélu en 2002 à hauteur de 83% des voix.. en démocratie.. en France..",,"russie, trolls russes",61
ai,L'interview du porte-parole de l'ambassade de Russie en France en intégralité,UgxAc5qNbzeIP-4nEvR4AaABAg.A18evMTBUcLA1A5JUCF4QM,@user c est juste que certains regarde trop la télé ! Évidemment qu il y a un problème qu il a éliminé plein de candidats mais il passerait au premier tour dans tous les cas ! Et les propos du porte parole sont juste le problème de l opposition russe c est qu elle est sous influence donc voilà pourquoi il ne veut pas !,"Madame Bachelot, Jacques Chirac à été réélu en 2002 à hauteur de 83% des voix.. en démocratie.. en France..","elections russes, vladimir poutine",,65
ai,L'interview du porte-parole de l'ambassade de Russie en France en intégralité,UgxAc5qNbzeIP-4nEvR4AaABAg.A18evMTBUcLA1A75VJrE-d,@user oui mais les medias et les lobbyste ont tous fait pour que le FN soit au second tour,"Madame Bachelot, Jacques Chirac à été réélu en 2002 à hauteur de 83% des voix.. en démocratie.. en France..",,"democratie francaise, journalisme francais",19
ai,L'interview du porte-parole de l'ambassade de Russie en France en intégralité,UgxAc5qNbzeIP-4nEvR4AaABAg.A18evMTBUcLA1A86PfoAGd,"@user, il parle franchement et en patriote au contraire face à ce petit tribunal, il a tenu dans un très bon français son discours. Contrairement à nos complotiste et corrompus de journalistes .. je vois d ailleurs pas non plus la pluralité sur bfm qui au regard de cette séance plénière, est pro-ukraininiene!","Madame Bachelot, Jacques Chirac à été réélu en 2002 à hauteur de 83% des voix.. en démocratie.. en France..",,"bfmtv, journalisme francais",53
ai,L'interview du porte-parole de l'ambassade de Russie en France en intégralité,UgxAc5qNbzeIP-4nEvR4AaABAg.A18evMTBUcLA1A8ze4eqbL,très bon argument !,"Madame Bachelot, Jacques Chirac à été réélu en 2002 à hauteur de 83% des voix.. en démocratie.. en France..",democratie francaise,,4
ai,L'interview du porte-parole de l'ambassade de Russie en France en intégralité,UgxAc5qNbzeIP-4nEvR4AaABAg.A18evMTBUcLA1A9ZEjxMAH,Macron a été élu avec combien de français qui ont voté. Est-ce qu'aujourd'hui Emmanuel Macron peut il se présenter devant 50.000 milles français réunis ??.,"Madame Bachelot, Jacques Chirac à été réélu en 2002 à hauteur de 83% des voix.. en démocratie.. en France..",,"democratie francaise, emmanuel macron",25
ai,L'interview du porte-parole de l'ambassade de Russie en France en intégralité,UgxAc5qNbzeIP-4nEvR4AaABAg.A18evMTBUcLA1A9hjpFatu,@user le second tour c'est pas une élection ?,"Madame Bachelot, Jacques Chirac à été réélu en 2002 à hauteur de 83% des voix.. en démocratie.. en France..",democratie francaise,,9
ai,L'interview du porte-parole de l'ambassade de Russie en France en intégralité,UgxAc5qNbzeIP-4nEvR4AaABAg.A18evMTBUcLA1AA8e9FVbO,@user second tour n'est pas une élection loool?,"Madame Bachelot, Jacques Chirac à été réélu en 2002 à hauteur de 83% des voix.. en démocratie.. en France..",democratie francaise,,8
ai,L'interview du porte-parole de l'ambassade de Russie en France en intégralité,UgxAc5qNbzeIP-4nEvR4AaABAg.A18evMTBUcLA1AAJqTqVDz,Tout à fait d’accord.,"Madame Bachelot, Jacques Chirac à été réélu en 2002 à hauteur de 83% des voix.. en démocratie.. en France..",democratie francaise,,4
ai,L'interview du porte-parole de l'ambassade de Russie en France en intégralité,UgxAc5qNbzeIP-4nEvR4AaABAg.A18evMTBUcLA1AB6QIKs8L,"@user Occupe toi déjà de ce qui se passe en France, le peuple qui est prêt à se révolter contre l'ordure qui est au pouvoir, c'est en France. Petit comique que tu es.","Madame Bachelot, Jacques Chirac à été réélu en 2002 à hauteur de 83% des voix.. en démocratie.. en France..",,"democratie francaise, emmanuel macron",33
ai,L'interview du porte-parole de l'ambassade de Russie en France en intégralité,UgxAc5qNbzeIP-4nEvR4AaABAg.A18evMTBUcLA1ABQoSh94m,@user Ah ouais on a le droit de dire ce que l'on veut en France ? Et la censure sur Facebook par exemple ?,"Madame Bachelot, Jacques Chirac à été réélu en 2002 à hauteur de 83% des voix.. en démocratie.. en France..",,democratie francaise,24
ai,L'interview du porte-parole de l'ambassade de Russie en France en intégralité,UgxAc5qNbzeIP-4nEvR4AaABAg.A18evMTBUcLA1ACdJmLzgE,"@user parce que en france il ya deux tours . Au cas où au premier tour , il y a en tête le RN par exemple , la france ce précipite après la propagande de l’entre deux tours ce précipite por aller voter contre …. La france c’est une démocratie déguisée….le système est fait de tel sorte a ce qu’ont laisse présager a une démocratie mais en fet sa n’en est pas une . Je suis français, née a lyon . Ont veut donner des leçons de démocratie alors que nous notre pays ont fait passer des 49/3 a tout bout de champs… arrêtez un peut de prendre les gens pour des cons . Occupons nous de notre cul au lieu d’aller essayer d’imposer nos mode de vie a d’autres pays que le notre . Le maroc est un très grand ami de la France et fait exactement la même chose que poutine chez eux dans leur pays . Ces gens sont tous des escrocs.","Madame Bachelot, Jacques Chirac à été réélu en 2002 à hauteur de 83% des voix.. en démocratie.. en France..",,"democratie francaise, occident, vladimir poutine",165
ai,L'interview du porte-parole de l'ambassade de Russie en France en intégralité,UgxAc5qNbzeIP-4nEvR4AaABAg.A18evMTBUcLA1ACyUL_3fP,"@user tu devrais aller voir ailleurs si l herbe est plus verte si tu es malheureux Pour Facebook il s agit de modérateurs.
Tu peux aussi me dire qu on est pas libre de rouler à la vitesse qu on veut ça ne veut pas dire pour autant que ce n'est pas un pays de liberté","Madame Bachelot, Jacques Chirac à été réélu en 2002 à hauteur de 83% des voix.. en démocratie.. en France..",democratie francaise,,56
ai,L'interview du porte-parole de l'ambassade de Russie en France en intégralité,UgxAc5qNbzeIP-4nEvR4AaABAg.A18evMTBUcLA1ADdx7jXDf,Je trouve le porte parole de l ambassade russe très patient avec cette bande de harceleurs a la solde de la France.,"Madame Bachelot, Jacques Chirac à été réélu en 2002 à hauteur de 83% des voix.. en démocratie.. en France..",russie,journalisme francais,22
ai,L'interview du porte-parole de l'ambassade de Russie en France en intégralité,UgxAc5qNbzeIP-4nEvR4AaABAg.A18evMTBUcLA1AE6t4ssjo,"@user bon ? C’est nouveau ça. Tu penses que BFM et LCI vont parler de l’affaire Brigitte Macron ?
Il y a une personne qui a parlé du statut vaccinal du président, il a été suspendu 3 semaines.
C’est ça la démocratie pour toi ?","Madame Bachelot, Jacques Chirac à été réélu en 2002 à hauteur de 83% des voix.. en démocratie.. en France..",liberte de la presse,"bfmtv, democratie francaise, emmanuel macron, journalisme francais",45
ai,L'interview du porte-parole de l'ambassade de Russie en France en intégralité,UgxAc5qNbzeIP-4nEvR4AaABAg.A18evMTBUcLA1AFGC8EifI,Français retirer jean _michel du pouvoir !!,"Madame Bachelot, Jacques Chirac à été réélu en 2002 à hauteur de 83% des voix.. en démocratie.. en France..",,emmanuel macron,7
ai,L'interview du porte-parole de l'ambassade de Russie en France en intégralité,UgxAc5qNbzeIP-4nEvR4AaABAg.A18evMTBUcLA1AFJY8JOdg,"Rage pas la suceuse de Macron, le président Poutine (élu démocratiquement) est là et pour longtemps 😉@user","Madame Bachelot, Jacques Chirac à été réélu en 2002 à hauteur de 83% des voix.. en démocratie.. en France..","elections russes, vladimir poutine",emmanuel macron,17
ai,L'interview du porte-parole de l'ambassade de Russie en France en intégralité,UgxAc5qNbzeIP-4nEvR4AaABAg.A18evMTBUcLA1AGRLctr_A,".@user le rapport, c'est la dure vie des journalistes qui doivent montrer leurs papiers pour être libre d'interviewe en RUSSIE, alors que le JOURNALISTE ASSANGE est en taule...... pareillement concernant cette ligne de commentaire avec chirac élu non démocratiquement car sans débat télévisé en avril 2002 entre les 2 tours, anticonstitutionnellement !","Madame Bachelot, Jacques Chirac à été réélu en 2002 à hauteur de 83% des voix.. en démocratie.. en France..","liberte de la presse, russie","democratie francaise, occident",52
ai,L'interview du porte-parole de l'ambassade de Russie en France en intégralité,UgxAc5qNbzeIP-4nEvR4AaABAg.A18evMTBUcLA1AGT7GZrTH,pas comparable rien à voir...,"Madame Bachelot, Jacques Chirac à été réélu en 2002 à hauteur de 83% des voix.. en démocratie.. en France..",,elections russes,5
ai,Un proche de Poutine menace la France: l'entretien exclusif de  notre reporter à Moscou,UgyHeT3iGy9VuXyO8yJ4AaABAg,Donc les journalistes de BFM-ERDE sont libres de travailler en Russie contrairement à leurs collègues de RT et SPUTNIK en France ????,Donc les journalistes de BFM-ERDE sont libres de travailler en Russie contrairement à leurs collègues de RT et SPUTNIK en France ????,,bfmtv,22
ai,Un proche de Poutine menace la France: l'entretien exclusif de  notre reporter à Moscou,UgyHeT3iGy9VuXyO8yJ4AaABAg.A1EuavtwW31A1Ezq9XFffJ,"libres?? oui, vous êtes toujours libres de vous déplacer grâce à votre politique, mais les russes sont sanctionnés pour des raisons évidentes!!!",Donc les journalistes de BFM-ERDE sont libres de travailler en Russie contrairement à leurs collègues de RT et SPUTNIK en France ????,,"liberte de la presse, russie",22
ai,Un proche de Poutine menace la France: l'entretien exclusif de  notre reporter à Moscou,UgyHeT3iGy9VuXyO8yJ4AaABAg.A1EuavtwW31A1F-cC3iCQT,Bien vu. MDR,Donc les journalistes de BFM-ERDE sont libres de travailler en Russie contrairement à leurs collègues de RT et SPUTNIK en France ????,"liberte de la presse, russie",bfmtv,3
ai,Un proche de Poutine menace la France: l'entretien exclusif de  notre reporter à Moscou,UgyHeT3iGy9VuXyO8yJ4AaABAg.A1EuavtwW31A1F00SrEZCo,"Tout à fait exact, on vit tellement en démocratie que tous les médias russes ont étés interdit en Europe par contre à l'inverse en Russie aucun média français ou occidental n'a été interdit.",Donc les journalistes de BFM-ERDE sont libres de travailler en Russie contrairement à leurs collègues de RT et SPUTNIK en France ????,"liberte de la presse, russie","democratie francaise, occident",33
ai,Un proche de Poutine menace la France: l'entretien exclusif de  notre reporter à Moscou,UgyHeT3iGy9VuXyO8yJ4AaABAg.A1EuavtwW31A1F0P3Mvw8M,"A la fin les journalistes qui ont pissé dans leurs frocs ""oui on s'inquiète un peu..."" LOL",Donc les journalistes de BFM-ERDE sont libres de travailler en Russie contrairement à leurs collègues de RT et SPUTNIK en France ????,,journalisme francais,17
ai,Un proche de Poutine menace la France: l'entretien exclusif de  notre reporter à Moscou,UgyHeT3iGy9VuXyO8yJ4AaABAg.A1EuavtwW31A1F0pLTc1fO,"@user: tu es un sacré merdeux le trouduc hein! et tu vas plaire à Poutinette . tu es invité au Kremlin , on t'attend en urgence . Lavrov ministre des affaires étranges spéciales soviétiques .",Donc les journalistes de BFM-ERDE sont libres de travailler en Russie contrairement à leurs collègues de RT et SPUTNIK en France ????,,"russie, vladimir poutine",35
ai,Un proche de Poutine menace la France: l'entretien exclusif de  notre reporter à Moscou,UgyHeT3iGy9VuXyO8yJ4AaABAg.A1EuavtwW31A1F1zxmUCEE,"RT et Sputnik ne sont pas des médias,mais des organes de propagandes russonazi.Macron l a expliqué au dictateur mafieux en L humiliant et le nabot de regardait les pompes 😂🤡",Donc les journalistes de BFM-ERDE sont libres de travailler en Russie contrairement à leurs collègues de RT et SPUTNIK en France ????,emmanuel macron,"liberte de la presse, russie, vladimir poutine",30
ai,Un proche de Poutine menace la France: l'entretien exclusif de  notre reporter à Moscou,UgyHeT3iGy9VuXyO8yJ4AaABAg.A1EuavtwW31A1F23IZKjZs,@user Sputnik ne sont pas des médias,Donc les journalistes de BFM-ERDE sont libres de travailler en Russie contrairement à leurs collègues de RT et SPUTNIK en France ????,,liberte de la presse,7
ai,Un proche de Poutine menace la France: l'entretien exclusif de  notre reporter à Moscou,UgyHeT3iGy9VuXyO8yJ4AaABAg.A1EuavtwW31A1F2_yWK2Q7,Seul la diffusion de ces chaînes d'état est interdite pas les propagandistes de ces dernières... gros benêts...,Donc les journalistes de BFM-ERDE sont libres de travailler en Russie contrairement à leurs collègues de RT et SPUTNIK en France ????,liberte de la presse,,17
ai,Un proche de Poutine menace la France: l'entretien exclusif de  notre reporter à Moscou,UgyHeT3iGy9VuXyO8yJ4AaABAg.A1EuavtwW31A1F32N2uKm-,@user Macron l a expliqué au nabot mafieux russonazi poutine.Le nabot se regardait les pompes avec les veines de sa gueule de primate a la limite d exploser 💥💥Un grand moment je humilliation de nabot que je me repasse en boucle 🇨🇵👍,Donc les journalistes de BFM-ERDE sont libres de travailler en Russie contrairement à leurs collègues de RT et SPUTNIK en France ????,emmanuel macron,vladimir poutine,42
ai,Un proche de Poutine menace la France: l'entretien exclusif de  notre reporter à Moscou,UgyHeT3iGy9VuXyO8yJ4AaABAg.A1EuavtwW31A1F4QCQD7VS,...Ça alors ! Mais quelle honte !!😂😂😂,Donc les journalistes de BFM-ERDE sont libres de travailler en Russie contrairement à leurs collègues de RT et SPUTNIK en France ????,liberte de la presse,,7
ai,Un proche de Poutine menace la France: l'entretien exclusif de  notre reporter à Moscou,UgyHeT3iGy9VuXyO8yJ4AaABAg.A1EuavtwW31A1F4nSmBPRa,"....pour ceux qui n'ont pas encore compris : le patron de BFMTV est Patrick Drahi, et derrière lui sont ses copains neo-conservateurs américains, a l'origine de toutes les guerres récentes.",Donc les journalistes de BFM-ERDE sont libres de travailler en Russie contrairement à leurs collègues de RT et SPUTNIK en France ????,,"bfmtv, occident",30
ai,Un proche de Poutine menace la France: l'entretien exclusif de  notre reporter à Moscou,UgyHeT3iGy9VuXyO8yJ4AaABAg.A1EuavtwW31A1F4rIsf47z,@user ça n en reste pas moins la même propagande... lol,Donc les journalistes de BFM-ERDE sont libres de travailler en Russie contrairement à leurs collègues de RT et SPUTNIK en France ????,,bfmtv,11
ai,Un proche de Poutine menace la France: l'entretien exclusif de  notre reporter à Moscou,UgyHeT3iGy9VuXyO8yJ4AaABAg.A1EuavtwW31A1F5J-iXbp3,"Tu parles. justement, c'est pour pour montrer que tout va bien en Russie .Ils ont même pas le droit de mentionner qu'ils sont en guerre. Si c'est si bien, il va faire un stage là-bas. Ça débarrassera de nos ennemis de l'Intérieur.",Donc les journalistes de BFM-ERDE sont libres de travailler en Russie contrairement à leurs collègues de RT et SPUTNIK en France ????,liberte de la presse,russie,42
ai,Un proche de Poutine menace la France: l'entretien exclusif de  notre reporter à Moscou,UgyHeT3iGy9VuXyO8yJ4AaABAg.A1EuavtwW31A1F5a-R0kr-,@user Si RT et SPUTNIK ne sont pas des médias alors BFM LCI etc non plus,Donc les journalistes de BFM-ERDE sont libres de travailler en Russie contrairement à leurs collègues de RT et SPUTNIK en France ????,liberte de la presse,bfmtv,16
ai,Un proche de Poutine menace la France: l'entretien exclusif de  notre reporter à Moscou,UgyHeT3iGy9VuXyO8yJ4AaABAg.A1EuavtwW31A1F5iE3H1bK,@user SPUTNIK ne sont pas des chaînes d'état déjà pour commencer et ont peut dire pareil pour les médias français car il n'y a que un seul son de cloche,Donc les journalistes de BFM-ERDE sont libres de travailler en Russie contrairement à leurs collègues de RT et SPUTNIK en France ????,liberte de la presse,journalisme francais,30
ai,Un proche de Poutine menace la France: l'entretien exclusif de  notre reporter à Moscou,UgyHeT3iGy9VuXyO8yJ4AaABAg.A1EuavtwW31A1F5yXoNb-v,@user c'est ce qui manque en France la démocratie,Donc les journalistes de BFM-ERDE sont libres de travailler en Russie contrairement à leurs collègues de RT et SPUTNIK en France ????,,democratie francaise,9
ai,Un proche de Poutine menace la France: l'entretien exclusif de  notre reporter à Moscou,UgyHeT3iGy9VuXyO8yJ4AaABAg.A1EuavtwW31A1F6NbxsKkX,"@user qui les financent??? A bah c'est la fédération de Russie... mais bon ce n'est pas une chaîne d'état, si tu veux... 🤣😂🤣",Donc les journalistes de BFM-ERDE sont libres de travailler en Russie contrairement à leurs collègues de RT et SPUTNIK en France ????,,russie,23
ai,Un proche de Poutine menace la France: l'entretien exclusif de  notre reporter à Moscou,UgyHeT3iGy9VuXyO8yJ4AaABAg.A1EuavtwW31A1F715vec9t,"Hélas oui!!! Cela montre la supériorité de la Russie dans la stratégie. Si un missile atteint la France, mon seul regret serait d'être encore dans ce MERDIER.
Le représentant russe détail ses reproche sur la France que ce journaliste ne contredit pas. Mais après veut préparer l'esprit des français à des horreurs ""ouvertement"" vrai à qualifier les propos d'invectives.
Dites-nous clairement ce qu'il faut penser, ce sera plus rapide. Ces guerrier de bureaux veulent nous infantiliser et surtout nous empêcher de juger par nous même. Quelle merde!!!",Donc les journalistes de BFM-ERDE sont libres de travailler en Russie contrairement à leurs collègues de RT et SPUTNIK en France ????,russie,"bfmtv, journalisme francais, liberte de la presse",87
ai,Un proche de Poutine menace la France: l'entretien exclusif de  notre reporter à Moscou,UgyHeT3iGy9VuXyO8yJ4AaABAg.A1EuavtwW31A1F7znDY8u_,"@user Si parce que ces chaînes n influence pas les russes tandis que Sputnik et RT avec des colabos russonazis ""français"" influancaient les attardés mentaux a QI de 25 comme toi.Tu n es pas fini 😂BFM et LCI ne sont pas diffusés au poutinistan russonazi,espèce de dégénèré ! Dis donc,tu es con a ce point de nature ou tu as subit un entraînement ? Je te croise souvent, mais tu es de plus en plus con !",Donc les journalistes de BFM-ERDE sont libres de travailler en Russie contrairement à leurs collègues de RT et SPUTNIK en France ????,bfmtv,"liberte de la presse, russie, vladimir poutine",77
ai,Un proche de Poutine menace la France: l'entretien exclusif de  notre reporter à Moscou,UgyHeT3iGy9VuXyO8yJ4AaABAg.A1EuavtwW31A1F85acZM-1,"@user Ce sont vos médias qui sont faux, mais Spoutnik et RT sont véridiques.",Donc les journalistes de BFM-ERDE sont libres de travailler en Russie contrairement à leurs collègues de RT et SPUTNIK en France ????,liberte de la presse,"bfmtv, journalisme francais",14
ai,Un proche de Poutine menace la France: l'entretien exclusif de  notre reporter à Moscou,UgyHeT3iGy9VuXyO8yJ4AaABAg.A1EuavtwW31A1F8Fi3f2aI,"@user Sur ces chaînes russonazies,on n y voit même le grand guerrier 🤡 et stratège 🤡 El Famoso Chaudron pipomoreau l ex comique troupier 🤡 de St Cyr viré de l armée 😂 Pipomoreau poudre noire la guerre des deux jours 🤡🤣🤡😂",Donc les journalistes de BFM-ERDE sont libres de travailler en Russie contrairement à leurs collègues de RT et SPUTNIK en France ????,,"guerre en ukraine, russie",42
ai,Un proche de Poutine menace la France: l'entretien exclusif de  notre reporter à Moscou,UgyHeT3iGy9VuXyO8yJ4AaABAg.A1EuavtwW31A1F8U-gT6UN,"Dégénèré, BFM et LCI n ont pas de locaux au poutinistan russonazi.Ces deux chaises nous fond tordre de rire🤣😂en regardant les primates du poutinistan russonazi 🤡",Donc les journalistes de BFM-ERDE sont libres de travailler en Russie contrairement à leurs collègues de RT et SPUTNIK en France ????,,russie,26
ai,Un proche de Poutine menace la France: l'entretien exclusif de  notre reporter à Moscou,UgyHeT3iGy9VuXyO8yJ4AaABAg.A1EuavtwW31A1F8Xv1QdSP,"@user et chez nous ils préparent une loi pour interdire de critiquer un vaccin et pour qu'ils aient le monopole des facke news, pas besoin d'aller là bas on l'a déjà sur place.",Donc les journalistes de BFM-ERDE sont libres de travailler en Russie contrairement à leurs collègues de RT et SPUTNIK en France ????,liberte de la presse,democratie francaise,33
ai,Un proche de Poutine menace la France: l'entretien exclusif de  notre reporter à Moscou,UgyHeT3iGy9VuXyO8yJ4AaABAg.A1EuavtwW31A1F8ie1oooA,*Vous comprenez maintenant où est la Vraie Démocratie.*,Donc les journalistes de BFM-ERDE sont libres de travailler en Russie contrairement à leurs collègues de RT et SPUTNIK en France ????,"liberte de la presse, russie",democratie francaise,8
ai,Un proche de Poutine menace la France: l'entretien exclusif de  notre reporter à Moscou,UgyHeT3iGy9VuXyO8yJ4AaABAg.A1EuavtwW31A1FA4PnCrlF,La Démocratie,Donc les journalistes de BFM-ERDE sont libres de travailler en Russie contrairement à leurs collègues de RT et SPUTNIK en France ????,,democratie francaise,2
ai,Un proche de Poutine menace la France: l'entretien exclusif de  notre reporter à Moscou,UgyHeT3iGy9VuXyO8yJ4AaABAg.A1EuavtwW31A1FAwYtttq2,"Vous êtes soit totalement ignorant soit vous mentez. Bfmtv comme n'importe quel autre média français est interdite de diffusion en Russie. Par contre de la même façon que des journalistes russes peuvent travailler en France pour des tvs russes des journalistes français peuvent avoir des autorisations pour faire des interviews de dirigeants russe. En particulier où comme ici il s'agit de servir la soupe à un dirigeant russe francophone qui peut comme ça faire passer son message en direction des français. Les journalistes de bfmtv dans l'affaire se font évidemment manipulés. Le mec est ravi, les questions portent sur le sujet qui l'arrange et il peut dérouler son discours. Croire un instant que cette exercice de com est la représentation de la liberté des médias c'est avoir une bien piètre conception de la démocratie. Quelque chose me dit que si le journaliste voulait interviewer des opposants à Poutine ou des familles de prisonniers politiques, ou faire une enquête sur les conditions dans lesquelles est décédé Navalny il n'aurait pas eu d'autorisation",Donc les journalistes de BFM-ERDE sont libres de travailler en Russie contrairement à leurs collègues de RT et SPUTNIK en France ????,liberte de la presse,"bfmtv, journalisme francais, russie, vladimir poutine",171
ai,Un proche de Poutine menace la France: l'entretien exclusif de  notre reporter à Moscou,UgyHeT3iGy9VuXyO8yJ4AaABAg.A1EuavtwW31A1FBF9ixl5a,"😂😂😂😂😂 des rachiste comme eux
Des enfoirés de ruskof
Slava ukraina 🇲🇫🇺🇦🇨🇵",Donc les journalistes de BFM-ERDE sont libres de travailler en Russie contrairement à leurs collègues de RT et SPUTNIK en France ????,,"guerre en ukraine, russie",12
ai,Un proche de Poutine menace la France: l'entretien exclusif de  notre reporter à Moscou,UgyHeT3iGy9VuXyO8yJ4AaABAg.A1EuavtwW31A1FBn9keVDt,RT et PUNICK ne propage que des Fake news.,Donc les journalistes de BFM-ERDE sont libres de travailler en Russie contrairement à leurs collègues de RT et SPUTNIK en France ????,,liberte de la presse,9
ai,Un proche de Poutine menace la France: l'entretien exclusif de  notre reporter à Moscou,UgyHeT3iGy9VuXyO8yJ4AaABAg.A1EuavtwW31A1FC6k-ptTK,Non ils peuvent seulement tendre le micro aux fous de Poutine,Donc les journalistes de BFM-ERDE sont libres de travailler en Russie contrairement à leurs collègues de RT et SPUTNIK en France ????,,"liberte de la presse, vladimir poutine",11
ai,Un proche de Poutine menace la France: l'entretien exclusif de  notre reporter à Moscou,UgyHeT3iGy9VuXyO8yJ4AaABAg.A1EuavtwW31A1FDDfv3RNy,Oui bizarre,Donc les journalistes de BFM-ERDE sont libres de travailler en Russie contrairement à leurs collègues de RT et SPUTNIK en France ????,"liberte de la presse, russie",bfmtv,2
ai,Un proche de Poutine menace la France: l'entretien exclusif de  notre reporter à Moscou,UgyHeT3iGy9VuXyO8yJ4AaABAg.A1EuavtwW31A1FDwfmQtoh,QUOI PROPAGANDE RUSSE OUI C EST LA VERITÉ PETIT COMIQUE RETOURNE A TA NICHE INTRA PERIPH -----DE PARIS,Donc les journalistes de BFM-ERDE sont libres de travailler en Russie contrairement à leurs collègues de RT et SPUTNIK en France ????,russie,trolls russes,18
ai,Un proche de Poutine menace la France: l'entretien exclusif de  notre reporter à Moscou,UgyHeT3iGy9VuXyO8yJ4AaABAg.A1EuavtwW31A1FEKBL3xBk,"Grand Monsieur Piotr Tolstoi !!!! regardez le physique de ces 2 hommes ! Un, représente la GRANDE RUSSIE l'autre juste la France. Tout est dit .",Donc les journalistes de BFM-ERDE sont libres de travailler en Russie contrairement à leurs collègues de RT et SPUTNIK en France ????,russie,,26
ai,Un proche de Poutine menace la France: l'entretien exclusif de  notre reporter à Moscou,UgyHeT3iGy9VuXyO8yJ4AaABAg.A1EuavtwW31A1FEX2nIpeQ,@user ben oui ils ont le droit de parler ils ont des interviews oui sur les chaînes d'information russe,Donc les journalistes de BFM-ERDE sont libres de travailler en Russie contrairement à leurs collègues de RT et SPUTNIK en France ????,"liberte de la presse, russie",,19
ai,Un proche de Poutine menace la France: l'entretien exclusif de  notre reporter à Moscou,UgyHeT3iGy9VuXyO8yJ4AaABAg.A1EuavtwW31A1FEYvrbM3P,"@user
Alors je suis soulagée de...ne pas être Russe
🤣🤣🤣",Donc les journalistes de BFM-ERDE sont libres de travailler en Russie contrairement à leurs collègues de RT et SPUTNIK en France ????,,russie,10
ai,Un proche de Poutine menace la France: l'entretien exclusif de  notre reporter à Moscou,UgyHeT3iGy9VuXyO8yJ4AaABAg.A1EuavtwW31A1FEZiJ-Mlq,"ce sont des journalistes comme les autres ,et personne ne menace la France ,,c'est juste une réponse a macron, chez eux c'est direct au but ,pas de demi mesure",Donc les journalistes de BFM-ERDE sont libres de travailler en Russie contrairement à leurs collègues de RT et SPUTNIK en France ????,"liberte de la presse, russie",emmanuel macron,29
ai,Un proche de Poutine menace la France: l'entretien exclusif de  notre reporter à Moscou,UgyHeT3iGy9VuXyO8yJ4AaABAg.A1EuavtwW31A1FEtokKf4N,"C est simple l'ours est de nature viril ,et ce n est pas des gays lignées d une progéniture de trouillard premier en est deGaule qui pris la poudre d'escampette en traversant le manche au premier vu du soldat nazis à Paris ni les goujats de PETAIN sbires des SS,tous ceux qui savent l histoire européen savent que jamais la France 🇫🇷 ne serait membre permanent de l'ONU sans l'appui des russes et si ce n'était pas eux et les légions étrangers comme les tirailleurs africains et goumis sans tous ces belligérants qui ont contribué à la libération de la France, elle parlerait la langue de geothe aujourd'hui 😅😅😅😅",Donc les journalistes de BFM-ERDE sont libres de travailler en Russie contrairement à leurs collègues de RT et SPUTNIK en France ????,russie,,109
ai,Un proche de Poutine menace la France: l'entretien exclusif de  notre reporter à Moscou,UgyHeT3iGy9VuXyO8yJ4AaABAg.A1EuavtwW31A1FF2DkL2Bo,"@user Bonjour,heureux de lire un français 🇨🇵👍Je m interroge,y a t'il autant de connards pathologiques russonazis en France ? Y a t'il autant de fiottes qui se chient dessus de peu Macron a enfin parlé comme il se doit au nabot russonazi ? Ou alors serait ce des fermiers maliens? La situation est dure pour l Ukraine,mais l humilliation qu ils ont infligés au poutinistan russonazi dans le cadre de son opération ÉCLAIR 😂 militaire spéciale 😂🤡🤣 de deuxième armée mondiale😂🤣🤡 restera dans l histoire 🇺🇦💪👍",Donc les journalistes de BFM-ERDE sont libres de travailler en Russie contrairement à leurs collègues de RT et SPUTNIK en France ????,emmanuel macron,"russie, trolls russes, vladimir poutine",86
ai,Un proche de Poutine menace la France: l'entretien exclusif de  notre reporter à Moscou,UgyHeT3iGy9VuXyO8yJ4AaABAg.A1EuavtwW31A1FF36xvB8_,ouai BFM c est des medias c sur mdr@user,Donc les journalistes de BFM-ERDE sont libres de travailler en Russie contrairement à leurs collègues de RT et SPUTNIK en France ????,,bfmtv,9
ai,Un proche de Poutine menace la France: l'entretien exclusif de  notre reporter à Moscou,UgyHeT3iGy9VuXyO8yJ4AaABAg.A1EuavtwW31A1FFO2VZwDX,"@user Macron avait humilié le nabot mafieux poutine en lui disant que RT et Sputnik n étaient pas des médias mais des organes de propagande et d influence.Le nabot se regardait les pompes,un grand moment d humilliation ! On trouve cette petite vidéo sur youtube,c est beau 👍",Donc les journalistes de BFM-ERDE sont libres de travailler en Russie contrairement à leurs collègues de RT et SPUTNIK en France ????,emmanuel macron,"liberte de la presse, vladimir poutine",48
ai,Un proche de Poutine menace la France: l'entretien exclusif de  notre reporter à Moscou,UgyHeT3iGy9VuXyO8yJ4AaABAg.A1EuavtwW31A1FG0NKGLRj,Très bonne remarque.,Donc les journalistes de BFM-ERDE sont libres de travailler en Russie contrairement à leurs collègues de RT et SPUTNIK en France ????,"liberte de la presse, russie",bfmtv,3
ai,Un proche de Poutine menace la France: l'entretien exclusif de  notre reporter à Moscou,UgyHeT3iGy9VuXyO8yJ4AaABAg.A1EuavtwW31A1FGMvyXXNR,"@user ai fait un scanner et j ai remarqué que le plus gros a un cerveau de la taille d un petit poids😂😂😂
Quant à juger d’une personne par sa taille, je peux te dire que ton idole, Putler , à la taille d’un nabot et a subi beaucoup beaucoup d interventions de chirurgie esthétique et a reçu beaucoup de botox. Malgré cela il ressemble à un petit papy pas cool du tout .
Vive Navalny",Donc les journalistes de BFM-ERDE sont libres de travailler en Russie contrairement à leurs collègues de RT et SPUTNIK en France ????,,vladimir poutine,76
ai,Un proche de Poutine menace la France: l'entretien exclusif de  notre reporter à Moscou,UgyHeT3iGy9VuXyO8yJ4AaABAg.A1EuavtwW31A1FGsczCORI,Pourquoi ils ne demandent un interview à Poutine pas reste pertinente...??,Donc les journalistes de BFM-ERDE sont libres de travailler en Russie contrairement à leurs collègues de RT et SPUTNIK en France ????,,journalisme francais,11
ai,Un proche de Poutine menace la France: l'entretien exclusif de  notre reporter à Moscou,UgyHeT3iGy9VuXyO8yJ4AaABAg.A1EuavtwW31A1FHJbxGbo0,@user Idiot russonazi 😉,Donc les journalistes de BFM-ERDE sont libres de travailler en Russie contrairement à leurs collègues de RT et SPUTNIK en France ????,,russie,4
ai,Un proche de Poutine menace la France: l'entretien exclusif de  notre reporter à Moscou,UgyHeT3iGy9VuXyO8yJ4AaABAg.A1EuavtwW31A1FHNXdCSDQ,Bien noté. Les gens doivent ouvrir les yeux,Donc les journalistes de BFM-ERDE sont libres de travailler en Russie contrairement à leurs collègues de RT et SPUTNIK en France ????,,liberte de la presse,8
ai,Un proche de Poutine menace la France: l'entretien exclusif de  notre reporter à Moscou,UgyHeT3iGy9VuXyO8yJ4AaABAg.A1EuavtwW31A1FHc4mA6N7,@user Le JU.IF escroc apatride Drahi !,Donc les journalistes de BFM-ERDE sont libres de travailler en Russie contrairement à leurs collègues de RT et SPUTNIK en France ????,,bfmtv,7
ai,Un proche de Poutine menace la France: l'entretien exclusif de  notre reporter à Moscou,UgyHeT3iGy9VuXyO8yJ4AaABAg.A1EuavtwW31A1FHsLDa1Hv,"@user C est vrai,nous a pas la chance d avoir un dictateur mafieux élu 2 fois aux élections dictatoriales 😂puis auto proclamé 1er sinistre criminel 😂 puis encore élu deux fois dictateur mafieux aux élections dictatoriales 😂🤣🤡,puis après avoir modifié la constitution 😂🤣🤡encore élu au élections dictatoriales😂🤣🤡avec un résultat africain et des urnes remplies a la main😂🤣🤡Dis donc mec,outre être un grand connard,tu es un attardé mental,un ignare.Allez la fiotte,casses toi de mon pays.",Donc les journalistes de BFM-ERDE sont libres de travailler en Russie contrairement à leurs collègues de RT et SPUTNIK en France ????,,"elections russes, vladimir poutine",74
ai,Un proche de Poutine menace la France: l'entretien exclusif de  notre reporter à Moscou,UgyHeT3iGy9VuXyO8yJ4AaABAg.A1EuavtwW31A1FI2fN0G62,"Heureusement que on peut tous entendre de sa propre bouche, pas besoin de vos commentaires manipulé on est pas des enfants ! Il a dit aimer la France mais il faut pas jouer avec les Russes à cause de vos 200 missiles nucléaires ils s'en foutent de de la France de Macron et que chaque français qui va aller la bas ça rentre en cercueil c'est clair pour tout le monde",Donc les journalistes de BFM-ERDE sont libres de travailler en Russie contrairement à leurs collègues de RT et SPUTNIK en France ????,russie,"bfmtv, emmanuel macron",71
ai,Un proche de Poutine menace la France: l'entretien exclusif de  notre reporter à Moscou,UgyHeT3iGy9VuXyO8yJ4AaABAg.A1EuavtwW31A1FJvA5sQsk,c'est ça la démocratie :))),Donc les journalistes de BFM-ERDE sont libres de travailler en Russie contrairement à leurs collègues de RT et SPUTNIK en France ????,,"democratie francaise, liberte de la presse",5
ai,Un proche de Poutine menace la France: l'entretien exclusif de  notre reporter à Moscou,UgyHeT3iGy9VuXyO8yJ4AaABAg.A1EuavtwW31A1FL-yy9YvY,@user BFMerde est un média? Ou juste un relais de la CIA?,Donc les journalistes de BFM-ERDE sont libres de travailler en Russie contrairement à leurs collègues de RT et SPUTNIK en France ????,,bfmtv,12
ai,Un proche de Poutine menace la France: l'entretien exclusif de  notre reporter à Moscou,UgyHeT3iGy9VuXyO8yJ4AaABAg.A1EuavtwW31A1FLH03tfFH,Ce haut dignitaire russe dénonce également fermement que tout l'Occident est tenu par d'innombrables personnes aux mœurs autre qu'hétérosexuels et que cela favorise la perversion d' actes politiques en totale contradiction avec la nature normale des choses de la vie en général ...............................,Donc les journalistes de BFM-ERDE sont libres de travailler en Russie contrairement à leurs collègues de RT et SPUTNIK en France ????,,occident,43
ai,Un proche de Poutine menace la France: l'entretien exclusif de  notre reporter à Moscou,UgyHeT3iGy9VuXyO8yJ4AaABAg.A1EuavtwW31A1FO9clFLBe,Vous êtes mal renseigné. Les journalistes de RT sont libres de travailler en France.,Donc les journalistes de BFM-ERDE sont libres de travailler en Russie contrairement à leurs collègues de RT et SPUTNIK en France ????,liberte de la presse,,14
ai,Un proche de Poutine menace la France: l'entretien exclusif de  notre reporter à Moscou,UgyHeT3iGy9VuXyO8yJ4AaABAg.A1EuavtwW31A1FQaVkoQ1A,"Et c'est en Russie où il n'y a pas le démocratie... 😂😂😂😂❤❤❤...🎉🎉 Ils sont des fois comédiens ces occidentaux, parfois ils me font craquer de rire.",Donc les journalistes de BFM-ERDE sont libres de travailler en Russie contrairement à leurs collègues de RT et SPUTNIK en France ????,russie,occident,26
ai,Un proche de Poutine menace la France: l'entretien exclusif de  notre reporter à Moscou,UgyHeT3iGy9VuXyO8yJ4AaABAg.A1EuavtwW31A1FRx-VbW8W,Exactement,Donc les journalistes de BFM-ERDE sont libres de travailler en Russie contrairement à leurs collègues de RT et SPUTNIK en France ????,"liberte de la presse, russie",bfmtv,1
ai,Un proche de Poutine menace la France: l'entretien exclusif de  notre reporter à Moscou,UgyHeT3iGy9VuXyO8yJ4AaABAg.A1EuavtwW31A1FSSakymKk,@user comment on dit RSA APL AME en russe?,Donc les journalistes de BFM-ERDE sont libres de travailler en Russie contrairement à leurs collègues de RT et SPUTNIK en France ????,,russie,9
ai,Un proche de Poutine menace la France: l'entretien exclusif de  notre reporter à Moscou,UgyHeT3iGy9VuXyO8yJ4AaABAg.A1EuavtwW31A1FSvkPcXMG,@user il n'y a pas de RSA en Russie car il n'y en a pas besoin comme en France,Donc les journalistes de BFM-ERDE sont libres de travailler en Russie contrairement à leurs collègues de RT et SPUTNIK en France ????,russie,,19
ai,Un proche de Poutine menace la France: l'entretien exclusif de  notre reporter à Moscou,UgyHeT3iGy9VuXyO8yJ4AaABAg.A1EuavtwW31A1FTCLFabPg,IDIOT IVAN go home,Donc les journalistes de BFM-ERDE sont libres de travailler en Russie contrairement à leurs collègues de RT et SPUTNIK en France ????,,russie,4
ai,Un proche de Poutine menace la France: l'entretien exclusif de  notre reporter à Moscou,UgyHeT3iGy9VuXyO8yJ4AaABAg.A1EuavtwW31A1FUngqeIOc,"C'est pas la même chose , RT France c'était une chaîne pro poutine qui diffusé en FRANCE ... bfm c'est pour les français. Il ya toujours des journalistes russes en Europe",Donc les journalistes de BFM-ERDE sont libres de travailler en Russie contrairement à leurs collègues de RT et SPUTNIK en France ????,bfmtv,liberte de la presse,31
ai,Un proche de Poutine menace la France: l'entretien exclusif de  notre reporter à Moscou,UgyHeT3iGy9VuXyO8yJ4AaABAg.A1EuavtwW31A1FVo_cVtRM,"Il n'y a qu'un seul vrai unique Dieu, c'est le Dieu d'Abraham d'Isaac et de Jacob Le Dieu d'Israël",Donc les journalistes de BFM-ERDE sont libres de travailler en Russie contrairement à leurs collègues de RT et SPUTNIK en France ????,israel,,19
ai,Un proche de Poutine menace la France: l'entretien exclusif de  notre reporter à Moscou,UgyHeT3iGy9VuXyO8yJ4AaABAg.A1EuavtwW31A1FVrrZa1fD,"@user Idiot RT et Sputnik sont des organismes de propagande du poutinistan russonazi,mais tu es trop con pour le savoir",Donc les journalistes de BFM-ERDE sont libres de travailler en Russie contrairement à leurs collègues de RT et SPUTNIK en France ????,,"liberte de la presse, russie, vladimir poutine",20
ai,Un proche de Poutine menace la France: l'entretien exclusif de  notre reporter à Moscou,UgyHeT3iGy9VuXyO8yJ4AaABAg.A1EuavtwW31A1FVzZDsHYz,@user @user est un cretin pathologique 😂 génétiquement c est un russonazi,Donc les journalistes de BFM-ERDE sont libres de travailler en Russie contrairement à leurs collègues de RT et SPUTNIK en France ????,,russie,12
ai,Un proche de Poutine menace la France: l'entretien exclusif de  notre reporter à Moscou,UgyHeT3iGy9VuXyO8yJ4AaABAg.A1EuavtwW31A1FWAim8Gx_,Les Russes sont maîtres dans l'art d'exploiter n'importe quelle situation en leur faveur.,Donc les journalistes de BFM-ERDE sont libres de travailler en Russie contrairement à leurs collègues de RT et SPUTNIK en France ????,,russie,13
ai,Un proche de Poutine menace la France: l'entretien exclusif de  notre reporter à Moscou,UgyHeT3iGy9VuXyO8yJ4AaABAg.A1EuavtwW31A1FXXFKI71T,@user ce n'était absolument pas une chaîne pro Poutine n'importe quoi je te mets au défi de prouver ce que tu dit,Donc les journalistes de BFM-ERDE sont libres de travailler en Russie contrairement à leurs collègues de RT et SPUTNIK en France ????,liberte de la presse,,22
ai,Un proche de Poutine menace la France: l'entretien exclusif de  notre reporter à Moscou,UgyHeT3iGy9VuXyO8yJ4AaABAg.A1EuavtwW31A1FXbteJgIA,@user Israël ça n'existe pas,Donc les journalistes de BFM-ERDE sont libres de travailler en Russie contrairement à leurs collègues de RT et SPUTNIK en France ????,,israel,5
ai,Un proche de Poutine menace la France: l'entretien exclusif de  notre reporter à Moscou,UgyHeT3iGy9VuXyO8yJ4AaABAg.A1EuavtwW31A1FXzXod1Gs,"@user En Russie les journalistes sont OBLIGÉS de travailler pour le gouvernement, sans quoi le FSB leur rend visite et leur durée de vie est écourtée. Tous les médias d'opposition ont dû s'enfuir à l'étranger, tout comme les opposants sérieux sauf ceux qui ont été tués... Comme tu peux le constater tu es libre de t'exprimer ici alors qu'en Russie même employer le mot ""guerre"" est déjà passible de plusieurs années de prison ! Quant à la démocratie en Russie, laisse-moi rire : Poutine lui-même est contre la démocratie et on ne peut pas défendre une idée et son contraire. A la fin de son mandat il aura dépassé Staline en durée, c'est dire.",Donc les journalistes de BFM-ERDE sont libres de travailler en Russie contrairement à leurs collègues de RT et SPUTNIK en France ????,liberte de la presse,"elections russes, russie, vladimir poutine",114
ai,Un proche de Poutine menace la France: l'entretien exclusif de  notre reporter à Moscou,UgyHeT3iGy9VuXyO8yJ4AaABAg.A1EuavtwW31A1FYVM6ZYou,"@user En France il y a une douzaine de candidats à chaque élection présidentielle, avec des bulletins cachés dans une enveloppe remplie dans un vrai isoloir,. En Russie les candidats sérieux sont éliminés avant (il n'y en avait que quatre), il n'y a pas de presse d'opposition (partie à l'étranger), les bulletins sont clairement lisibles lorsqu'ils sont glissés dans l'urne... 😂",Donc les journalistes de BFM-ERDE sont libres de travailler en Russie contrairement à leurs collègues de RT et SPUTNIK en France ????,"democratie francaise, liberte de la presse","elections russes, russie",61
ai,Un proche de Poutine menace la France: l'entretien exclusif de  notre reporter à Moscou,UgyHeT3iGy9VuXyO8yJ4AaABAg.A1EuavtwW31A1FZTowCZ5x,"@user Oui, il y a beaucoup de trolls russes francophones en Afrique. Depuis qu'il n'y a plus la France on peut admirer comme l'Afrique est devenu un paradis où tout marche bien... L'Algérie est un bon exemple, d'où tous les habitants qui le peuvent s'enfuient à l'étranger... en France entre autre. Je suis pour que l'on cesse d'ailleurs de lui envoyer aucune aide, ça apprendra à certains à cracher dans la soupe. Vous allez pouvoir apprécier les mercenaires de Wagner à moins que ce ne soit des jihadistes... Vous pourrez toujours vendre vos terres aux Chinois...",Donc les journalistes de BFM-ERDE sont libres de travailler en Russie contrairement à leurs collègues de RT et SPUTNIK en France ????,,"russie, trolls russes",96
ai,Un proche de Poutine menace la France: l'entretien exclusif de  notre reporter à Moscou,UgyHeT3iGy9VuXyO8yJ4AaABAg.A1EuavtwW31A1FZY3_ezpB,@user alors oui tu as 12 candidats a chaque élection mais ils ont tous le même programme. En Russie ils étaient 8 en 2018 et 4 en 2024 mais ils avaient TOUS un programme bien différent des autres. En France ils sont tous pro union européenne pro OTAN pro Ukraine et ils veulent tous une autre europe. Tu dit qu'en Russie les candidats sérieux sont éliminé !?? Donne moi un seul nom d'un soit disant opposants qui a été éliminé ! Zéro . En Russie aussi tu as un isoloirs comme en France comme aux États-Unis etc avec une enveloppe fermée,Donc les journalistes de BFM-ERDE sont libres de travailler en Russie contrairement à leurs collègues de RT et SPUTNIK en France ????,"elections russes, russie",democratie francaise,101
ai,Un proche de Poutine menace la France: l'entretien exclusif de  notre reporter à Moscou,UgyHeT3iGy9VuXyO8yJ4AaABAg.A1EuavtwW31A1FZbEJ3QrJ,@user Faux archi faux les bulletins sont mis dans une enveloppe et non pas clairement visible,Donc les journalistes de BFM-ERDE sont libres de travailler en Russie contrairement à leurs collègues de RT et SPUTNIK en France ????,elections russes,,16
ai,Un proche de Poutine menace la France: l'entretien exclusif de  notre reporter à Moscou,UgyHeT3iGy9VuXyO8yJ4AaABAg.A1EuavtwW31A1FZu_OKcAh,"@user n'y a pas de média étatique français relayant notre propagande à l'étranger? Vous ne connaissez pas France Média Monde (Radio France International, France 24, MCD) et TV5 Monde ? Sans oublier les grands groupes de média privés, largement financés par l'Etat grâce aux subventions directes ou pas de la presse? Vous trouverez le palmarès des groupes de presse privées ayant le plus bénéficiés de ces aides (Les Échos/LVMH, Le monde, Bayard Presse, Figaro, Altice, Lagardère etc). Bizarrement la même bande de copains... Évidemment notre propagande est meilleure, et surtout pour le bien des populations visées, tant que ça nous permet de conserver nos intérêts. Bien qu'à chaque fois ces intérêts ne soient jamais clairement définis, voir même fortement minimisé. Circulez il n'y a rien à voir !",Donc les journalistes de BFM-ERDE sont libres de travailler en Russie contrairement à leurs collègues de RT et SPUTNIK en France ????,,"journalisme francais, liberte de la presse, occident",128
ai,Un proche de Poutine menace la France: l'entretien exclusif de  notre reporter à Moscou,UgyHeT3iGy9VuXyO8yJ4AaABAg.A1EuavtwW31A1FahXP4fRQ,"Si BFM vous agace, pourquoi venir perdre votre temps et regarder ?",Donc les journalistes de BFM-ERDE sont libres de travailler en Russie contrairement à leurs collègues de RT et SPUTNIK en France ????,bfmtv,,12
ai,Un proche de Poutine menace la France: l'entretien exclusif de  notre reporter à Moscou,UgyHeT3iGy9VuXyO8yJ4AaABAg.A1EuavtwW31A1Fc8eGaaEu,"@user La chaîne de télévision RT est financée par l'État russe[19], lancée en 2005 avec un budget initial de 30 millions de dollars[20]. En 2013, selon le journaliste Olivier Bullough de l'hebdomadaire britannique News Statement, RT a reçu plus de 300 millions d'euros du budget gouvernemental russe[21]. En 2014, le Kremlin envisage d'allouer 1,3 milliard de roubles (plus de 27 millions d’euros) à RT afin de créer une version française de celle-ci[22]. Le 5 mars 2014, la présentatrice américaine Liz Wahl, basée à Washington, a démissionné en direct, indiquant : « Je ne peux pas travailler pour une chaîne financée par le gouvernement russe et qui réhabilite les actions de Poutine[21]. » Vladimir Poutine déclare dans un entretien à RT en juin 2013 : « Nous n’avons jamais imaginé qu’il s’agirait d’une agence de presse ou d’une chaîne qui défendrait la position de la ligne politique russe. Nous voulions apporter une chaîne de nouvelles absolument indépendante sur la scène des nouvelles. Certes, la chaîne est financée par le gouvernement. Elle reflète donc la position officielle du gouvernement russe sur les événements de notre pays et du reste du monde, d’une manière ou d’une autre. Mais je voudrais souligner encore une fois que nous n’avons jamais voulu que cette chaîne, RT, soit une sorte d’apologétique de la ligne politique russe, qu’elle soit nationale ou étrangère[23]. »",Donc les journalistes de BFM-ERDE sont libres de travailler en Russie contrairement à leurs collègues de RT et SPUTNIK en France ????,,"russie, vladimir poutine",225
ai,Un proche de Poutine menace la France: l'entretien exclusif de  notre reporter à Moscou,UgyHeT3iGy9VuXyO8yJ4AaABAg.A1EuavtwW31A1FdKgMpdMb,C'est ça la démocratie occidental,Donc les journalistes de BFM-ERDE sont libres de travailler en Russie contrairement à leurs collègues de RT et SPUTNIK en France ????,,"liberte de la presse, occident",5
ai,Un proche de Poutine menace la France: l'entretien exclusif de  notre reporter à Moscou,UgyHeT3iGy9VuXyO8yJ4AaABAg.A1EuavtwW31A1FerlK8UxC,@user plupart des candidats en France sont des artefacts insignifiants faits pour mener les élections aux résultats choisis d’avance. Les vrais candidats d’opposition sont totalement ostracisés et interdits d’antenne. Demander à Asselineau comment se passe le choix des candidats en France. Et accessoirement à l’incomparable François Bayrou.,Donc les journalistes de BFM-ERDE sont libres de travailler en Russie contrairement à leurs collègues de RT et SPUTNIK en France ????,,democratie francaise,47
ai,Un proche de Poutine menace la France: l'entretien exclusif de  notre reporter à Moscou,UgyHeT3iGy9VuXyO8yJ4AaABAg.A1EuavtwW31A1Fiw31T_HR,"Je ne suis pas la chaîne BFM et la trouve très moyenne de façon générale mais il y a un monde entre BFM et RT et Spoutnik. Pour mémoire, ces derniers sont directement contrôlés par le Kremlin (financé directement par ce dernier) et affirment ouvertement faire de la propagande pro-russe (cf discours de Margarita Simonyan ou encore Alina Kabaeva, la petite amie de Poutine). Vraiment je ne suis pas fan de nos médias de façon générale, mais je sais reconnaître qu’on a une pluralité et une diversité d’opinions qui s’en dégage. Arrêtez de fantasmer sur la Russie, vous êtes des proies faciles.",Donc les journalistes de BFM-ERDE sont libres de travailler en Russie contrairement à leurs collègues de RT et SPUTNIK en France ????,liberte de la presse,"bfmtv, russie",102
ai,Un proche de Poutine menace la France: l'entretien exclusif de  notre reporter à Moscou,UgyHeT3iGy9VuXyO8yJ4AaABAg.A1EuavtwW31A1FiyJhuAuQ,"@user Ce n'est pas une démocratie, mais la France est mal placée pour donner des leçons. Elle pourrait donner des leçons se censure même.",Donc les journalistes de BFM-ERDE sont libres de travailler en Russie contrairement à leurs collègues de RT et SPUTNIK en France ????,liberte de la presse,democratie francaise,24
ai,Un proche de Poutine menace la France: l'entretien exclusif de  notre reporter à Moscou,UgyHeT3iGy9VuXyO8yJ4AaABAg.A1EuavtwW31A1Fj2vvcJnk,Je vois que les suceurs de l'Otan sont de sortis.,Donc les journalistes de BFM-ERDE sont libres de travailler en Russie contrairement à leurs collègues de RT et SPUTNIK en France ????,,occident,10
ai,L'interview du porte-parole de l'ambassade de Russie en France en intégralité,UgyZj7cHYM1LZQXpuYt4AaABAg,"je suis russe, j'ai voté librement et j'ai fait mon choix. Tous mes amis aussi. Pourquoi n'avez-vous pas le courage de reconnaître notre choix? reconnaissez-vous seulement les résultats qui vous conviennent? c'est ainsi que fonctionne la démocratie européenne.","je suis russe, j'ai voté librement et j'ai fait mon choix. Tous mes amis aussi. Pourquoi n'avez-vous pas le courage de reconnaître notre choix? reconnaissez-vous seulement les résultats qui vous conviennent? c'est ainsi que fonctionne la démocratie européenne.","elections russes, russie",occident,38
ai,L'interview du porte-parole de l'ambassade de Russie en France en intégralité,UgyZj7cHYM1LZQXpuYt4AaABAg.A19sgZ2tB1FA19ung0x2MX,"Я также голосовала за Путина,как и все мои знакомые. Свободно!","je suis russe, j'ai voté librement et j'ai fait mon choix. Tous mes amis aussi. Pourquoi n'avez-vous pas le courage de reconnaître notre choix? reconnaissez-vous seulement les résultats qui vous conviennent? c'est ainsi que fonctionne la démocratie européenne.","elections russes, vladimir poutine",,10
ai,L'interview du porte-parole de l'ambassade de Russie en France en intégralité,UgyZj7cHYM1LZQXpuYt4AaABAg.A19sgZ2tB1FA19uyB_e1GN,❤,"je suis russe, j'ai voté librement et j'ai fait mon choix. Tous mes amis aussi. Pourquoi n'avez-vous pas le courage de reconnaître notre choix? reconnaissez-vous seulement les résultats qui vous conviennent? c'est ainsi que fonctionne la démocratie européenne.","elections russes, russie",occident,1
ai,L'interview du porte-parole de l'ambassade de Russie en France en intégralité,UgyZj7cHYM1LZQXpuYt4AaABAg.A19sgZ2tB1FA19uzRBrBLk,Bien voté...bravo...ici c'est pire....mais peut-être du changement bientôt ! C'est pas gagné,"je suis russe, j'ai voté librement et j'ai fait mon choix. Tous mes amis aussi. Pourquoi n'avez-vous pas le courage de reconnaître notre choix? reconnaissez-vous seulement les résultats qui vous conviennent? c'est ainsi que fonctionne la démocratie européenne.",elections russes,democratie francaise,12
ai,L'interview du porte-parole de l'ambassade de Russie en France en intégralité,UgyZj7cHYM1LZQXpuYt4AaABAg.A19sgZ2tB1FA19v5SkzNx7,J'ai voté pour Poutine. Et toutes les personnes que j'ai interrogées ont voté pour Poutine. Les actions anti-russes de l'Occident ont uni les gens.,"je suis russe, j'ai voté librement et j'ai fait mon choix. Tous mes amis aussi. Pourquoi n'avez-vous pas le courage de reconnaître notre choix? reconnaissez-vous seulement les résultats qui vous conviennent? c'est ainsi que fonctionne la démocratie européenne.","elections russes, russie, vladimir poutine",occident,24
ai,L'interview du porte-parole de l'ambassade de Russie en France en intégralité,UgyZj7cHYM1LZQXpuYt4AaABAg.A19sgZ2tB1FA19vBW1hyH7,"87% моих знакомых голосовало за Путина))) На самом деле почти все. Даже те, кто никогда не ходил на выборы проголосовали в этот раз. И к этому нас подталкивает в том числе и такие ток-шоу из Франции и других стран.","je suis russe, j'ai voté librement et j'ai fait mon choix. Tous mes amis aussi. Pourquoi n'avez-vous pas le courage de reconnaître notre choix? reconnaissez-vous seulement les résultats qui vous conviennent? c'est ainsi que fonctionne la démocratie européenne.","elections russes, vladimir poutine",,39
ai,L'interview du porte-parole de l'ambassade de Russie en France en intégralité,UgyZj7cHYM1LZQXpuYt4AaABAg.A19sgZ2tB1FA19vK63nTac,Chers français! Réveillez-vous vous moquez des médias pour quoi? Quel est leur but? Déclencher une guerre?,"je suis russe, j'ai voté librement et j'ai fait mon choix. Tous mes amis aussi. Pourquoi n'avez-vous pas le courage de reconnaître notre choix? reconnaissez-vous seulement les résultats qui vous conviennent? c'est ainsi que fonctionne la démocratie européenne.",,journalisme francais,16
ai,L'interview du porte-parole de l'ambassade de Russie en France en intégralité,UgyZj7cHYM1LZQXpuYt4AaABAg.A19sgZ2tB1FA19vOdynLrr,@user и есть! Даже самые ленивые пришли!,"je suis russe, j'ai voté librement et j'ai fait mon choix. Tous mes amis aussi. Pourquoi n'avez-vous pas le courage de reconnaître notre choix? reconnaissez-vous seulement les résultats qui vous conviennent? c'est ainsi que fonctionne la démocratie européenne.",elections russes,,7
ai,L'interview du porte-parole de l'ambassade de Russie en France en intégralité,UgyZj7cHYM1LZQXpuYt4AaABAg.A19sgZ2tB1FA19vTFu2kmj,Я и все мои знакомые голосовали СВОБОДНО. Никто не заставлял. Доказывать свою свободу никому не собираюсь. Это как бисер метать перед св.... ми,"je suis russe, j'ai voté librement et j'ai fait mon choix. Tous mes amis aussi. Pourquoi n'avez-vous pas le courage de reconnaître notre choix? reconnaissez-vous seulement les résultats qui vous conviennent? c'est ainsi que fonctionne la démocratie européenne.",elections russes,,23
ai,L'interview du porte-parole de l'ambassade de Russie en France en intégralité,UgyZj7cHYM1LZQXpuYt4AaABAg.A19sgZ2tB1FA19vWjaBNX8,"Même si on m'a demandé de quitter l'Afrique pour allez en Russie, j'allais seulement demander la faveur de voté pour poutine","je suis russe, j'ai voté librement et j'ai fait mon choix. Tous mes amis aussi. Pourquoi n'avez-vous pas le courage de reconnaître notre choix? reconnaissez-vous seulement les résultats qui vous conviennent? c'est ainsi que fonctionne la démocratie européenne.",vladimir poutine,,21
ai,L'interview du porte-parole de l'ambassade de Russie en France en intégralité,UgyZj7cHYM1LZQXpuYt4AaABAg.A19sgZ2tB1FA19w8rZE_OZ,Merci pour la franchise,"je suis russe, j'ai voté librement et j'ai fait mon choix. Tous mes amis aussi. Pourquoi n'avez-vous pas le courage de reconnaître notre choix? reconnaissez-vous seulement les résultats qui vous conviennent? c'est ainsi que fonctionne la démocratie européenne.",elections russes,,4
ai,L'interview du porte-parole de l'ambassade de Russie en France en intégralité,UgyZj7cHYM1LZQXpuYt4AaABAg.A19sgZ2tB1FA19wKNzJgo3,"Ce sont des hypocrites ces européens. Au lieu de s'occuper de leur pays , ils laissent leurs problèmes pour venir charger leurs haines sur la Federation Russe. Connerie humaine","je suis russe, j'ai voté librement et j'ai fait mon choix. Tous mes amis aussi. Pourquoi n'avez-vous pas le courage de reconnaître notre choix? reconnaissez-vous seulement les résultats qui vous conviennent? c'est ainsi que fonctionne la démocratie européenne.",russie,occident,29
ai,L'interview du porte-parole de l'ambassade de Russie en France en intégralité,UgyZj7cHYM1LZQXpuYt4AaABAg.A19sgZ2tB1FA19wQUGlc-F,"Если бы мне 2 года назад сказали, что я буду голосовать за Путина, я бы не поверила! Я сейчас с лёгким сердцем и огромным желанием проголосовала за него! Кстати, мой муж за него не голосовал, и такое у нас возможно😂","je suis russe, j'ai voté librement et j'ai fait mon choix. Tous mes amis aussi. Pourquoi n'avez-vous pas le courage de reconnaître notre choix? reconnaissez-vous seulement les résultats qui vous conviennent? c'est ainsi que fonctionne la démocratie européenne.","elections russes, russie, vladimir poutine",,40
ai,L'interview du porte-parole de l'ambassade de Russie en France en intégralité,UgyZj7cHYM1LZQXpuYt4AaABAg.A19sgZ2tB1FA19wUyFwf25,@user The way in the West they investigate the “crime” and appoint those responsible is also pushing many in Russia to vote for Putin,"je suis russe, j'ai voté librement et j'ai fait mon choix. Tous mes amis aussi. Pourquoi n'avez-vous pas le courage de reconnaître notre choix? reconnaissez-vous seulement les résultats qui vous conviennent? c'est ainsi que fonctionne la démocratie européenne.","elections russes, vladimir poutine",occident,24
ai,L'interview du porte-parole de l'ambassade de Russie en France en intégralité,UgyZj7cHYM1LZQXpuYt4AaABAg.A19sgZ2tB1FA19wfU6raf4,Oui oui😂😅 opk0i,"je suis russe, j'ai voté librement et j'ai fait mon choix. Tous mes amis aussi. Pourquoi n'avez-vous pas le courage de reconnaître notre choix? reconnaissez-vous seulement les résultats qui vous conviennent? c'est ainsi que fonctionne la démocratie européenne.",,elections russes,3
ai,L'interview du porte-parole de l'ambassade de Russie en France en intégralité,UgyZj7cHYM1LZQXpuYt4AaABAg.A19sgZ2tB1FA19wfm-eh5M,"Les Russes ont une chanson ""Ils nous ont battus - nous devenons plus forts !"" La hyène occidentale a attaqué la Russie - à cause de cela, TOUS les Russes se sont rassemblés, et même ceux qui auparavant ne votaient pas pour Poutine ou n'allaient pas du tout aux urnes sont maintenant venus voter. 87% est un résultat réel (!) sans précédent dans le monde entier. Tremblez, lâches occidentaux.","je suis russe, j'ai voté librement et j'ai fait mon choix. Tous mes amis aussi. Pourquoi n'avez-vous pas le courage de reconnaître notre choix? reconnaissez-vous seulement les résultats qui vous conviennent? c'est ainsi que fonctionne la démocratie européenne.","elections russes, russie, vladimir poutine",occident,69
ai,L'interview du porte-parole de l'ambassade de Russie en France en intégralité,UgyZj7cHYM1LZQXpuYt4AaABAg.A19sgZ2tB1FA19wlN46dx9,"Merci Tabarish ! Bravo au vaillant peuple de redonner un soupir encore à Vlady de continuer à brandir le drapeau russe à travers le monde ! Vous avez franchement beaucoup de soutien en Afrique sans aucune démagogie, car l'Afrique ne vous reproche rien ni dans son passé ni dans son présent et peut être non plus dans son futur. L'URSS nous manquait mais la Grande Russie de Poutine à comblé le vide.","je suis russe, j'ai voté librement et j'ai fait mon choix. Tous mes amis aussi. Pourquoi n'avez-vous pas le courage de reconnaître notre choix? reconnaissez-vous seulement les résultats qui vous conviennent? c'est ainsi que fonctionne la démocratie européenne.","russie, vladimir poutine",,72
ai,L'interview du porte-parole de l'ambassade de Russie en France en intégralité,UgyZj7cHYM1LZQXpuYt4AaABAg.A19sgZ2tB1FA19wssvhs_1,"@user For you, only what they say on BFM is true. I feel sorry for you!","je suis russe, j'ai voté librement et j'ai fait mon choix. Tous mes amis aussi. Pourquoi n'avez-vous pas le courage de reconnaître notre choix? reconnaissez-vous seulement les résultats qui vous conviennent? c'est ainsi que fonctionne la démocratie européenne.",,bfmtv,16
ai,L'interview du porte-parole de l'ambassade de Russie en France en intégralité,UgyZj7cHYM1LZQXpuYt4AaABAg.A19sgZ2tB1FA19x-ANzRTQ,И я 😊,"je suis russe, j'ai voté librement et j'ai fait mon choix. Tous mes amis aussi. Pourquoi n'avez-vous pas le courage de reconnaître notre choix? reconnaissez-vous seulement les résultats qui vous conviennent? c'est ainsi que fonctionne la démocratie européenne.",elections russes,,3
ai,L'interview du porte-parole de l'ambassade de Russie en France en intégralité,UgyZj7cHYM1LZQXpuYt4AaABAg.A19sgZ2tB1FA19x-gqP0bF,"Des scors urss oui beb .
Incroyable 0 ces vote ou les militaires etait omnipresent c des v😊tes fantoche","je suis russe, j'ai voté librement et j'ai fait mon choix. Tous mes amis aussi. Pourquoi n'avez-vous pas le courage de reconnaître notre choix? reconnaissez-vous seulement les résultats qui vous conviennent? c'est ainsi que fonctionne la démocratie européenne.",,elections russes,19
ai,L'interview du porte-parole de l'ambassade de Russie en France en intégralité,UgyZj7cHYM1LZQXpuYt4AaABAg.A19sgZ2tB1FA19x5V1vbi1,"Merci madame! Nous en Afrique de l'ouest sommes fier de la victoire de Poutine, si la France est soucieuse d'eletions crédibles, en Cote d'ivoire il y'a eut des morts pendants les élections présidentielles passés, mais le président a été félicite' par la France malgre' que la constitution interdisait le président de se représenter, au Tchad il y'a eu un coup d’état constitutionnel car après la mort de DEBI père c’était le président de l’assemblée nationale qui devrait prendre le pouvoir, ça n'a pas été le cas, en plus un opposant vient d’être tué, la France a dit quoi? qu'ils aillent donner leurs leçons a leurs enfants, tout le monde entier les connait maintenant.","je suis russe, j'ai voté librement et j'ai fait mon choix. Tous mes amis aussi. Pourquoi n'avez-vous pas le courage de reconnaître notre choix? reconnaissez-vous seulement les résultats qui vous conviennent? c'est ainsi que fonctionne la démocratie européenne.","elections russes, vladimir poutine",occident,113
ai,L'interview du porte-parole de l'ambassade de Russie en France en intégralité,UgyZj7cHYM1LZQXpuYt4AaABAg.A19sgZ2tB1FA19x8I2HHnB,On n'a pas envie de reconnaitre vos élections parce que vous êtes des enfoirés d'envahisseurs aussi impérialistes que les ricains mais qui passez en plus votre temps à vous faire passer pour des victimes.,"je suis russe, j'ai voté librement et j'ai fait mon choix. Tous mes amis aussi. Pourquoi n'avez-vous pas le courage de reconnaître notre choix? reconnaissez-vous seulement les résultats qui vous conviennent? c'est ainsi que fonctionne la démocratie européenne.",,"elections russes, guerre en ukraine, occident, russie",34
ai,L'interview du porte-parole de l'ambassade de Russie en France en intégralité,UgyZj7cHYM1LZQXpuYt4AaABAg.A19sgZ2tB1FA19xARJto7S,@user Africa will be free!!!))) Greetings from Russia!,"je suis russe, j'ai voté librement et j'ai fait mon choix. Tous mes amis aussi. Pourquoi n'avez-vous pas le courage de reconnaître notre choix? reconnaissez-vous seulement les résultats qui vous conviennent? c'est ainsi que fonctionne la démocratie européenne.",russie,,8
ai,L'interview du porte-parole de l'ambassade de Russie en France en intégralité,UgyZj7cHYM1LZQXpuYt4AaABAg.A19sgZ2tB1FA19xDAe18Sk,"@user: Chère amie, sache que la France avait dans un référendum en 2005 dit non à l'UE parce qu'on savait qu'on allait s'appauvrir. Après avoir voté pour Nicolas Sarkozy en 2007, j'ai été très déçu de me rendre compte, avec le traiter de Lisbonne qui reprend tout ce que nous avons refusé de voir, une chose. C'est que l'UE ne respecte que la démocratie qui lui convient. Pour les élections en Russie, je ne vais pas commenter, car je n'y ai jamais vécu. Par contre, grâce à la presse indépendante qui n'est pas BFM bien sûr, je sais que tout n'est pas tout blanc ou tout noir.","je suis russe, j'ai voté librement et j'ai fait mon choix. Tous mes amis aussi. Pourquoi n'avez-vous pas le courage de reconnaître notre choix? reconnaissez-vous seulement les résultats qui vous conviennent? c'est ainsi que fonctionne la démocratie européenne.",,"bfmtv, democratie francaise",107
ai,L'interview du porte-parole de l'ambassade de Russie en France en intégralité,UgyZj7cHYM1LZQXpuYt4AaABAg.A19sgZ2tB1FA19xLcWmsME,@user encore un faux compte venant de la Russie 😎,"je suis russe, j'ai voté librement et j'ai fait mon choix. Tous mes amis aussi. Pourquoi n'avez-vous pas le courage de reconnaître notre choix? reconnaissez-vous seulement les résultats qui vous conviennent? c'est ainsi que fonctionne la démocratie européenne.",trolls russes,,10
ai,L'interview du porte-parole de l'ambassade de Russie en France en intégralité,UgyZj7cHYM1LZQXpuYt4AaABAg.A19sgZ2tB1FA19xP9D7-j0,"Quand des gens se font arrêter et emprisonner pour avoir déposé des fleurs sur la tombe d'Alexei Navalny, c'est un bon signe pour moi que la liberté n'existe pas en Russie.","je suis russe, j'ai voté librement et j'ai fait mon choix. Tous mes amis aussi. Pourquoi n'avez-vous pas le courage de reconnaître notre choix? reconnaissez-vous seulement les résultats qui vous conviennent? c'est ainsi que fonctionne la démocratie européenne.",,russie,31
ai,L'interview du porte-parole de l'ambassade de Russie en France en intégralité,UgyZj7cHYM1LZQXpuYt4AaABAg.A19sgZ2tB1FA19x_0196iV,Réponse a Nadia Celavi Vous êtes donc d accord pour tous ces malheureux soldats enfants femmes hommes qui sont morts ! POUR RIEN ! ?....,"je suis russe, j'ai voté librement et j'ai fait mon choix. Tous mes amis aussi. Pourquoi n'avez-vous pas le courage de reconnaître notre choix? reconnaissez-vous seulement les résultats qui vous conviennent? c'est ainsi que fonctionne la démocratie européenne.",,guerre en ukraine,25
ai,L'interview du porte-parole de l'ambassade de Russie en France en intégralité,UgyZj7cHYM1LZQXpuYt4AaABAg.A19sgZ2tB1FA19xb-8-1Y9,"Même si Poutine aurait probablement gagné en Russie, vous ne vous rendez même pas compte qu'il se fait réélire en prétextant que la terre entiere est contre vous juste parce qu'il sait très bien comment fonctionne vos cerveaux et que vous adorez vous sentir à un contre tous, gonfler votre égo et dire ""мы победим!"" et hop, l'affaire est dans le sac, il est réélu. On n'arrive plus à se faire grâce à l'économie? On dirige un pays de russes, on n'a qu'à jouer sur le nationalisme et peu importe les resultats, ça marche à tous les coups. Vous devriez relire Metro 2033 et 2035, ça vous ferait du bien.","je suis russe, j'ai voté librement et j'ai fait mon choix. Tous mes amis aussi. Pourquoi n'avez-vous pas le courage de reconnaître notre choix? reconnaissez-vous seulement les résultats qui vous conviennent? c'est ainsi que fonctionne la démocratie européenne.",,"elections russes, russie, vladimir poutine",110
ai,L'interview du porte-parole de l'ambassade de Russie en France en intégralité,UgyZj7cHYM1LZQXpuYt4AaABAg.A19sgZ2tB1FA19xc707oAY,"la France MAGOUILLE toutes les élections , ils n en parlent pas, mais ils ont besoin de salir à leur image","je suis russe, j'ai voté librement et j'ai fait mon choix. Tous mes amis aussi. Pourquoi n'avez-vous pas le courage de reconnaître notre choix? reconnaissez-vous seulement les résultats qui vous conviennent? c'est ainsi que fonctionne la démocratie européenne.",,democratie francaise,21
ai,L'interview du porte-parole de l'ambassade de Russie en France en intégralité,UgyZj7cHYM1LZQXpuYt4AaABAg.A19sgZ2tB1FA19xctosEDZ,"Много лет не голосовала, а в этом году специально пошла, чтобы отдать свой голос за Путина.","je suis russe, j'ai voté librement et j'ai fait mon choix. Tous mes amis aussi. Pourquoi n'avez-vous pas le courage de reconnaître notre choix? reconnaissez-vous seulement les résultats qui vous conviennent? c'est ainsi que fonctionne la démocratie européenne.","elections russes, vladimir poutine",,16
ai,L'interview du porte-parole de l'ambassade de Russie en France en intégralité,UgyZj7cHYM1LZQXpuYt4AaABAg.A19sgZ2tB1FA19xfWkuwDn,"Запад волнует наш выбор больше чем их проблемы. В России никому не интересно почему французы выбрали Макрона , а немцы Шольца . Но демократический запад почему-то считает , что может нас учить и ставить под сомнения НАШ выбор. Хотя именно их правительства ведут свои страны в пропасть !","je suis russe, j'ai voté librement et j'ai fait mon choix. Tous mes amis aussi. Pourquoi n'avez-vous pas le courage de reconnaître notre choix? reconnaissez-vous seulement les résultats qui vous conviennent? c'est ainsi que fonctionne la démocratie européenne.","elections russes, russie",occident,48
ai,L'interview du porte-parole de l'ambassade de Russie en France en intégralité,UgyZj7cHYM1LZQXpuYt4AaABAg.A19sgZ2tB1FA19xkwEp7C6,"Je suis russe, j'ai voté pour Poutine. C'est ma décision personnelle.","je suis russe, j'ai voté librement et j'ai fait mon choix. Tous mes amis aussi. Pourquoi n'avez-vous pas le courage de reconnaître notre choix? reconnaissez-vous seulement les résultats qui vous conviennent? c'est ainsi que fonctionne la démocratie européenne.","elections russes, vladimir poutine",,11
ai,L'interview du porte-parole de l'ambassade de Russie en France en intégralité,UgyZj7cHYM1LZQXpuYt4AaABAg.A19sgZ2tB1FA19xpeqczxi,🤍💙❤@user,"je suis russe, j'ai voté librement et j'ai fait mon choix. Tous mes amis aussi. Pourquoi n'avez-vous pas le courage de reconnaître notre choix? reconnaissez-vous seulement les résultats qui vous conviennent? c'est ainsi que fonctionne la démocratie européenne.",russie,,1
ai,L'interview du porte-parole de l'ambassade de Russie en France en intégralité,UgyZj7cHYM1LZQXpuYt4AaABAg.A19sgZ2tB1FA19xrsb0uxh,"@user Thank you, we are proud of you.","je suis russe, j'ai voté librement et j'ai fait mon choix. Tous mes amis aussi. Pourquoi n'avez-vous pas le courage de reconnaître notre choix? reconnaissez-vous seulement les résultats qui vous conviennent? c'est ainsi que fonctionne la démocratie européenne.",russie,,8
ai,L'interview du porte-parole de l'ambassade de Russie en France en intégralité,UgyZj7cHYM1LZQXpuYt4AaABAg.A19sgZ2tB1FA19xtjQ46d0,@user était qui navalny juste une marionnette 😂 américaine 😂,"je suis russe, j'ai voté librement et j'ai fait mon choix. Tous mes amis aussi. Pourquoi n'avez-vous pas le courage de reconnaître notre choix? reconnaissez-vous seulement les résultats qui vous conviennent? c'est ainsi que fonctionne la démocratie européenne.",,occident,10
ai,L'interview du porte-parole de l'ambassade de Russie en France en intégralité,UgyZj7cHYM1LZQXpuYt4AaABAg.A19sgZ2tB1FA19xvh1XVlC,Его западные хозяева убили что бы свалить на Путина😂 а Путину смысла не было его убивать@user,"je suis russe, j'ai voté librement et j'ai fait mon choix. Tous mes amis aussi. Pourquoi n'avez-vous pas le courage de reconnaître notre choix? reconnaissez-vous seulement les résultats qui vous conviennent? c'est ainsi que fonctionne la démocratie européenne.",vladimir poutine,occident,16
ai,L'interview du porte-parole de l'ambassade de Russie en France en intégralité,UgyZj7cHYM1LZQXpuYt4AaABAg.A19sgZ2tB1FA19xzEv2SYd,C’est a dire? Ton choix? C’est qui? Tu vis donc en France et vote pour poutine? Ah c’est bien d’aimer la patrie en vivant loin d’elle…. Et t’envoies ton choix de merde sur les réseaux têtes des gens innocents…. Mais quel courage!,"je suis russe, j'ai voté librement et j'ai fait mon choix. Tous mes amis aussi. Pourquoi n'avez-vous pas le courage de reconnaître notre choix? reconnaissez-vous seulement les résultats qui vous conviennent? c'est ainsi que fonctionne la démocratie européenne.",,"elections russes, vladimir poutine",42
ai,L'interview du porte-parole de l'ambassade de Russie en France en intégralité,UgyZj7cHYM1LZQXpuYt4AaABAg.A19sgZ2tB1FA19y2yR5LVD,Mdr en même temps poutine 1 poutine 2 poutine 3 poutine 4,"je suis russe, j'ai voté librement et j'ai fait mon choix. Tous mes amis aussi. Pourquoi n'avez-vous pas le courage de reconnaître notre choix? reconnaissez-vous seulement les résultats qui vous conviennent? c'est ainsi que fonctionne la démocratie européenne.",,"elections russes, vladimir poutine",12
ai,L'interview du porte-parole de l'ambassade de Russie en France en intégralité,UgyZj7cHYM1LZQXpuYt4AaABAg.A19sgZ2tB1FA19y6CRFX7b,"En France, quand on ne vote pas comme il faut, les causes sont multiples, dans le désordre: - Vous n'avez pas les médias et donc les infos qui sont vraies.
- Vous êtes manipulés par Poutine - Vous êtes un pro Poutine inconditionnel.
- Vous avez pas un niveau d'instruction scolaire suffisant pour comprendre.
- vous êtes un salaud il y a surement d'autres causes qui doivent surement relevées de la psychologie et des croyances en la pensée magique . Laissons la vérité remonter doucement l'escalier, ce n'est que une question de temps.","je suis russe, j'ai voté librement et j'ai fait mon choix. Tous mes amis aussi. Pourquoi n'avez-vous pas le courage de reconnaître notre choix? reconnaissez-vous seulement les résultats qui vous conviennent? c'est ainsi que fonctionne la démocratie européenne.",,democratie francaise,93
ai,L'interview du porte-parole de l'ambassade de Russie en France en intégralité,UgyZj7cHYM1LZQXpuYt4AaABAg.A19sgZ2tB1FA19yAhLO9ZC,Il fat tous vous renvoyer- toi et ta bande d’amis poutinistes- dans votre merveilleuse patrie.,"je suis russe, j'ai voté librement et j'ai fait mon choix. Tous mes amis aussi. Pourquoi n'avez-vous pas le courage de reconnaître notre choix? reconnaissez-vous seulement les résultats qui vous conviennent? c'est ainsi que fonctionne la démocratie européenne.",,"russie, vladimir poutine",15
ai,L'interview du porte-parole de l'ambassade de Russie en France en intégralité,UgyZj7cHYM1LZQXpuYt4AaABAg.A19sgZ2tB1FA19yO0zIHEe,"Il n'y a plus de démocratie en France, faut dire il n'y en a jamais eu surtout avec ce va t'en guerre de ce sinistre Macron et sa clique !!!!!","je suis russe, j'ai voté librement et j'ai fait mon choix. Tous mes amis aussi. Pourquoi n'avez-vous pas le courage de reconnaître notre choix? reconnaissez-vous seulement les résultats qui vous conviennent? c'est ainsi que fonctionne la démocratie européenne.",,"democratie francaise, emmanuel macron",30
ai,L'interview du porte-parole de l'ambassade de Russie en France en intégralité,UgyZj7cHYM1LZQXpuYt4AaABAg.A19sgZ2tB1FA19yQL1Iu_b,@user’s vous êtes des debiles cliniques. J’espère que vous êtes en rissie,"je suis russe, j'ai voté librement et j'ai fait mon choix. Tous mes amis aussi. Pourquoi n'avez-vous pas le courage de reconnaître notre choix? reconnaissez-vous seulement les résultats qui vous conviennent? c'est ainsi que fonctionne la démocratie européenne.",,russie,12
ai,L'interview du porte-parole de l'ambassade de Russie en France en intégralité,UgyZj7cHYM1LZQXpuYt4AaABAg.A19sgZ2tB1FA19ySRxwK2b,@user vous avez bien sur des preuves que poutine a assassiné Navalny !?,"je suis russe, j'ai voté librement et j'ai fait mon choix. Tous mes amis aussi. Pourquoi n'avez-vous pas le courage de reconnaître notre choix? reconnaissez-vous seulement les résultats qui vous conviennent? c'est ainsi que fonctionne la démocratie européenne.",vladimir poutine,,13
ai,L'interview du porte-parole de l'ambassade de Russie en France en intégralité,UgyZj7cHYM1LZQXpuYt4AaABAg.A19sgZ2tB1FA19yWNA5ctO,"Le probléme n'est pas le bon sens d'une partie des français (les derniers , les vrais ) mais de nos divers dirigeants politiques aussi incompétants ,obtus et d'une crâsse bêtise ne leur permettant pas une mise en perspective des problémes . Ce bel ensemble les améne à se focaliser -et désigner - la russie comme l'ennemi ultime ,alors qu'à bas bruit la france subit déjà une guerre de territoire quelle n'arrive pas -et ne souhaite pas - juguler !!!! Laissons les Russophobes "" continuer à pérorer , le peuple russe à déçidé avec bien plus de bon sens que ce que les divers ""merdias-nationaux "" à la solde de l'universo-progresso-wokisme "" veut nous enfoncer dans la crane en occultant la paix .","je suis russe, j'ai voté librement et j'ai fait mon choix. Tous mes amis aussi. Pourquoi n'avez-vous pas le courage de reconnaître notre choix? reconnaissez-vous seulement les résultats qui vous conviennent? c'est ainsi que fonctionne la démocratie européenne.","elections russes, russie",journalisme francais,122
ai,L'interview du porte-parole de l'ambassade de Russie en France en intégralité,UgyZj7cHYM1LZQXpuYt4AaABAg.A19sgZ2tB1FA19yXTBdurY,@user Un million de merci ! Je suis Russe. Et tu as raison 👍,"je suis russe, j'ai voté librement et j'ai fait mon choix. Tous mes amis aussi. Pourquoi n'avez-vous pas le courage de reconnaître notre choix? reconnaissez-vous seulement les résultats qui vous conviennent? c'est ainsi que fonctionne la démocratie européenne.","elections russes, russie",,14
ai,L'interview du porte-parole de l'ambassade de Russie en France en intégralité,UgyZj7cHYM1LZQXpuYt4AaABAg.A19sgZ2tB1FA19ydDHEy2T,@user вам смешно? Понемногу понемногу война приходит к вам в дом.,"je suis russe, j'ai voté librement et j'ai fait mon choix. Tous mes amis aussi. Pourquoi n'avez-vous pas le courage de reconnaître notre choix? reconnaissez-vous seulement les résultats qui vous conviennent? c'est ainsi que fonctionne la démocratie européenne.",,guerre en ukraine,11
ai,L'interview du porte-parole de l'ambassade de Russie en France en intégralité,UgyZj7cHYM1LZQXpuYt4AaABAg.A19sgZ2tB1FA19ydV0e1Ck,"@user C'est crédible, Vlad a eu 3 candidat qui s'opposait à lui. Navalny n'a jamais été un concurrent, il n'a pas eu plus de 2 % des voix et personne ne l'a soutenu en Russie, sauf les services secrets occidentaux. Tu n'es qu'un troll méchant ou juste mal informé.","je suis russe, j'ai voté librement et j'ai fait mon choix. Tous mes amis aussi. Pourquoi n'avez-vous pas le courage de reconnaître notre choix? reconnaissez-vous seulement les résultats qui vous conviennent? c'est ainsi que fonctionne la démocratie européenne.","elections russes, vladimir poutine",occident,49
ai,L'interview du porte-parole de l'ambassade de Russie en France en intégralité,UgyZj7cHYM1LZQXpuYt4AaABAg.A19sgZ2tB1FA19ylSBrp2N,"And good job for continuing with Mister Poutine ! Well done ! Congratulations from Mali, Burkina Niger (AES alliance) . Africa supportes you. Very freindly from Mali, Africa !","je suis russe, j'ai voté librement et j'ai fait mon choix. Tous mes amis aussi. Pourquoi n'avez-vous pas le courage de reconnaître notre choix? reconnaissez-vous seulement les résultats qui vous conviennent? c'est ainsi que fonctionne la démocratie européenne.","russie, vladimir poutine",,29
ai,L'interview du porte-parole de l'ambassade de Russie en France en intégralité,UgyZj7cHYM1LZQXpuYt4AaABAg.A19sgZ2tB1FA19yofxYp4W,"Mr, Makogonov ! Il ne faut méme pas parler a ses mouflons du BFM","je suis russe, j'ai voté librement et j'ai fait mon choix. Tous mes amis aussi. Pourquoi n'avez-vous pas le courage de reconnaître notre choix? reconnaissez-vous seulement les résultats qui vous conviennent? c'est ainsi que fonctionne la démocratie européenne.",,bfmtv,14
ai,L'interview du porte-parole de l'ambassade de Russie en France en intégralité,UgyZj7cHYM1LZQXpuYt4AaABAg.A19sgZ2tB1FA19yvULxsMy,L' occident ne supporte pas un autre modèle de penser ni de faire qui ne soit pas occidental. Ils estiment être le centre du monde qui détient la vérité ultime !,"je suis russe, j'ai voté librement et j'ai fait mon choix. Tous mes amis aussi. Pourquoi n'avez-vous pas le courage de reconnaître notre choix? reconnaissez-vous seulement les résultats qui vous conviennent? c'est ainsi que fonctionne la démocratie européenne.",,occident,31
ai,L'interview du porte-parole de l'ambassade de Russie en France en intégralité,UgyZj7cHYM1LZQXpuYt4AaABAg.A19sgZ2tB1FA19z3Vm0Fpz,Bravo,"je suis russe, j'ai voté librement et j'ai fait mon choix. Tous mes amis aussi. Pourquoi n'avez-vous pas le courage de reconnaître notre choix? reconnaissez-vous seulement les résultats qui vous conviennent? c'est ainsi que fonctionne la démocratie européenne.","elections russes, russie",occident,1
ai,L'interview du porte-parole de l'ambassade de Russie en France en intégralité,UgyZj7cHYM1LZQXpuYt4AaABAg.A19sgZ2tB1FA19zAlds-tY,@user candidat mis en place par les américains qui faisait 2%? C'est comme si on reprochait un manque de démocratie parce que Poutou n'a pas remporté les élections !,"je suis russe, j'ai voté librement et j'ai fait mon choix. Tous mes amis aussi. Pourquoi n'avez-vous pas le courage de reconnaître notre choix? reconnaissez-vous seulement les résultats qui vous conviennent? c'est ainsi que fonctionne la démocratie européenne.","democratie francaise, elections russes",occident,29
ai,L'interview du porte-parole de l'ambassade de Russie en France en intégralité,UgyZj7cHYM1LZQXpuYt4AaABAg.A19sgZ2tB1FA19zGtRkkiz,"Ce qui est difficile à comprendre, c'est comment un peuple ami peut aussi fortement soutenir le chef d'orchestre d'une tuerie de masse. Faut bien vous trouver des excuses tellement ce qu'impliquerait la réalité du sentiment du peuple Russe serait terrible humainement. Cela ferait techniquement de tous les votants pro Poutine des meurtriers eux aussi, ce qui est insoutenable.","je suis russe, j'ai voté librement et j'ai fait mon choix. Tous mes amis aussi. Pourquoi n'avez-vous pas le courage de reconnaître notre choix? reconnaissez-vous seulement les résultats qui vous conviennent? c'est ainsi que fonctionne la démocratie européenne.",,"guerre en ukraine, russie, vladimir poutine",58
ai,L'interview du porte-parole de l'ambassade de Russie en France en intégralité,UgyZj7cHYM1LZQXpuYt4AaABAg.A19sgZ2tB1FA19zIcKjrES,"Dis au peuple russe que le peuple Francais soutient la russie et soutient putin... Dites au peuple russe que le peuple Francais aime les russes... Que malheureusement nous peuple francais nous ne sommes pas libre... Et qu on est soumis aux progressistes lgbt feministes, le peuple Francais n est pas l elite Europeene
Ces pourritures font des choses en notre nom sans notre accord.","je suis russe, j'ai voté librement et j'ai fait mon choix. Tous mes amis aussi. Pourquoi n'avez-vous pas le courage de reconnaître notre choix? reconnaissez-vous seulement les résultats qui vous conviennent? c'est ainsi que fonctionne la démocratie européenne.","russie, vladimir poutine","democratie francaise, occident",64
ai,L'interview du porte-parole de l'ambassade de Russie en France en intégralité,UgyZj7cHYM1LZQXpuYt4AaABAg.A19sgZ2tB1FA19zP0ca4a2,"Я , все мои родственники и мои знакомые голосовали за Путина.","je suis russe, j'ai voté librement et j'ai fait mon choix. Tous mes amis aussi. Pourquoi n'avez-vous pas le courage de reconnaître notre choix? reconnaissez-vous seulement les résultats qui vous conviennent? c'est ainsi que fonctionne la démocratie européenne.","elections russes, vladimir poutine",,11
ai,L'interview du porte-parole de l'ambassade de Russie en France en intégralité,UgyZj7cHYM1LZQXpuYt4AaABAg.A19sgZ2tB1FA19zULTa1rf,"Bravo Nadia, bravo pour votre choix, tous les Russes que je connais en France ont aussi voté Poutine","je suis russe, j'ai voté librement et j'ai fait mon choix. Tous mes amis aussi. Pourquoi n'avez-vous pas le courage de reconnaître notre choix? reconnaissez-vous seulement les résultats qui vous conviennent? c'est ainsi que fonctionne la démocratie européenne.","elections russes, vladimir poutine",,18
ai,L'interview du porte-parole de l'ambassade de Russie en France en intégralité,UgyZj7cHYM1LZQXpuYt4AaABAg.A19sgZ2tB1FA19zUgMYqIg,"@user n'importe quoi, d'où sortez vous cette ineptie ? Vous avez des preuves ? Non bon donc fermez la ça nous fera des vacances le troll stupide","je suis russe, j'ai voté librement et j'ai fait mon choix. Tous mes amis aussi. Pourquoi n'avez-vous pas le courage de reconnaître notre choix? reconnaissez-vous seulement les résultats qui vous conviennent? c'est ainsi que fonctionne la démocratie européenne.",,trolls russes,27
ai,L'interview du porte-parole de l'ambassade de Russie en France en intégralité,UgyZj7cHYM1LZQXpuYt4AaABAg.A19sgZ2tB1FA19zVcPBDMN,"@user s'il n'avait pas assassiné le candidat appuyé et soutenue par la CIA, on connaît le pedigree de certains opposant à Poutine. Tu veux échapper au lavage de cerveau alors par du principe que si BFMTV (occident) dit une chose il faut comprendre l'inverse.","je suis russe, j'ai voté librement et j'ai fait mon choix. Tous mes amis aussi. Pourquoi n'avez-vous pas le courage de reconnaître notre choix? reconnaissez-vous seulement les résultats qui vous conviennent? c'est ainsi que fonctionne la démocratie européenne.",vladimir poutine,"bfmtv, occident",44
ai,L'interview du porte-parole de l'ambassade de Russie en France en intégralité,UgyZj7cHYM1LZQXpuYt4AaABAg.A19sgZ2tB1FA19zXW7-1eO,Reconnaître 87%? 😅 Dans un pay autoritaire? Oui. Bien sure.,"je suis russe, j'ai voté librement et j'ai fait mon choix. Tous mes amis aussi. Pourquoi n'avez-vous pas le courage de reconnaître notre choix? reconnaissez-vous seulement les résultats qui vous conviennent? c'est ainsi que fonctionne la démocratie européenne.",,"elections russes, russie",10
ai,L'interview du porte-parole de l'ambassade de Russie en France en intégralité,UgyZj7cHYM1LZQXpuYt4AaABAg.A19sgZ2tB1FA19zYwmAg2f,Ce président France travaille pour les États-Unis il invente des histoires il est devenu Parano,"je suis russe, j'ai voté librement et j'ai fait mon choix. Tous mes amis aussi. Pourquoi n'avez-vous pas le courage de reconnaître notre choix? reconnaissez-vous seulement les résultats qui vous conviennent? c'est ainsi que fonctionne la démocratie européenne.",,emmanuel macron,15
ai,L'interview du porte-parole de l'ambassade de Russie en France en intégralité,UgyZj7cHYM1LZQXpuYt4AaABAg.A19sgZ2tB1FA19zcyC4uuM,"Я тоже голосовала за Путина. Это мой осознанный выбор. И я не собираюсь расшибаться в лепешку, пытаясь доказать этим слепо-глухим, что они не видят и не слышат.","je suis russe, j'ai voté librement et j'ai fait mon choix. Tous mes amis aussi. Pourquoi n'avez-vous pas le courage de reconnaître notre choix? reconnaissez-vous seulement les résultats qui vous conviennent? c'est ainsi que fonctionne la démocratie européenne.","elections russes, vladimir poutine",,27
ai,L'interview du porte-parole de l'ambassade de Russie en France en intégralité,UgyZj7cHYM1LZQXpuYt4AaABAg.A19sgZ2tB1FA19zf21EvOZ,"Ils semblent avoir des bouchons de cérumen dans les oreilles. Entendez-vous au moins ce que nous disons ? Nous avons tous voté ensemble, librement et honnêtement.🎉","je suis russe, j'ai voté librement et j'ai fait mon choix. Tous mes amis aussi. Pourquoi n'avez-vous pas le courage de reconnaître notre choix? reconnaissez-vous seulement les résultats qui vous conviennent? c'est ainsi que fonctionne la démocratie européenne.",elections russes,,26
ai,L'interview du porte-parole de l'ambassade de Russie en France en intégralité,UgyZj7cHYM1LZQXpuYt4AaABAg.A19sgZ2tB1FA19zfTILcqa,@user et néanmoins il (Vlad poutine) l'a quand même fait assassiner.,"je suis russe, j'ai voté librement et j'ai fait mon choix. Tous mes amis aussi. Pourquoi n'avez-vous pas le courage de reconnaître notre choix? reconnaissez-vous seulement les résultats qui vous conviennent? c'est ainsi que fonctionne la démocratie européenne.",,vladimir poutine,11
ai,L'interview du porte-parole de l'ambassade de Russie en France en intégralité,UgyZj7cHYM1LZQXpuYt4AaABAg.A19sgZ2tB1FA19zrfZUw75,Vous votez pour un colonisateur mafieux sanguinaire… le nouvel Hitler…,"je suis russe, j'ai voté librement et j'ai fait mon choix. Tous mes amis aussi. Pourquoi n'avez-vous pas le courage de reconnaître notre choix? reconnaissez-vous seulement les résultats qui vous conviennent? c'est ainsi que fonctionne la démocratie européenne.",,"elections russes, russie, vladimir poutine",10
ai,L'interview du porte-parole de l'ambassade de Russie en France en intégralité,UgyZj7cHYM1LZQXpuYt4AaABAg.A19sgZ2tB1FA19zsByJs8y,"@user Bravo, c'est bien compris ! Quand les occidentaux ont de la médisance pour un leader, le peuple doit chercher à savoir pourquoi. En général c'est un très bon patriote pour son pays. Traduisez cela en russe pour les russes et les rusophones du monde. On n'abandonne jamais une équipe qui gagne. Ils veulent détruire le patriotisme dans le monde au nom de la démocratie. C'est comme ça que beaucoup de patriotes africains ont été victimes de complots et d'assassinats par ce qu'ils voulaient libérer leur peuples du colonialo-imprialiste et de l'impérialisme. C'est pourquoi les africains d'aujourd'hui savent traduire chaque mot venant de ce côté. Vive la Russie et vive la coopération russo-malienne et russo-africaine !","je suis russe, j'ai voté librement et j'ai fait mon choix. Tous mes amis aussi. Pourquoi n'avez-vous pas le courage de reconnaître notre choix? reconnaissez-vous seulement les résultats qui vous conviennent? c'est ainsi que fonctionne la démocratie européenne.","russie, vladimir poutine",occident,116
ai,L'interview du porte-parole de l'ambassade de Russie en France en intégralité,UgyZj7cHYM1LZQXpuYt4AaABAg.A19sgZ2tB1FA19zvIaqyXJ,"ça emmerde profondément les médias occidentaux que des chefs d'Etats comme V. Poutine soient largement et majoritairement soutenus par le peuple, car c'est tout le contraire en Occident.
Les médias ragent","je suis russe, j'ai voté librement et j'ai fait mon choix. Tous mes amis aussi. Pourquoi n'avez-vous pas le courage de reconnaître notre choix? reconnaissez-vous seulement les résultats qui vous conviennent? c'est ainsi que fonctionne la démocratie européenne.",vladimir poutine,occident,31
ai,L'interview du porte-parole de l'ambassade de Russie en France en intégralité,UgyZj7cHYM1LZQXpuYt4AaABAg.A19sgZ2tB1FA19zwKuIuvr,Поддерживаю❤🇷🇺,"je suis russe, j'ai voté librement et j'ai fait mon choix. Tous mes amis aussi. Pourquoi n'avez-vous pas le courage de reconnaître notre choix? reconnaissez-vous seulement les résultats qui vous conviennent? c'est ainsi que fonctionne la démocratie européenne.","elections russes, russie",occident,1
ai,L'interview du porte-parole de l'ambassade de Russie en France en intégralité,UgyZj7cHYM1LZQXpuYt4AaABAg.A19sgZ2tB1FA19zwwuKLYE,"L'occident n'est pas anti Russes , au contraire !
Mais quand le leader suprême de la Russie, élimine physiquement depuis 25 ans ses opposants politiques sérieux, cet élection ne vaut rien !
C'est comme si en France, Macron éliminé physiquement, le Pen , Mélenchon , et la droite classique, il ne resterait que des partis à 3% qui ne représente aucun danger pour le président en place. En Russie, c'est bien un simulacre d'élections, ou toute tentative de manifestation est tué dans l'œuf !
Vous êtes bien dans une dictature, et sans vous en rendre compte de rien. Les Russes qui auront le malheur de penser comme moi publiquement, seront enfermés. Libérez-vous de vos chaînes !!","je suis russe, j'ai voté librement et j'ai fait mon choix. Tous mes amis aussi. Pourquoi n'avez-vous pas le courage de reconnaître notre choix? reconnaissez-vous seulement les résultats qui vous conviennent? c'est ainsi que fonctionne la démocratie européenne.",occident,"elections russes, russie, vladimir poutine",116
ai,L'interview du porte-parole de l'ambassade de Russie en France en intégralité,UgyZj7cHYM1LZQXpuYt4AaABAg.A19sgZ2tB1FA1A-Byv8u40,"@user, ребята! Возвращаетесь в Россию! Вы так нужны родине! Патриоты, любители войны. Вам должно быть невыносимо грустно жить без нашего бессменного лидера в гейропе! На загнивающем западе! На фронте не хватает таких, как вы!","je suis russe, j'ai voté librement et j'ai fait mon choix. Tous mes amis aussi. Pourquoi n'avez-vous pas le courage de reconnaître notre choix? reconnaissez-vous seulement les résultats qui vous conviennent? c'est ainsi que fonctionne la démocratie européenne.",occident,"guerre en ukraine, russie, vladimir poutine",34
ai,L'interview du porte-parole de l'ambassade de Russie en France en intégralité,UgyZj7cHYM1LZQXpuYt4AaABAg.A19sgZ2tB1FA1A-DRRXbjT,"@user sont mort pour leur nation, pour faire barrage aux visées impérialiste des Etats Unis qui utilisent l'Europe comme marche pied ou serpillère pour défendre ses intérêts.
Pendant que nous on boycott l'énergie des Russes les américains continuent de commercer avec eux, pendant que les Ukrainiens voulaient négocier avec les russes nous on a attisé le feu de la guerre. Les occidentaux sont devenus les nouveaux nazi du 21 ème siècle, ils défendent d'une main le gouvernement néo nazi de zelinsky pendant qu'ils soutiennent de l'autre mains les génocidaires israéliens tueurs des enfants.","je suis russe, j'ai voté librement et j'ai fait mon choix. Tous mes amis aussi. Pourquoi n'avez-vous pas le courage de reconnaître notre choix? reconnaissez-vous seulement les résultats qui vous conviennent? c'est ainsi que fonctionne la démocratie européenne.",russie,"aide a l ukraine, israel, occident",93
ai,L'interview du porte-parole de l'ambassade de Russie en France en intégralité,UgyZj7cHYM1LZQXpuYt4AaABAg.A19sgZ2tB1FA1A-MGziaFS,"la russie une démocratie ! mdr
mais dans quel pays dit ""démocratique"" peut-on obtenir 80 % ? sauf, en éliminant tous ses adversaires .... (escalier, tombé du balcon, etc...)","je suis russe, j'ai voté librement et j'ai fait mon choix. Tous mes amis aussi. Pourquoi n'avez-vous pas le courage de reconnaître notre choix? reconnaissez-vous seulement les résultats qui vous conviennent? c'est ainsi que fonctionne la démocratie européenne.",,"elections russes, russie, vladimir poutine",29
ai,L'interview du porte-parole de l'ambassade de Russie en France en intégralité,UgyZj7cHYM1LZQXpuYt4AaABAg.A19sgZ2tB1FA1A-PsE9Zpa,"@user rappel juste que Chirac avait réalisé un score de 82% , donc bon suivant ta logique on est pas mieux.","je suis russe, j'ai voté librement et j'ai fait mon choix. Tous mes amis aussi. Pourquoi n'avez-vous pas le courage de reconnaître notre choix? reconnaissez-vous seulement les résultats qui vous conviennent? c'est ainsi que fonctionne la démocratie européenne.",elections russes,democratie francaise,21
ai,L'interview du porte-parole de l'ambassade de Russie en France en intégralité,UgyZj7cHYM1LZQXpuYt4AaABAg.A19sgZ2tB1FA1A-XKA8e-C,Effectivement tout le monde a le choix ... de librement choisir d’être un mouton! Ou pas! mais ça c'est le choix de chacun!!! TOTALEMENT d'accord avec vous!!,"je suis russe, j'ai voté librement et j'ai fait mon choix. Tous mes amis aussi. Pourquoi n'avez-vous pas le courage de reconnaître notre choix? reconnaissez-vous seulement les résultats qui vous conviennent? c'est ainsi que fonctionne la démocratie européenne.",elections russes,,27
ai,L'interview du porte-parole de l'ambassade de Russie en France en intégralité,UgyZj7cHYM1LZQXpuYt4AaABAg.A19sgZ2tB1FA1A-o4f38b_,c'est vrai que la démocratie en France ce porte bien en ce moment. Franchement ont n'est pas crédible ont n'a aucune légitimité à donner des leçons de démocratie.,"je suis russe, j'ai voté librement et j'ai fait mon choix. Tous mes amis aussi. Pourquoi n'avez-vous pas le courage de reconnaître notre choix? reconnaissez-vous seulement les résultats qui vous conviennent? c'est ainsi que fonctionne la démocratie européenne.",,democratie francaise,28
ai,L'interview du porte-parole de l'ambassade de Russie en France en intégralité,UgyZj7cHYM1LZQXpuYt4AaABAg.A19sgZ2tB1FA1A-oCUJw4p,"Я голосовала в Новосибирске, в Сибири. Совершенно свободно, без принуждения.За Путина! Это наша страна, это наш выбор. В отличии от Макрона, наш президент защищает наш народ, наши земли, наши экономику , производство и сельское хозяйство. Наш президент выступает за свой народ. А ваш????","je suis russe, j'ai voté librement et j'ai fait mon choix. Tous mes amis aussi. Pourquoi n'avez-vous pas le courage de reconnaître notre choix? reconnaissez-vous seulement les résultats qui vous conviennent? c'est ainsi que fonctionne la démocratie européenne.","elections russes, russie, vladimir poutine",emmanuel macron,43
ai,L'interview du porte-parole de l'ambassade de Russie en France en intégralité,UgyZj7cHYM1LZQXpuYt4AaABAg.A19sgZ2tB1FA1A-ql-fMeV,"Des scores pareils cela n'existe qu'en Russie.
Cela ne vous choque pas ?","je suis russe, j'ai voté librement et j'ai fait mon choix. Tous mes amis aussi. Pourquoi n'avez-vous pas le courage de reconnaître notre choix? reconnaissez-vous seulement les résultats qui vous conviennent? c'est ainsi que fonctionne la démocratie européenne.",,"elections russes, russie",13
ai,L'interview du porte-parole de l'ambassade de Russie en France en intégralité,UgyZj7cHYM1LZQXpuYt4AaABAg.A19sgZ2tB1FA1A-yrJPlLZ,"Явка реально высокая, были созданы идеальные условия для голосования. Даже те, кто ни разу до этого не ходил на выборы, все проголосовали! Из тех, кого я знаю процентов 90. А на западе есть прямые выборы в принципе?","je suis russe, j'ai voté librement et j'ai fait mon choix. Tous mes amis aussi. Pourquoi n'avez-vous pas le courage de reconnaître notre choix? reconnaissez-vous seulement les résultats qui vous conviennent? c'est ainsi que fonctionne la démocratie européenne.",elections russes,occident,37
ai,L'interview du porte-parole de l'ambassade de Russie en France en intégralité,UgyZj7cHYM1LZQXpuYt4AaABAg.A19sgZ2tB1FA1A06Axf0V5,@user Continuez ainsi ! C'est bon !,"je suis russe, j'ai voté librement et j'ai fait mon choix. Tous mes amis aussi. Pourquoi n'avez-vous pas le courage de reconnaître notre choix? reconnaissez-vous seulement les résultats qui vous conviennent? c'est ainsi que fonctionne la démocratie européenne.","elections russes, russie",occident,7
ai,L'interview du porte-parole de l'ambassade de Russie en France en intégralité,UgyZj7cHYM1LZQXpuYt4AaABAg.A19sgZ2tB1FA1A0HPVBldy,@user ещё 3 кандидатов тогда почему не убрал?,"je suis russe, j'ai voté librement et j'ai fait mon choix. Tous mes amis aussi. Pourquoi n'avez-vous pas le courage de reconnaître notre choix? reconnaissez-vous seulement les résultats qui vous conviennent? c'est ainsi que fonctionne la démocratie européenne.","elections russes, vladimir poutine",,8
ai,Un proche de Poutine menace la France: l'entretien exclusif de  notre reporter à Moscou,Ugycsn2XxUHg2tVNV614AaABAg,La taille physique entre Tolstoï et le journaliste en dit plus sur les deux pays 😂,La taille physique entre Tolstoï et le journaliste en dit plus sur les deux pays 😂,russie,,16
ai,Un proche de Poutine menace la France: l'entretien exclusif de  notre reporter à Moscou,Ugycsn2XxUHg2tVNV614AaABAg.A1Er6OdG-xtA1EshFrCsn7,"C'est un témoignage que si la petite France s'hazarder à s'attaquer au géant Russie, elle doit savoir qu'elle est déjà avalée. Vaut mieux de se plié",La taille physique entre Tolstoï et le journaliste en dit plus sur les deux pays 😂,russie,,26
ai,Un proche de Poutine menace la France: l'entretien exclusif de  notre reporter à Moscou,Ugycsn2XxUHg2tVNV614AaABAg.A1Er6OdG-xtA1EspBGh2_0,J’ai pensé à cela aussi 😂😂😂,La taille physique entre Tolstoï et le journaliste en dit plus sur les deux pays 😂,russie,,6
ai,Un proche de Poutine menace la France: l'entretien exclusif de  notre reporter à Moscou,Ugycsn2XxUHg2tVNV614AaABAg.A1Er6OdG-xtA1Et1qQrKwR,"Comme dans une fable de Jean de la Fontaine, sur l’éléphant et le rat",La taille physique entre Tolstoï et le journaliste en dit plus sur les deux pays 😂,russie,,14
ai,Un proche de Poutine menace la France: l'entretien exclusif de  notre reporter à Moscou,Ugycsn2XxUHg2tVNV614AaABAg.A1Er6OdG-xtA1EtIbSa-DR,C’est exactement ce que j’ai marqué dans mon commentaire d’en haut…!! 🤣🤣🤣.. D’un côté t’as des ours 🐻 Qui bouffe de l’entrecôte au petit déjeuner et de l’autre du Cuck de Saint-Germain-des-Prés nourri au graines de soja de chez Biocoop ..🤣🤣,La taille physique entre Tolstoï et le journaliste en dit plus sur les deux pays 😂,russie,"journalisme francais, occident",41
ai,Un proche de Poutine menace la France: l'entretien exclusif de  notre reporter à Moscou,Ugycsn2XxUHg2tVNV614AaABAg.A1Er6OdG-xtA1EuHFjJPRg,@user…. C’est ce qu’a dit aussi Napoléon quand il y est allé… on sait tous comment ça a fini ..🤣🤣🤣,La taille physique entre Tolstoï et le journaliste en dit plus sur les deux pays 😂,russie,,20
ai,Un proche de Poutine menace la France: l'entretien exclusif de  notre reporter à Moscou,Ugycsn2XxUHg2tVNV614AaABAg.A1Er6OdG-xtA1EuHJDTR6h,Exellent,La taille physique entre Tolstoï et le journaliste en dit plus sur les deux pays 😂,russie,,1
ai,Un proche de Poutine menace la France: l'entretien exclusif de  notre reporter à Moscou,Ugycsn2XxUHg2tVNV614AaABAg.A1Er6OdG-xtA1EuUIkCmbK,un nain le journaliste français ou un géant Piotr tolstoi 😂😂😂 j'adore ses réponses il ne dit que la vérité ! comme ci qu'il y a qu'Attal de gay dans ce gouv 🙄,La taille physique entre Tolstoï et le journaliste en dit plus sur les deux pays 😂,,journalisme francais,33
ai,Un proche de Poutine menace la France: l'entretien exclusif de  notre reporter à Moscou,Ugycsn2XxUHg2tVNV614AaABAg.A1Er6OdG-xtA1EvFuriC2V,çà résume tout,La taille physique entre Tolstoï et le journaliste en dit plus sur les deux pays 😂,russie,,3
ai,Un proche de Poutine menace la France: l'entretien exclusif de  notre reporter à Moscou,Ugycsn2XxUHg2tVNV614AaABAg.A1Er6OdG-xtA1EvKWBBAT8,"... Et certains se souviennent aussi de la fin de l'URSS, de la disparition du mur de Berlin et du pacte de Varsovie.@user",La taille physique entre Tolstoï et le journaliste en dit plus sur les deux pays 😂,,russie,23
ai,Un proche de Poutine menace la France: l'entretien exclusif de  notre reporter à Moscou,Ugycsn2XxUHg2tVNV614AaABAg.A1Er6OdG-xtA1EvL4mXN9k,Bon il est grand et alors. Mon époux fait 1m90 et est américain et alors. Ça ne veut pas dire que les USA sont toujours formidables.,La taille physique entre Tolstoï et le journaliste en dit plus sur les deux pays 😂,,occident,26
ai,Un proche de Poutine menace la France: l'entretien exclusif de  notre reporter à Moscou,Ugycsn2XxUHg2tVNV614AaABAg.A1Er6OdG-xtA1EvYlY7nkO,"Oui les cercueils russes n’arrivent pas dans les aéroports russes. Les corps sont abandonnés et bouffés par les chiens. Si les corps sont rendus, une prime doit être payée aux familles.",La taille physique entre Tolstoï et le journaliste en dit plus sur les deux pays 😂,,"guerre en ukraine, russie",31
ai,Un proche de Poutine menace la France: l'entretien exclusif de  notre reporter à Moscou,Ugycsn2XxUHg2tVNV614AaABAg.A1Er6OdG-xtA1EvtMGFR8Y,@user est tellement ça.. 😅,La taille physique entre Tolstoï et le journaliste en dit plus sur les deux pays 😂,russie,,5
ai,Un proche de Poutine menace la France: l'entretien exclusif de  notre reporter à Moscou,Ugycsn2XxUHg2tVNV614AaABAg.A1Er6OdG-xtA1Evu2P_1wm,@user quoi encore Hélène ? Tu n’as toujours pas compris que tout ça c’est des mensonges diffusés en France depuis deux ans?,La taille physique entre Tolstoï et le journaliste en dit plus sur les deux pays 😂,,journalisme francais,22
ai,Un proche de Poutine menace la France: l'entretien exclusif de  notre reporter à Moscou,Ugycsn2XxUHg2tVNV614AaABAg.A1Er6OdG-xtA1Ew2aolmkP,"Pour trouver un français qui porte ses couilles autant que Piotr, il faut aller chercher du côté de John-Mickael ! 🤭",La taille physique entre Tolstoï et le journaliste en dit plus sur les deux pays 😂,russie,,21
ai,Un proche de Poutine menace la France: l'entretien exclusif de  notre reporter à Moscou,Ugycsn2XxUHg2tVNV614AaABAg.A1Er6OdG-xtA1EwC8zCF9u,"@user Disons pas obligatoirement, mais là…",La taille physique entre Tolstoï et le journaliste en dit plus sur les deux pays 😂,russie,,6
ai,Un proche de Poutine menace la France: l'entretien exclusif de  notre reporter à Moscou,Ugycsn2XxUHg2tVNV614AaABAg.A1Er6OdG-xtA1EwiCfwAJW,Un petit homme mdrrrr🤣🤣🤣🤣ce journaliste 🤡🤡🤡,La taille physique entre Tolstoï et le journaliste en dit plus sur les deux pays 😂,,journalisme francais,6
ai,Un proche de Poutine menace la France: l'entretien exclusif de  notre reporter à Moscou,Ugycsn2XxUHg2tVNV614AaABAg.A1Er6OdG-xtA1EyyfI2iFn,"C est un nazi, comme a la grande époque où les nazis mettaient les homosexuels en camps de concentration 😂",La taille physique entre Tolstoï et le journaliste en dit plus sur les deux pays 😂,,russie,20
ai,Un proche de Poutine menace la France: l'entretien exclusif de  notre reporter à Moscou,Ugycsn2XxUHg2tVNV614AaABAg.A1Er6OdG-xtA1Ez0ExNkzZ,Si la France était Attaquée vous SERIEZ VOUS la Tranquille à faire des Bisous 😮 Arrêtez de Manipuler les Français..🙏,La taille physique entre Tolstoï et le journaliste en dit plus sur les deux pays 😂,,"bfmtv, journalisme francais",20
ai,Un proche de Poutine menace la France: l'entretien exclusif de  notre reporter à Moscou,Ugycsn2XxUHg2tVNV614AaABAg.A1Er6OdG-xtA1Ez0eGdZ9d,C'est trop drôle de vous voir vous auto congratuler entre troll russe 😂. Ce qui est bien c'est que c'est tellement simple de vous identifier avec vos comptes qui ont moins 3 ans d'existence et que les seules commentaires que vous postez sont uniquement en rapport avec la guerre rien en dehors. Allez les petits trolls je vous laisse entre vous. 😚,La taille physique entre Tolstoï et le journaliste en dit plus sur les deux pays 😂,,trolls russes,62
ai,Un proche de Poutine menace la France: l'entretien exclusif de  notre reporter à Moscou,Ugycsn2XxUHg2tVNV614AaABAg.A1Er6OdG-xtA1Ez2Vbc3Kb,@user le poutinistan russonazi serait détruit 😂,La taille physique entre Tolstoï et le journaliste en dit plus sur les deux pays 😂,,russie,7
ai,Un proche de Poutine menace la France: l'entretien exclusif de  notre reporter à Moscou,Ugycsn2XxUHg2tVNV614AaABAg.A1Er6OdG-xtA1EzB509weo,"@user ce contexte , oui! La taille compte et bien malheureusement pour vous. La France n'est rien comparée à la grandiose Russie.",La taille physique entre Tolstoï et le journaliste en dit plus sur les deux pays 😂,russie,,22
ai,Un proche de Poutine menace la France: l'entretien exclusif de  notre reporter à Moscou,Ugycsn2XxUHg2tVNV614AaABAg.A1Er6OdG-xtA1EzYlMa4Vh,ces comme Macron devant Poutine et xijiping hahahaha petit devant Grand,La taille physique entre Tolstoï et le journaliste en dit plus sur les deux pays 😂,vladimir poutine,emmanuel macron,11
ai,Un proche de Poutine menace la France: l'entretien exclusif de  notre reporter à Moscou,Ugycsn2XxUHg2tVNV614AaABAg.A1Er6OdG-xtA1EzlCuTSvJ,"@user prends pas ton cas pour une généralité le vegan,moi je mange du gibier que je tu,pauvre connard 😂Les russes mangent de la vodka 😂",La taille physique entre Tolstoï et le journaliste en dit plus sur les deux pays 😂,,russie,25
ai,Un proche de Poutine menace la France: l'entretien exclusif de  notre reporter à Moscou,Ugycsn2XxUHg2tVNV614AaABAg.A1Er6OdG-xtA1F--aSRuZ9,@user contre le grand neuneu russonazi est dépourvu d intelligence 😂Il est con comme un balai 😂L mec raconte des conneries en masses 😂,La taille physique entre Tolstoï et le journaliste en dit plus sur les deux pays 😂,,russie,24
ai,Un proche de Poutine menace la France: l'entretien exclusif de  notre reporter à Moscou,Ugycsn2XxUHg2tVNV614AaABAg.A1Er6OdG-xtA1F-1lGwV94,"@user toi, tu soulage ta petite conscience de troll otanien ? 😂😂😅",La taille physique entre Tolstoï et le journaliste en dit plus sur les deux pays 😂,,occident,12
ai,Un proche de Poutine menace la France: l'entretien exclusif de  notre reporter à Moscou,Ugycsn2XxUHg2tVNV614AaABAg.A1Er6OdG-xtA1F-C4DIYcU,"@user,ça c'est bien passé au bordel de campagne russonazi de Belgorod ? 😂",La taille physique entre Tolstoï et le journaliste en dit plus sur les deux pays 😂,,russie,13
ai,Un proche de Poutine menace la France: l'entretien exclusif de  notre reporter à Moscou,Ugycsn2XxUHg2tVNV614AaABAg.A1Er6OdG-xtA1F-lkooKBH,@user vraiment ...Macron ne diras pas cela a Donald Trump,La taille physique entre Tolstoï et le journaliste en dit plus sur les deux pays 😂,,emmanuel macron,10
ai,Un proche de Poutine menace la France: l'entretien exclusif de  notre reporter à Moscou,Ugycsn2XxUHg2tVNV614AaABAg.A1Er6OdG-xtA1F0XwDkIuC,"A la fin les journalistes de BFM qui ont pissé dans leurs frocs ""oui on s'inquiète un peu..."" LOL",La taille physique entre Tolstoï et le journaliste en dit plus sur les deux pays 😂,,"bfmtv, journalisme francais",19
ai,Un proche de Poutine menace la France: l'entretien exclusif de  notre reporter à Moscou,Ugycsn2XxUHg2tVNV614AaABAg.A1Er6OdG-xtA1F0aWeo_d6,"@user de rire😂,le cerveau du grand neuneu n est pas irrigué😂 Pourtant les russes sont connus pour avoir des tout petit cerveaux 😂Il va tout tuer😂 comme pipomoreau la guerre des deux jours remporté le 24 février 2022😂qui d après les primates russonazis devrait se terminer en 2026😂",La taille physique entre Tolstoï et le journaliste en dit plus sur les deux pays 😂,,russie,48
ai,Un proche de Poutine menace la France: l'entretien exclusif de  notre reporter à Moscou,Ugycsn2XxUHg2tVNV614AaABAg.A1Er6OdG-xtA1F0q3YRwLA,"Ça c'est génial,tu n'as pas tapé à côté 😅😅😅",La taille physique entre Tolstoï et le journaliste en dit plus sur les deux pays 😂,russie,,9
ai,Un proche de Poutine menace la France: l'entretien exclusif de  notre reporter à Moscou,Ugycsn2XxUHg2tVNV614AaABAg.A1Er6OdG-xtA1F1tmWV7ak,"La ""grandiose Russie"" représentée par un petit nabot ?@user",La taille physique entre Tolstoï et le journaliste en dit plus sur les deux pays 😂,,russie,9
ai,Un proche de Poutine menace la France: l'entretien exclusif de  notre reporter à Moscou,Ugycsn2XxUHg2tVNV614AaABAg.A1Er6OdG-xtA1F2QN7W_XD,"@user Chirac était un géant a côté du nabot poutine et ses 1m65 et 50 kg😂🤣 Chirac s envoyait 10 bière un tête de veau et des tripes,quand le nabot russe mangeait un sucre d orge et buvait un verre d eau",La taille physique entre Tolstoï et le journaliste en dit plus sur les deux pays 😂,,vladimir poutine,42
ai,Un proche de Poutine menace la France: l'entretien exclusif de  notre reporter à Moscou,Ugycsn2XxUHg2tVNV614AaABAg.A1Er6OdG-xtA1F2YIwVowb,Comme entre Chirac et le nabot russe 🤣😂🤡 1m65 50kg 🤡😂🤣,La taille physique entre Tolstoï et le journaliste en dit plus sur les deux pays 😂,,vladimir poutine,11
ai,Un proche de Poutine menace la France: l'entretien exclusif de  notre reporter à Moscou,Ugycsn2XxUHg2tVNV614AaABAg.A1Er6OdG-xtA1F2dhYXOhb,"@user Oui,les photos de Chirac et du nabot russe🤣😂🤡",La taille physique entre Tolstoï et le journaliste en dit plus sur les deux pays 😂,,vladimir poutine,9
ai,Un proche de Poutine menace la France: l'entretien exclusif de  notre reporter à Moscou,Ugycsn2XxUHg2tVNV614AaABAg.A1Er6OdG-xtA1F2hvZykOd,@user Comme entre Chirac et le nabot russe 🤣😂🤡,La taille physique entre Tolstoï et le journaliste en dit plus sur les deux pays 😂,,vladimir poutine,9
ai,L'interview du porte-parole de l'ambassade de Russie en France en intégralité,Ugz9A2J_w3sCKO4TanR4AaABAg,Je ne comprends pas comment les français peuvent poser des questions à quelqu'un et l'empêcher en même temps de répondre ?😮,Je ne comprends pas comment les français peuvent poser des questions à quelqu'un et l'empêcher en même temps de répondre ?😮,,journalisme francais,21
ai,L'interview du porte-parole de l'ambassade de Russie en France en intégralité,Ugz9A2J_w3sCKO4TanR4AaABAg.A19QHjyb-zwA19XTvZajGR,"En effet, ils n'arrêtent pas de fustiger ce porte-parole. A sa place, je pèterais un plomb! Haro sur ses aboiements de petits roquets!",Je ne comprends pas comment les français peuvent poser des questions à quelqu'un et l'empêcher en même temps de répondre ?😮,,journalisme francais,23
ai,L'interview du porte-parole de l'ambassade de Russie en France en intégralité,Ugz9A2J_w3sCKO4TanR4AaABAg.A19QHjyb-zwA19Y5pAcl8F,"Je partage votre avis, mais ce ne sont pas 'les français"" ce sont des journalistes aux ordres d'une oligarchie dont le rôle est de désinformer les Français.",Je ne comprends pas comment les français peuvent poser des questions à quelqu'un et l'empêcher en même temps de répondre ?😮,,journalisme francais,27
ai,L'interview du porte-parole de l'ambassade de Russie en France en intégralité,Ugz9A2J_w3sCKO4TanR4AaABAg.A19QHjyb-zwA19ZfelSobG,C est l éducation 😊,Je ne comprends pas comment les français peuvent poser des questions à quelqu'un et l'empêcher en même temps de répondre ?😮,,journalisme francais,5
ai,L'interview du porte-parole de l'ambassade de Russie en France en intégralité,Ugz9A2J_w3sCKO4TanR4AaABAg.A19QHjyb-zwA19_AIZV7Kx,C'est sa les journalistes Ils ou elles poses des questions et coupes la parole tout le temps la Bachelot elle est à l'ouest pauvre France,Je ne comprends pas comment les français peuvent poser des questions à quelqu'un et l'empêcher en même temps de répondre ?😮,,journalisme francais,25
ai,L'interview du porte-parole de l'ambassade de Russie en France en intégralité,Ugz9A2J_w3sCKO4TanR4AaABAg.A19QHjyb-zwA19_f7GZQgK,"Pas les Français, les journaleux et les traîtres à la botte de la Macronie . Il ne faut pas généraliser.",Je ne comprends pas comment les français peuvent poser des questions à quelqu'un et l'empêcher en même temps de répondre ?😮,,"emmanuel macron, journalisme francais",20
ai,L'interview du porte-parole de l'ambassade de Russie en France en intégralité,Ugz9A2J_w3sCKO4TanR4AaABAg.A19QHjyb-zwA19aR9b7Zbk,"C'est la génération du ""en même temps""",Je ne comprends pas comment les français peuvent poser des questions à quelqu'un et l'empêcher en même temps de répondre ?😮,,"emmanuel macron, journalisme francais",7
ai,L'interview du porte-parole de l'ambassade de Russie en France en intégralité,Ugz9A2J_w3sCKO4TanR4AaABAg.A19QHjyb-zwA19dOZK8HeW,C’est la spécialité des journaleux français car aujourd’hui on ne peut plus parler de journalistes,Je ne comprends pas comment les français peuvent poser des questions à quelqu'un et l'empêcher en même temps de répondre ?😮,,journalisme francais,15
ai,L'interview du porte-parole de l'ambassade de Russie en France en intégralité,Ugz9A2J_w3sCKO4TanR4AaABAg.A19QHjyb-zwA19fKCG4jvD,"@user Je préfère le reprendre le terme de Renaud: ""Les journaleux""!",Je ne comprends pas comment les français peuvent poser des questions à quelqu'un et l'empêcher en même temps de répondre ?😮,,journalisme francais,11
ai,L'interview du porte-parole de l'ambassade de Russie en France en intégralité,Ugz9A2J_w3sCKO4TanR4AaABAg.A19QHjyb-zwA19hx0KeEAN,L'ambassadeur Russe à l'habitude ça doit être la même chose avec le dictateur Poutine,Je ne comprends pas comment les français peuvent poser des questions à quelqu'un et l'empêcher en même temps de répondre ?😮,,vladimir poutine,14
ai,L'interview du porte-parole de l'ambassade de Russie en France en intégralité,Ugz9A2J_w3sCKO4TanR4AaABAg.A19QHjyb-zwA19i8mLFyaT,@user les journalopes !,Je ne comprends pas comment les français peuvent poser des questions à quelqu'un et l'empêcher en même temps de répondre ?😮,,journalisme francais,4
ai,L'interview du porte-parole de l'ambassade de Russie en France en intégralité,Ugz9A2J_w3sCKO4TanR4AaABAg.A19QHjyb-zwA19ivRBjEbP,"Vraiment,on sent bien de la part de ces journalistes qu'il n'y a pas une réelle volonté de laisser le porte parole russe développer pleinement sa vision,mais plutôt de discréditer la Russie et son président aux yeux de l'opinion publique et d'orienter la Russie dans ce sens , avec de l'ironie et de petites attaques.
Or un journaliste en exercice doit être impartial et laisser chaque partie prenante exprimer pleinement son point de vue.",Je ne comprends pas comment les français peuvent poser des questions à quelqu'un et l'empêcher en même temps de répondre ?😮,russie,journalisme francais,73
ai,L'interview du porte-parole de l'ambassade de Russie en France en intégralité,Ugz9A2J_w3sCKO4TanR4AaABAg.A19QHjyb-zwA19jMYoKt6O,les journalistes russes ferment leur gueule eux,Je ne comprends pas comment les français peuvent poser des questions à quelqu'un et l'empêcher en même temps de répondre ?😮,liberte de la presse,russie,7
ai,L'interview du porte-parole de l'ambassade de Russie en France en intégralité,Ugz9A2J_w3sCKO4TanR4AaABAg.A19QHjyb-zwA19k847TuxF,@user ce ne sont effectivement pas des journalistes. Ce sont des porte parole.,Je ne comprends pas comment les français peuvent poser des questions à quelqu'un et l'empêcher en même temps de répondre ?😮,,journalisme francais,13
ai,L'interview du porte-parole de l'ambassade de Russie en France en intégralité,Ugz9A2J_w3sCKO4TanR4AaABAg.A19QHjyb-zwA19kVVJdRYp,"Par pitié, ce ne sont pas les Français mais des journalistes et politiques manipulateurs. ...Les Français ne sont pas dupes et bien moins haineux envers nos amis Russes.",Je ne comprends pas comment les français peuvent poser des questions à quelqu'un et l'empêcher en même temps de répondre ?😮,russie,journalisme francais,28
ai,L'interview du porte-parole de l'ambassade de Russie en France en intégralité,Ugz9A2J_w3sCKO4TanR4AaABAg.A19QHjyb-zwA19kmM-U7OG,"""les Français"" ou plus honnêtement ""DES Français"" ou ""CERTAINS..."" ou .... En plus, allez sur la téloche Rossia1, vous y verrez bien pire notamment sur ceux ou celles, de plus en plus rares forcément, qui osent ne pas suivre la ""ligne officielle"", ils sont non seulement ""empêchés"" mais vilipendés et même, je l'ai vu une fois, emmenés par la force hors du plateau.",Je ne comprends pas comment les français peuvent poser des questions à quelqu'un et l'empêcher en même temps de répondre ?😮,,russie,63
ai,L'interview du porte-parole de l'ambassade de Russie en France en intégralité,Ugz9A2J_w3sCKO4TanR4AaABAg.A19QHjyb-zwA19n4pum5ND,Ils se doivent de s'opposer par principe ces idiots !,Je ne comprends pas comment les français peuvent poser des questions à quelqu'un et l'empêcher en même temps de répondre ?😮,,journalisme francais,10
ai,L'interview du porte-parole de l'ambassade de Russie en France en intégralité,Ugz9A2J_w3sCKO4TanR4AaABAg.A19QHjyb-zwA19ngcSY8-V,"Pourquoi, l' inviter faite votre émission sans personne cela serait plus simple une image de Poutine et vous déroulez votre argumentaire beaucoup plus simple....😂",Je ne comprends pas comment les français peuvent poser des questions à quelqu'un et l'empêcher en même temps de répondre ?😮,,"bfmtv, journalisme francais",24
ai,L'interview du porte-parole de l'ambassade de Russie en France en intégralité,Ugz9A2J_w3sCKO4TanR4AaABAg.A19QHjyb-zwA19oHqFGorM,@user les Russes n'ont rien à foutre des argumentaires sous dictature,Je ne comprends pas comment les français peuvent poser des questions à quelqu'un et l'empêcher en même temps de répondre ?😮,,russie,11
ai,L'interview du porte-parole de l'ambassade de Russie en France en intégralité,Ugz9A2J_w3sCKO4TanR4AaABAg.A19QHjyb-zwA19oPIfowTj,"😂😂Ils s'acharnent sur le gars, oui, c'est le fait de connaître toutes les réponses à leurs questions et de se persuader qu'ils ont raison.",Je ne comprends pas comment les français peuvent poser des questions à quelqu'un et l'empêcher en même temps de répondre ?😮,,journalisme francais,24
ai,L'interview du porte-parole de l'ambassade de Russie en France en intégralité,Ugz9A2J_w3sCKO4TanR4AaABAg.A19QHjyb-zwA19oPXt9ngV,"Ahahahah ....ces journalistes qui se plaignent de la sécurité en RUSSIE, les pôvres ne peuvent pas travailler correctement et informer le monde .... ---> JULIAN ASSANGE..... ILS NE CONNAISSENT PAS JULIAN ASSANGE..... ça confirme leur niveau journalistique",Je ne comprends pas comment les français peuvent poser des questions à quelqu'un et l'empêcher en même temps de répondre ?😮,"liberte de la presse, russie",journalisme francais,37
ai,L'interview du porte-parole de l'ambassade de Russie en France en intégralité,Ugz9A2J_w3sCKO4TanR4AaABAg.A19QHjyb-zwA19obPfAnIZ,"gros troll... si seulement tu pouvais te rendre compte du culot mensonger de Makogonov - Il mélange tout, n'a réponse à rien - pathétique (il fait peine quoi :) )",Je ne comprends pas comment les français peuvent poser des questions à quelqu'un et l'empêcher en même temps de répondre ?😮,,"russie, trolls russes",30
ai,L'interview du porte-parole de l'ambassade de Russie en France en intégralité,Ugz9A2J_w3sCKO4TanR4AaABAg.A19QHjyb-zwA19pUDxsf4M,"Ils sont bêtes c'est tout.
On Dit que le jaloux qui ne veut que sont bonheur, ne voudrais que le malheur des autres",Je ne comprends pas comment les français peuvent poser des questions à quelqu'un et l'empêcher en même temps de répondre ?😮,,journalisme francais,23
ai,L'interview du porte-parole de l'ambassade de Russie en France en intégralité,Ugz9A2J_w3sCKO4TanR4AaABAg.A19QHjyb-zwA19q-8a_S37,@user et pour cause ils n ont pas envie de passer par la case Siberie,Je ne comprends pas comment les français peuvent poser des questions à quelqu'un et l'empêcher en même temps de répondre ?😮,,russie,15
ai,L'interview du porte-parole de l'ambassade de Russie en France en intégralité,Ugz9A2J_w3sCKO4TanR4AaABAg.A19QHjyb-zwA19r3-HTBHa,Loin de valider le gouvernement Russe mais j'avoue que l'ambassadeur a suivi un parfait entraînement pour garder son sang froid 🥶,Je ne comprends pas comment les français peuvent poser des questions à quelqu'un et l'empêcher en même temps de répondre ?😮,,russie,21
ai,L'interview du porte-parole de l'ambassade de Russie en France en intégralité,Ugz9A2J_w3sCKO4TanR4AaABAg.A19QHjyb-zwA19rlTtrbSK,@user tes drole déja on passe de largent pour lukraine et des armes on a pas de dettes,Je ne comprends pas comment les français peuvent poser des questions à quelqu'un et l'empêcher en même temps de répondre ?😮,,aide a l ukraine,18
ai,L'interview du porte-parole de l'ambassade de Russie en France en intégralité,Ugz9A2J_w3sCKO4TanR4AaABAg.A19QHjyb-zwA19trHgEzR0,Ils empêchent de répondre pour dire après qu'il a eu du mal à repondre😂😂😂,Je ne comprends pas comment les français peuvent poser des questions à quelqu'un et l'empêcher en même temps de répondre ?😮,,"bfmtv, journalisme francais",14
ai,L'interview du porte-parole de l'ambassade de Russie en France en intégralité,Ugz9A2J_w3sCKO4TanR4AaABAg.A19QHjyb-zwA19wdt2BPpL,@user faut pas déconner,Je ne comprends pas comment les français peuvent poser des questions à quelqu'un et l'empêcher en même temps de répondre ?😮,journalisme francais,,4
ai,L'interview du porte-parole de l'ambassade de Russie en France en intégralité,Ugz9A2J_w3sCKO4TanR4AaABAg.A19QHjyb-zwA19yIz9zRJg,"Vous imaginez s'il commence à dire que Navalny était un escroc raciste qui comparait dans ses vidéos les migrants à des cafards ? Voilà pourquoi ils le laissent pas répondre, juste au cas où...",Je ne comprends pas comment les français peuvent poser des questions à quelqu'un et l'empêcher en même temps de répondre ?😮,,"bfmtv, journalisme francais",34
ai,L'interview du porte-parole de l'ambassade de Russie en France en intégralité,Ugz9A2J_w3sCKO4TanR4AaABAg.A19QHjyb-zwA1A-V79ZBmb,"@user живу в России, я русская.Мы гордимся своим президентом.Я не пью водку и не имею личного медведя.У меня свободный доступ ко всей информации..Западные страны кажутся нам дикими и странными со своей политикой, что они превыше всего",Je ne comprends pas comment les français peuvent poser des questions à quelqu'un et l'empêcher en même temps de répondre ?😮,"russie, vladimir poutine",occident,36
ai,L'interview du porte-parole de l'ambassade de Russie en France en intégralité,Ugz9A2J_w3sCKO4TanR4AaABAg.A19QHjyb-zwA1A5bFv7J50,Les français qui posent les questions sont des journalistes vendus à la Micronie. Ils ne représentent en rien l'opinion de la totalité des français !!!!!,Je ne comprends pas comment les français peuvent poser des questions à quelqu'un et l'empêcher en même temps de répondre ?😮,,"emmanuel macron, journalisme francais",25
ai,L'interview du porte-parole de l'ambassade de Russie en France en intégralité,Ugz9A2J_w3sCKO4TanR4AaABAg.A19QHjyb-zwA1A6MihCIR_,"Ces journalistes ne sont pas intéressés par la réponse s'ils ne l'aiment pas. La question n'est posée que pour exprimer votre position - et c'est tout, je suis à vous, je suis fidèle, mon salaire peut être augmenté, je ne vous décevrai pas !",Je ne comprends pas comment les français peuvent poser des questions à quelqu'un et l'empêcher en même temps de répondre ?😮,,journalisme francais,44
ai,L'interview du porte-parole de l'ambassade de Russie en France en intégralité,Ugz9A2J_w3sCKO4TanR4AaABAg.A19QHjyb-zwA1A6dyF2gyB,C'est la démocratie 😂,Je ne comprends pas comment les français peuvent poser des questions à quelqu'un et l'empêcher en même temps de répondre ?😮,,democratie francaise,4
ai,L'interview du porte-parole de l'ambassade de Russie en France en intégralité,Ugz9A2J_w3sCKO4TanR4AaABAg.A19QHjyb-zwA1A7TUlJVNr,"Les francais, non non, les journalistes incompétents et partisans, moi quand je pose une question, je laisse mon interlocuteur s'exprimer et je fais l'effort de comprendre ce qu'il explique. Ici nous assistons à tout le contraire car ces journalistes partent du postulat que la Russie c'est les méchant et l'occident les gentils donc forcément c'est difficile de dialoguer dans ces conditions.",Je ne comprends pas comment les français peuvent poser des questions à quelqu'un et l'empêcher en même temps de répondre ?😮,russie,"journalisme francais, occident",61
ai,L'interview du porte-parole de l'ambassade de Russie en France en intégralité,Ugz9A2J_w3sCKO4TanR4AaABAg.A19QHjyb-zwA1A7diz7A7e,Soutenir des terroristes c'est grave. Surtout avec un compte de propagande Russe. Vous nous donnez 1000 raisons de plus de nous battre contre la nations de terroriste Russe. Merci pour la force que vous nous donnez <3,Je ne comprends pas comment les français peuvent poser des questions à quelqu'un et l'empêcher en même temps de répondre ?😮,,"russie, trolls russes",37
ai,L'interview du porte-parole de l'ambassade de Russie en France en intégralité,Ugz9A2J_w3sCKO4TanR4AaABAg.A19QHjyb-zwA1A8PoZKDxl,"il ne s'agit pas d'une attitude liée aux Français, mais liée à BFM.",Je ne comprends pas comment les français peuvent poser des questions à quelqu'un et l'empêcher en même temps de répondre ?😮,,bfmtv,13
ai,L'interview du porte-parole de l'ambassade de Russie en France en intégralité,Ugz9A2J_w3sCKO4TanR4AaABAg.A19QHjyb-zwA1AA0aaBHYf,"Monsieur 87% est plus crédible ? C'est très relatif. Aux yeux de qui il est plus crédible ? Aux yeux des Russes ce n'est même pas la peine d'en parler. C'est un foutage de gueule historique. Il reste les coréens du nord, les Iraniens et les chinois qui sont les seuls a l'avoir felicité de son score Stalinien. Et sûrement pas nous C'était impossible. On avais déjà atteint le niveau de mépris maximum. En ne lui adressant carrément plus la parole depuis un bon moment.",Je ne comprends pas comment les français peuvent poser des questions à quelqu'un et l'empêcher en même temps de répondre ?😮,,"elections russes, vladimir poutine",85
ai,L'interview du porte-parole de l'ambassade de Russie en France en intégralité,Ugz9A2J_w3sCKO4TanR4AaABAg.A19QHjyb-zwA1AAf5e1E3y,"Ben imagines que tu croises une ribambellle de chiwawas qui t'aiment pas dans le salon de jean michel trogneux ,🤣🤣🤣",Je ne comprends pas comment les français peuvent poser des questions à quelqu'un et l'empêcher en même temps de répondre ?😮,,journalisme francais,20
ai,L'interview du porte-parole de l'ambassade de Russie en France en intégralité,Ugz9A2J_w3sCKO4TanR4AaABAg.A19QHjyb-zwA1AArbZv0Lo,"@user pourquoi on se priverait du plaisir de couper tous le temps la parole a un diplomate faux cul et Russe (Ce qui est un pléonasme) Si on l'invite ce n'est pas pour écouter ses foutaises néo Bolcheviques. Mais bien lui faire bien voir qu'on le prends pour un con. Et qu'on a rien a foutre de ce qu'il peux bien raconter. On l'invite pour l'empêcher de parler. Ce qui est normal pour des occidentaux décadents, nazis, satanistes et pédophile. C'est lui même qui le dit. Comme ça il n'est pas de déçu du voyage. En attendant qu'on invente un prétexte pour l'expulser comme un malpropre. Pour qu'il garde un bon souvenir de son séjour en France.",Je ne comprends pas comment les français peuvent poser des questions à quelqu'un et l'empêcher en même temps de répondre ?😮,"journalisme francais, occident",russie,117
ai,L'interview du porte-parole de l'ambassade de Russie en France en intégralité,Ugz9A2J_w3sCKO4TanR4AaABAg.A19QHjyb-zwA1ABU2JbaTz,Ça s'appelle de la propagande,Je ne comprends pas comment les français peuvent poser des questions à quelqu'un et l'empêcher en même temps de répondre ?😮,,journalisme francais,5
ai,L'interview du porte-parole de l'ambassade de Russie en France en intégralité,Ugz9A2J_w3sCKO4TanR4AaABAg.A19QHjyb-zwA1AC-q3OjBV,"@user""ses"" aboiements de petit roquet , ceux de Makogonov ? Parfois l'orthographe a de l'importance .",Je ne comprends pas comment les français peuvent poser des questions à quelqu'un et l'empêcher en même temps de répondre ?😮,,russie,16
ai,L'interview du porte-parole de l'ambassade de Russie en France en intégralité,Ugz9A2J_w3sCKO4TanR4AaABAg.A19QHjyb-zwA1ACAA-PuDZ,C'est la démocratie a la française.,Je ne comprends pas comment les français peuvent poser des questions à quelqu'un et l'empêcher en même temps de répondre ?😮,,democratie francaise,6
ai,L'interview du porte-parole de l'ambassade de Russie en France en intégralité,Ugz9A2J_w3sCKO4TanR4AaABAg.A19QHjyb-zwA1ACJl3uj7O,Parce que c'est des enculer,Je ne comprends pas comment les français peuvent poser des questions à quelqu'un et l'empêcher en même temps de répondre ?😮,,journalisme francais,5
ai,L'interview du porte-parole de l'ambassade de Russie en France en intégralité,Ugz9A2J_w3sCKO4TanR4AaABAg.A19QHjyb-zwA1ACQbeSxac,"Navalny n'a pas été empoisonné, même les Ukrainiens l'ont admis. J'ai honte de mon pays!!!!!",Je ne comprends pas comment les français peuvent poser des questions à quelqu'un et l'empêcher en même temps de répondre ?😮,russie,,15
ai,L'interview du porte-parole de l'ambassade de Russie en France en intégralité,Ugz9A2J_w3sCKO4TanR4AaABAg.A19QHjyb-zwA1ACTh8LIPt,"Ils sont ridicules, et en plus ils se contredisent",Je ne comprends pas comment les français peuvent poser des questions à quelqu'un et l'empêcher en même temps de répondre ?😮,,journalisme francais,9
ai,L'interview du porte-parole de l'ambassade de Russie en France en intégralité,Ugz9A2J_w3sCKO4TanR4AaABAg.A19QHjyb-zwA1ACgs7l4gb,Ça n'a aucun intérêt d'avoir à faire à ces dindes de plateau. Du crêpage de chignon de gonzesses. Ça ne vole pas haut !,Je ne comprends pas comment les français peuvent poser des questions à quelqu'un et l'empêcher en même temps de répondre ?😮,,journalisme francais,24
ai,L'interview du porte-parole de l'ambassade de Russie en France en intégralité,Ugz9A2J_w3sCKO4TanR4AaABAg.A19QHjyb-zwA1AFUVnkCh0,"C'est, il paraît que nous sommes encore en demo-crach-chie...",Je ne comprends pas comment les français peuvent poser des questions à quelqu'un et l'empêcher en même temps de répondre ?😮,,democratie francaise,9
ai,L'interview du porte-parole de l'ambassade de Russie en France en intégralité,Ugz9A2J_w3sCKO4TanR4AaABAg.A19QHjyb-zwA1AFmF3EHBs,"Là c'est à la télévision, imaginez maintenant dans la rue !",Je ne comprends pas comment les français peuvent poser des questions à quelqu'un et l'empêcher en même temps de répondre ?😮,,journalisme francais,11
ai,L'interview du porte-parole de l'ambassade de Russie en France en intégralité,Ugz9A2J_w3sCKO4TanR4AaABAg.A19QHjyb-zwA1AG1s8rfPH,Malheureuse France,Je ne comprends pas comment les français peuvent poser des questions à quelqu'un et l'empêcher en même temps de répondre ?😮,,journalisme francais,2
ai,L'interview du porte-parole de l'ambassade de Russie en France en intégralité,Ugz9A2J_w3sCKO4TanR4AaABAg.A19QHjyb-zwA1AGpf8a5Ov,Et le dictateur Macron? On en parle? C'est un pervers narcissique @user,Je ne comprends pas comment les français peuvent poser des questions à quelqu'un et l'empêcher en même temps de répondre ?😮,,"democratie francaise, emmanuel macron",12
ai,L'interview du porte-parole de l'ambassade de Russie en France en intégralité,Ugz9A2J_w3sCKO4TanR4AaABAg.A19QHjyb-zwA1AHhxdYdK9,.@user Ahaha ! un autre anal pha bête du clanmacronistan,Je ne comprends pas comment les français peuvent poser des questions à quelqu'un et l'empêcher en même temps de répondre ?😮,,emmanuel macron,10
ai,L'interview du porte-parole de l'ambassade de Russie en France en intégralité,Ugz9A2J_w3sCKO4TanR4AaABAg.A19QHjyb-zwA1AJTXUroIp,"ce ne sont pas les francais, ce sont les courtisan et salarié du pouvoir en france. ils ne sont là que pour ca, ils se levent le matin en pensant comment je vais bien pouvoir montrer au puissant que je suis la plus fidel loyal et courrageuse parmis leur serviteur. si demain l'argent et le pouvoir etaient ailleurs ils diraient le contraire de ce qu'ils disent.",Je ne comprends pas comment les français peuvent poser des questions à quelqu'un et l'empêcher en même temps de répondre ?😮,,journalisme francais,66
ai,L'interview du porte-parole de l'ambassade de Russie en France en intégralité,Ugz9A2J_w3sCKO4TanR4AaABAg.A19QHjyb-zwA1AR3VDOjDY,"@user jour tu es russe,un autre jour d’une autre nationalité,tu es surtout un menteur qui vit en France",Je ne comprends pas comment les français peuvent poser des questions à quelqu'un et l'empêcher en même temps de répondre ?😮,,trolls russes,18
ai,L'interview du porte-parole de l'ambassade de Russie en France en intégralité,Ugz9A2J_w3sCKO4TanR4AaABAg.A19QHjyb-zwA1AU89dDDsE,Peut-être simplement que les journalistes en ont marre eux aussi du blabla pro-Poutine ?,Je ne comprends pas comment les français peuvent poser des questions à quelqu'un et l'empêcher en même temps de répondre ?😮,journalisme francais,vladimir poutine,14
ai,L'interview du porte-parole de l'ambassade de Russie en France en intégralité,Ugz9A2J_w3sCKO4TanR4AaABAg.A19QHjyb-zwA1AUWcpLuRM,"@user Il n'est pas ambassadeur pour rien ! C'est compliqué d'être ambassadeur russe en France. Ici il y a beaucoup de gens instruits, du coup on n'écoute pas ces conneries 😂",Je ne comprends pas comment les français peuvent poser des questions à quelqu'un et l'empêcher en même temps de répondre ?😮,,russie,31
ai,L'interview du porte-parole de l'ambassade de Russie en France en intégralité,Ugz9A2J_w3sCKO4TanR4AaABAg.A19QHjyb-zwA1AUeRD2OeZ,"@user a fait d'accord,leur propagande en France est contre productive",Je ne comprends pas comment les français peuvent poser des questions à quelqu'un et l'empêcher en même temps de répondre ?😮,,journalisme francais,10
ai,L'interview du porte-parole de l'ambassade de Russie en France en intégralité,Ugz9A2J_w3sCKO4TanR4AaABAg.A19QHjyb-zwA1AYPHac6zf,@user pas tout à fait faux mêmes si leurs discours sont formatés,Je ne comprends pas comment les français peuvent poser des questions à quelqu'un et l'empêcher en même temps de répondre ?😮,,"journalisme francais, russie",12
ai,L'interview du porte-parole de l'ambassade de Russie en France en intégralité,Ugz9A2J_w3sCKO4TanR4AaABAg.A19QHjyb-zwA1AZG-sqGJP,"@user Navalny n'était rien d'autre qu'un oligarques déterminé à exterminer jusqu'au dernier des Tchetchenes !!!!! On ne va pleurer sur son sort et encore moins sur sa veuve annonçant qu'elle va poursuivre son ""œuvre""
Des milliers d'innocents meurent chaque jour dans le monde sous l'indifférence totale des représentants des démocraties 😭😭😭😭",Je ne comprends pas comment les français peuvent poser des questions à quelqu'un et l'empêcher en même temps de répondre ?😮,,occident,51
ai,L'interview du porte-parole de l'ambassade de Russie en France en intégralité,Ugz9A2J_w3sCKO4TanR4AaABAg.A19QHjyb-zwA1Ah3xXcHb9,"@user Mépriser la Russie et pisser sur les pro russes. C'est normal. Non ? Je ne vois pas ce qui te dérange.Tu n'aimes pas qu'on te méprise et qu'on te pisse dessus. Comme tu le mérite ? Et bien tant pis, il faudra quand même t'y faire. Parce qu'on ne changera pas d'avis. Ni sur la Russie ni sur toi. Prends en ton parti c'est plus raisonnable.",Je ne comprends pas comment les français peuvent poser des questions à quelqu'un et l'empêcher en même temps de répondre ?😮,,russie,67
ai,L'interview du porte-parole de l'ambassade de Russie en France en intégralité,Ugz9A2J_w3sCKO4TanR4AaABAg.A19QHjyb-zwA1ApMrIqP-2,On a appelle ça des français...rien a foutre des autres...un peu comme les Israéliens...mais avec un petit truc en plus au bout du zizi😂,Je ne comprends pas comment les français peuvent poser des questions à quelqu'un et l'empêcher en même temps de répondre ?😮,,"israel, journalisme francais",24
ai,L'interview du porte-parole de l'ambassade de Russie en France en intégralité,Ugz9A2J_w3sCKO4TanR4AaABAg.A19QHjyb-zwA1AtSKpfQfH,"Le porte parole de l'ambassade de Russie est condamné sans appel par tous le plateau, on ne lui laisse pas terminer ses phrases, et on pointe le moindre de ses mots pour le prendre en défaut....BFM, LCI semblent adopter les méthodes soviétiques qu'ils décrient. C'est pitoyable. Bravo M.Makogonov, vous êtes beaucoup plus digne que ces ""plus ou moins"" journalistes français.",Je ne comprends pas comment les français peuvent poser des questions à quelqu'un et l'empêcher en même temps de répondre ?😮,russie,"bfmtv, journalisme francais",60
ai,L'interview du porte-parole de l'ambassade de Russie en France en intégralité,Ugz9A2J_w3sCKO4TanR4AaABAg.A19QHjyb-zwA1AuAUc4BeM,"@user On l'invite pour avoir le plaisir de lui couper la parole et de l'empêcher de parler. Soit réaliste. Sinon pourquoi on inviterai un trouduc pareil. Alors qu'on a déjà les nôtres de trouduc pro russe comme toi ?
Et si tu veux qu'on te serve la soupe néo Bolcheviques. Regarde RT c'est fait pour ça.",Je ne comprends pas comment les français peuvent poser des questions à quelqu'un et l'empêcher en même temps de répondre ?😮,,"journalisme francais, russie",56
ai,L'interview du porte-parole de l'ambassade de Russie en France en intégralité,Ugz9A2J_w3sCKO4TanR4AaABAg.A19QHjyb-zwA1AvN7LjJy3,C’est l’un des syndromes du gauchisme.,Je ne comprends pas comment les français peuvent poser des questions à quelqu'un et l'empêcher en même temps de répondre ?😮,,journalisme francais,6
ai,L'interview du porte-parole de l'ambassade de Russie en France en intégralité,Ugz9A2J_w3sCKO4TanR4AaABAg.A19QHjyb-zwA1Avo2V4td8,"Parce qu'il parle ""BÊTE"" comme tous propagandistes ruSSes.
40 MILLIONS d'Ukrainiens DÉSARMÉS ne vont PAS ATTAQUÉS 140 MILLIONS DE ruSSes ARMÉS.
Il faut être vraiment DÉBILE.",Je ne comprends pas comment les français peuvent poser des questions à quelqu'un et l'empêcher en même temps de répondre ?😮,,"guerre en ukraine, russie",26
ai,L'interview du porte-parole de l'ambassade de Russie en France en intégralité,Ugz9A2J_w3sCKO4TanR4AaABAg.A19QHjyb-zwA1AwD51anru,Parce que ce propagandiste ruSSe raconte des conneries.,Je ne comprends pas comment les français peuvent poser des questions à quelqu'un et l'empêcher en même temps de répondre ?😮,,russie,8
ai,L'interview du porte-parole de l'ambassade de Russie en France en intégralité,Ugz9A2J_w3sCKO4TanR4AaABAg.A19QHjyb-zwA1AwNr7s7ZH,ça impose la doctrine chauviniste judéo-capitaliste,Je ne comprends pas comment les français peuvent poser des questions à quelqu'un et l'empêcher en même temps de répondre ?😮,,"journalisme francais, occident",6
ai,L'interview du porte-parole de l'ambassade de Russie en France en intégralité,Ugz9A2J_w3sCKO4TanR4AaABAg.A19QHjyb-zwA1AwjKoniV8,Cet individu est simplement un propagandiste ruSSe qui vous raconte des FADAISES.,Je ne comprends pas comment les français peuvent poser des questions à quelqu'un et l'empêcher en même temps de répondre ?😮,,russie,12
ai,L'interview du porte-parole de l'ambassade de Russie en France en intégralité,Ugz9A2J_w3sCKO4TanR4AaABAg.A19QHjyb-zwA1AwsgdaefE,Il a simplement été BIEN DRESSÉ.,Je ne comprends pas comment les français peuvent poser des questions à quelqu'un et l'empêcher en même temps de répondre ?😮,,journalisme francais,6
ai,L'interview du porte-parole de l'ambassade de Russie en France en intégralité,Ugz9A2J_w3sCKO4TanR4AaABAg.A19QHjyb-zwA1AxGl7aekD,"Pour vous massacrer des personnes innocentes par centaines de milliers, c'est être gentil ???",Je ne comprends pas comment les français peuvent poser des questions à quelqu'un et l'empêcher en même temps de répondre ?😮,,"guerre en ukraine, russie",14
ai,L'interview du porte-parole de l'ambassade de Russie en France en intégralité,Ugz9A2J_w3sCKO4TanR4AaABAg.A19QHjyb-zwA1AxJbw3eT5,"Я - русская, 🇷🇺 голосовала свободно, за Путина ❤, все мои родные тоже. Живем в России, в большом красивом городе Ростов-на-Дону и очень довольны результатом выборов. Спасибо вам за поддержку! Мы за мир!",Je ne comprends pas comment les français peuvent poser des questions à quelqu'un et l'empêcher en même temps de répondre ?😮,"elections russes, russie, vladimir poutine",guerre en ukraine,33
ai,L'interview du porte-parole de l'ambassade de Russie en France en intégralité,Ugz9A2J_w3sCKO4TanR4AaABAg.A19QHjyb-zwA1AzePUD_Eb,@user regarde un peu RT tu verras se qu'il se passe en France champion !!,Je ne comprends pas comment les français peuvent poser des questions à quelqu'un et l'empêcher en même temps de répondre ?😮,liberte de la presse,,15
ai,L'interview du porte-parole de l'ambassade de Russie en France en intégralité,Ugz9A2J_w3sCKO4TanR4AaABAg.A19QHjyb-zwA1B0hqRkaPn,@user va visiter des pays de dictature et tu va revenir vite fait la queue entre les jambes toujours à critiquer mon pays vous cassez les couilles,Je ne comprends pas comment les français peuvent poser des questions à quelqu'un et l'empêcher en même temps de répondre ?😮,democratie francaise,,27
ai,L'interview du porte-parole de l'ambassade de Russie en France en intégralité,Ugz9A2J_w3sCKO4TanR4AaABAg.A19QHjyb-zwA1B11t3qDyh,@user surement pas comme en Russie,Je ne comprends pas comment les français peuvent poser des questions à quelqu'un et l'empêcher en même temps de répondre ?😮,,russie,6
ai,L'interview du porte-parole de l'ambassade de Russie en France en intégralité,Ugz9A2J_w3sCKO4TanR4AaABAg.A19QHjyb-zwA1B1ONWWjOI,@user certains pensaient la même chose de Hitler ont à vu le résultat,Je ne comprends pas comment les français peuvent poser des questions à quelqu'un et l'empêcher en même temps de répondre ?😮,,vladimir poutine,13
ai,"""Israël, c'est pire que la Russie"": l'interview intégrale de Rima Hassan sur BFMTV",UgzrGHS7V099LAGBhH94AaABAg,Ce coupage de parole permanent de Duhamel est INSUPPORTABLE !!!!!,Ce coupage de parole permanent de Duhamel est INSUPPORTABLE !!!!!,,journalisme francais,10
ai,"""Israël, c'est pire que la Russie"": l'interview intégrale de Rima Hassan sur BFMTV",UgzrGHS7V099LAGBhH94AaABAg.A33mQQYmknHA33sJZ2qQKF,Palestinienne et lfi.... elle est belle la fronsse,Ce coupage de parole permanent de Duhamel est INSUPPORTABLE !!!!!,,"lfi, palestine, rima hassan",8
ai,"""Israël, c'est pire que la Russie"": l'interview intégrale de Rima Hassan sur BFMTV",UgzrGHS7V099LAGBhH94AaABAg.A33mQQYmknHA33sYW83G23,"Mr Drahi,son boss, exige cette facon de destabiliser la personne,de lui laisser pas finir son raisonnement,",Ce coupage de parole permanent de Duhamel est INSUPPORTABLE !!!!!,,"bfmtv, journalisme francais",16
ai,"""Israël, c'est pire que la Russie"": l'interview intégrale de Rima Hassan sur BFMTV",UgzrGHS7V099LAGBhH94AaABAg.A33mQQYmknHA33vrz8x0bK,"Le Roquet show.
Finalement. L'interview ne concerne pas les sujets des Français pour les Européennes",Ce coupage de parole permanent de Duhamel est INSUPPORTABLE !!!!!,,journalisme francais,15
ai,"""Israël, c'est pire que la Russie"": l'interview intégrale de Rima Hassan sur BFMTV",UgzrGHS7V099LAGBhH94AaABAg.A33mQQYmknHA340XMKLYdd,Aucun professionnalisme ! Il lui coupe la parole toute les 10 secondes 😡,Ce coupage de parole permanent de Duhamel est INSUPPORTABLE !!!!!,,journalisme francais,13
ai,"""Israël, c'est pire que la Russie"": l'interview intégrale de Rima Hassan sur BFMTV",UgzrGHS7V099LAGBhH94AaABAg.A33mQQYmknHA343wV6RDpG,Oui Insupportable On dirais le révolutionnaire Staliniste Mélenchon😂,Ce coupage de parole permanent de Duhamel est INSUPPORTABLE !!!!!,,"journalisme francais, lfi",8
ai,"""Israël, c'est pire que la Russie"": l'interview intégrale de Rima Hassan sur BFMTV",UgzrGHS7V099LAGBhH94AaABAg.A33mQQYmknHA344SBk83TD,Dhuhamel le Zamel 😂,Ce coupage de parole permanent de Duhamel est INSUPPORTABLE !!!!!,,journalisme francais,4
ai,"""Israël, c'est pire que la Russie"": l'interview intégrale de Rima Hassan sur BFMTV",UgzrGHS7V099LAGBhH94AaABAg.A33mQQYmknHA345rpl0MXK,bah elle a qu a repondre aux questions,Ce coupage de parole permanent de Duhamel est INSUPPORTABLE !!!!!,,rima hassan,8
ai,"""Israël, c'est pire que la Russie"": l'interview intégrale de Rima Hassan sur BFMTV",UgzrGHS7V099LAGBhH94AaABAg.A33mQQYmknHA347NO2PAWc,@user Duhamel l’interrompt à chacun 5 seconds.,Ce coupage de parole permanent de Duhamel est INSUPPORTABLE !!!!!,,journalisme francais,7
ai,"""Israël, c'est pire que la Russie"": l'interview intégrale de Rima Hassan sur BFMTV",UgzrGHS7V099LAGBhH94AaABAg.A33mQQYmknHA347_u83buL,Ce Journaliste (Fils de..) est insupportable...,Ce coupage de parole permanent de Duhamel est INSUPPORTABLE !!!!!,,journalisme francais,6
ai,"""Israël, c'est pire que la Russie"": l'interview intégrale de Rima Hassan sur BFMTV",UgzrGHS7V099LAGBhH94AaABAg.A33mQQYmknHA349lFTRxaN,Quel arrogant. Il le fait par exprès d’être cxxxhiant,Ce coupage de parole permanent de Duhamel est INSUPPORTABLE !!!!!,,journalisme francais,9
ai,"""Israël, c'est pire que la Russie"": l'interview intégrale de Rima Hassan sur BFMTV",UgzrGHS7V099LAGBhH94AaABAg.A33mQQYmknHA34VXlA7Fbq,Il est parfait Duhamel comme elle raconte n importe quoi il faut la recadrer,Ce coupage de parole permanent de Duhamel est INSUPPORTABLE !!!!!,journalisme francais,rima hassan,14
ai,"""Israël, c'est pire que la Russie"": l'interview intégrale de Rima Hassan sur BFMTV",UgzrGHS7V099LAGBhH94AaABAg.A33mQQYmknHA34qGNJChBt,Au moins ça donne le temps à cette stipide personne de trouver des punchline !!! Encore faut il qu elle en soit capable ! Dès qu elle ne peut plus parler des juifs elle est perdue,Ce coupage de parole permanent de Duhamel est INSUPPORTABLE !!!!!,journalisme francais,rima hassan,36
ai,"""Israël, c'est pire que la Russie"": l'interview intégrale de Rima Hassan sur BFMTV",UgzrGHS7V099LAGBhH94AaABAg.A33mQQYmknHA34qRV7BBNj,LFI le parti dictateur islamiste qui s est vendu pour innplat de couscous et qui pleure chaque fois que queqlu un le contredit,Ce coupage de parole permanent de Duhamel est INSUPPORTABLE !!!!!,,lfi,23
ai,"""Israël, c'est pire que la Russie"": l'interview intégrale de Rima Hassan sur BFMTV",UgzrGHS7V099LAGBhH94AaABAg.A33mQQYmknHA34qikyzJZN,@user LFI ne se bat pas pour la France ! Pas un mot sur les salaires la retraite le chômage la précarité!!! Honte à la France indigne et son gourrou indigne,Ce coupage de parole permanent de Duhamel est INSUPPORTABLE !!!!!,,lfi,31
ai,"""Israël, c'est pire que la Russie"": l'interview intégrale de Rima Hassan sur BFMTV",UgzrGHS7V099LAGBhH94AaABAg.A33mQQYmknHA34qxmWUw4-,@user ne peut pas répondre aux questions . Elle a été programmée gaza donc la France c est trop loin😂😂😂,Ce coupage de parole permanent de Duhamel est INSUPPORTABLE !!!!!,,rima hassan,20
ai,"""Israël, c'est pire que la Russie"": l'interview intégrale de Rima Hassan sur BFMTV",UgzrGHS7V099LAGBhH94AaABAg.A33mQQYmknHA34rHeWSeTY,@user c est elle qui est stupide ! Elle ne comprend que le mot gaza donc salaires retraites précarité.... sont des mots qu elle ne connait pas Son logiciel n a pas été programmé pour France mais pour pleurer pour les assassons gazaouis,Ce coupage de parole permanent de Duhamel est INSUPPORTABLE !!!!!,,"gaza, rima hassan",43
ai,"""Israël, c'est pire que la Russie"": l'interview intégrale de Rima Hassan sur BFMTV",UgzrGHS7V099LAGBhH94AaABAg.A33mQQYmknHA34rQ0bjX3p,@user est insupportable ce qui est normal pour une in soumise,Ce coupage de parole permanent de Duhamel est INSUPPORTABLE !!!!!,,"lfi, rima hassan",11
ai,"""Israël, c'est pire que la Russie"": l'interview intégrale de Rima Hassan sur BFMTV",UgzrGHS7V099LAGBhH94AaABAg.A33mQQYmknHA34ssRoBJqQ,C'est une pratique courante des duchamels,Ce coupage de parole permanent de Duhamel est INSUPPORTABLE !!!!!,,journalisme francais,6
ai,"""Israël, c'est pire que la Russie"": l'interview intégrale de Rima Hassan sur BFMTV",UgzrGHS7V099LAGBhH94AaABAg.A33mQQYmknHA34vVheh3Eb,@user si parce que tes taxes contribuent clairement à ce qui se passe la bas,Ce coupage de parole permanent de Duhamel est INSUPPORTABLE !!!!!,,"gaza, israel",15
ai,"""Israël, c'est pire que la Russie"": l'interview intégrale de Rima Hassan sur BFMTV",UgzrGHS7V099LAGBhH94AaABAg.A33mQQYmknHA34wf39oOlx,mon dieu un journaliste qui pause des questions ou les journalistes de la prada,Ce coupage de parole permanent de Duhamel est INSUPPORTABLE !!!!!,journalisme francais,,14
ai,"""Israël, c'est pire que la Russie"": l'interview intégrale de Rima Hassan sur BFMTV",UgzrGHS7V099LAGBhH94AaABAg.A33mQQYmknHA34wlJ0z49G,@user mon dieu un journaliste qui pause des questions ou les journalistes de la pravda,Ce coupage de parole permanent de Duhamel est INSUPPORTABLE !!!!!,journalisme francais,russie,15
ai,"""Israël, c'est pire que la Russie"": l'interview intégrale de Rima Hassan sur BFMTV",UgzrGHS7V099LAGBhH94AaABAg.A33mQQYmknHA34z8cwZ8-k,C'est vrai mais quand il coupe un terroriste ça ne me dérange.,Ce coupage de parole permanent de Duhamel est INSUPPORTABLE !!!!!,journalisme francais,rima hassan,12
ai,"""Israël, c'est pire que la Russie"": l'interview intégrale de Rima Hassan sur BFMTV",UgzrGHS7V099LAGBhH94AaABAg.A33mQQYmknHA34zdoqwZ3a,Duhamel le merdeux empli d arrogance et de suffisance présent c est par piston une belle famille de vomi,Ce coupage de parole permanent de Duhamel est INSUPPORTABLE !!!!!,,journalisme francais,19
ai,"""Israël, c'est pire que la Russie"": l'interview intégrale de Rima Hassan sur BFMTV",UgzrGHS7V099LAGBhH94AaABAg.A33mQQYmknHA358YdGEBh8,"Il a peur d'elle, cette dame répond à tout avec calme et professionnalisme. Bravo madame chapeau !",Ce coupage de parole permanent de Duhamel est INSUPPORTABLE !!!!!,rima hassan,journalisme francais,17
ai,"""Israël, c'est pire que la Russie"": l'interview intégrale de Rima Hassan sur BFMTV",UgzrGHS7V099LAGBhH94AaABAg.A33mQQYmknHA359iFHtXZn,@user paierez pour ce génocide en cours a gaza,Ce coupage de parole permanent de Duhamel est INSUPPORTABLE !!!!!,,gaza,9
ai,"""Israël, c'est pire que la Russie"": l'interview intégrale de Rima Hassan sur BFMTV",UgzrGHS7V099LAGBhH94AaABAg.A33mQQYmknHA35Bw_137DC,"@user Vous n'êtes chez vous. N'imposez pas vos combats, on en a rien à foutre de gaza ici.",Ce coupage de parole permanent de Duhamel est INSUPPORTABLE !!!!!,,gaza,18
ai,"""Israël, c'est pire que la Russie"": l'interview intégrale de Rima Hassan sur BFMTV",UgzrGHS7V099LAGBhH94AaABAg.A33mQQYmknHA35CLHFqT8f,"A aucun moment elle ne dira que le Hamas est une organisation terroriste.
Il n'y a aucun génocide en Palestine, c'est une affabulation de ces pro palestinien.
Aucune relation avec les Élections Européennes toute cette interview, ne concerne n'y les Français n'y les Européens.
Le néant interrogé par la bêtise journalistique.😮😮😮😢😢🤢🤢🤢🤮🤮🤮🤮",Ce coupage de parole permanent de Duhamel est INSUPPORTABLE !!!!!,israel,"gaza, journalisme francais, palestine, rima hassan",51
ai,"""Israël, c'est pire que la Russie"": l'interview intégrale de Rima Hassan sur BFMTV",UgzrGHS7V099LAGBhH94AaABAg.A33mQQYmknHA35DR8aistj,Moi aussi sa m'énerve qu'il lui coupe énormément la parole mais je suis contente de voir quelqu'un qui défend tout les civils qui sont innocentes et malheureusement que tout les jours perdent la vie 😭😭😭😭😭,Ce coupage de parole permanent de Duhamel est INSUPPORTABLE !!!!!,"gaza, rima hassan",journalisme francais,35
ai,"""Israël, c'est pire que la Russie"": l'interview intégrale de Rima Hassan sur BFMTV",UgzrGHS7V099LAGBhH94AaABAg.A33mQQYmknHA35FsEMF4z6,✌️🫶🇮🇱❤️🇮🇱✌️✌️,Ce coupage de parole permanent de Duhamel est INSUPPORTABLE !!!!!,israel,,1
ai,"""Israël, c'est pire que la Russie"": l'interview intégrale de Rima Hassan sur BFMTV",UgzrGHS7V099LAGBhH94AaABAg.A33mQQYmknHA35JLosH_CG,@user j avoue duhamel il me sort aussi par les yeux il est insupportable,Ce coupage de parole permanent de Duhamel est INSUPPORTABLE !!!!!,,journalisme francais,14
ai,"""Israël, c'est pire que la Russie"": l'interview intégrale de Rima Hassan sur BFMTV",UgzrGHS7V099LAGBhH94AaABAg.A33mQQYmknHA35M49nxkto,"@user, c'est ce journaleux qui pose des questions uniquement sur le conflit israélo-palestinien et pas sur des aspects sociaux coe ''salaires'', ''précarité''...",Ce coupage de parole permanent de Duhamel est INSUPPORTABLE !!!!!,,"bfmtv, journalisme francais",22
ai,"""Israël, c'est pire que la Russie"": l'interview intégrale de Rima Hassan sur BFMTV",UgzrGHS7V099LAGBhH94AaABAg.A33mQQYmknHA35Mz3qr25D,Mais tellement ! A quoi bon recevoir des personnailtés politiques dans ce cas ?,Ce coupage de parole permanent de Duhamel est INSUPPORTABLE !!!!!,,journalisme francais,14
ai,"""Israël, c'est pire que la Russie"": l'interview intégrale de Rima Hassan sur BFMTV",UgzrGHS7V099LAGBhH94AaABAg.A33mQQYmknHA35XcDBqh0B,Tkt frere la roue tourne,Ce coupage de parole permanent de Duhamel est INSUPPORTABLE !!!!!,,journalisme francais,5
ai,"""Israël, c'est pire que la Russie"": l'interview intégrale de Rima Hassan sur BFMTV",UgzrGHS7V099LAGBhH94AaABAg.A33mQQYmknHA35Z_tYPCzI,@user n'a pas le temps ! Repasse la vidéo !,Ce coupage de parole permanent de Duhamel est INSUPPORTABLE !!!!!,,rima hassan,10
ai,"""Israël, c'est pire que la Russie"": l'interview intégrale de Rima Hassan sur BFMTV",UgzrGHS7V099LAGBhH94AaABAg.A33mQQYmknHA35ZzhHEbu5,"@user Jérôme, spécial dédicace : 🇵🇸💪🇵🇸💪🇱🇧💪🇱🇧 !!! ☝️🌞",Ce coupage de parole permanent de Duhamel est INSUPPORTABLE !!!!!,palestine,,8
ai,"""Israël, c'est pire que la Russie"": l'interview intégrale de Rima Hassan sur BFMTV",UgzrGHS7V099LAGBhH94AaABAg.A33mQQYmknHA35fuZaEq82,"Vive toi 💓, et pensé aussi à l'Afrique,",Ce coupage de parole permanent de Duhamel est INSUPPORTABLE !!!!!,rima hassan,,8
ai,"""Israël, c'est pire que la Russie"": l'interview intégrale de Rima Hassan sur BFMTV",UgzrGHS7V099LAGBhH94AaABAg.A33mQQYmknHA35oxbH-Zuo,"pour compredre pour quelle raison toutes les journalistes en Frane font pareilles quand on parle de Israele. Trouver leurs origine? On demmande à zemmor vous êtes quoi, il répond comme dit ma mère je suis juif Ou Israélien , bien sûr il y a rarement des faux journalistes Français bien sûr vendu . Chercher les vrai journalistes d,autes endroit que la télé",Ce coupage de parole permanent de Duhamel est INSUPPORTABLE !!!!!,,"israel, journalisme francais",62
ai,"""Israël, c'est pire que la Russie"": l'interview intégrale de Rima Hassan sur BFMTV",UgzrGHS7V099LAGBhH94AaABAg.A33mQQYmknHA35q7m7gWo8,Mais ne tkt pas c est de la propagande pour les arabes pas pour les français qui en on rien à foutre de gaza,Ce coupage de parole permanent de Duhamel est INSUPPORTABLE !!!!!,,gaza,24
ai,"""Israël, c'est pire que la Russie"": l'interview intégrale de Rima Hassan sur BFMTV",UgzrGHS7V099LAGBhH94AaABAg.A33mQQYmknHA35qIi68s0V,@user à foutre de ton gaza comme de toi tous les français en on rien à foutre de ta communauté de sangsues mendiant de papier colonisateur menteur 🤥 hypocrite allez l envahisseur dégage dans ton pays chialer la Palestine,Ce coupage de parole permanent de Duhamel est INSUPPORTABLE !!!!!,,"gaza, palestine",39
ai,"""Israël, c'est pire que la Russie"": l'interview intégrale de Rima Hassan sur BFMTV",UgzrGHS7V099LAGBhH94AaABAg.A33mQQYmknHA35qTdBg5Gp,@user français en on rien à foutre de ton gaza les faux innocents qui ont participé le 7 octobre et qui ne libèrent pas les hotages vivement qu’ont dégagent de France les sangsues les envahisseurs comme toi les hypocrites qui vivent chez un peuple qui n’a jamais voulu de vous la honte,Ce coupage de parole permanent de Duhamel est INSUPPORTABLE !!!!!,,"gaza, palestine",52
ai,"""Israël, c'est pire que la Russie"": l'interview intégrale de Rima Hassan sur BFMTV",UgzrGHS7V099LAGBhH94AaABAg.A33mQQYmknHA35qaT3YZv8,@user est la seule chose que votre lfi de merde 💩 parle ils ne parlent que des faux français de pap qui veulent changer la France à leurs image de merde 💩,Ce coupage de parole permanent de Duhamel est INSUPPORTABLE !!!!!,,lfi,32
ai,"""Israël, c'est pire que la Russie"": l'interview intégrale de Rima Hassan sur BFMTV",UgzrGHS7V099LAGBhH94AaABAg.A33mQQYmknHA35qoEtA5Vi,@user mendier les russe pauvre merde de colabo mendiant de papier clochard sans honte retourne dans ton pays de merde au lieu d envahir des peuples qui n’ont jamais voulus de toi pauvre merde de sangsue,Ce coupage de parole permanent de Duhamel est INSUPPORTABLE !!!!!,,"russie, trolls russes",36
ai,"""Israël, c'est pire que la Russie"": l'interview intégrale de Rima Hassan sur BFMTV",UgzrGHS7V099LAGBhH94AaABAg.A33mQQYmknHA35qrhL7I3v,"@user Elle est née en Syrie et bi nationale. Mais, tous les réfugiés palestiniens ( ce qui fut le cas de son père en 1948, vers la Syrie) peuvent prétendre au statut de réfugié palestinien, Y COMPRIS LEURS ENFANTS ET PETITS-ENFANTS !",Ce coupage de parole permanent de Duhamel est INSUPPORTABLE !!!!!,"palestine, rima hassan",,42
ai,"""Israël, c'est pire que la Russie"": l'interview intégrale de Rima Hassan sur BFMTV",UgzrGHS7V099LAGBhH94AaABAg.A33mQQYmknHA35vrfXTa3D,"On le voit pas sa face a chaque coupure, car ses yeux sont pleins de haine",Ce coupage de parole permanent de Duhamel est INSUPPORTABLE !!!!!,,journalisme francais,16
ai,"""Israël, c'est pire que la Russie"": l'interview intégrale de Rima Hassan sur BFMTV",UgzrGHS7V099LAGBhH94AaABAg.A33mQQYmknHA35wtx5_OHP,@user 🇮🇱🍾🇮🇱🍾🇮🇱🍾💪💪💪,Ce coupage de parole permanent de Duhamel est INSUPPORTABLE !!!!!,israel,,2
ai,"""Israël, c'est pire que la Russie"": l'interview intégrale de Rima Hassan sur BFMTV",UgzrGHS7V099LAGBhH94AaABAg.A33mQQYmknHA35zg9OFad8,"Comment peut elle comparer le conflit ukrainien a Israël? Il y a eu 600,000 morts en Ukraine et ça continue, plus d’un demi millions de vies, balayées de la main car ce sont des européens. Vraiment dégoûtant cette récupération politique c’est ça qui est insupportable.",Ce coupage de parole permanent de Duhamel est INSUPPORTABLE !!!!!,,"guerre en ukraine, rima hassan",45
ai,"""Israël, c'est pire que la Russie"": l'interview intégrale de Rima Hassan sur BFMTV",UgzrGHS7V099LAGBhH94AaABAg.A33mQQYmknHA35zxYc7t1w,... le digne descendant de ancêtres : irrespectueux avec les forces d'opposition et flagorneur outrancier devant les puissants. C'est ainsi qu'on dure dans les médias.,Ce coupage de parole permanent de Duhamel est INSUPPORTABLE !!!!!,,journalisme francais,25
ai,"""Israël, c'est pire que la Russie"": l'interview intégrale de Rima Hassan sur BFMTV",UgzrGHS7V099LAGBhH94AaABAg.A33mQQYmknHA361bAMJpd3,"Elle a essayé le charme mais ça n'a pas marché avec ce journaliste, plus objectif que vos commentaires",Ce coupage de parole permanent de Duhamel est INSUPPORTABLE !!!!!,journalisme francais,rima hassan,18
ai,"""Israël, c'est pire que la Russie"": l'interview intégrale de Rima Hassan sur BFMTV",UgzrGHS7V099LAGBhH94AaABAg.A33mQQYmknHA364387GHIL,"@user vous semblez vous y connaître fichtrement en ""objectivité"". Vraiment, j'en suis tout ébahi. Je vous l'avoue, cher Monsieur, présenter un Duhamel : père, fils ou saint esprit... comme un modèle d'""objectivité"", jamais je n'y aurait songé. Chapeau, vous êtes d'une perspicacité peu commune. Continuez, vous êtes très drôle.",Ce coupage de parole permanent de Duhamel est INSUPPORTABLE !!!!!,,journalisme francais,49
ai,"""Israël, c'est pire que la Russie"": l'interview intégrale de Rima Hassan sur BFMTV",UgzrGHS7V099LAGBhH94AaABAg.A33mQQYmknHA364tEYmTE4,"@user Soutenir ainsi le terrorisme, il faut le faire ! En 2006, ça a été la déculottée... 😉",Ce coupage de parole permanent de Duhamel est INSUPPORTABLE !!!!!,,palestine,18
ai,"""Israël, c'est pire que la Russie"": l'interview intégrale de Rima Hassan sur BFMTV",UgzrGHS7V099LAGBhH94AaABAg.A33mQQYmknHA36Q0TQIrYx,✌️🇮🇱💪💪🇮🇱✌️,Ce coupage de parole permanent de Duhamel est INSUPPORTABLE !!!!!,israel,,1
ai,"""Israël, c'est pire que la Russie"": l'interview intégrale de Rima Hassan sur BFMTV",UgzrGHS7V099LAGBhH94AaABAg.A33mQQYmknHA36QlTYO_RX,"La propagande terroriste et les mensonges de Hassan aussi.
tu laisserais quelqu'un en face de toi raconter de la merde ? Ou esquiver les questions ? Ose me répondre",Ce coupage de parole permanent de Duhamel est INSUPPORTABLE !!!!!,journalisme francais,rima hassan,29
ai,"""Israël, c'est pire que la Russie"": l'interview intégrale de Rima Hassan sur BFMTV",UgzrGHS7V099LAGBhH94AaABAg.A33mQQYmknHA36aUdf3yTX,"@user pour qu’il n’y ait pas de coupage de parole dans cet interview, il aurait déjà fallu que l’islamiste que Duhamel a en face de lui RÉPONDE aux questions et cesse d’esquiver tous les sujets qui fâchent !…",Ce coupage de parole permanent de Duhamel est INSUPPORTABLE !!!!!,journalisme francais,rima hassan,38
ai,"""Israël, c'est pire que la Russie"": l'interview intégrale de Rima Hassan sur BFMTV",UgzrGHS7V099LAGBhH94AaABAg.A33mQQYmknHA36oKRHGLC4,En même temps elle est chiante avec sont histoire de génocide alors qu'elle ne dénonce pas celle des ouïghours.,Ce coupage de parole permanent de Duhamel est INSUPPORTABLE !!!!!,ouighours,"gaza, rima hassan",19
ai,"""Israël, c'est pire que la Russie"": l'interview intégrale de Rima Hassan sur BFMTV",UgzrGHS7V099LAGBhH94AaABAg.A33mQQYmknHA37OQy3IG5G,Il est payé pour lui couper la parole,Ce coupage de parole permanent de Duhamel est INSUPPORTABLE !!!!!,,journalisme francais,8
ai,"""Israël, c'est pire que la Russie"": l'interview intégrale de Rima Hassan sur BFMTV",UgzrGHS7V099LAGBhH94AaABAg.A33mQQYmknHA37ab66L5E0,LFI parti antisémite,Ce coupage de parole permanent de Duhamel est INSUPPORTABLE !!!!!,,lfi,3
ai,"""Israël, c'est pire que la Russie"": l'interview intégrale de Rima Hassan sur BFMTV",UgzrGHS7V099LAGBhH94AaABAg.A33mQQYmknHA37bezDS_Hz,Mais carrément insolent,Ce coupage de parole permanent de Duhamel est INSUPPORTABLE !!!!!,,journalisme francais,3
ai,"""Israël, c'est pire que la Russie"": l'interview intégrale de Rima Hassan sur BFMTV",UgzrGHS7V099LAGBhH94AaABAg.A33mQQYmknHA38-Qz5P4oq,Un interrogatoire là vous remarquez la manière avec laquelle se déroule la discussion avec ce perroquet que je soupçonne d'avoir meyer habib dans une oreillette et Bernard Henry levy dans l'autre,Ce coupage de parole permanent de Duhamel est INSUPPORTABLE !!!!!,,journalisme francais,31
ai,"""Israël, c'est pire que la Russie"": l'interview intégrale de Rima Hassan sur BFMTV",UgzrGHS7V099LAGBhH94AaABAg.A33mQQYmknHA38FjVle0Dj,C'est fait exprès pour déstabiliser l'interlocuteur afin de camoufler la vérité. Ces journalistes sont des manipulateurs éhontés. C'est dommage pour l'information.,Ce coupage de parole permanent de Duhamel est INSUPPORTABLE !!!!!,,journalisme francais,21
ai,"""Israël, c'est pire que la Russie"": l'interview intégrale de Rima Hassan sur BFMTV",UgzrGHS7V099LAGBhH94AaABAg.A33mQQYmknHA38MXi52W4a,"@user et raciste, insensible et inhumain vous trouvez que c'est plus respectable?",Ce coupage de parole permanent de Duhamel est INSUPPORTABLE !!!!!,,journalisme francais,12
ai,"""Israël, c'est pire que la Russie"": l'interview intégrale de Rima Hassan sur BFMTV",UgzrGHS7V099LAGBhH94AaABAg.A33mQQYmknHA38dnKMS75k,"C'est une agression verbale. Vraiment. Une garde à vue, parfois, c'est moins agressif...",Ce coupage de parole permanent de Duhamel est INSUPPORTABLE !!!!!,,journalisme francais,13
ai,"""Israël, c'est pire que la Russie"": l'interview intégrale de Rima Hassan sur BFMTV",UgzrGHS7V099LAGBhH94AaABAg.A33mQQYmknHA394w_3dOyg,@user oui,Ce coupage de parole permanent de Duhamel est INSUPPORTABLE !!!!!,,journalisme francais,2
ai,"""Israël, c'est pire que la Russie"": l'interview intégrale de Rima Hassan sur BFMTV",UgzrGHS7V099LAGBhH94AaABAg.A33mQQYmknHA3AMY--b1MW,"C'est le comportement d'un journaliste vendu, ça fait pitié 😂😂",Ce coupage de parole permanent de Duhamel est INSUPPORTABLE !!!!!,,journalisme francais,10
ai,"""Israël, c'est pire que la Russie"": l'interview intégrale de Rima Hassan sur BFMTV",UgzrquBCsFsKF0GNcSl4AaABAg,"Réjouissez-vous Monsieur Duhamel, Xi Jinping vient d'arriver en France, ce sera l'occasion pour Macron de dénoncer le génocide des ouighourds. N'hésitez pas à le lui rappeler quand vous le verrez.","Réjouissez-vous Monsieur Duhamel, Xi Jinping vient d'arriver en France, ce sera l'occasion pour Macron de dénoncer le génocide des ouighourds. N'hésitez pas à le lui rappeler quand vous le verrez.",,"emmanuel macron, journalisme francais",30
ai,"""Israël, c'est pire que la Russie"": l'interview intégrale de Rima Hassan sur BFMTV",UgzrquBCsFsKF0GNcSl4AaABAg.A33ces8H-mwA33iPmgUGrH,"Toujours essayer de chercher d'autres conflits alors que le génocide qu'on voit actuellement il est sous nos yeux , on voit toutes les vidéos , on a soutenu les ouïghours quand il le fallait , aujourd'hui on soutient les Palestiniens , on soutiendra toujours les peuples opprimés ;)","Réjouissez-vous Monsieur Duhamel, Xi Jinping vient d'arriver en France, ce sera l'occasion pour Macron de dénoncer le génocide des ouighourds. N'hésitez pas à le lui rappeler quand vous le verrez.","ouighours, palestine",gaza,48
ai,"""Israël, c'est pire que la Russie"": l'interview intégrale de Rima Hassan sur BFMTV",UgzrquBCsFsKF0GNcSl4AaABAg.A33ces8H-mwA33jJkJiDB9,"Macron est le larbin de tout le monde il est lest déjà pour le DS des États-Unis il peut très bien devenir larbin de la Chine et du PCCen passant par exemple une petite commande de nouvelles caméra et systèmes de surveillance pour les Jeux Olympiques à venir.
Son gouvernement est constitué de young leaders formé aux États-Unis et autoure des réunions davossiennes et bilderberguiennes autant que de young leaders China.
Les français sont fatigués et épuisés au quotidien et on leur demande de s'impliquer pour défendre des causes et des suprémacismes lointains.","Réjouissez-vous Monsieur Duhamel, Xi Jinping vient d'arriver en France, ce sera l'occasion pour Macron de dénoncer le génocide des ouighourds. N'hésitez pas à le lui rappeler quand vous le verrez.",,"democratie francaise, emmanuel macron, occident",93
ai,"""Israël, c'est pire que la Russie"": l'interview intégrale de Rima Hassan sur BFMTV",UgzrquBCsFsKF0GNcSl4AaABAg.A33ces8H-mwA33jepzXcLn,Je préfère qu'ils mettent le point sur le génocide commis par une armée immorale à Gaza soutenue par la France et la majorité des pays de l'union européenne,"Réjouissez-vous Monsieur Duhamel, Xi Jinping vient d'arriver en France, ce sera l'occasion pour Macron de dénoncer le génocide des ouighourds. N'hésitez pas à le lui rappeler quand vous le verrez.",,"gaza, israel, occident",28
ai,"""Israël, c'est pire que la Russie"": l'interview intégrale de Rima Hassan sur BFMTV",UgzrquBCsFsKF0GNcSl4AaABAg.A33ces8H-mwA33kGDRpvTQ,😂 facile a faire cette teuber rima bledar elle est bete comme un poux,"Réjouissez-vous Monsieur Duhamel, Xi Jinping vient d'arriver en France, ce sera l'occasion pour Macron de dénoncer le génocide des ouighourds. N'hésitez pas à le lui rappeler quand vous le verrez.",,rima hassan,14
ai,"""Israël, c'est pire que la Russie"": l'interview intégrale de Rima Hassan sur BFMTV",UgzrquBCsFsKF0GNcSl4AaABAg.A33ces8H-mwA33kpEWjbJa,@user Je ne vois pas de génocide je vois une simple réponse a une attaque terroriste menés par le HAMAS Si ces abrutis n'avaient rien fait on parlerait pas de cela et VOUS NE PARLERIEZ PAS A TORT DE MOT que vous galvaudez Regardez votre histoire et vous verrez ce que c'est qu'un génocide Bonne RECHERCHE,"Réjouissez-vous Monsieur Duhamel, Xi Jinping vient d'arriver en France, ce sera l'occasion pour Macron de dénoncer le génocide des ouighourds. N'hésitez pas à le lui rappeler quand vous le verrez.",israel,gaza,56
ai,"""Israël, c'est pire que la Russie"": l'interview intégrale de Rima Hassan sur BFMTV",UgzrquBCsFsKF0GNcSl4AaABAg.A33ces8H-mwA33ku0BXThe,"La définition de génocide en droit international est quand même très embarrassante pour ce qui se passe dans la bande de Gaza, personne ne dit vive les 1500 morts de l'attaque terroriste du 7 octobre, nous sommes bien d'accord, mais ne nous dites pas qu'il faut corriger 1500 morts de cette attaque par plus de 35000 morts voire 45000 morts dans un endroit où des gens sont complètement enfermés!
Pour qu'il y ait génocide, il doit y avoir une intention avérée de la part des auteurs de détruire physiquement un groupe national, ethnique, racial ou religieux.
C'est la définition de l'ONU maintenant comptez le nombre de Palestiniens il y en a 2 million 200000 ôtez en maintenant 35 à 40000 dont plus de 13000 enfants, nous sommes, hélas, bien dans la configuration d'actes qui s'en rapprochent.
Qu'on arrête de nous ennuyer avec soit vous êtes des islamogauchistes sympathisants du Hamas soit vous êtes des philosionistes sympathisants d'éléments extrémistes du Likoud: les deux sont exécrables, mais quand c'est trop c'est trop et il faut aussi le dire!
Il y a quand même eu des mots de trop dans l'entourage du Premier ministre israélien des termes inacceptables.
En tout cas la notion d'armée morale en a pris un coup et pour très longtemps!","Réjouissez-vous Monsieur Duhamel, Xi Jinping vient d'arriver en France, ce sera l'occasion pour Macron de dénoncer le génocide des ouighourds. N'hésitez pas à le lui rappeler quand vous le verrez.","gaza, palestine",israel,211
ai,"""Israël, c'est pire que la Russie"": l'interview intégrale de Rima Hassan sur BFMTV",UgzrquBCsFsKF0GNcSl4AaABAg.A33ces8H-mwA33kzJZzKuB,"@user""Sous nos yeux"" ouai c'est selon les tendances médiatiques quoi. Et vous avez rien réglé du tout avec les ouighours ca continue toujours hein.","Réjouissez-vous Monsieur Duhamel, Xi Jinping vient d'arriver en France, ce sera l'occasion pour Macron de dénoncer le génocide des ouighourds. N'hésitez pas à le lui rappeler quand vous le verrez.",ouighours,journalisme francais,24
ai,"""Israël, c'est pire que la Russie"": l'interview intégrale de Rima Hassan sur BFMTV",UgzrquBCsFsKF0GNcSl4AaABAg.A33ces8H-mwA33lJOa2P-b,"@user je le sais très bien , On soutient les opprimés j’ai dis , ouighours , congo , armenie , palestine , Tous , Quel que soit la religion , L’injustice n’a pas sa place dans le monde","Réjouissez-vous Monsieur Duhamel, Xi Jinping vient d'arriver en France, ce sera l'occasion pour Macron de dénoncer le génocide des ouighourds. N'hésitez pas à le lui rappeler quand vous le verrez.","ouighours, palestine",,38
ai,"""Israël, c'est pire que la Russie"": l'interview intégrale de Rima Hassan sur BFMTV",UgzrquBCsFsKF0GNcSl4AaABAg.A33ces8H-mwA33lTKu563Y,Balek des ouïghours… comme science po,"Réjouissez-vous Monsieur Duhamel, Xi Jinping vient d'arriver en France, ce sera l'occasion pour Macron de dénoncer le génocide des ouighourds. N'hésitez pas à le lui rappeler quand vous le verrez.",,ouighours,6
ai,"""Israël, c'est pire que la Russie"": l'interview intégrale de Rima Hassan sur BFMTV",UgzrquBCsFsKF0GNcSl4AaABAg.A33ces8H-mwA33nZqNFhb6,"Il faut plus rêver!
Ce sera surtout l occasion de négociations commerciales et de la balance commerciale.","Réjouissez-vous Monsieur Duhamel, Xi Jinping vient d'arriver en France, ce sera l'occasion pour Macron de dénoncer le génocide des ouighourds. N'hésitez pas à le lui rappeler quand vous le verrez.",,emmanuel macron,17
ai,"""Israël, c'est pire que la Russie"": l'interview intégrale de Rima Hassan sur BFMTV",UgzrquBCsFsKF0GNcSl4AaABAg.A33ces8H-mwA33nug-3sPt,J’allais le dire 😂,"Réjouissez-vous Monsieur Duhamel, Xi Jinping vient d'arriver en France, ce sera l'occasion pour Macron de dénoncer le génocide des ouighourds. N'hésitez pas à le lui rappeler quand vous le verrez.",ouighours,emmanuel macron,4
ai,"""Israël, c'est pire que la Russie"": l'interview intégrale de Rima Hassan sur BFMTV",UgzrquBCsFsKF0GNcSl4AaABAg.A33ces8H-mwA33o7JCBtCM,"@user pk aller chercher ailleurs ICI nous nous voulons des réponses pourquoi gaza est pas un autre ? PAKISTAN
( HINDU )
NIGERIA
( CHRISTIAN
(
IRAQ
Yazdis
ARMENIA
( CHRISTIAN )
INDIA ( KASHMIRI HINDU
PANDIT )
AFGHAN
HINDU & BUDDHIST)
BANGLADESH
( HINDU )
ISTHANBUL
CHRISTIAN )
IRANG
PARSIT Je peu continuer, les conflits énumérés respectivement sont plus (important) en matière de crimes et de victimes , mais ce sont des peuples sunnites ou chrétiens pas forcément la Cam DE LA FI","Réjouissez-vous Monsieur Duhamel, Xi Jinping vient d'arriver en France, ce sera l'occasion pour Macron de dénoncer le génocide des ouighourds. N'hésitez pas à le lui rappeler quand vous le verrez.",,"gaza, lfi",84
ai,"""Israël, c'est pire que la Russie"": l'interview intégrale de Rima Hassan sur BFMTV",UgzrquBCsFsKF0GNcSl4AaABAg.A33ces8H-mwA33o9EnlA1O,Xi Jinping n'affame pas les enfants Ouïghours ne les bombarde pas comme un sourd ne fait pas un blocus alimentaire et médical,"Réjouissez-vous Monsieur Duhamel, Xi Jinping vient d'arriver en France, ce sera l'occasion pour Macron de dénoncer le génocide des ouighourds. N'hésitez pas à le lui rappeler quand vous le verrez.",gaza,"israel, ouighours",22
ai,"""Israël, c'est pire que la Russie"": l'interview intégrale de Rima Hassan sur BFMTV",UgzrquBCsFsKF0GNcSl4AaABAg.A33ces8H-mwA33oAQ6ZJYp,@user quand quand la FI LA FAIT ?,"Réjouissez-vous Monsieur Duhamel, Xi Jinping vient d'arriver en France, ce sera l'occasion pour Macron de dénoncer le génocide des ouighourds. N'hésitez pas à le lui rappeler quand vous le verrez.",,lfi,8
ai,"""Israël, c'est pire que la Russie"": l'interview intégrale de Rima Hassan sur BFMTV",UgzrquBCsFsKF0GNcSl4AaABAg.A33ces8H-mwA33oEHcmg1A,@user c’est du Clientélisme au même titre que le RN OU RECONQUÊTE,"Réjouissez-vous Monsieur Duhamel, Xi Jinping vient d'arriver en France, ce sera l'occasion pour Macron de dénoncer le génocide des ouighourds. N'hésitez pas à le lui rappeler quand vous le verrez.",,lfi,12
ai,"""Israël, c'est pire que la Russie"": l'interview intégrale de Rima Hassan sur BFMTV",UgzrquBCsFsKF0GNcSl4AaABAg.A33ces8H-mwA33oS3lEOgk,@user 15K civil morts yes,"Réjouissez-vous Monsieur Duhamel, Xi Jinping vient d'arriver en France, ce sera l'occasion pour Macron de dénoncer le génocide des ouighourds. N'hésitez pas à le lui rappeler quand vous le verrez.",,"gaza, israel",5
ai,"""Israël, c'est pire que la Russie"": l'interview intégrale de Rima Hassan sur BFMTV",UgzrquBCsFsKF0GNcSl4AaABAg.A33ces8H-mwA33ocU4E6XR,"@user tu sais crimes de guerre et genocide ça a la même portée y’a pas de cest égal 🟰 très honnêtement l’intention de raser la Palestine n’est pas la ! Mais les crimes sont là , au même titre que l’Égypte","Réjouissez-vous Monsieur Duhamel, Xi Jinping vient d'arriver en France, ce sera l'occasion pour Macron de dénoncer le génocide des ouighourds. N'hésitez pas à le lui rappeler quand vous le verrez.",,israel,41
ai,"""Israël, c'est pire que la Russie"": l'interview intégrale de Rima Hassan sur BFMTV",UgzrquBCsFsKF0GNcSl4AaABAg.A33ces8H-mwA33oi-cktee,"@user tu parles à des fondamentalistes de gauche c’est la chine mon pote , ils s’en moque de ouïgours des taïwanais ou même des TIBÉTAINS !","Réjouissez-vous Monsieur Duhamel, Xi Jinping vient d'arriver en France, ce sera l'occasion pour Macron de dénoncer le génocide des ouighourds. N'hésitez pas à le lui rappeler quand vous le verrez.",ouighours,,26
ai,"""Israël, c'est pire que la Russie"": l'interview intégrale de Rima Hassan sur BFMTV",UgzrquBCsFsKF0GNcSl4AaABAg.A33ces8H-mwA33olaZ0i1G,@user et ils souhaitent leurs INDÉPENDANCES total soutien à eux ❤️,"Réjouissez-vous Monsieur Duhamel, Xi Jinping vient d'arriver en France, ce sera l'occasion pour Macron de dénoncer le génocide des ouighourds. N'hésitez pas à le lui rappeler quand vous le verrez.",ouighours,,11
ai,"""Israël, c'est pire que la Russie"": l'interview intégrale de Rima Hassan sur BFMTV",UgzrquBCsFsKF0GNcSl4AaABAg.A33ces8H-mwA33orfevo2q,"Aucun morts , aucune preuve de genocide en Chine. C'est meme le contraire- la Chine preserve les minorités et les aide contrairement a nous en France qui sommes racistes comme pas possible (cf : toutes les polemiques sur les musulmans , le voile ect , qui ceci dit n'ont pas lieu en Chine). Le génocide des Ouighours c'est de la compote made in CIA pour les mous du bulbe. Ce qui se passe a Gaza par contre est un vrai genocide, un nettoyage ethnique en bonne et due forme.","Réjouissez-vous Monsieur Duhamel, Xi Jinping vient d'arriver en France, ce sera l'occasion pour Macron de dénoncer le génocide des ouighourds. N'hésitez pas à le lui rappeler quand vous le verrez.",ouighours,"gaza, israel",89
ai,"""Israël, c'est pire que la Russie"": l'interview intégrale de Rima Hassan sur BFMTV",UgzrquBCsFsKF0GNcSl4AaABAg.A33ces8H-mwA33pLB93xxh,@user France n'a pas a faire la police au moyen Orient et surtout pas sur ce sujet . C'est les ricains et les anglais qui ont organisé ce merdier . C'est pas notre bébé.,"Réjouissez-vous Monsieur Duhamel, Xi Jinping vient d'arriver en France, ce sera l'occasion pour Macron de dénoncer le génocide des ouighourds. N'hésitez pas à le lui rappeler quand vous le verrez.",,occident,34
ai,"""Israël, c'est pire que la Russie"": l'interview intégrale de Rima Hassan sur BFMTV",UgzrquBCsFsKF0GNcSl4AaABAg.A33ces8H-mwA33pNcN371j,Ça ne risque pas d arriver,"Réjouissez-vous Monsieur Duhamel, Xi Jinping vient d'arriver en France, ce sera l'occasion pour Macron de dénoncer le génocide des ouighourds. N'hésitez pas à le lui rappeler quand vous le verrez.",,emmanuel macron,6
ai,"""Israël, c'est pire que la Russie"": l'interview intégrale de Rima Hassan sur BFMTV",UgzrquBCsFsKF0GNcSl4AaABAg.A33ces8H-mwA33pgrq6uU0,Il n'y a pas de génocide des Ouig,"Réjouissez-vous Monsieur Duhamel, Xi Jinping vient d'arriver en France, ce sera l'occasion pour Macron de dénoncer le génocide des ouighourds. N'hésitez pas à le lui rappeler quand vous le verrez.",,ouighours,8
ai,"""Israël, c'est pire que la Russie"": l'interview intégrale de Rima Hassan sur BFMTV",UgzrquBCsFsKF0GNcSl4AaABAg.A33ces8H-mwA33pkb5EgRf,ils ne feront rien😂😂,"Réjouissez-vous Monsieur Duhamel, Xi Jinping vient d'arriver en France, ce sera l'occasion pour Macron de dénoncer le génocide des ouighourds. N'hésitez pas à le lui rappeler quand vous le verrez.",ouighours,emmanuel macron,4
ai,"""Israël, c'est pire que la Russie"": l'interview intégrale de Rima Hassan sur BFMTV",UgzrquBCsFsKF0GNcSl4AaABAg.A33ces8H-mwA33prayOv80,@user Ce sont les Drones fournies par Israel et la Turquie qui ont permis à l'azerbaidjan de chasser les armeniens de leur terre du Nagorno Karabagh.,"Réjouissez-vous Monsieur Duhamel, Xi Jinping vient d'arriver en France, ce sera l'occasion pour Macron de dénoncer le génocide des ouighourds. N'hésitez pas à le lui rappeler quand vous le verrez.",,israel,26
ai,"""Israël, c'est pire que la Russie"": l'interview intégrale de Rima Hassan sur BFMTV",UgzrquBCsFsKF0GNcSl4AaABAg.A33ces8H-mwA33q29F70n6,Comment peut il y avoir débat et polémique sur la Palestine ? Les faits parlent d'eux mêmes. Les Palestiniens ont été victimes d'un vol massif. les statistiques de la propriété foncière fournies par les Britanniques en 1947 sont sans équivoque : Terres détenues par les Arabes : 47%. terres détenues par les Juifs : 6%. Terres communales (essentiellement le désert du Negev) : 47%.....En fait il y a deux catégories de gens qui soutiennent Israel : Les Ignorants et les gens de mauvaise foi....,"Réjouissez-vous Monsieur Duhamel, Xi Jinping vient d'arriver en France, ce sera l'occasion pour Macron de dénoncer le génocide des ouighourds. N'hésitez pas à le lui rappeler quand vous le verrez.",palestine,israel,84
ai,"""Israël, c'est pire que la Russie"": l'interview intégrale de Rima Hassan sur BFMTV",UgzrquBCsFsKF0GNcSl4AaABAg.A33ces8H-mwA33rDQ_-fjQ,"Un dictateur qui massacre une partie de sa population en principe on peut s'y attendre, on l'a vu avec Pol Pot ou Saddam Hussein sur des villages kurdes il y a des gens qui se parent des vertus de la démocratie et qui se permettent de faire au nom de leur morale autant de victimes que les États-Unis l'ont fait après-guerre et maintenant Israël qui est dans le fond une sorte de reproduction en plus petit de cette vision du monde messianique, ça interpelle.
Maintenant les gens qui se disent sans arrêt nous sommes bons et nous sommes moraux mais nous allons punir et châtier qui nous voulons comme nous l'entendons c'est pas grave puissue c'est au nom de la bonne morale, il est clair que ça en devient très malaisant.","Réjouissez-vous Monsieur Duhamel, Xi Jinping vient d'arriver en France, ce sera l'occasion pour Macron de dénoncer le génocide des ouighourds. N'hésitez pas à le lui rappeler quand vous le verrez.",,"gaza, israel, occident",131
ai,"""Israël, c'est pire que la Russie"": l'interview intégrale de Rima Hassan sur BFMTV",UgzrquBCsFsKF0GNcSl4AaABAg.A33ces8H-mwA33sDL0LO9c,"@user, toi t’as soutenu les 12•000.000 de Ouighours en manif ? Chaque semaine, partout dans les facs?? Gros mytho!
Vous en avez rien à foutre des Ouighours ! Vous, ce sont les arabes qui vous intéressent, parce qu’en tant qu’arabe vos égos sont humilié par Israël qui vous dominent!! Vous êtes les seuls responsables !
Avec la Syrie c’était le même cinéma contre Bachar l’assassin a l’époque, avec Poutine qui bombardait des enfants syriens , et aujourd’hui Bachar, Poutine et l’Iran sont vos amis !!😂😂
Hypocrite un jour, opportuniste toujours !","Réjouissez-vous Monsieur Duhamel, Xi Jinping vient d'arriver en France, ce sera l'occasion pour Macron de dénoncer le génocide des ouighourds. N'hésitez pas à le lui rappeler quand vous le verrez.","israel, ouighours",vladimir poutine,91
ai,"""Israël, c'est pire que la Russie"": l'interview intégrale de Rima Hassan sur BFMTV",UgzrquBCsFsKF0GNcSl4AaABAg.A33ces8H-mwA33sZSIrj_e,"Il n'y a PAS de génocide PROUVE contre les ouighours, tout ça à été monté en épingle par des lobbys d'extrême droite américaine si c'était le cas, on aurait des preuves solides puisque c'est sensé se passer depuis des dizaines d'années or il n'y a pas eu de preuves concrètes, jusqu'à présent.
La Chine partage un frontière avec l'Afghanistan, qui, au cas ou vous ne seriez pas au courant, est un repère de terroristes grâce 'notamment"" à l'aide des américains pour financer et armer des groupes comme Al-qaida et l d'autres qui ont servis de proxy contre les soviétiques dans les années 80. Et dans les années 2000 ça leur à pété dans les doigts quand AQ s'est retourné contre son maître et à préparé et mis en place les attentats du 11/09.( notez que durant cette période PERSONNE ne parlait des ouighours. )
Suite à l'intervention armée de l'OTAN, et l'occupation du pays, au lieu de détruire ce groupe terroriste on s'en est servis (en les laissant pulluler pour déstabiliser tout un tas de pays, dont la Syrie (c'était eux les fameux ""gentils rebelles contre Al Assad"" du Front Al Nusra) et la Chine à aussi du faire face à des attentas sur son sol quand ceux-ci se sont servis de la minorité Ouighour pour s'implanter dans la région. Et quand la Chine met en place des projets éducatifs et investit dans la région pour chasser les obscurantistes, l'occident crie à l'oppression ! Oui c'est très grave de construire des écoles, d'investir dans la prospérité de sa population et de foutre des terroristes en taule, alors que ceux-ci posaient des bombes, attaquaient des civils et essayeraient d'établir un Califat en Chine. Alors que qui ne rêverait pas de voir un pays comme la Chine transformée en Califat dirigée par l'Etat Islamique ? [Mis à part vous et Mr Glucksmann]","Réjouissez-vous Monsieur Duhamel, Xi Jinping vient d'arriver en France, ce sera l'occasion pour Macron de dénoncer le génocide des ouighourds. N'hésitez pas à le lui rappeler quand vous le verrez.",,"occident, ouighours",310
ai,"""Israël, c'est pire que la Russie"": l'interview intégrale de Rima Hassan sur BFMTV",UgzrquBCsFsKF0GNcSl4AaABAg.A33ces8H-mwA33sfEGrc_Z,"@user de parler d’un génocide inexistant, vous banalisez ce terme qui est important de garder pour les vrais génocides reconnus , comme celui des Tutsies avec 800.000 victimes en 3 mois, celui des Arméniens, des Juifs. A Gaza y’a aucune génocide, il faut arrêtez vos mensonges, les gens ne sont pas dupes!","Réjouissez-vous Monsieur Duhamel, Xi Jinping vient d'arriver en France, ce sera l'occasion pour Macron de dénoncer le génocide des ouighourds. N'hésitez pas à le lui rappeler quand vous le verrez.",,gaza,52
ai,"""Israël, c'est pire que la Russie"": l'interview intégrale de Rima Hassan sur BFMTV",UgzrquBCsFsKF0GNcSl4AaABAg.A33ces8H-mwA33sqf7ubCi,"@user Ce n'est dqns l'intérêt de personne maintenant depuis que la France a été vendue aux USA, Chinois. Voulez-vous les vexer ? On est devenus des vassaux qui aboient...","Réjouissez-vous Monsieur Duhamel, Xi Jinping vient d'arriver en France, ce sera l'occasion pour Macron de dénoncer le génocide des ouighourds. N'hésitez pas à le lui rappeler quand vous le verrez.",,occident,29
ai,"""Israël, c'est pire que la Russie"": l'interview intégrale de Rima Hassan sur BFMTV",UgzrquBCsFsKF0GNcSl4AaABAg.A33ces8H-mwA33sy2XUizs,@user le Likoud au Hamas???? Le Likoud n’est pas un groupe terroriste!,"Réjouissez-vous Monsieur Duhamel, Xi Jinping vient d'arriver en France, ce sera l'occasion pour Macron de dénoncer le génocide des ouighourds. N'hésitez pas à le lui rappeler quand vous le verrez.",israel,,12
ai,"""Israël, c'est pire que la Russie"": l'interview intégrale de Rima Hassan sur BFMTV",UgzrquBCsFsKF0GNcSl4AaABAg.A33ces8H-mwA33t5Mjykck,"@user Mon adresse à M. Duhamel était ironique. Bien évidemment que lui et Macron se moquent totalement des ouïghours comme jadis la droite se moquait des chrétiens d'orient, ils ne sont utilisés que pour faire diversion à ce qui se passe à Gaza parce que la France pourrait agir et ne le fait pas.
Rima Hassan dit seulement qu'aucun Etat signataire de la convention tendant à prévenir les génocides n'a porté la revendication des ouïghours à la différence de l'Afrique du Sud concernant Gaza.","Réjouissez-vous Monsieur Duhamel, Xi Jinping vient d'arriver en France, ce sera l'occasion pour Macron de dénoncer le génocide des ouighourds. N'hésitez pas à le lui rappeler quand vous le verrez.","gaza, rima hassan","emmanuel macron, journalisme francais",84
ai,"""Israël, c'est pire que la Russie"": l'interview intégrale de Rima Hassan sur BFMTV",UgzrquBCsFsKF0GNcSl4AaABAg.A33ces8H-mwA33u_2KaxoV,Excellente réflexion,"Réjouissez-vous Monsieur Duhamel, Xi Jinping vient d'arriver en France, ce sera l'occasion pour Macron de dénoncer le génocide des ouighourds. N'hésitez pas à le lui rappeler quand vous le verrez.",ouighours,emmanuel macron,2
ai,"""Israël, c'est pire que la Russie"": l'interview intégrale de Rima Hassan sur BFMTV",UgzrquBCsFsKF0GNcSl4AaABAg.A33ces8H-mwA33v3JGXtde,"LA MACRONIE NE FOURNIT PAS D AIDE EN ARMES OU FINANCIERE A LA CHINE POUR ESCLAVAGISER LES CHINOIS OUIGHOURS ...
A ISRAEL SI .. C EST UNE HONTE .. L ETAT D ISRAEL EST DIRIGE PAR LA PIRE EXTREME DROITE","Réjouissez-vous Monsieur Duhamel, Xi Jinping vient d'arriver en France, ce sera l'occasion pour Macron de dénoncer le génocide des ouighourds. N'hésitez pas à le lui rappeler quand vous le verrez.",,"emmanuel macron, israel, ouighours",40
ai,"""Israël, c'est pire que la Russie"": l'interview intégrale de Rima Hassan sur BFMTV",UgzrquBCsFsKF0GNcSl4AaABAg.A33ces8H-mwA33vK-mqM6D,"@user vous avez raison il ne s'agit pas du Likoud( après tout un Menahem Begin bien fait la paix avec l'Égypte d'un Sadate, allant jusqu'à la restitution du Sinaï) mais plutôt du petit groupe de messianistes qui entoure Netanyahou( qui probablement d'ailleurs pas vraiment un homme très religieux mais plutôt un politicien extrêmement opportuniste, même s'il y a une certaine forme de filiation avec le sionisme révisionnisme la Jabotinsky et encore une fois nous retrouvons cette satanée Ukraine).
Cela étant dit je n'ai aucune sympathie pour les suprémacistes d'un camp ou de l'autre camp.","Réjouissez-vous Monsieur Duhamel, Xi Jinping vient d'arriver en France, ce sera l'occasion pour Macron de dénoncer le génocide des ouighourds. N'hésitez pas à le lui rappeler quand vous le verrez.",,israel,94
ai,"""Israël, c'est pire que la Russie"": l'interview intégrale de Rima Hassan sur BFMTV",UgzrquBCsFsKF0GNcSl4AaABAg.A33ces8H-mwA33vbK9DSLE,Quant au terrorisme il a été pratiqué aussi par les deux camps.,"Réjouissez-vous Monsieur Duhamel, Xi Jinping vient d'arriver en France, ce sera l'occasion pour Macron de dénoncer le génocide des ouighourds. N'hésitez pas à le lui rappeler quand vous le verrez.",,"israel, palestine",12
ai,"""Israël, c'est pire que la Russie"": l'interview intégrale de Rima Hassan sur BFMTV",UgzrquBCsFsKF0GNcSl4AaABAg.A33ces8H-mwA33wjqVqAE8,"@user Je parlais de ""la France Islamique"" LFI","Réjouissez-vous Monsieur Duhamel, Xi Jinping vient d'arriver en France, ce sera l'occasion pour Macron de dénoncer le génocide des ouighourds. N'hésitez pas à le lui rappeler quand vous le verrez.",,lfi,8
ai,"""Israël, c'est pire que la Russie"": l'interview intégrale de Rima Hassan sur BFMTV",UgzrquBCsFsKF0GNcSl4AaABAg.A33ces8H-mwA33wyuA7ndK,"Et quand dénoncerez-vous le génocide en cours à Gaza commis par Israël? Vous êtes un peuple de supremacistes, foncièrement raciste.","Réjouissez-vous Monsieur Duhamel, Xi Jinping vient d'arriver en France, ce sera l'occasion pour Macron de dénoncer le génocide des ouighourds. N'hésitez pas à le lui rappeler quand vous le verrez.",gaza,israel,20
ai,"""Israël, c'est pire que la Russie"": l'interview intégrale de Rima Hassan sur BFMTV",UgzrquBCsFsKF0GNcSl4AaABAg.A33ces8H-mwA33xAp3g1a2,Rima Hassan est vraiment patiente j aurai perdu patience,"Réjouissez-vous Monsieur Duhamel, Xi Jinping vient d'arriver en France, ce sera l'occasion pour Macron de dénoncer le génocide des ouighourds. N'hésitez pas à le lui rappeler quand vous le verrez.",rima hassan,,9
ai,"""Israël, c'est pire que la Russie"": l'interview intégrale de Rima Hassan sur BFMTV",UgzrquBCsFsKF0GNcSl4AaABAg.A33ces8H-mwA33xK0hCIXB,"Dénoncer le génocide ouighour??? Tu plaisantes. 1) ce n'est pas un génocide, c 'est la propagande islamiste et suivie par les crétins de gauchistes. 2) LEs chinois ont raison de réduire tous les extrêmistes religieux, surtout provenant de la secte islam. Mais les pro islamistes ferment leur gueule car ces petites bites ont peur de la puissance chinoise qui a raison d'imposer sa culture à tous ceux qui vivent sur leur sol, contrairement aux idiots utiles qui soutiennent ces extrêmistes, sans connaitre vraiment l'histoire, car à chaque fois que les religieux prennent le pouvoir grace au soutien des gauchistes,ils se débarrassent d'abord de leurs crétins, comme en Iran par exemple.","Réjouissez-vous Monsieur Duhamel, Xi Jinping vient d'arriver en France, ce sera l'occasion pour Macron de dénoncer le génocide des ouighourds. N'hésitez pas à le lui rappeler quand vous le verrez.",,ouighours,110
ai,"""Israël, c'est pire que la Russie"": l'interview intégrale de Rima Hassan sur BFMTV",UgzrquBCsFsKF0GNcSl4AaABAg.A33ces8H-mwA33zMl7rxHI,Quelle honte. Aucun respect. Les autres candidats il n'est pas aussi zélé,"Réjouissez-vous Monsieur Duhamel, Xi Jinping vient d'arriver en France, ce sera l'occasion pour Macron de dénoncer le génocide des ouighourds. N'hésitez pas à le lui rappeler quand vous le verrez.",,journalisme francais,12
ai,"""Israël, c'est pire que la Russie"": l'interview intégrale de Rima Hassan sur BFMTV",UgzrquBCsFsKF0GNcSl4AaABAg.A33ces8H-mwA34-tJJESHE,"Je m'en moque de des chaînes français comme BFM , France 24 il sont des terroriseur","Réjouissez-vous Monsieur Duhamel, Xi Jinping vient d'arriver en France, ce sera l'occasion pour Macron de dénoncer le génocide des ouighourds. N'hésitez pas à le lui rappeler quand vous le verrez.",,"bfmtv, journalisme francais",16
ai,"""Israël, c'est pire que la Russie"": l'interview intégrale de Rima Hassan sur BFMTV",UgzrquBCsFsKF0GNcSl4AaABAg.A33ces8H-mwA34-uYqT8if,"Il y a tous les marqueurs d'un génocide en cours a Gaza ! Faut il attendre la preuve irréfutable avant d'agir et d'exiger des positions courageuses de nos dirigeants?? Non! Il faut exiger un cessez le feu immédiat ! Prendre des mesures contre Israël pour obliger Netanyahou a respecter le cessez-le-feu et se mettre à la table des négociations ! Faudrait même qu'une armée neutre courageuse envahisse Gaza afin de protéger la population civile, traquer le Hamas et chasser l'armée israélienne !!","Réjouissez-vous Monsieur Duhamel, Xi Jinping vient d'arriver en France, ce sera l'occasion pour Macron de dénoncer le génocide des ouighourds. N'hésitez pas à le lui rappeler quand vous le verrez.","gaza, palestine",israel,82
ai,"""Israël, c'est pire que la Russie"": l'interview intégrale de Rima Hassan sur BFMTV",UgzrquBCsFsKF0GNcSl4AaABAg.A33ces8H-mwA340-q3X1B9,"Quel interviewer pitoyable, comme d'habitude !!! Le débat est au ras des pâquerettes en France !!!","Réjouissez-vous Monsieur Duhamel, Xi Jinping vient d'arriver en France, ce sera l'occasion pour Macron de dénoncer le génocide des ouighourds. N'hésitez pas à le lui rappeler quand vous le verrez.",,journalisme francais,16
ai,"""Israël, c'est pire que la Russie"": l'interview intégrale de Rima Hassan sur BFMTV",UgzrquBCsFsKF0GNcSl4AaABAg.A33ces8H-mwA340Mpb2gN0,Benjamin heureusement que tu es bien né qu il y a du monde derrière toi tu es d une nullité mon pauvre garcon espèce d hypocrite si tu t inquiète pour les ouïghours n hésite pas espèce de rapace le président chinois est en France tu n'as qu à lui en toucher un mot espèce de serpillière.,"Réjouissez-vous Monsieur Duhamel, Xi Jinping vient d'arriver en France, ce sera l'occasion pour Macron de dénoncer le génocide des ouighourds. N'hésitez pas à le lui rappeler quand vous le verrez.",,journalisme francais,57
ai,"""Israël, c'est pire que la Russie"": l'interview intégrale de Rima Hassan sur BFMTV",UgzrquBCsFsKF0GNcSl4AaABAg.A33ces8H-mwA344D3bV3vY,Et pourquoi pas ?,"Réjouissez-vous Monsieur Duhamel, Xi Jinping vient d'arriver en France, ce sera l'occasion pour Macron de dénoncer le génocide des ouighourds. N'hésitez pas à le lui rappeler quand vous le verrez.",ouighours,,4
ai,"""Israël, c'est pire que la Russie"": l'interview intégrale de Rima Hassan sur BFMTV",UgzrquBCsFsKF0GNcSl4AaABAg.A33ces8H-mwA344KZT8DkI,Je vois pas ce que vous comprenez pas avec le mouvement anti génocide a gaza l'important n'est pas qui est la victime mais qui est l'agresseur c'est tout donc les autres génocide on s'en fou....,"Réjouissez-vous Monsieur Duhamel, Xi Jinping vient d'arriver en France, ce sera l'occasion pour Macron de dénoncer le génocide des ouighourds. N'hésitez pas à le lui rappeler quand vous le verrez.",,israel,35
ai,"""Israël, c'est pire que la Russie"": l'interview intégrale de Rima Hassan sur BFMTV",UgzrquBCsFsKF0GNcSl4AaABAg.A33ces8H-mwA344wXw9oBD,Tout a fait d'accord mais tes amis gauchistes ne dénonce jamais le génocide des Ouïghours plus de deux millions de personnes et vos féministes ils sont ou pour appeler a faire des manifestations a ben non pas un mot bizarre non,"Réjouissez-vous Monsieur Duhamel, Xi Jinping vient d'arriver en France, ce sera l'occasion pour Macron de dénoncer le génocide des ouighourds. N'hésitez pas à le lui rappeler quand vous le verrez.",ouighours,,41
ai,"""Israël, c'est pire que la Russie"": l'interview intégrale de Rima Hassan sur BFMTV",UgzrquBCsFsKF0GNcSl4AaABAg.A33ces8H-mwA345MbL1scu,Heureusement que l'hypocrisie ne tue pas.... Rima rima ata,"Réjouissez-vous Monsieur Duhamel, Xi Jinping vient d'arriver en France, ce sera l'occasion pour Macron de dénoncer le génocide des ouighourds. N'hésitez pas à le lui rappeler quand vous le verrez.",,rima hassan,9
ai,"""Israël, c'est pire que la Russie"": l'interview intégrale de Rima Hassan sur BFMTV",UgzrquBCsFsKF0GNcSl4AaABAg.A33ces8H-mwA345dpkc9LT,"Ce petit fils a maman, papa, oncle etc a bien fait rire Rima avec son incompétence 😂. Et c'est vrai qu'il ne comprend pas la notion ""binational""! Pourtant en Europe il y a au moins 2 états binationaux.","Réjouissez-vous Monsieur Duhamel, Xi Jinping vient d'arriver en France, ce sera l'occasion pour Macron de dénoncer le génocide des ouighourds. N'hésitez pas à le lui rappeler quand vous le verrez.",rima hassan,journalisme francais,38
ai,"""Israël, c'est pire que la Russie"": l'interview intégrale de Rima Hassan sur BFMTV",UgzrquBCsFsKF0GNcSl4AaABAg.A33ces8H-mwA346kwKL_Xn,On s en tape de la Palestine et même de l Ukraine comme 80% des citoyens français mon Ami,"Réjouissez-vous Monsieur Duhamel, Xi Jinping vient d'arriver en France, ce sera l'occasion pour Macron de dénoncer le génocide des ouighourds. N'hésitez pas à le lui rappeler quand vous le verrez.",,palestine,19
ai,"""Israël, c'est pire que la Russie"": l'interview intégrale de Rima Hassan sur BFMTV",UgzrquBCsFsKF0GNcSl4AaABAg.A33ces8H-mwA349b7ve8Wf,"Les journalistes français sont horribles d hypocrisie,","Réjouissez-vous Monsieur Duhamel, Xi Jinping vient d'arriver en France, ce sera l'occasion pour Macron de dénoncer le génocide des ouighourds. N'hésitez pas à le lui rappeler quand vous le verrez.",,journalisme francais,7
ai,"""Israël, c'est pire que la Russie"": l'interview intégrale de Rima Hassan sur BFMTV",UgzrquBCsFsKF0GNcSl4AaABAg.A33ces8H-mwA349mvlN_aN,"Elle est très bien,cette dame,","Réjouissez-vous Monsieur Duhamel, Xi Jinping vient d'arriver en France, ce sera l'occasion pour Macron de dénoncer le génocide des ouighourds. N'hésitez pas à le lui rappeler quand vous le verrez.",rima hassan,,5
ai,"""Israël, c'est pire que la Russie"": l'interview intégrale de Rima Hassan sur BFMTV",UgzrquBCsFsKF0GNcSl4AaABAg.A33ces8H-mwA349rBu9rcp,Oui c'est un génocide et Mr Rony Brauman le dit aussi.,"Réjouissez-vous Monsieur Duhamel, Xi Jinping vient d'arriver en France, ce sera l'occasion pour Macron de dénoncer le génocide des ouighourds. N'hésitez pas à le lui rappeler quand vous le verrez.",,ouighours,11
ai,"""Israël, c'est pire que la Russie"": l'interview intégrale de Rima Hassan sur BFMTV",UgzrquBCsFsKF0GNcSl4AaABAg.A33ces8H-mwA34AGEyqcuf,"Il est degueulasse ce pauvre petit Duhamel ,de la grande Familia...","Réjouissez-vous Monsieur Duhamel, Xi Jinping vient d'arriver en France, ce sera l'occasion pour Macron de dénoncer le génocide des ouighourds. N'hésitez pas à le lui rappeler quand vous le verrez.",,journalisme francais,11
ai,"""Israël, c'est pire que la Russie"": l'interview intégrale de Rima Hassan sur BFMTV",UgzrquBCsFsKF0GNcSl4AaABAg.A33ces8H-mwA34ANv1Ir3i,"Il essaie de l embrouiller. Mais cette juriste est magnifique, Bravo madame...","Réjouissez-vous Monsieur Duhamel, Xi Jinping vient d'arriver en France, ce sera l'occasion pour Macron de dénoncer le génocide des ouighourds. N'hésitez pas à le lui rappeler quand vous le verrez.",rima hassan,journalisme francais,12
ai,"""Israël, c'est pire que la Russie"": l'interview intégrale de Rima Hassan sur BFMTV",UgzrquBCsFsKF0GNcSl4AaABAg.A33ces8H-mwA34AWRhqNXn,"Un macroniste ,ce journaliste...","Réjouissez-vous Monsieur Duhamel, Xi Jinping vient d'arriver en France, ce sera l'occasion pour Macron de dénoncer le génocide des ouighourds. N'hésitez pas à le lui rappeler quand vous le verrez.",,journalisme francais,4
ai,"""Israël, c'est pire que la Russie"": l'interview intégrale de Rima Hassan sur BFMTV",UgzrquBCsFsKF0GNcSl4AaABAg.A33ces8H-mwA34AdSxqvub,"Je ne suis pas pour la France insoumise,mais elle se défend très bien.","Réjouissez-vous Monsieur Duhamel, Xi Jinping vient d'arriver en France, ce sera l'occasion pour Macron de dénoncer le génocide des ouighourds. N'hésitez pas à le lui rappeler quand vous le verrez.",rima hassan,lfi,13
ai,"""Israël, c'est pire que la Russie"": l'interview intégrale de Rima Hassan sur BFMTV",UgzrquBCsFsKF0GNcSl4AaABAg.A33ces8H-mwA34DOEF4VXl,"Ainsi que des bombardements sur des chrétiens,des écoles chrétiennes,,des docteurs ,en plein travail de soins,des bénévoles étrangers qui venaient apporter les de la nourriture aux populations civiles.","Réjouissez-vous Monsieur Duhamel, Xi Jinping vient d'arriver en France, ce sera l'occasion pour Macron de dénoncer le génocide des ouighourds. N'hésitez pas à le lui rappeler quand vous le verrez.",,"gaza, israel",27
ai,"""Israël, c'est pire que la Russie"": l'interview intégrale de Rima Hassan sur BFMTV",UgzrquBCsFsKF0GNcSl4AaABAg.A33ces8H-mwA34MHXlS1Zl,Ouii oublié pas de lui rappeler 😂😂😂,"Réjouissez-vous Monsieur Duhamel, Xi Jinping vient d'arriver en France, ce sera l'occasion pour Macron de dénoncer le génocide des ouighourds. N'hésitez pas à le lui rappeler quand vous le verrez.",ouighours,emmanuel macron,7
ai,"""Israël, c'est pire que la Russie"": l'interview intégrale de Rima Hassan sur BFMTV",UgzrquBCsFsKF0GNcSl4AaABAg.A33ces8H-mwA34PZ5IR0P8,"@user je suis français-arménien, les armes utilisées par l'Azerbaïdjan contre le peuple de l'artsakh sont en majorité israéliennes! Deux pays criminels qui sont amis depuis longtemps.","Réjouissez-vous Monsieur Duhamel, Xi Jinping vient d'arriver en France, ce sera l'occasion pour Macron de dénoncer le génocide des ouighourds. N'hésitez pas à le lui rappeler quand vous le verrez.",,israel,26
ai,"""Israël, c'est pire que la Russie"": l'interview intégrale de Rima Hassan sur BFMTV",UgzrquBCsFsKF0GNcSl4AaABAg.A33ces8H-mwA34PlXIgjHS,@user israel vend les armes dont l'azerbaijan se sert pour massacrer le peuple d'artsakh,"Réjouissez-vous Monsieur Duhamel, Xi Jinping vient d'arriver en France, ce sera l'occasion pour Macron de dénoncer le génocide des ouighourds. N'hésitez pas à le lui rappeler quand vous le verrez.",,israel,14
ai,"""Israël, c'est pire que la Russie"": l'interview intégrale de Rima Hassan sur BFMTV",UgzrquBCsFsKF0GNcSl4AaABAg.A33ces8H-mwA34R3BfJ21r,Ton pays st la Jordanie. T’as même. Ta reine et ses enfants sont palestiniens qui seront la nouvelle monarchie palestinienne de la Jordanie sa superficie est de plus 4 fois celle.d’israël. dans moins de 10 ans vous vous accaparez gracieusement toute la terre jordanienne dans l’attente future vous serez des sujets jordaniens palestiniens ou tous les réfugiés palestiniens se rassembleront et auront une terre cherchant bien entendu avoir comme partenaires commercial Israël.,"Réjouissez-vous Monsieur Duhamel, Xi Jinping vient d'arriver en France, ce sera l'occasion pour Macron de dénoncer le génocide des ouighourds. N'hésitez pas à le lui rappeler quand vous le verrez.",israel,palestine,72
ai,"""Israël, c'est pire que la Russie"": l'interview intégrale de Rima Hassan sur BFMTV",UgzrquBCsFsKF0GNcSl4AaABAg.A33ces8H-mwA34SAEOe9Ck,@user PALESTINE❤🇵🇸🇵🇸🇵🇸🇵🇸🫶🫶,"Réjouissez-vous Monsieur Duhamel, Xi Jinping vient d'arriver en France, ce sera l'occasion pour Macron de dénoncer le génocide des ouighourds. N'hésitez pas à le lui rappeler quand vous le verrez.",palestine,,2
ai,"""Israël, c'est pire que la Russie"": l'interview intégrale de Rima Hassan sur BFMTV",UgzrquBCsFsKF0GNcSl4AaABAg.A33ces8H-mwA34SRp7MXA8,"@user Surtout quand il s'agit de parler FRIC ..... dans le pseudo ""Pays ds Droits de l'Homme"" et de mes couilles.","Réjouissez-vous Monsieur Duhamel, Xi Jinping vient d'arriver en France, ce sera l'occasion pour Macron de dénoncer le génocide des ouighourds. N'hésitez pas à le lui rappeler quand vous le verrez.",,occident,21
ai,"""Israël, c'est pire que la Russie"": l'interview intégrale de Rima Hassan sur BFMTV",UgzrquBCsFsKF0GNcSl4AaABAg.A33ces8H-mwA34Szkez3PW,@user Le likoud à commencé par le terrorisme ...,"Réjouissez-vous Monsieur Duhamel, Xi Jinping vient d'arriver en France, ce sera l'occasion pour Macron de dénoncer le génocide des ouighourds. N'hésitez pas à le lui rappeler quand vous le verrez.",,israel,9
ai,"""Israël, c'est pire que la Russie"": l'interview intégrale de Rima Hassan sur BFMTV",UgzrquBCsFsKF0GNcSl4AaABAg.A33ces8H-mwA34VRCiFGEV,@user Et bien allez-y organisez un soulèvement pour défendre ces causes. Elles sont toutes certainement justes. pourquoi penser que les gens qui se préoccupent de Gaza ne se préoccupent pas des autres peuples opprimés et essayer de dénigrer ce qu'ils font par ce biai ? Demandez aux pseudos journalistes dans le style de ce Duhamel d'en parler,"Réjouissez-vous Monsieur Duhamel, Xi Jinping vient d'arriver en France, ce sera l'occasion pour Macron de dénoncer le génocide des ouighourds. N'hésitez pas à le lui rappeler quand vous le verrez.","gaza, ouighours",journalisme francais,57
ai,"""Israël, c'est pire que la Russie"": l'interview intégrale de Rima Hassan sur BFMTV",UgzrquBCsFsKF0GNcSl4AaABAg.A33ces8H-mwA34aeqmsTNw,"""Tu poses ta question et tu n'écoutes pas sa réponse, surtout pas de dialogue, et tu fais passer le message qu'elle est folle, grand maximum tu passes pour un stupide"" école de journalisme de BFM.","Réjouissez-vous Monsieur Duhamel, Xi Jinping vient d'arriver en France, ce sera l'occasion pour Macron de dénoncer le génocide des ouighourds. N'hésitez pas à le lui rappeler quand vous le verrez.",rima hassan,"bfmtv, journalisme francais",35
ai,"""Israël, c'est pire que la Russie"": l'interview intégrale de Rima Hassan sur BFMTV",UgzrquBCsFsKF0GNcSl4AaABAg.A33ces8H-mwA34ayRPGDpo,"ah bon, Israël ne serait-il pas le seul et unique ennemi des Musulmans ?🤫c'est pourtant ce qu'on entend du matin au soir.","Réjouissez-vous Monsieur Duhamel, Xi Jinping vient d'arriver en France, ce sera l'occasion pour Macron de dénoncer le génocide des ouighourds. N'hésitez pas à le lui rappeler quand vous le verrez.",israel,,22
ai,"""Israël, c'est pire que la Russie"": l'interview intégrale de Rima Hassan sur BFMTV",UgzrquBCsFsKF0GNcSl4AaABAg.A33ces8H-mwA34dfmt0q19,Je me pose des questions sur ces journalistes s'il sont payé par les sionistes français,"Réjouissez-vous Monsieur Duhamel, Xi Jinping vient d'arriver en France, ce sera l'occasion pour Macron de dénoncer le génocide des ouighourds. N'hésitez pas à le lui rappeler quand vous le verrez.",,journalisme francais,15
ai,"""Israël, c'est pire que la Russie"": l'interview intégrale de Rima Hassan sur BFMTV",UgzrquBCsFsKF0GNcSl4AaABAg.A33ces8H-mwA34n8Byf6vf,Lol il ne le fera pas c’est un incompetent...,"Réjouissez-vous Monsieur Duhamel, Xi Jinping vient d'arriver en France, ce sera l'occasion pour Macron de dénoncer le génocide des ouighourds. N'hésitez pas à le lui rappeler quand vous le verrez.",,emmanuel macron,9
ai,"""Israël, c'est pire que la Russie"": l'interview intégrale de Rima Hassan sur BFMTV",UgzrquBCsFsKF0GNcSl4AaABAg.A33ces8H-mwA34oQnv3REj,Ma ron prend des renseignements pour la futur dictature a la chinoise et l asservissement des citoyens,"Réjouissez-vous Monsieur Duhamel, Xi Jinping vient d'arriver en France, ce sera l'occasion pour Macron de dénoncer le génocide des ouighourds. N'hésitez pas à le lui rappeler quand vous le verrez.",,emmanuel macron,17
ai,"""Israël, c'est pire que la Russie"": l'interview intégrale de Rima Hassan sur BFMTV",UgzrquBCsFsKF0GNcSl4AaABAg.A33ces8H-mwA34pFoZ2hxM,"Еt vous comment c,est connesez madame. ,ou mieux. Allez vous faire cariere ou cinema","Réjouissez-vous Monsieur Duhamel, Xi Jinping vient d'arriver en France, ce sera l'occasion pour Macron de dénoncer le génocide des ouighourds. N'hésitez pas à le lui rappeler quand vous le verrez.",,rima hassan,14
ai,"""Israël, c'est pire que la Russie"": l'interview intégrale de Rima Hassan sur BFMTV",UgzrquBCsFsKF0GNcSl4AaABAg.A33ces8H-mwA34sQ4SFm7i,@user Conflit lancé sur l'initiative de la Russie et grâce à ses alliés....,"Réjouissez-vous Monsieur Duhamel, Xi Jinping vient d'arriver en France, ce sera l'occasion pour Macron de dénoncer le génocide des ouighourds. N'hésitez pas à le lui rappeler quand vous le verrez.",,"guerre en ukraine, russie",13
ai,Un proche de Poutine menace la France: l'entretien exclusif de  notre reporter à Moscou,Ugzt77Vjr1XfvcVqwTh4AaABAg,Tolstoi dit « j’aime la France ». L’interprétation BFM « il haït la France ». Pourtant Tolstoi parle en Français .. Vous imaginez maintenant comment ils déforment les propos prononcés en Russe?,Tolstoi dit « j’aime la France ». L’interprétation BFM « il haït la France ». Pourtant Tolstoi parle en Français .. Vous imaginez maintenant comment ils déforment les propos prononcés en Russe?,,bfmtv,32
ai,Un proche de Poutine menace la France: l'entretien exclusif de  notre reporter à Moscou,Ugzt77Vjr1XfvcVqwTh4AaABAg.A1HQ1ruPkQkA1IYNNuicxk,100%,Tolstoi dit « j’aime la France ». L’interprétation BFM « il haït la France ». Pourtant Tolstoi parle en Français .. Vous imaginez maintenant comment ils déforment les propos prononcés en Russe?,,bfmtv,1
ai,Un proche de Poutine menace la France: l'entretien exclusif de  notre reporter à Moscou,Ugzt77Vjr1XfvcVqwTh4AaABAg.A1HQ1ruPkQkA1I_nZiNmJv,"Les Russes sont bien plus proches de nous que les Américains, culturellement parlant.
Ils connaissent nos grands écrivains , musiciens ,parlez leurs (plutôt aux anciens) de Brel ,Piaf, Montand etc..ils connaissent et apprécient.
Parlez de ça aux Américains ils répondent : mais c'est ou la France ?",Tolstoi dit « j’aime la France ». L’interprétation BFM « il haït la France ». Pourtant Tolstoi parle en Français .. Vous imaginez maintenant comment ils déforment les propos prononcés en Russe?,russie,,47
ai,Un proche de Poutine menace la France: l'entretien exclusif de  notre reporter à Moscou,Ugzt77Vjr1XfvcVqwTh4AaABAg.A1HQ1ruPkQkA1Ie5rOo6em,@user 👏🏻,Tolstoi dit « j’aime la France ». L’interprétation BFM « il haït la France ». Pourtant Tolstoi parle en Français .. Vous imaginez maintenant comment ils déforment les propos prononcés en Russe?,,bfmtv,2
ai,Un proche de Poutine menace la France: l'entretien exclusif de  notre reporter à Moscou,Ugzt77Vjr1XfvcVqwTh4AaABAg.A1HQ1ruPkQkA1IhqJcK7xf,Actif depuis le 5 févr. 2023,Tolstoi dit « j’aime la France ». L’interprétation BFM « il haït la France ». Pourtant Tolstoi parle en Français .. Vous imaginez maintenant comment ils déforment les propos prononcés en Russe?,,trolls russes,6
ai,Un proche de Poutine menace la France: l'entretien exclusif de  notre reporter à Moscou,Ugzt77Vjr1XfvcVqwTh4AaABAg.A1HQ1ruPkQkA1NPjLPmxUz,"@user Мольер, Клод Моне, Вольтер, Дебюсси, Эдит Пиаф, Антуан де Сент-Экзюпери, Шарль де Голль, Жанна д' Арк, Жак Кусто, Виктор Гюго, Мария Кюри, Коко Шанель, Пьер Ришар, Катрин Денев и много других великих французов, которых знают в России. Напишите, кого знаете вы из великих русских.",Tolstoi dit « j’aime la France ». L’interprétation BFM « il haït la France ». Pourtant Tolstoi parle en Français .. Vous imaginez maintenant comment ils déforment les propos prononcés en Russe?,russie,,45
ai,Un proche de Poutine menace la France: l'entretien exclusif de  notre reporter à Moscou,Ugzt77Vjr1XfvcVqwTh4AaABAg.A1HQ1ruPkQkA1NUETG5XkV,"@user Google ne peut pas traduire))) Molière, Claude Monet, Voltaire, Debussy, Edith Piaf, Antoine de Saint-Exupéry, Charles de Gaulle, Jeanne d'Arc, Jacques Cousteau, Victor Hugo, Marie Curie, coco Chanel, pierre Richard, Catherine Deneuve et beaucoup d'autres grands français connus en Russie. Ecrivez qui vous connaissez des grands russes.",Tolstoi dit « j’aime la France ». L’interprétation BFM « il haït la France ». Pourtant Tolstoi parle en Français .. Vous imaginez maintenant comment ils déforment les propos prononcés en Russe?,russie,,48
ai,Un proche de Poutine menace la France: l'entretien exclusif de  notre reporter à Moscou,Ugzt77Vjr1XfvcVqwTh4AaABAg.A1HQ1ruPkQkA1OKbMWEkg3,"@user, staline, lenine, ivan le terible, Nicolas II merci pour votre héritage pour ce monde lol",Tolstoi dit « j’aime la France ». L’interprétation BFM « il haït la France ». Pourtant Tolstoi parle en Français .. Vous imaginez maintenant comment ils déforment les propos prononcés en Russe?,,"russie, vladimir poutine",16
ai,Un proche de Poutine menace la France: l'entretien exclusif de  notre reporter à Moscou,Ugzt77Vjr1XfvcVqwTh4AaABAg.A1HQ1ruPkQkA1O_NGA0HO6,"@user Pushkin, Mendeleev, Lomonosov, Tsiolkovskiy, Kurchatov, Korolev, Gagarin, Leonov. yes, Kalashnikov too",Tolstoi dit « j’aime la France ». L’interprétation BFM « il haït la France ». Pourtant Tolstoi parle en Français .. Vous imaginez maintenant comment ils déforment les propos prononcés en Russe?,russie,,12
ai,Un proche de Poutine menace la France: l'entretien exclusif de  notre reporter à Moscou,Ugzt77Vjr1XfvcVqwTh4AaABAg.A1HQ1ruPkQkA1PC2S6AO_d,@user неоднозначны лишь Ленин со Сталиным. А разве у вас не было Наполеона и Робеспьера?,Tolstoi dit « j’aime la France ». L’interprétation BFM « il haït la France ». Pourtant Tolstoi parle en Français .. Vous imaginez maintenant comment ils déforment les propos prononcés en Russe?,russie,,15
ai,Un proche de Poutine menace la France: l'entretien exclusif de  notre reporter à Moscou,Ugzt77Vjr1XfvcVqwTh4AaABAg.A1HQ1ruPkQkA1PKAWa-K9n,@user Bravo! Do you know any artists? Nikolai Ivanovich Pirogov is a great Russian surgeon. Nikolai Egorovich Zhukovsky developed the theoretical foundations of aviation and methods of calculating aircraft.,Tolstoi dit « j’aime la France ». L’interprétation BFM « il haït la France ». Pourtant Tolstoi parle en Français .. Vous imaginez maintenant comment ils déforment les propos prononcés en Russe?,russie,,29
ai,Un proche de Poutine menace la France: l'entretien exclusif de  notre reporter à Moscou,Ugzt77Vjr1XfvcVqwTh4AaABAg.A1HQ1ruPkQkA1PL_fkK7Bz,"@user from Russia. We are closer to the France of De Gaulle, not to the liberal whоrеhouse of today",Tolstoi dit « j’aime la France ». L’interprétation BFM « il haït la France ». Pourtant Tolstoi parle en Français .. Vous imaginez maintenant comment ils déforment les propos prononcés en Russe?,russie,occident,19
ai,Un proche de Poutine menace la France: l'entretien exclusif de  notre reporter à Moscou,Ugzt77Vjr1XfvcVqwTh4AaABAg.A1HQ1ruPkQkA1PboWrCfRU,"Il y a beaucoup de célébrités nées russes :
La comtesse de Ségur
Youri Gagarine Isaac Asimov
Yul Brynner
Gala
Sacha Guitry
Maxime Gorki
Tchaïkovski Stravinsky
Kant
Elsa Triolet Léon Zitrone Juste quelques-uns, sans mettre les hommes d'état ou militaires",Tolstoi dit « j’aime la France ». L’interprétation BFM « il haït la France ». Pourtant Tolstoi parle en Français .. Vous imaginez maintenant comment ils déforment les propos prononcés en Russe?,russie,,40
ai,Un proche de Poutine menace la France: l'entretien exclusif de  notre reporter à Moscou,Ugzt77Vjr1XfvcVqwTh4AaABAg.A1HQ1ruPkQkA1QVbd3ycA9,@user этого достаточно.Чтобы знать других великих людей России нужно иметь свои мозги .Про них ваши телепузики не рассказывают.,Tolstoi dit « j’aime la France ». L’interprétation BFM « il haït la France ». Pourtant Tolstoi parle en Français .. Vous imaginez maintenant comment ils déforment les propos prononcés en Russe?,russie,"bfmtv, journalisme francais",18
ai,Un proche de Poutine menace la France: l'entretien exclusif de  notre reporter à Moscou,Ugzt77Vjr1XfvcVqwTh4AaABAg.A1HQ1ruPkQkA1QgV_0DyRF,"@user il ou elle a cité les noms des écrivains français de 17-19 siècle que tous les russes apprennent et aiment
....puis demande de citer si les occidentaux connaissent aussi bien au moins les grands écrivains russes ...",Tolstoi dit « j’aime la France ». L’interprétation BFM « il haït la France ». Pourtant Tolstoi parle en Français .. Vous imaginez maintenant comment ils déforment les propos prononcés en Russe?,russie,occident,38
ai,Un proche de Poutine menace la France: l'entretien exclusif de  notre reporter à Moscou,Ugzt77Vjr1XfvcVqwTh4AaABAg.A1HQ1ruPkQkA1RxbrhpKc2,@user n'avez rien à craindre s'il y a que BFM TV pour faire la guerre et l'équipe à Macron vous risquez pas grand-chose,Tolstoi dit « j’aime la France ». L’interprétation BFM « il haït la France ». Pourtant Tolstoi parle en Français .. Vous imaginez maintenant comment ils déforment les propos prononcés en Russe?,,"bfmtv, emmanuel macron",23
ai,Un proche de Poutine menace la France: l'entretien exclusif de  notre reporter à Moscou,Ugzt77Vjr1XfvcVqwTh4AaABAg.A1HQ1ruPkQkA1Ry2CNUQUJ,@user c’est vrai… 😅,Tolstoi dit « j’aime la France ». L’interprétation BFM « il haït la France ». Pourtant Tolstoi parle en Français .. Vous imaginez maintenant comment ils déforment les propos prononcés en Russe?,,bfmtv,4
ai,Un proche de Poutine menace la France: l'entretien exclusif de  notre reporter à Moscou,Ugzt77Vjr1XfvcVqwTh4AaABAg.A1HQ1ruPkQkA1SHwpIRDb0,"@user de 1917 à 1930, environ 400 000 Russes émigrent en France. Qui sait, peut-être qu’un peu de sang russe coule en vous. Il n’y a définitivement pas de sang américain. Nous, les Russes, sommes adéquats, patients, nous ne voulons pas d’une troisième guerre mondiale, mais cela ne veut pas dire que nous n’y sommes pas prêts.",Tolstoi dit « j’aime la France ». L’interprétation BFM « il haït la France ». Pourtant Tolstoi parle en Français .. Vous imaginez maintenant comment ils déforment les propos prononcés en Russe?,russie,,57
ai,Un proche de Poutine menace la France: l'entretien exclusif de  notre reporter à Moscou,Ugzt77Vjr1XfvcVqwTh4AaABAg.A1HQ1ruPkQkA1SKKv8YG9C,"@user Я уважаю Россию, россиян, вашу историю и вашу культуру. Но можете ли вы попросить своего президента прекратить нападать на Европу? Потому что вы видите, что мы, французский народ, поверьте мне, если бы у нас был ваш президент, гильотина давно бы заговорила. При всем моем уважении русские люди.",Tolstoi dit « j’aime la France ». L’interprétation BFM « il haït la France ». Pourtant Tolstoi parle en Français .. Vous imaginez maintenant comment ils déforment les propos prononcés en Russe?,russie,vladimir poutine,48
ai,Un proche de Poutine menace la France: l'entretien exclusif de  notre reporter à Moscou,Ugzt77Vjr1XfvcVqwTh4AaABAg.A1HQ1ruPkQkA1SQl_oBmcx,@user Если бы у вас был НАШ президент-у вас не было бы клопов,Tolstoi dit « j’aime la France ». L’interprétation BFM « il haït la France ». Pourtant Tolstoi parle en Français .. Vous imaginez maintenant comment ils déforment les propos prononcés en Russe?,vladimir poutine,emmanuel macron,13
ai,Un proche de Poutine menace la France: l'entretien exclusif de  notre reporter à Moscou,Ugzt77Vjr1XfvcVqwTh4AaABAg.A1HQ1ruPkQkA1SUHVvT7Hc,"@user non, pour micron",Tolstoi dit « j’aime la France ». L’interprétation BFM « il haït la France ». Pourtant Tolstoi parle en Français .. Vous imaginez maintenant comment ils déforment les propos prononcés en Russe?,vladimir poutine,emmanuel macron,4
ai,Un proche de Poutine menace la France: l'entretien exclusif de  notre reporter à Moscou,Ugzt77Vjr1XfvcVqwTh4AaABAg.A1HQ1ruPkQkA1SY652JJEP,@user Я предпочитаю клопов оркам,Tolstoi dit « j’aime la France ». L’interprétation BFM « il haït la France ». Pourtant Tolstoi parle en Français .. Vous imaginez maintenant comment ils déforment les propos prononcés en Russe?,,russie,5
ai,Un proche de Poutine menace la France: l'entretien exclusif de  notre reporter à Moscou,Ugzt77Vjr1XfvcVqwTh4AaABAg.A1HQ1ruPkQkA1SdeflsEvs,"@user шутите??? Наш президент и Россия не нападала на Европу! Это европейские страны спонсируют войну в Украине, это они воюют с Россией!",Tolstoi dit « j’aime la France ». L’interprétation BFM « il haït la France ». Pourtant Tolstoi parle en Français .. Vous imaginez maintenant comment ils déforment les propos prononcés en Russe?,"russie, vladimir poutine","aide a l ukraine, occident",22
ai,Un proche de Poutine menace la France: l'entretien exclusif de  notre reporter à Moscou,Ugzt77Vjr1XfvcVqwTh4AaABAg.A1HQ1ruPkQkA1Sf90ekYBl,"@user уберите свои вооружонные задницы с наших границ и всё будет хорошо.Наш президент очень терпелив ,но всякому терпению приходит конец.",Tolstoi dit « j’aime la France ». L’interprétation BFM « il haït la France ». Pourtant Tolstoi parle en Français .. Vous imaginez maintenant comment ils déforment les propos prononcés en Russe?,"russie, vladimir poutine",occident,20
ai,Un proche de Poutine menace la France: l'entretien exclusif de  notre reporter à Moscou,Ugzt77Vjr1XfvcVqwTh4AaABAg.A1HQ1ruPkQkA1SiGpNYEhU,"c'est vrai que nos médias finissent par faire du ""russiabashing"" mais même si vous n'aimez pas les journalistes français vous devriez être content que des officiels russes et journalistes français échangent encore; mais j'ai l'impression que ni russes ni européens (encore moins les USA)ne veulent l'apaisement; et c'est le peuple ukrainien qui trinque",Tolstoi dit « j’aime la France ». L’interprétation BFM « il haït la France ». Pourtant Tolstoi parle en Français .. Vous imaginez maintenant comment ils déforment les propos prononcés en Russe?,,"guerre en ukraine, journalisme francais, occident, russie",53
ai,Un proche de Poutine menace la France: l'entretien exclusif de  notre reporter à Moscou,Ugzt77Vjr1XfvcVqwTh4AaABAg.A1HQ1ruPkQkA1SkipSFq28,"@user Pour nous en Sibérie - République de l'Altaï. Etaient bon! D’ailleurs, cette région de la Russie, comme bien d’autres, a deux langues, deux drapeaux et deux hymnes.
😆",Tolstoi dit « j’aime la France ». L’interprétation BFM « il haït la France ». Pourtant Tolstoi parle en Français .. Vous imaginez maintenant comment ils déforment les propos prononcés en Russe?,russie,,29
ai,Un proche de Poutine menace la France: l'entretien exclusif de  notre reporter à Moscou,Ugzt77Vjr1XfvcVqwTh4AaABAg.A1HQ1ruPkQkA1SlfrvdCuo,"@user Quand le président Poutine a-t-il attaqué l’Europe ?
Les États-Unis sont le sponsor du conflit (Obama et Nuland l’admettent ouvertement).
Le traité a été violé par l’Allemagne et la France (l’aveu de Merkel).
Tout d’abord, étudiez l’essence du problème. Ce n'est pas si difficile si vous disposez d'Internet.
Juste quelques conseils d'un village sibérien.",Tolstoi dit « j’aime la France ». L’interprétation BFM « il haït la France ». Pourtant Tolstoi parle en Français .. Vous imaginez maintenant comment ils déforment les propos prononcés en Russe?,"guerre en ukraine, vladimir poutine",occident,55
ai,Un proche de Poutine menace la France: l'entretien exclusif de  notre reporter à Moscou,Ugzt77Vjr1XfvcVqwTh4AaABAg.A1HQ1ruPkQkA1SqIvd52a7,"@user очень крутой мужик, под его руководством СССР создал атомную бомбу",Tolstoi dit « j’aime la France ». L’interprétation BFM « il haït la France ». Pourtant Tolstoi parle en Français .. Vous imaginez maintenant comment ils déforment les propos prononcés en Russe?,russie,,11
ai,Un proche de Poutine menace la France: l'entretien exclusif de  notre reporter à Moscou,Ugzt77Vjr1XfvcVqwTh4AaABAg.A1HQ1ruPkQkA1SqSzrRlEB,"@user русские выросли на французских комедиях ( Луи де Фюнес, Жан Маре, Пьер Решар и тд) а также на музыки из Франции, (Джо Дассен и многие другие)! Я с детства как и очень многие русские люблю Францию , но то что стало сейчас с вашей страной просто ужасно! Всей Европой руководят элиты Америки и это так ужасно! 😢",Tolstoi dit « j’aime la France ». L’interprétation BFM « il haït la France ». Pourtant Tolstoi parle en Français .. Vous imaginez maintenant comment ils déforment les propos prononcés en Russe?,russie,occident,58
ai,Un proche de Poutine menace la France: l'entretien exclusif de  notre reporter à Moscou,Ugzt77Vjr1XfvcVqwTh4AaABAg.A1HQ1ruPkQkA1Sr_MfzgM1,"@user va te coucher papy. On s’en fiche de tes commentaires, ça ne changera rien sur le terrain 🤗",Tolstoi dit « j’aime la France ». L’interprétation BFM « il haït la France ». Pourtant Tolstoi parle en Français .. Vous imaginez maintenant comment ils déforment les propos prononcés en Russe?,,vladimir poutine,19
ai,Un proche de Poutine menace la France: l'entretien exclusif de  notre reporter à Moscou,Ugzt77Vjr1XfvcVqwTh4AaABAg.A1HQ1ruPkQkA1StnSrP5nq,"@user вы меня не поняли, дорогие русские друзья, у вас нет выбора, поверьте, машина заведется, и ваши поражения будут обеспечены.",Tolstoi dit « j’aime la France ». L’interprétation BFM « il haït la France ». Pourtant Tolstoi parle en Français .. Vous imaginez maintenant comment ils déforment les propos prononcés en Russe?,,russie,20
ai,Un proche de Poutine menace la France: l'entretien exclusif de  notre reporter à Moscou,Ugzt77Vjr1XfvcVqwTh4AaABAg.A1HQ1ruPkQkA1SuJaED3DM,@user la différence entre vous et un ukrainien ? Ukrainien ne peut pas faire de signalement pour harcèlement du grand ours assoiffés de sang !,Tolstoi dit « j’aime la France ». L’interprétation BFM « il haït la France ». Pourtant Tolstoi parle en Français .. Vous imaginez maintenant comment ils déforment les propos prononcés en Russe?,,"guerre en ukraine, russie",25
ai,Un proche de Poutine menace la France: l'entretien exclusif de  notre reporter à Moscou,Ugzt77Vjr1XfvcVqwTh4AaABAg.A1HQ1ruPkQkA1T27cAiYGa,"Bha alors elle a mal viellie cette interview. Aller, bon baisers du Crocus city Hall 😘",Tolstoi dit « j’aime la France ». L’interprétation BFM « il haït la France ». Pourtant Tolstoi parle en Français .. Vous imaginez maintenant comment ils déforment les propos prononcés en Russe?,,russie,16
ai,Un proche de Poutine menace la France: l'entretien exclusif de  notre reporter à Moscou,Ugzt77Vjr1XfvcVqwTh4AaABAg.A1HQ1ruPkQkA1T7Bg9bmbK,"I'm Russian living in Italy. In the beginning of the war I was trying to watch the Italian media. I literally heard with my own ears, how a woman with children that managed to escape from Mariupol was saying that ""Ukranians were shooting at us,... Russians have rescued us and brought to safety"", the Italians didn't even bother to remove the original Audio (in Russian), they translated into Italian ""Russians were shooting at us, Ukranians rescued us""😳
That's when I finally realised there was neither democracy, nor freedom of thought or speech in Europe...I only follow individual/independent bloggers now",Tolstoi dit « j’aime la France ». L’interprétation BFM « il haït la France ». Pourtant Tolstoi parle en Français .. Vous imaginez maintenant comment ils déforment les propos prononcés en Russe?,guerre en ukraine,"liberte de la presse, occident",99
ai,Un proche de Poutine menace la France: l'entretien exclusif de  notre reporter à Moscou,Ugzt77Vjr1XfvcVqwTh4AaABAg.A1HQ1ruPkQkA1THSEIE4GX,@user уже ждут!! Собирайтсь! Будете удобрение на полях как ваши предки. Да. История вас ничему не научила...,Tolstoi dit « j’aime la France ». L’interprétation BFM « il haït la France ». Pourtant Tolstoi parle en Français .. Vous imaginez maintenant comment ils déforment les propos prononcés en Russe?,guerre en ukraine,,17
ai,Un proche de Poutine menace la France: l'entretien exclusif de  notre reporter à Moscou,Ugzt77Vjr1XfvcVqwTh4AaABAg.A1HQ1ruPkQkA1TscHlE2eA,"@user да, знаем и любим!",Tolstoi dit « j’aime la France ». L’interprétation BFM « il haït la France ». Pourtant Tolstoi parle en Français .. Vous imaginez maintenant comment ils déforment les propos prononcés en Russe?,russie,,5
ai,Un proche de Poutine menace la France: l'entretien exclusif de  notre reporter à Moscou,Ugzt77Vjr1XfvcVqwTh4AaABAg.A1HQ1ruPkQkA1TxSxUF5dN,@user bha vas-y rusko,Tolstoi dit « j’aime la France ». L’interprétation BFM « il haït la France ». Pourtant Tolstoi parle en Français .. Vous imaginez maintenant comment ils déforment les propos prononcés en Russe?,,russie,4
ai,Un proche de Poutine menace la France: l'entretien exclusif de  notre reporter à Moscou,Ugzt77Vjr1XfvcVqwTh4AaABAg.A1HQ1ruPkQkA1U0QY19Wpn,C'est ce qu'ils font tout le temps... Mensonge et manipulation !! Moi personnellement les médias français me donnent la rage.,Tolstoi dit « j’aime la France ». L’interprétation BFM « il haït la France ». Pourtant Tolstoi parle en Français .. Vous imaginez maintenant comment ils déforment les propos prononcés en Russe?,,"bfmtv, journalisme francais",20
ai,Un proche de Poutine menace la France: l'entretien exclusif de  notre reporter à Moscou,Ugzt77Vjr1XfvcVqwTh4AaABAg.A1HQ1ruPkQkA1U1CSrk98w,L'armée israélienne bombarde les palestiniens quand et comme bon lui semble. Et BFMTV parle du changement climatique..... Réchauffement de la terre...etc mais quand Hamas riposte directement BFMTV les diabolise en les montrant avec de longues barbes et des lames a raser..... Arrrrrrrretez de nous prendre pour des imbéciles. Arrrrrrrretez de mentir .... Arrrrrrrretez de diaboliser les autres,Tolstoi dit « j’aime la France ». L’interprétation BFM « il haït la France ». Pourtant Tolstoi parle en Français .. Vous imaginez maintenant comment ils déforment les propos prononcés en Russe?,"gaza, palestine","bfmtv, israel",57
ai,Un proche de Poutine menace la France: l'entretien exclusif de  notre reporter à Moscou,Ugzt77Vjr1XfvcVqwTh4AaABAg.A1HQ1ruPkQkA1U1eF2t7WI,La France sème le trouble au mali . Puis un semblant de guerre civile se déclare.... Alors Macron décide de visiter le président malien envoyer des soldats français sous prétexte qu'il veut établir la démocratie au Mali. Mais de quelle démocratie tu parle Manu?!,Tolstoi dit « j’aime la France ». L’interprétation BFM « il haït la France ». Pourtant Tolstoi parle en Français .. Vous imaginez maintenant comment ils déforment les propos prononcés en Russe?,,emmanuel macron,44
ai,Un proche de Poutine menace la France: l'entretien exclusif de  notre reporter à Moscou,Ugzt77Vjr1XfvcVqwTh4AaABAg.A1HQ1ruPkQkA1U1laa399e,Sarkozy a fait la même chose en Libye. Regardez maintenant ce qu'est devenue la Libye.,Tolstoi dit « j’aime la France ». L’interprétation BFM « il haït la France ». Pourtant Tolstoi parle en Français .. Vous imaginez maintenant comment ils déforment les propos prononcés en Russe?,,occident,15
ai,Un proche de Poutine menace la France: l'entretien exclusif de  notre reporter à Moscou,Ugzt77Vjr1XfvcVqwTh4AaABAg.A1HQ1ruPkQkA1U3f257PK8,👍🏼👍🏼👍🏼🤭,Tolstoi dit « j’aime la France ». L’interprétation BFM « il haït la France ». Pourtant Tolstoi parle en Français .. Vous imaginez maintenant comment ils déforment les propos prononcés en Russe?,,bfmtv,1
ai,Un proche de Poutine menace la France: l'entretien exclusif de  notre reporter à Moscou,Ugzt77Vjr1XfvcVqwTh4AaABAg.A1HQ1ruPkQkA1U3i1ZeQ8A,"@user tu dois être un enfants de poutine loin des combats au chaud dans nos écoles, dans nos province à profitez de la belle vue de notre paysage. Je trouve cela un peut trop facile pour vous cela dois cessez au plus vite !",Tolstoi dit « j’aime la France ». L’interprétation BFM « il haït la France ». Pourtant Tolstoi parle en Français .. Vous imaginez maintenant comment ils déforment les propos prononcés en Russe?,,vladimir poutine,44
ai,Un proche de Poutine menace la France: l'entretien exclusif de  notre reporter à Moscou,Ugzt77Vjr1XfvcVqwTh4AaABAg.A1HQ1ruPkQkA1U3yBBgWpa,@user vous les russe vous pensez trop que le monde et à vos pied. La France va vous rapeller que vous êtes une puissance moyenne qui pète plus haut que sont cul,Tolstoi dit « j’aime la France ». L’interprétation BFM « il haït la France ». Pourtant Tolstoi parle en Français .. Vous imaginez maintenant comment ils déforment les propos prononcés en Russe?,,russie,32
ai,Un proche de Poutine menace la France: l'entretien exclusif de  notre reporter à Moscou,Ugzt77Vjr1XfvcVqwTh4AaABAg.A1HQ1ruPkQkA1U4Km5GKMd,@user avec tout mes respect à toi grand peuple russe! Mais vous connaissez trop bien la France c'était inévitable et vous le savez très bien !,Tolstoi dit « j’aime la France ». L’interprétation BFM « il haït la France ». Pourtant Tolstoi parle en Français .. Vous imaginez maintenant comment ils déforment les propos prononcés en Russe?,russie,,26
ai,Un proche de Poutine menace la France: l'entretien exclusif de  notre reporter à Moscou,Ugzt77Vjr1XfvcVqwTh4AaABAg.A1HQ1ruPkQkA1U5CJZBb8x,@user tien toi tu a devant toi de vrai russes tu devrais leurs demandé de ce qui pense des africain de votre culture et de votre couleurs de peau !,Tolstoi dit « j’aime la France ». L’interprétation BFM « il haït la France ». Pourtant Tolstoi parle en Français .. Vous imaginez maintenant comment ils déforment les propos prononcés en Russe?,,russie,30
ai,Un proche de Poutine menace la France: l'entretien exclusif de  notre reporter à Moscou,Ugzt77Vjr1XfvcVqwTh4AaABAg.A1HQ1ruPkQkA1U7l73Aedk,"@user YT qui enlevé le commentaire ou je disait: Vous les russe vous pensez trop que le monde et à vos pied, la France vous rappelle que vous êtes une puissance moyenne.",Tolstoi dit « j’aime la France ». L’interprétation BFM « il haït la France ». Pourtant Tolstoi parle en Français .. Vous imaginez maintenant comment ils déforment les propos prononcés en Russe?,,russie,32
ai,Un proche de Poutine menace la France: l'entretien exclusif de  notre reporter à Moscou,Ugzt77Vjr1XfvcVqwTh4AaABAg.A1HQ1ruPkQkA1UAfz0UUjC,"@user juste pour te dire, que les russes n’ont pas peur de micron et de son armée. Puissance moyenne? Tu crois à tout ce que dit ton micron, qui a transformé la France à un pays de tiers monde?",Tolstoi dit « j’aime la France ». L’interprétation BFM « il haït la France ». Pourtant Tolstoi parle en Français .. Vous imaginez maintenant comment ils déforment les propos prononcés en Russe?,russie,emmanuel macron,39
ai,Un proche de Poutine menace la France: l'entretien exclusif de  notre reporter à Moscou,Ugzt77Vjr1XfvcVqwTh4AaABAg.A1HQ1ruPkQkA1UAml-wr6i,"@user nous sommes plus en 1812 en 2024 le froid ne tue plus. Histoire ne ta pas raconté tout les exploit de la France, personnes vous a dis que la France était un pays de toutes les batailles? Et vous faites une guerre sans que la France ne soit la... c'est injuste attendez nous on arrivent. On a apparemment quelques points à mettre sur les i. concernant",Tolstoi dit « j’aime la France ». L’interprétation BFM « il haït la France ». Pourtant Tolstoi parle en Français .. Vous imaginez maintenant comment ils déforment les propos prononcés en Russe?,guerre en ukraine,russie,67
ai,Un proche de Poutine menace la France: l'entretien exclusif de  notre reporter à Moscou,Ugzt77Vjr1XfvcVqwTh4AaABAg.A1HQ1ruPkQkA1UBTnPpXX_,"@user on vous demande pas d'avoir peur, ni de nous croire, on vous préviens par politesse et par respect que nous allons défoncés la porte alors si vous pouvez évitez de rester derrière..",Tolstoi dit « j’aime la France ». L’interprétation BFM « il haït la France ». Pourtant Tolstoi parle en Français .. Vous imaginez maintenant comment ils déforment les propos prononcés en Russe?,russie,,33
ai,Un proche de Poutine menace la France: l'entretien exclusif de  notre reporter à Moscou,Ugzt77Vjr1XfvcVqwTh4AaABAg.A1HQ1ruPkQkA1UC2_6k9N1,"@user cela fais 3 fois que tu menaces des gens de torture ou de assassinat, ici en france nous sommes pas en russie, on ne tue pas les esprit qui nous sommes contradictoire...votre vrai visage de ours affamé de chaire fraîche tombe !",Tolstoi dit « j’aime la France ». L’interprétation BFM « il haït la France ». Pourtant Tolstoi parle en Français .. Vous imaginez maintenant comment ils déforment les propos prononcés en Russe?,,russie,43
ai,Un proche de Poutine menace la France: l'entretien exclusif de  notre reporter à Moscou,Ugzt77Vjr1XfvcVqwTh4AaABAg.A1HQ1ruPkQkA1UCUZlzdlj,"@user vous n’allez rien faire du tout @user Tu écris en russe, mais tu essayes de menacer la Russie. Ça ne marche pas. Surtout avec l’armée française de 15 000 hommes. La Russie ne partira pas de la Crimée. Juste pour être claire. Et pour info, je suis française, mais je parle et je comprends le russe. Je connais très bien la Russie, l’Ukraine et la Crimée. Les menaces de « défoncer » quoi que ce soit, essaye de les appliquer dans nos banlieues françaises. Avant de menacer les russes. C’est pathétique….",Tolstoi dit « j’aime la France ». L’interprétation BFM « il haït la France ». Pourtant Tolstoi parle en Français .. Vous imaginez maintenant comment ils déforment les propos prononcés en Russe?,"guerre en ukraine, russie",,92
ai,Un proche de Poutine menace la France: l'entretien exclusif de  notre reporter à Moscou,Ugzt77Vjr1XfvcVqwTh4AaABAg.A1HQ1ruPkQkA1UCiiCkBA_,"@user cela fai 3 fois que tu menace de torture ou de assassinat, Ici en France nous sommes pas en Russie nous tuons pas les esprits qui nous sommes contradictoire. Votre vrai visage de Ours affamé de cher fraîche tombe.",Tolstoi dit « j’aime la France ». L’interprétation BFM « il haït la France ». Pourtant Tolstoi parle en Français .. Vous imaginez maintenant comment ils déforment les propos prononcés en Russe?,,russie,40
ai,Un proche de Poutine menace la France: l'entretien exclusif de  notre reporter à Moscou,Ugzt77Vjr1XfvcVqwTh4AaABAg.A1HQ1ruPkQkA1UCixyThp-,"@user mais va, enfin, au front, jerem. Ça sera pas 15 000 hommes, ça sera 15 002. J’ai rajouté toi et ton chef de guerre, micron. En espérant qu’il ne restera pas au chaud pendant que toi et d’autres volontaires vont mourrir…",Tolstoi dit « j’aime la France ». L’interprétation BFM « il haït la France ». Pourtant Tolstoi parle en Français .. Vous imaginez maintenant comment ils déforment les propos prononcés en Russe?,,"aide a l ukraine, emmanuel macron, guerre en ukraine",42
