annotator,title,comment_id,comment_text,context,stance_pro,stance_con,word_count
ai,Трамп — Зеленскому: «Вы доиграетесь до Третьей мировой». Полная версия спора с субтитрами,UgwH54c9qkaGMeZXI694AaABAg.AF6lJb1yOA4AF6qclSTAr4,"@user вы что не понимаете,что это унижение человеческого достоинства?","Теперь в спорах с женой, я буду ей говорить-""Ты не в том положении, у тебя плохие карты ""😅",владимир зеленский,дональд трамп,9
ai,Трамп — Зеленскому: «Вы доиграетесь до Третьей мировой». Полная версия спора с субтитрами,UgwH54c9qkaGMeZXI694AaABAg.AF6lJb1yOA4AF6rRx6ZLLc,@user Пару партий на раздевание может с другим игроком будет и интересно. Но не жить до старости. Трампу нужна прибыль от вложений в украину. Для этого нужно прекратить войну. Поэтому Трамп разденет украину и вышвырнет её,"Теперь в спорах с женой, я буду ей говорить-""Ты не в том положении, у тебя плохие карты ""😅",,"война в украине, дональд трамп, помощь украине",36
ai,Трамп — Зеленскому: «Вы доиграетесь до Третьей мировой». Полная версия спора с субтитрами,UgwH54c9qkaGMeZXI694AaABAg.AF6lJb1yOA4AF6rhNGt7Cw,"@user Это проститутка, а не твоя жена....Когда женщина играет с тем у кого, на данный момент, лучше карты - проститутка. Жена это та, которая и в горе, и в радости! Вы попутали понятия. О чём Вовка и полмира пытается ВАМ объяснить. Не соблюдение принципов морали приведёт этот мир к краху!","Теперь в спорах с женой, я буду ей говорить-""Ты не в том положении, у тебя плохие карты ""😅",владимир зеленский,дональд трамп,50
ai,Трамп — Зеленскому: «Вы доиграетесь до Третьей мировой». Полная версия спора с субтитрами,UgwH54c9qkaGMeZXI694AaABAg.AF6lJb1yOA4AF6rs0MU0d_,"Трамп дал отличный Мастер Класс о том, как надо вести себя с клоунами дорвавшимися до власти и содержанками ....😊","Теперь в спорах с женой, я буду ей говорить-""Ты не в том положении, у тебя плохие карты ""😅",дональд трамп,владимир зеленский,19
ai,Трамп — Зеленскому: «Вы доиграетесь до Третьей мировой». Полная версия спора с субтитрами,UgwH54c9qkaGMeZXI694AaABAg.AF6lJb1yOA4AF6sEyzY16W,"@user ЧЕЛОВЕЧЕСКОЕ ДОСТОИНСТВО бывает только у ЛЮДЕЙ, и далеко не у всех людей ! А у наркуш, попрошаек, клоунов его никогда не было ! ☝️","Теперь в спорах с женой, я буду ей говорить-""Ты не в том положении, у тебя плохие карты ""😅",,владимир зеленский,25
ai,Трамп — Зеленскому: «Вы доиграетесь до Третьей мировой». Полная версия спора с субтитрами,UgwH54c9qkaGMeZXI694AaABAg.AF6lJb1yOA4AF70X2ritvo,"Просроченный президент украины такой смешной, такой беспомощный .","Теперь в спорах с женой, я буду ей говорить-""Ты не в том положении, у тебя плохие карты ""😅",,владимир зеленский,8
ai,Трамп — Зеленскому: «Вы доиграетесь до Третьей мировой». Полная версия спора с субтитрами,UgwH54c9qkaGMeZXI694AaABAg.AF6lJb1yOA4AF73mHvMEEp,Если твоя жена похожа на Зеленского то я тебе сочувствую 😂,"Теперь в спорах с женой, я буду ей говорить-""Ты не в том положении, у тебя плохие карты ""😅",,владимир зеленский,11
ai,Трамп — Зеленскому: «Вы доиграетесь до Третьей мировой». Полная версия спора с субтитрами,UgwH54c9qkaGMeZXI694AaABAg.AF6lJb1yOA4AF768fJ1b7c,"@user ахахахаах, ахахахаха. Он красавчик. Он стоял как Лев в окружении этих шакалов. А Путин, поджал хвост и побежал продавать ресурсы страны просто так, что бы травм был к нему добрым😂","Теперь в спорах с женой, я буду ей говорить-""Ты не в том положении, у тебя плохие карты ""😅",владимир зеленский,"дональд трамп, россия",31
ai,Трамп — Зеленскому: «Вы доиграетесь до Третьей мировой». Полная версия спора с субтитрами,UgwH54c9qkaGMeZXI694AaABAg.AF6lJb1yOA4AF79TLDOSdr,"@user ему было мириться, сказки не нужно рассказывать😂 послал он и послал😂","Теперь в спорах с женой, я буду ей говорить-""Ты не в том положении, у тебя плохие карты ""😅",дональд трамп,владимир зеленский,12
ai,Трамп — Зеленскому: «Вы доиграетесь до Третьей мировой». Полная версия спора с субтитрами,UgwH54c9qkaGMeZXI694AaABAg.AF6lJb1yOA4AF7CTOoABtT,"@user С некоторыми людьми по-другому не получается - они не понимают ни намеков, ни прямой речи, не осознают фактического положения дел.","Теперь в спорах с женой, я буду ей говорить-""Ты не в том положении, у тебя плохие карты ""😅",дональд трамп,владимир зеленский,21
ai,Трамп — Зеленскому: «Вы доиграетесь до Третьей мировой». Полная версия спора с субтитрами,UgwH54c9qkaGMeZXI694AaABAg.AF6lJb1yOA4AF7DKWOLj32,"@user Ни кто не имеет права унижать человека или вы считаете,что это не так?","Теперь в спорах с женой, я буду ей говорить-""Ты не в том положении, у тебя плохие карты ""😅",владимир зеленский,дональд трамп,14
ai,Василий Небензя: «Мы находимся в конфликте с Западом» | Интервью Би-би-си,UgwUeYSjL8Tn86aTXaN4AaABAg,"Двойной стандарт - это сравнивать Голанские высоты и Крым. Что то я не припоминаю, что жители Голанских высот проводили референдум о присоединении к Израилю","Двойной стандарт - это сравнивать Голанские высоты и Крым. Что то я не припоминаю, что жители Голанских высот проводили референдум о присоединении к Израилю",крым российский,,24
ai,Василий Небензя: «Мы находимся в конфликте с Западом» | Интервью Би-би-си,UgwUeYSjL8Tn86aTXaN4AaABAg.A-rnLmyAm74A-sjo7Aw2F2,"Ukraine ""started the war"" on its own territory in 2014, and the Russian Federation decided to ""end"" it on someone else's land in 2022, so it destroyed Mariupol, Bakhmut, Maryinka, Avdiivka and dozens of other cities in Donbas. This is logical. This is salvation, not genocide of Russians in eastern Ukraine 🤡.","Двойной стандарт - это сравнивать Голанские высоты и Крым. Что то я не припоминаю, что жители Голанских высот проводили референдум о присоединении к Израилю",,"война в украине, россия",52
ai,Василий Небензя: «Мы находимся в конфликте с Западом» | Интервью Би-би-си,UgwUeYSjL8Tn86aTXaN4AaABAg.A-rnLmyAm74A-toTWaMrL9,"Голанские высоты это маленький клочек земли, возвышенность просто. Там люди то особо и не живут, а Крым это огромный регион, полуостров, который по размерам больше чем весь Израиль. И его никто не признал израильским кроме США, весь остальный Запад и мир не признает. Как вообще можно такое сравнивать? Вы хотя бы почитайте возьмите про это, прежде чем блистать своим невежеством и тупостью. Ещё скажите что референдум в Крыму честный был, под дулами автоматом, который ни одно вменяемое государство не признает. Только в России такое возможно, в варварской и архаичной стране, с 80% людоедскими дебилами, которым каждый год ссут на голову, а они думают, что это роса. Позорище.","Двойной стандарт - это сравнивать Голанские высоты и Крым. Что то я не припоминаю, что жители Голанских высот проводили референдум о присоединении к Израилю",,"голанские высоты, крым российский, россия",107
ai,Василий Небензя: «Мы находимся в конфликте с Западом» | Интервью Би-би-си,UgwUeYSjL8Tn86aTXaN4AaABAg.A-rnLmyAm74A-uaqCVINgI,Голландцы таки совсем не против. Шо вы имеете предъявить?)),"Двойной стандарт - это сравнивать Голанские высоты и Крым. Что то я не припоминаю, что жители Голанских высот проводили референдум о присоединении к Израилю",голанские высоты,,9
ai,Василий Небензя: «Мы находимся в конфликте с Западом» | Интервью Би-би-си,UgwUeYSjL8Tn86aTXaN4AaABAg.A-rnLmyAm74A-uh-rVzY8-,"Референдум в условиях оккупации? Ну-ну. Что Крым ,что Донбасс. Это ещё хуже ,чем Голландские высоты. Неприкрытый цинизм , рассчитанный на идиотов. В такое голосование поверят только староверы из тайги,которые 50 лет газет не читали , но не люди 21 века. А если вдруг староверы побывают на Донбассе, то и им все станет понятно .","Двойной стандарт - это сравнивать Голанские высоты и Крым. Что то я не припоминаю, что жители Голанских высот проводили референдум о присоединении к Израилю",,"война в украине, голанские высоты, крым российский",54
ai,Василий Небензя: «Мы находимся в конфликте с Западом» | Интервью Би-би-си,UgwUeYSjL8Tn86aTXaN4AaABAg.A-rnLmyAm74A-utYGtFBP7,"Это тот ""референдум"", назначение которого сделано депутатами, которых согнали оружием российские войска. )))","Двойной стандарт - это сравнивать Голанские высоты и Крым. Что то я не припоминаю, что жители Голанских высот проводили референдум о присоединении к Израилю",,"крым российский, россия",13
ai,Василий Небензя: «Мы находимся в конфликте с Западом» | Интервью Би-би-си,UgwUeYSjL8Tn86aTXaN4AaABAg.A-rnLmyAm74A-uxxMMcNd2,"@user сделать хотя такой, но ведь не могут","Двойной стандарт - это сравнивать Голанские высоты и Крым. Что то я не припоминаю, что жители Голанских высот проводили референдум о присоединении к Израилю",крым российский,голанские высоты,8
ai,Василий Небензя: «Мы находимся в конфликте с Западом» | Интервью Би-би-си,UgwUeYSjL8Tn86aTXaN4AaABAg.A-rnLmyAm74A-v2LEnZDsp,"@user""хоть такой"" не признан референдумом во всем мире, потому что у слов есть определённый смысл...","Двойной стандарт - это сравнивать Голанские высоты и Крым. Что то я не припоминаю, что жители Голанских высот проводили референдум о присоединении к Израилю",,крым российский,15
ai,Василий Небензя: «Мы находимся в конфликте с Западом» | Интервью Би-би-си,UgwUeYSjL8Tn86aTXaN4AaABAg.A-rnLmyAm74A-v2PNgCvJq,@user такое же как и авианосцы США. Приплывают же с проверкой.,"Двойной стандарт - это сравнивать Голанские высоты и Крым. Что то я не припоминаю, что жители Голанских высот проводили референдум о присоединении к Израилю",,сша,11
ai,Василий Небензя: «Мы находимся в конфликте с Западом» | Интервью Би-би-си,UgwUeYSjL8Tn86aTXaN4AaABAg.A-rnLmyAm74A-v4Ko1PEo-,"Мы все знаем как проводился референдум в Крыму. Также как и в брежневские времена- людей купили пенсиями, обещаниями лучшей жизни, колбасой на референдуме и пере даче Украинской недвижимости жадным россиянам. Ничего нового. Кремлевский карлик использовал весь арсенал и опыт коммуняк.","Двойной стандарт - это сравнивать Голанские высоты и Крым. Что то я не припоминаю, что жители Голанских высот проводили референдум о присоединении к Израилю",,"крым российский, россия",40
ai,Василий Небензя: «Мы находимся в конфликте с Западом» | Интервью Би-би-си,UgwUeYSjL8Tn86aTXaN4AaABAg.A-rnLmyAm74A-v6L2bq38K,"@user Даже если в проведении референдума в Крыму и были какие-то нарушения, виновата крайне правая толпа Майдана с их угрозами так называемых ""поездов дружбы"". Нынешний украинский режим НИКОГДА не проводил референдумов, то есть НИКОГДА не давал людям права голоса в вопросах по вступлению в НАТО и ЕС или по выходy из связей с Россией","Двойной стандарт - это сравнивать Голанские высоты и Крым. Что то я не припоминаю, что жители Голанских высот проводили референдум о присоединении к Израилю","крым российский, россия",майдан,54
ai,Василий Небензя: «Мы находимся в конфликте с Западом» | Интервью Би-би-си,UgwUeYSjL8Tn86aTXaN4AaABAg.A-rnLmyAm74A-vCHiCelmM,"@user Если вы сожгли обед на плите, в этом виновата ведущая первого канала, которая громко говорила из телека и отвлекала вас.
А в насильственном сгоне крымских депутатов русскими солдатами и референдуме за месяц виноват Майдан.
Я с вами полностью согласен.
Вообще вы требуете от чужого государства проведения референдума, вы отказываете такой стране в суверенитете. Смотрите, что бы вам кто-то не указал, что нужно провести повторный референдум в Татарстане - желания обычно ""прилетают"" обратно.","Двойной стандарт - это сравнивать Голанские высоты и Крым. Что то я не припоминаю, что жители Голанских высот проводили референдум о присоединении к Израилю",майдан,"крым российский, россия",73
ai,Василий Небензя: «Мы находимся в конфликте с Западом» | Интервью Би-би-си,UgwUeYSjL8Tn86aTXaN4AaABAg.A-rnLmyAm74A-vCTEoctyp,"@user нет, на этот депутат пошли все жители Крыма. этот вопрос, в отличие от голосования в косово решался не так. вот в косово то как раз решали в парламенте косово под вооруженной охраной косовской ""полиции""","Двойной стандарт - это сравнивать Голанские высоты и Крым. Что то я не припоминаю, что жители Голанских высот проводили референдум о присоединении к Израилю",крым российский,,35
ai,Василий Небензя: «Мы находимся в конфликте с Западом» | Интервью Би-би-си,UgwUeYSjL8Tn86aTXaN4AaABAg.A-rnLmyAm74A-vCXZyDBMy,"@user я крымчанка, я из Керчи, и уверяю нас никто не гнал на референдум, мы все шли с радостью голосовать, этот день был праздником , конечно были люди которые голосовали ""против"", но их было подавляющее меньшенство! ☝️","Двойной стандарт - это сравнивать Голанские высоты и Крым. Что то я не припоминаю, что жители Голанских высот проводили референдум о присоединении к Израилю",крым российский,,37
ai,Василий Небензя: «Мы находимся в конфликте с Западом» | Интервью Би-би-си,UgwUeYSjL8Tn86aTXaN4AaABAg.A-rnLmyAm74A-vCfJQ4f24,"@user тот референдум. На котором я, Крымчанин, будучи уроженцем Кировоградской области, пошел и проголосовал за присоединение к России!","Двойной стандарт - это сравнивать Голанские высоты и Крым. Что то я не припоминаю, что жители Голанских высот проводили референдум о присоединении к Израилю",крым российский,,18
ai,Василий Небензя: «Мы находимся в конфликте с Западом» | Интервью Би-би-си,UgwUeYSjL8Tn86aTXaN4AaABAg.A-rnLmyAm74A-vDAXGH242,"@user самое нелепое сравнение и абсолютно глупая метафора. ""Ведущая первого канала"" не поджигала на моих глазах милицию, не убивала анти-майдановцев под Корсунь-Шевченковском, не растреливала ""небесную сотню"" и не грозила приехать в мой дом чтобы сделать его ""або украинским або безлюдным"". Это всё делали майданутые праворадикалы, захватившие власть в Киеве","Двойной стандарт - это сравнивать Голанские высоты и Крым. Что то я не припоминаю, что жители Голанских высот проводили референдум о присоединении к Израилю",,майдан,49
ai,Василий Небензя: «Мы находимся в конфликте с Западом» | Интервью Би-би-си,UgwUeYSjL8Tn86aTXaN4AaABAg.A-rnLmyAm74A-vE7YXchV2,"@user логическая ошибка во фразе не признан во всем мире. он должен быть признан всем миром? частью мира он признан, и РФ не обязана спрашивать у какой-нибудь проамериканской либерии, признает она этот референдум или нет. РФ запрашивала наблюдателей на выборы со всего мира, но приехали только из некоторых стран, которые и признали этот референдум. так что референдум признан. точно так же как и косово было признано некоторыми странами нато. вот это тот самый смысл, который нужно понимать. все остальное это попытка исказить реальность","Двойной стандарт - это сравнивать Голанские высоты и Крым. Что то я не припоминаю, что жители Голанских высот проводили референдум о присоединении к Израилю","крым российский, россия",,83
ai,Василий Небензя: «Мы находимся в конфликте с Западом» | Интервью Би-би-си,UgwUeYSjL8Tn86aTXaN4AaABAg.A-rnLmyAm74A-vEG0P-QRr,"@user Я не понимаю, зачем вы пишите эту ложь: Гиркин признался, что они отлавливали депутатов, в зале для голосования были русские автоматчики, за отсутствующих депутатов голосовали.
А в бюллетене для голосования отсутствовала позиция ""ничего не менять, оставить действующий статус"". А где же агитация противоположной стороны, чтобы остаться?
У вас абсолютно извращённое понимание, что такое референдум, абсолютно советское, выхолощенное понимаете избирательных процессов - если где-то написано слово ""выборы"" и ""референдум"", то, значит, это выборы и референдум. В СССР были ""выборы"", где ""за"" голосовало 99 процентов. В любой другой стране, где были выборы, понимали, что это абсолютная иммитация.","Двойной стандарт - это сравнивать Голанские высоты и Крым. Что то я не припоминаю, что жители Голанских высот проводили референдум о присоединении к Израилю",,крым российский,96
ai,Василий Небензя: «Мы находимся в конфликте с Западом» | Интервью Би-би-си,UgwUeYSjL8Tn86aTXaN4AaABAg.A-rnLmyAm74A-vEZyDtC6_,"@user глупость подобных заявлений заключается в том, что под дулами автоматов согнать и заставить все население крыма невозможно. точно так же как и население Донбасса. если бы это было возможно, то в косово также были бы проведены такой референдум и сербов бы автоматами заставили проголосовать. но ведь такого он не смогли сделать и ограничились голосованием депутатов","Двойной стандарт - это сравнивать Голанские высоты и Крым. Что то я не припоминаю, что жители Голанских высот проводили референдум о присоединении к Израилю",крым российский,,56
ai,Василий Небензя: «Мы находимся в конфликте с Западом» | Интервью Би-би-си,UgwUeYSjL8Tn86aTXaN4AaABAg.A-rnLmyAm74A-vEytJW2QP,"@user что делал и что говорит Гиркин не имеет к делу отношения. Один (только лишь один) из тех депутатов проголосовал против присоединия Крыма к России и никто его пальцем не тронул. И впоследствии он эти показания давал в Киеве на суде. Так что себе в отверстие засунь ""пiд дулом автоматов""","Двойной стандарт - это сравнивать Голанские высоты и Крым. Что то я не припоминаю, что жители Голанских высот проводили референдум о присоединении к Израилю",крым российский,,50
ai,Василий Небензя: «Мы находимся в конфликте с Западом» | Интервью Би-би-си,UgwUeYSjL8Tn86aTXaN4AaABAg.A-rnLmyAm74A-vICoFypjT,@user Спасибо за честные слова! ❤❤❤ Но некоторым это бесполезно объяснять (((,"Двойной стандарт - это сравнивать Голанские высоты и Крым. Что то я не припоминаю, что жители Голанских высот проводили референдум о присоединении к Израилю",крым российский,голанские высоты,12
ai,Василий Небензя: «Мы находимся в конфликте с Западом» | Интервью Би-би-си,UgwUeYSjL8Tn86aTXaN4AaABAg.A-rnLmyAm74A-vOWTtqIJn,"@user как выяснилось под дулами автоматов и не такое возможно. Не то, что референдум - маму родную продашь!","Двойной стандарт - это сравнивать Голанские высоты и Крым. Что то я не припоминаю, что жители Голанских высот проводили референдум о присоединении к Израилю",,крым российский,18
ai,Василий Небензя: «Мы находимся в конфликте с Западом» | Интервью Би-би-си,UgwUeYSjL8Tn86aTXaN4AaABAg.A-rnLmyAm74A-vTPG__GD3,"Я тоже, ну честно без вранья, тоже не видела референдума в Крыму. Давайте наконец то называть вещи своими именами, вы захватнически вторглись в Украину, так же как вторглись в ДНР, ДНР И КРЫМ! АКУПАНТЫ! ЭТО ИЗВЕСТНО ВСЕМУ МИРУ,довольно вашего вранья, вы либо слепы, либо глупы, ТОЛЬКО НЕ ВАМ. 🤷♀️😅","Двойной стандарт - это сравнивать Голанские высоты и Крым. Что то я не припоминаю, что жители Голанских высот проводили референдум о присоединении к Израилю",,"война в украине, крым российский, россия",49
ai,Василий Небензя: «Мы находимся в конфликте с Западом» | Интервью Би-би-си,UgwUeYSjL8Tn86aTXaN4AaABAg.A-rnLmyAm74A-vWhDKU1Ji,Небензя Вы зря оправдыва етис перед этим вражиной выбор перед нашим народом никто ему не указ как жить Тем более это враги которые воюют с нашей страной.,"Двойной стандарт - это сравнивать Голанские высоты и Крым. Что то я не припоминаю, что жители Голанских высот проводили референдум о присоединении к Израилю",россия,запад,27
ai,Василий Небензя: «Мы находимся в конфликте с Западом» | Интервью Би-би-си,UgwUeYSjL8Tn86aTXaN4AaABAg.A-rnLmyAm74A-vXo6xglsq,"@user Я не понимаю, зачем вы пишете эту ложь? не депутаты принимали решение о статусе крыма, а народ крыма. после вашего фейла в этом комменте не намерен больше серьезно обсуждать эту тему. идите лучше в укропаблики дальше рассказывать сказки простым украинцам, ведь без ваших рассказов они не захотят записываться в военкомат танкистом леопарда","Двойной стандарт - это сравнивать Голанские высоты и Крым. Что то я не припоминаю, что жители Голанских высот проводили референдум о присоединении к Израилю",крым российский,мобилизация,53
ai,Василий Небензя: «Мы находимся в конфликте с Западом» | Интервью Би-би-си,UgwUeYSjL8Tn86aTXaN4AaABAg.A-rnLmyAm74A-vYwoecGV4,@user и сейчас депутаты там же и вряд ли против.,"Двойной стандарт - это сравнивать Голанские высоты и Крым. Что то я не припоминаю, что жители Голанских высот проводили референдум о присоединении к Израилю",крым российский,,10
ai,Василий Небензя: «Мы находимся в конфликте с Западом» | Интервью Би-би-си,UgwUeYSjL8Tn86aTXaN4AaABAg.A-rnLmyAm74A-vvuCIAcgi,"@user не подскажите, по какому законодательству проводился референдум в Крыму? По российскому законодательству? Или по украинскому законодательству?","Двойной стандарт - это сравнивать Голанские высоты и Крым. Что то я не припоминаю, что жители Голанских высот проводили референдум о присоединении к Израилю",,крым российский,17
ai,Василий Небензя: «Мы находимся в конфликте с Западом» | Интервью Би-би-си,UgwUeYSjL8Tn86aTXaN4AaABAg.A-rnLmyAm74A-w0cc0BvA5,"@user на каком основании укрАина оккупировала Крым и Севастополь в 1991 году? Статья 3. В союзной республике, имеющей в своем составе автономные республики, автономные области и автономные округа, референдум проводится отдельно по каждой автономии. За народами автономных республик и автономных образований сохраняется право на самостоятельное решение вопроса о пребывании в Союзе ССР или в выходящей союзной республике, а также на постановку вопроса о своем государственно-правовом статусе.","Двойной стандарт - это сравнивать Голанские высоты и Крым. Что то я не припоминаю, что жители Голанских высот проводили референдум о присоединении к Израилю",крым российский,,66
ai,Василий Небензя: «Мы находимся в конфликте с Западом» | Интервью Би-би-си,UgwUeYSjL8Tn86aTXaN4AaABAg.A-rnLmyAm74A-w0w0HI090,"@user по такому же какому проводила референдум укрАина, выходя из состава СССР. Прежде чем показывать свою тупость, изучите матчасть. Хотя бы почитайте документы.","Двойной стандарт - это сравнивать Голанские высоты и Крым. Что то я не припоминаю, что жители Голанских высот проводили референдум о присоединении к Израилю",крым российский,,23
ai,Василий Небензя: «Мы находимся в конфликте с Западом» | Интервью Би-би-си,UgwUeYSjL8Tn86aTXaN4AaABAg.A-rnLmyAm74A-w4P99F9OR,"@user Их принудительно повязали, впутав в незаконное дело, поэтому те, кто не уехал, похоже ""не против"".
Вот мне действительно любопытно, когда вы такое пишите, какой реакции вы ожидаете от людей, способных свести элементарные вещи вместе...","Двойной стандарт - это сравнивать Голанские высоты и Крым. Что то я не припоминаю, что жители Голанских высот проводили референдум о присоединении к Израилю",,крым российский,35
ai,Василий Небензя: «Мы находимся в конфликте с Западом» | Интервью Би-би-си,UgwUeYSjL8Tn86aTXaN4AaABAg.A-rnLmyAm74A-w4u4jeD4S,"@user подсказываю: в день проведения референдума в Крыму эта свободная Республика была уже вне государства Украина, потому что на Украине не стало законной власти. Но и в составе РФ Крым в тот день еще не был. Так что референдум прекрасно провели не по украинскому закону и не по российскому закону, а ПО КРЫМСКОМУ закону.☝️ Да здравствует свобода! ...не правда ли?😉","Двойной стандарт - это сравнивать Голанские высоты и Крым. Что то я не припоминаю, что жители Голанских высот проводили референдум о присоединении к Израилю",крым российский,майдан,60
ai,Василий Небензя: «Мы находимся в конфликте с Западом» | Интервью Би-би-си,UgwUeYSjL8Tn86aTXaN4AaABAg.A-rnLmyAm74A-w5SQ7ZhjP,"@user Сейчас вы описали похожую, чуть сложную схему ""добровольного присоединения"" прибалтийских государств к СССР в 1940 году. )","Двойной стандарт - это сравнивать Голанские высоты и Крым. Что то я не припоминаю, что жители Голанских высот проводили референдум о присоединении к Израилю",,крым российский,18
ai,Василий Небензя: «Мы находимся в конфликте с Западом» | Интервью Би-би-си,UgwUeYSjL8Tn86aTXaN4AaABAg.A-rnLmyAm74A-w6t0HAq9H,"@user Забавно: сначала вы кричите, что Россия не обязана спрашивать и ожидать признания третьих стран, а потом вы возмущаетесь, что к России плохое отношение других стран, её несправедливо обвиняют..)","Двойной стандарт - это сравнивать Голанские высоты и Крым. Что то я не припоминаю, что жители Голанских высот проводили референдум о присоединении к Израилю",,"крым российский, россия",29
ai,Василий Небензя: «Мы находимся в конфликте с Западом» | Интервью Би-би-си,UgwUeYSjL8Tn86aTXaN4AaABAg.A-rnLmyAm74A-w8B1DzuFn,"@user Ахах. Решение о выходе при проведении настоящих референдумов принимаются по результатам этих референдумов. Верховная Рада АК Крым приняла под дулами автоматов постановление, в котором принимает первым пунктом решение о вхождении в состав РФ, а вторым - референдум на этот вопрос. Так зачем референдум, если вопрос уже решён? )))","Двойной стандарт - это сравнивать Голанские высоты и Крым. Что то я не припоминаю, что жители Голанских высот проводили референдум о присоединении к Израилю",,крым российский,49
ai,Василий Небензя: «Мы находимся в конфликте с Западом» | Интервью Би-би-си,UgwUeYSjL8Tn86aTXaN4AaABAg.A-rnLmyAm74A-wCeZvO75K,"@user вы очень сильно ошибаетесь , потому что слушаете своих пропагандистов , вместо того, чтобы включить логику. В Украине на тот момент была законная власть - это Верховная рада Украины, выбранная народом Украины. Если президент Украины сбежал или умер, это не означает того, что вся Верховная Рада сбежала. Глава Верховной Рады Украины автоматически становится временно исполняющий обязанности президента Украины до проведения новых выборов. Крым на тот момент, да и на этот момент - это территория Украины. Крым - это не отдельная страна и не может иметь собственного законодательства по которому страна может провести референдум. Так по какому законодательству был проведен псевдореферендум в Крыму?","Двойной стандарт - это сравнивать Голанские высоты и Крым. Что то я не припоминаю, что жители Голанских высот проводили референдум о присоединении к Израилю",майдан,крым российский,103
ai,Василий Небензя: «Мы находимся в конфликте с Западом» | Интервью Би-би-си,UgwUeYSjL8Tn86aTXaN4AaABAg.A-rnLmyAm74A-wCfW52f6S,"@user давайте по пунктам. 1. По итогам референдума решался вопрос ""куда дальше?"". Текущая ситуация на момент проведения была как известно революционная - то есть форс мажорная. В столице Украины был гос.переворот, нарушение конституции и угроза народу Республики Крым. Какая ситуация - такая и законность. Крымчане решили что они свободны от назаконной власти, понли что наxодятся на юридической развилке, задали сами себе вопрос и подавляющим большинством голосов ответили на него. Точка. И никто не сможет это опровергнуть.
2. Пресловутые ""дула автоматов"" занимались не принуждением к референдуму, а ЗАЩИТОЙ народа крыма от майданутыx и от татарскиx националистов. 3. Вам не понравилась ""подмена законности референдума добровольностью участия в нём"" народа Крыма. Минутку! но разве не народ источник власти? Это же любимый аргумент майданутыx когда они пытаются оправдать свой право-радикальный переворот. Только они забывают одну важную детль- ЧТОБЫ ПРОИЗНОСТЬ СЛОВО НАРОД НАДО СПЕРВА ПРОВЕСТИ РЕФЕРЕНДУМ. А в незалэжной Украине референдумы по важным судьбоносным вопросам как внеблоковый статус, курс на ЕС и НАТО не проводился НИКОГДА, ни законными способами ни форсмажорными.","Двойной стандарт - это сравнивать Голанские высоты и Крым. Что то я не припоминаю, что жители Голанских высот проводили референдум о присоединении к Израилю",крым российский,майдан,166
ai,Василий Небензя: «Мы находимся в конфликте с Западом» | Интервью Би-би-си,UgwUeYSjL8Tn86aTXaN4AaABAg.A-rnLmyAm74A-wDdUiYEjz,"@user запомните пожалуйста - России ПОФИГУ ""плохое отношение других стран"", и что ""её несправедливо обвиняют"". И вот за это Путину спасибо, xотя во внутренней политике лично у меня к нему много претензий. А в так званом свiтовом суспiлстве - сплошное лицемерие, тройные стандарты, пресмыкателььство продажныx политическиx элит перед заокеанским гегемоном о прочие мерзости. Это от ниx нам надо ждать справедливисти? Это от ниx нам желать xорошего отношения? Нет уж увольте","Двойной стандарт - это сравнивать Голанские высоты и Крым. Что то я не припоминаю, что жители Голанских высот проводили референдум о присоединении к Израилю",россия,"запад, мировое сообщество, сша",70
ai,Василий Небензя: «Мы находимся в конфликте с Западом» | Интервью Би-би-си,UgwUeYSjL8Tn86aTXaN4AaABAg.A-rnLmyAm74A-wENNCC2tY,"@user вы лжете - по Конституции Украины президента должен был заменить не назначенец Рады, а Премьер министр. Это раз. Второе- Янукович был ЛЕГАЛЬНО избран и НЕЛЕГАЛЬНО свергнут. В Конституции статья 108 давала 4 (четыре) возможныx причины отстранения президента. Самоустранения среди этиx причин нет. И анарxии майдана в конституции тоже нет. Точка. Заранее опровергаю и предложение считать новые выборы президента в 2014 как бы легитимацией режима майдана - у Крыма были все основания и все права считать эту легитимизацию незаконной. Так что ДОСВИДАНИЯ...","Двойной стандарт - это сравнивать Голанские высоты и Крым. Что то я не припоминаю, что жители Голанских высот проводили референдум о присоединении к Израилю",крым российский,майдан,82
ai,Василий Небензя: «Мы находимся в конфликте с Западом» | Интервью Би-би-си,UgwUeYSjL8Tn86aTXaN4AaABAg.A-rnLmyAm74A-wEkXaL8Lc,"@user ну и как вам западная свобода слова? Половина мойx комментариев удаляются при том что в ниx нет ни одного нецензурного слова. Позорище убогое, трУсы, ментальные карлики 🖕","Двойной стандарт - это сравнивать Голанские высоты и Крым. Что то я не припоминаю, что жители Голанских высот проводили референдум о присоединении к Израилю",,запад,28
ai,Василий Небензя: «Мы находимся в конфликте с Западом» | Интервью Би-би-си,UgwUeYSjL8Tn86aTXaN4AaABAg.A-rnLmyAm74A-wNNF44ECy,"@user Здание парламента республики Крым никто не захватывал. Работу Крымского парламента блокировали крымские татары, которые собрались на площади и не допустили депутатов в здание парламента, чтобы проводить работу. На следующую ночь, с 26 на 27 февраля силы местной самообороны при поддержке вооруженных сил Российской Федерации освободили от крымских татар доступ к зданию крымского парламента, взяли его под охрану и утром, 27 числа, депутаты - никто их не заставлял, они сами прибыли на территорию крымского парламента - провели заседание. Об этом есть показания в киевском суде депутата по фамилии Ганыш, который как раз голосовал против проведения референдума, он был против этого и он в киевском суде под присягой как раз сказал, что прибыли они сами, никто не заставлял и никаких военнослужащих никакой армии в здании Крымского парламента не было, они нормально проводили работу. 11 марта 2014 г. Верховный Совет АРК принимает декларацию о независимости, ссылаясь на: * право наций на самоопределение («Устав ООН и другие документы»); * решение международного суда ООН в 2010 г. по поводу Косово: «Соответствует ли одностороннее провозглашение независимости временными институтами самоуправления Косово нормам международного права?» 16 марта 2014 г. проведен референдум. Было два варианта на выбор: 1. Восстановление конституции 6 мая 1992 г. - той самой, суверенной, в составе Украины (у которой конституция была принята только 28 июня 1996 года ). 2. Воссоединение с РФ на правах субъекта федерации.","Двойной стандарт - это сравнивать Голанские высоты и Крым. Что то я не припоминаю, что жители Голанских высот проводили референдум о присоединении к Израилю","крым российский, россия",,222
ai,Василий Небензя: «Мы находимся в конфликте с Западом» | Интервью Би-би-си,UgwUeYSjL8Tn86aTXaN4AaABAg.A-rnLmyAm74A-xOMlmYJBk,"@user Вы не поняли, они сейчас не против и нельзя доказать, что тогда были против, ведь нет свидетельств.","Двойной стандарт - это сравнивать Голанские высоты и Крым. Что то я не припоминаю, что жители Голанских высот проводили референдум о присоединении к Израилю",голанские высоты,,18
ai,Василий Небензя: «Мы находимся в конфликте с Западом» | Интервью Би-би-си,UgwUeYSjL8Tn86aTXaN4AaABAg.A-rnLmyAm74A-xQYp97ex2,"@user Если вам сейчас выслать автоматчиков с рекомендациями, что нужно сделать, вы всё, что просят, сделаете сами и будете не против. Причем по любому вопросу.","Двойной стандарт - это сравнивать Голанские высоты и Крым. Что то я не припоминаю, что жители Голанских высот проводили референдум о присоединении к Израилю",,крым российский,25
ai,Василий Небензя: «Мы находимся в конфликте с Западом» | Интервью Би-би-си,UgwUeYSjL8Tn86aTXaN4AaABAg.A-rnLmyAm74A-xn0_0Ke3i,"@user Для референдума не нужно никакого закона! Потому что референдум это прямое волеизъявление народа, высшая форма демократии. Таким образом референдум сильнее и первичнее любого закона, в том числе и конституции, поскольку конституция принимается и изменяется также путём референдума.","Двойной стандарт - это сравнивать Голанские высоты и Крым. Что то я не припоминаю, что жители Голанских высот проводили референдум о присоединении к Израилю",крым российский,,38
ai,Василий Небензя: «Мы находимся в конфликте с Западом» | Интервью Би-би-си,UgwUeYSjL8Tn86aTXaN4AaABAg.A-rnLmyAm74A-xr6sYTqEy,"@user референдум — это требование международного права. И его нельзя просто так взять и объявить. Для этого нужно, чтобы государство, в котором проживает определенный народ нарушало или притесняло права этого народа (как это было в Крыму, на Донбассе). Это единственный случай по международному праву, когда определенный народ может использовать право на самоопределение","Двойной стандарт - это сравнивать Голанские высоты и Крым. Что то я не припоминаю, что жители Голанских высот проводили референдум о присоединении к Израилю",крым российский,,52
ai,Василий Небензя: «Мы находимся в конфликте с Западом» | Интервью Би-би-си,UgwUeYSjL8Tn86aTXaN4AaABAg.A-rnLmyAm74A-xrjpxNuSy,"@user не путайте депутатов,которые в любом государстве пешки,и мнение народа.что вам важнее? думаю,что все-таки обиженные) депутаты.","Двойной стандарт - это сравнивать Голанские высоты и Крым. Что то я не припоминаю, что жители Голанских высот проводили референдум о присоединении к Израилю",крым российский,,16
ai,Василий Небензя: «Мы находимся в конфликте с Западом» | Интервью Би-би-си,UgwUeYSjL8Tn86aTXaN4AaABAg.A-rnLmyAm74A-xtKgLcwFi,@user я с вами по поводу значимости референдума абсолютно согласен. Я отвечал промайданному персонажу на его казуиститечский вопрос,"Двойной стандарт - это сравнивать Голанские высоты и Крым. Что то я не припоминаю, что жители Голанских высот проводили референдум о присоединении к Израилю",крым российский,,18
ai,Василий Небензя: «Мы находимся в конфликте с Западом» | Интервью Би-би-си,UgwUeYSjL8Tn86aTXaN4AaABAg.A-rnLmyAm74A-xu3Yq1Ki3,"@user какое ""требование международного права"" по отношению к референдуму???? Британия делала референдум по выходу из ЕС без всякого международного права. Шотландия делала референдум о выходе из Британии без всякого международного права. Латвия и ВОСЕМЬ других стран имели референдум пр ВСТУПЛЕНИЮ в ЕС в 2003 году опять без всякого международного права. ЧТО ВЫ НЕСЁТЕ?","Двойной стандарт - это сравнивать Голанские высоты и Крым. Что то я не припоминаю, что жители Голанских высот проводили референдум о присоединении к Израилю",крым российский,,53
ai,Василий Небензя: «Мы находимся в конфликте с Западом» | Интервью Би-би-си,UgwUeYSjL8Tn86aTXaN4AaABAg.A-rnLmyAm74A-xuWX-gMcX,"@user а если к вам сейчас выслать толпу майданутых и меджлисанутых с ""рекомендациями"" то вы просто станете одним из них, что видимо с вами уже и случилось. Чем майдан лучше автоматчиков?","Двойной стандарт - это сравнивать Голанские высоты и Крым. Что то я не припоминаю, что жители Голанских высот проводили референдум о присоединении к Израилю",,майдан,31
ai,Василий Небензя: «Мы находимся в конфликте с Западом» | Интервью Би-би-си,UgwUeYSjL8Tn86aTXaN4AaABAg.A-rnLmyAm74A-y4qSZH5fn,"@user Для референдума не нужно никакого закона? ))))
Сейчас вы захотите в Крыму провести референдум по любому вопросу, например, объединить Крым и Севастополь в один субъект РФ, я правильно понял, вам для организации и проведения такого референдума никаких законов не надо? ))))","Двойной стандарт - это сравнивать Голанские высоты и Крым. Что то я не припоминаю, что жители Голанских высот проводили референдум о присоединении к Израилю",,крым российский,42
ai,Василий Небензя: «Мы находимся в конфликте с Западом» | Интервью Би-би-си,UgwUeYSjL8Tn86aTXaN4AaABAg.A-rnLmyAm74A-y536rUAJm,"@user Так если депутаты - пешки и ничего не значат, назначили бы референдум сразу из Москвы...)))","Двойной стандарт - это сравнивать Голанские высоты и Крым. Что то я не припоминаю, что жители Голанских высот проводили референдум о присоединении к Израилю",крым российский,,16
ai,Василий Небензя: «Мы находимся в конфликте с Западом» | Интервью Би-би-си,UgwUeYSjL8Tn86aTXaN4AaABAg.A-rnLmyAm74A-y7gYaWVl0,"Шотландия назначила себе референдум в рамках тех полномочий, которые предоставил Лондон. )))","Двойной стандарт - это сравнивать Голанские высоты и Крым. Что то я не припоминаю, что жители Голанских высот проводили референдум о присоединении к Израилю",,крым российский,12
ai,Василий Небензя: «Мы находимся в конфликте с Западом» | Интервью Би-би-си,UgwUeYSjL8Tn86aTXaN4AaABAg.A-rnLmyAm74A-y9oPmQLOp,"@user Вы чо тупите?Вам уже объяснили,что Крым АВТОНОМНАЯ республика со своей Конституцией с 21 октября 1998года!!!","Двойной стандарт - это сравнивать Голанские высоты и Крым. Что то я не припоминаю, что жители Голанских высот проводили референдум о присоединении к Израилю",крым российский,,16
ai,Василий Небензя: «Мы находимся в конфликте с Западом» | Интервью Би-би-си,UgwUeYSjL8Tn86aTXaN4AaABAg.A-rnLmyAm74A-ySNdiA2Cl,"@user то есть если бы Лондон не был так ""любезен"", то шотландцы должны были бы заткнуться и помалкивать? Ну а почему тогда майданный Киев не последовал примеру светоча демократии Лондона и не уполномочил Крым тоже провести референдум? Где уважение к свободе мнений и к народному волеизъявлению???","Двойной стандарт - это сравнивать Голанские высоты и Крым. Что то я не припоминаю, что жители Голанских высот проводили референдум о присоединении к Израилю",крым российский,майдан,46
ai,Василий Небензя: «Мы находимся в конфликте с Западом» | Интервью Би-би-си,UgwUeYSjL8Tn86aTXaN4AaABAg.A-rnLmyAm74A-yjEEVXkmo,"@user Т.е. когда-то Шотландия не имела автономии. Поэтому да, по решению Лондона. И вообще большинство стран мира являются унитарными, в центре решают, по каким законам живёт вся страна. Свобода мнения - индивидуальная свобода, это право человека свободно выражать своё мнение, которое включает в себя свободу придерживаться своего мнения и свободу получать и распространять информацию и идеи без какого-либо вмешательства со стороны публичных властей и независимо от государственных границ. Референдум - это форма волеизъявления граждан, выражающаяся в голосовании по наиболее значимым вопросам общегосударственного, регионального или местного значения. А вы всё смешали. Порядок проведения референдумов установлен конституцией или законом страны. Следовательно, если это унитарная страна типа Украины - центральными органами власти.","Двойной стандарт - это сравнивать Голанские высоты и Крым. Что то я не припоминаю, что жители Голанских высот проводили референдум о присоединении к Израилю",,крым российский,109
ai,Василий Небензя: «Мы находимся в конфликте с Западом» | Интервью Би-би-си,UgwUeYSjL8Tn86aTXaN4AaABAg.A-rnLmyAm74A-ym36ZJQrc,"@user спасибо за лекцию, дорогой капитан очевидность, только за вашим многословием вы спрятали ФАКТ: УКРАИНА БЫЛА В ФОРСМАЖОРНОМ СОСТОЯНИИ, называемым ""революцией"" одними, и переворотом - другими. Но мы не позволим вам сей факт замылить.
Помните как проходил самый последний референдум на Украине в декабре 1991 года? Там сам вопрос референдума был ""Поддерживаете ли Вы Акт провозглашения независимости Украины?"" ...и сам Акт начался словами ""Исходя из смертельный опасности, нависшей было над Украиной в связи с ГОСУДАРСТВЕННЫМ ПЕРЕВОРОТОМ в СССР 19 Августа 1991 года, ....""
Вопросы к вам: - давал ли СССР разрешение на проведение того референдума?
- сравнивая ГКЧП с майданом, могли ли крымчане считать переворот в Киеве смертельной опасностью при том, что ГКЧП не ловил и не избивал украинцев в условном Корсунь-Шевченковскoм и не обещал Киеву ""поездами дружбы""?","Двойной стандарт - это сравнивать Голанские высоты и Крым. Что то я не припоминаю, что жители Голанских высот проводили референдум о присоединении к Израилю",крым российский,майдан,128
ai,Василий Небензя: «Мы находимся в конфликте с Западом» | Интервью Би-би-си,UgwUeYSjL8Tn86aTXaN4AaABAg.A-rnLmyAm74A-ysaVk5TIt,"@user автономная республика, но не страна. Референдум может быть проведен только лишь на основании законодательства Украины, либо России. Обычно, для подготовки такого референдума необходимо несколько лет. Чтоб соблюсти все требования, которые необходимы для проведения подобного референдума. Референдум не делается на коленке и под дулом автомата. Иными словами, страна Россия совершила захват территории чужой страны Украины.","Двойной стандарт - это сравнивать Голанские высоты и Крым. Что то я не припоминаю, что жители Голанских высот проводили референдум о присоединении к Израилю",,"крым российский, россия",55
ai,Василий Небензя: «Мы находимся в конфликте с Западом» | Интервью Би-би-си,UgwUeYSjL8Tn86aTXaN4AaABAg.A-rnLmyAm74A-z4D0w7Pl-,И Фолклендские острова,"Двойной стандарт - это сравнивать Голанские высоты и Крым. Что то я не припоминаю, что жители Голанских высот проводили референдум о присоединении к Израилю",крым российский,,3
ai,Василий Небензя: «Мы находимся в конфликте с Западом» | Интервью Би-би-си,UgwUeYSjL8Tn86aTXaN4AaABAg.A-rnLmyAm74A-zBVhgS2Fx,"@user Вы не понимаете разницы между свободой слова и народным волеизъявлением - приходится читать ""лекцию"".
Что касается права выхода Украины из состава СССР - см. п. 26 договора об образовании СССР.","Двойной стандарт - это сравнивать Голанские высоты и Крым. Что то я не припоминаю, что жители Голанских высот проводили референдум о присоединении к Израилю",крым российский,,31
ai,Василий Небензя: «Мы находимся в конфликте с Западом» | Интервью Би-би-си,UgwUeYSjL8Tn86aTXaN4AaABAg.A-rnLmyAm74A0-CaiH4v_F,"@user До Российской империи на её месте было Русское царство в окружении Великого Новгорода, ВКЛ, Рязанского и Тверского княжеств, Золотой Орды, Казанского ханства. А вместо ""исконно русского"" Крыма было Крымское ханство. К сожалению, машина времени не придумана, поэтому я не могу вам купить билет из XXI века в прошлое.","Двойной стандарт - это сравнивать Голанские высоты и Крым. Что то я не припоминаю, что жители Голанских высот проводили референдум о присоединении к Израилю",,крым российский,49
ai,Василий Небензя: «Мы находимся в конфликте с Западом» | Интервью Би-би-си,UgwUeYSjL8Tn86aTXaN4AaABAg.A-rnLmyAm74A0-M2UcgTQ7,"@user не подскажете, по каким законам проводился референдум в Крыму в 1992 году и кто военным путем анулировал решение народа Крыма?","Двойной стандарт - это сравнивать Голанские высоты и Крым. Что то я не припоминаю, что жители Голанских высот проводили референдум о присоединении к Израилю",крым российский,,21
ai,Василий Небензя: «Мы находимся в конфликте с Западом» | Интервью Би-би-си,UgwUeYSjL8Tn86aTXaN4AaABAg.A-rnLmyAm74A0-Mb_Z-UeO,"@user как оxотно вы записали меня в имбицилы за связь индивидуальной свободы слова с народным волеизъявлением! Удобно, правда? А между тем эта связь очевидна - это просто свобода, которая либо есть либо нет. Есть ведь еще и другие ипостаси свободы. Вы не можете сказать свобода слова это одно, но свобода передвижения - это другое. Типа говори что xочешь, но не смей уеxать. Это так не работает. Я не видел ни одной констутуции где свобода делилаась бы на индивидуалльную и коллектуъивную. И наконец простой довод: в xоде референдума граждане опускают бюлетень в избираыельную урну ИНДИВИДУАЛЬНО (то есть каждый гражданин отдельлно). Все еще настаиваете на принципиальной разнице между свободой слова и свободой волеизъявлния? Если да - объясните это майданным активистам. Это они объясняли свое право на КОЛЛЕКТИВНЫЙ протест в том числе именно ИНДИВИДУАЛЬНОЙ свободой слова. Так что ваша казуистика - пшик.","Двойной стандарт - это сравнивать Голанские высоты и Крым. Что то я не припоминаю, что жители Голанских высот проводили референдум о присоединении к Израилю",крым российский,,139
ai,Василий Небензя: «Мы находимся в конфликте с Западом» | Интервью Би-би-си,UgwUeYSjL8Tn86aTXaN4AaABAg.A-rnLmyAm74A0-N2ud-N1U,"@user теперь по статье 26 в Союзном договоре 1922 года
вы не случайно сами её не привели не смотря на то что в ней меньше 10 слов. Маловато для обоснования референдума, не правда ли. Теперь смотрите КАК свобода выxода из СССР должна была реализовываться. Чуъитайте внимательлно
3 апреля 1990 года Закон СССР «О порядке решения вопросов, связанных с выходом союзной республики из СССР» Согласно закону решение о выходе союзной республики из СССР должно приниматься путем референдума (народного голосования), причем референдум должен был состояться не ранее шести месяцев с момента постановки вопроса о выходе союзной республики из СССР. (!)В союзной республике, имевшей в своем составе автономные республики, автономные области и автономные округа, референдум должен проводиться отдельно по каждой автономии. Таким образом, предусмотренные законом другие процедурные ограничения и установление переходного периода сроком до пяти лет делали практически невозможным выход союзных республик из СССР. (см.: Закон СССР от 3 апреля 1990 года «О порядке решения вопросов, связанных с выходом союзной республики из СССР» // Ведомости СНД и ВС СССР. 1990. № 15. Ст. 252)","Двойной стандарт - это сравнивать Голанские высоты и Крым. Что то я не припоминаю, что жители Голанских высот проводили референдум о присоединении к Израилю",крым российский,,171
ai,Василий Небензя: «Мы находимся в конфликте с Западом» | Интервью Би-би-си,UgwUeYSjL8Tn86aTXaN4AaABAg.A-rnLmyAm74A0-VM325DAB,"@user Учебник 20 летней давности. ) В каждой стране историей иногда занимаются странные люди. Я же вам не предлагаю почитать историю Фоменко. ) Или можно было бы ткнуть, что из российских учебников убрали слова ""Киев"" и ""Киевская Русь"".","Двойной стандарт - это сравнивать Голанские высоты и Крым. Что то я не припоминаю, что жители Голанских высот проводили референдум о присоединении к Израилю",,россия,38
ai,Василий Небензя: «Мы находимся в конфликте с Западом» | Интервью Би-би-си,UgwUeYSjL8Tn86aTXaN4AaABAg.A-rnLmyAm74A0-ZM_DV9On,"@user Эта которую поймали после того, как она призывала прийти на сепаратистский референдум...","Двойной стандарт - это сравнивать Голанские высоты и Крым. Что то я не припоминаю, что жители Голанских высот проводили референдум о присоединении к Израилю",,крым российский,13
ai,Василий Небензя: «Мы находимся в конфликте с Западом» | Интервью Би-би-си,UgwUeYSjL8Tn86aTXaN4AaABAg.A-rnLmyAm74A0-ZkZGSDE1,"@user Да? А зачем убрали? В век интернета странно это. Из какого города вещаете? Куева- мать городов русских. Киевская Русь, а не киевская Украина. Зачем убирать? Не вижу логики.","Двойной стандарт - это сравнивать Голанские высоты и Крым. Что то я не припоминаю, что жители Голанских высот проводили референдум о присоединении к Израилю",россия,,29
ai,Василий Небензя: «Мы находимся в конфликте с Западом» | Интервью Би-би-си,UgwUeYSjL8Tn86aTXaN4AaABAg.A-rnLmyAm74A0-ZwTzXnQi,@user закону республики Крым.,"Двойной стандарт - это сравнивать Голанские высоты и Крым. Что то я не припоминаю, что жители Голанских высот проводили референдум о присоединении к Израилю",крым российский,,4
ai,Василий Небензя: «Мы находимся в конфликте с Западом» | Интервью Би-би-си,UgwUeYSjL8Tn86aTXaN4AaABAg.A-rnLmyAm74A0-aVnEIGcn,"Господин Небензя, Вы спросите своего собеседникао том, хоть раз Россия вмешивалась в избирательный процесс в другой стране? Проводила ли хоть раз какую- предвыборную агитацию на чужой территории?! Если бы это случилось, то наверное весь запад бы орал во все горло.","Двойной стандарт - это сравнивать Голанские высоты и Крым. Что то я не припоминаю, что жители Голанских высот проводили референдум о присоединении к Израилю",россия,запад,40
ai,Василий Небензя: «Мы находимся в конфликте с Западом» | Интервью Би-би-си,UgwUeYSjL8Tn86aTXaN4AaABAg.A-rnLmyAm74A0-dokvd5x1,"@user возмущаемся, что враги в лице украины и запада в чем-то обвиняют? да нисколько. если у вас есть аргументирвоанные претензии, а не несправедливые обвинения, как ты говоришь - выдвигай пожалуйста, иди на переговоры, решай все миром. уверен что правых сторон в этом конфликте нет вообще.все измазаны тройным слоем грязи и гомна. и РФ измазана в этом плане намного меньше, чем украина и страны нато","Двойной стандарт - это сравнивать Голанские высоты и Крым. Что то я не припоминаю, что жители Голанских высот проводили референдум о присоединении к Израилю",россия,"война в украине, запад, нато",64
ai,Василий Небензя: «Мы находимся в конфликте с Западом» | Интервью Би-би-си,UgwUeYSjL8Tn86aTXaN4AaABAg.A-rnLmyAm74A0-eXlyogyb,"@user да примеров то можно много привести. та же восточная германия присоединялась по той же схеме, и также там учитывалась воля народов. повторю, что РФ это сделала не первой, и сокрее всего не последней. удивляет истерика запада о том, что России, в отличие от западных игроков это делать нельзя. но повторю, это никого сейчас не возмущает, возмущало после отъема косово в 1999, когда это не было такой практикой, как сейчас","Двойной стандарт - это сравнивать Голанские высоты и Крым. Что то я не припоминаю, что жители Голанских высот проводили референдум о присоединении к Израилю","крым российский, россия",запад,70
ai,Василий Небензя: «Мы находимся в конфликте с Западом» | Интервью Би-би-си,UgwUeYSjL8Tn86aTXaN4AaABAg.A-rnLmyAm74A0-fAOEA5d6,"@user какая может быть законность назначения во время революции в стране перед гражданской войной? там и в киеве на тот момент принимались антиконституционные решения. депутаты, которых сгоняли не принимали же решения об отторжении крыма, как косовские об отторжении косово. они приняли решение, возможно некоторые из них боялись чего-то. и поэтому понятий я не подмениваю. решение было принято именно демократическим путем народом крыма, а не теми депутатами","Двойной стандарт - это сравнивать Голанские высоты и Крым. Что то я не припоминаю, что жители Голанских высот проводили референдум о присоединении к Израилю",крым российский,майдан,66
ai,Василий Небензя: «Мы находимся в конфликте с Западом» | Интервью Би-би-си,UgwUeYSjL8Tn86aTXaN4AaABAg.A-rnLmyAm74A0-i_w59gXi,"@user Референдум, проведённый через 10 дней после назначения, не может быть в принципе признан референдумом.","Двойной стандарт - это сравнивать Голанские высоты и Крым. Что то я не припоминаю, что жители Голанских высот проводили референдум о присоединении к Израилю",,крым российский,15
ai,Василий Небензя: «Мы находимся в конфликте с Западом» | Интервью Би-би-си,UgwUeYSjL8Tn86aTXaN4AaABAg.A-rnLmyAm74A0-lsv7Mpxw,"@user с чего это вдруг? если придумывать всякие левые оправдания, то конечно в какой-то момент можно прийти к неполной легитимности такого референдума. идеально такие вещи проводятся, когда в стране мир и порядок, а не революция и поезда ""дружбы"" с националистами едущие в крым помогать новую западно-майданную власть любить, как позже подобный десант высадился в харькове и одессе. как ты думаешь, в польше и финляндии заморачивались с легитимизацией выхода из послереволюционной россии? я думаю, что Россия имела право рыпнуться на польшу и финляндию, так как это ее бывшие территории. но и те страны имели право слать будущий рсфср на 3 буквы, так как им не по новому красному пути совка. понимаешь, что обе стороны правы в своих претензиях. и эти претензии разрешаются либо миром либо войной. ссср войну слило и претензии отозвало. с вами точно также. войну на донбассе слили, но РФ попыталась вам вернуть по мирному обратно минском 2. вы не согласились его выполнять и решили дальше бомбить русских. получили войну. какие еще вопросы с вашей стороны о легитимностях в нелегитимной стране после нелегитимной смены власти?","Двойной стандарт - это сравнивать Голанские высоты и Крым. Что то я не припоминаю, что жители Голанских высот проводили референдум о присоединении к Израилю","война в украине, крым российский, россия",майдан,176
ai,Василий Небензя: «Мы находимся в конфликте с Западом» | Интервью Би-би-си,UgwUeYSjL8Tn86aTXaN4AaABAg.A-rnLmyAm74A008rhh17ar,"@user Я в курсе , что такое Залесье и без проверок. Забавляйтесь дальше, а у меня нет такого терпения и времени, как у Ваших оппонентов ,что-то объяснять морекопателям и майданутым, вроде Вас. Так что всего хорошего, прощайте.","Двойной стандарт - это сравнивать Голанские высоты и Крым. Что то я не припоминаю, что жители Голанских высот проводили референдум о присоединении к Израилю",,майдан,37
ai,Василий Небензя: «Мы находимся в конфликте с Западом» | Интервью Би-би-си,UgwUeYSjL8Tn86aTXaN4AaABAg.A-rnLmyAm74A00VYbfoeEQ,"@user республика Крым - это не страна. Только правительство страны может инициировать у себя референдум, если имеются на то объективные причины по собственному законодательству. Обычно, на подготовку такого референдума уходит не менее 5 лет. Так ещё раз: по законодательству какой страны проходил референдум в Крыму? По законодательству страны Украина? или по законодательству РФ?","Двойной стандарт - это сравнивать Голанские высоты и Крым. Что то я не припоминаю, что жители Голанских высот проводили референдум о присоединении к Израилю",,крым российский,53
ai,Василий Небензя: «Мы находимся в конфликте с Западом» | Интервью Би-би-си,UgwUeYSjL8Tn86aTXaN4AaABAg.A-rnLmyAm74A00iVK5OXx5,@user Фолклендские острова Великобритания захватила и провела референдум. Не жмут двойные стандарты?,"Двойной стандарт - это сравнивать Голанские высоты и Крым. Что то я не припоминаю, что жители Голанских высот проводили референдум о присоединении к Израилю",крым российский,,12
ai,Василий Небензя: «Мы находимся в конфликте с Западом» | Интервью Би-би-си,UgwUeYSjL8Tn86aTXaN4AaABAg.A-rnLmyAm74A015VWiqlIo,Закон о границах 2003г подписал путин от рф вот и выполнять,"Двойной стандарт - это сравнивать Голанские высоты и Крым. Что то я не припоминаю, что жители Голанских высот проводили референдум о присоединении к Израилю",,"крым российский, россия",11
ai,Василий Небензя: «Мы находимся в конфликте с Западом» | Интервью Би-би-си,UgwUeYSjL8Tn86aTXaN4AaABAg.A-rnLmyAm74A0182tVWz9Z,"@user)))
Спор о суверенитете между Аргентиной и Великобританией идут уже около двух столетий. Ни одна из сторон не признавала за другой права на эти острова. РФ признала несколькими международными договорами и другими документами суверенитет и границы Украины с 1991 по 2010 год. Pacta sunt servanda (с латинского «договоры должны соблюдаться») — основополагающий принцип гражданского и международного права.
Поэтому Россия осталась одна против большинства мирового сообщества.","Двойной стандарт - это сравнивать Голанские высоты и Крым. Что то я не припоминаю, что жители Голанских высот проводили референдум о присоединении к Израилю",мировое сообщество,"крым российский, россия",65
ai,Василий Небензя: «Мы находимся в конфликте с Западом» | Интервью Би-би-си,UgwUeYSjL8Tn86aTXaN4AaABAg.A-rnLmyAm74A019wd7xmJt,"@user Ну Украина только изменила конституцию, где из нейтральной страны превращалась в возможного врага, а именно на основе конституции Украины и было признание. Россия признала всю территорию Украины с условием нахождения базы ЧФ на территории Крыма.","Двойной стандарт - это сравнивать Голанские высоты и Крым. Что то я не припоминаю, что жители Голанских высот проводили референдум о присоединении к Израилю","крым российский, россия",,36
ai,Василий Небензя: «Мы находимся в конфликте с Западом» | Интервью Би-би-си,UgwUeYSjL8Tn86aTXaN4AaABAg.A-rnLmyAm74A01Ql0ZzAz_,"@user Вы красиво себе на придумали...)
1. Никаких оговорок о внеблоковости до 2014 года России при признании не ставила условием и не подписывала.
2. Украина перестала быть нейтральной из-за и после 2014 года и нападения, а не наоборот.","Двойной стандарт - это сравнивать Голанские высоты и Крым. Что то я не припоминаю, что жители Голанских высот проводили референдум о присоединении к Израилю",,"крым российский, россия",38
ai,Василий Небензя: «Мы находимся в конфликте с Западом» | Интервью Би-би-си,UgwUeYSjL8Tn86aTXaN4AaABAg.A-rnLmyAm74A01_1Sl2Btd,И в Крыму не было референдума. Фашисты тоже проводили такие спектакли как россияне в Крыму.,"Двойной стандарт - это сравнивать Голанские высоты и Крым. Что то я не припоминаю, что жители Голанских высот проводили референдум о присоединении к Израилю",,"крым российский, россия",15
ai,Василий Небензя: «Мы находимся в конфликте с Западом» | Интервью Би-би-си,UgwUeYSjL8Tn86aTXaN4AaABAg.A-rnLmyAm74A01igtlFmZ4,"@user На основании статьи Конституции Украины (статья 138), Автономная Республика Крым тоже имела право на местный референдум. А ведь именно местный референдум и был назначен. В Конституции полуострова 1998-го года, капитально обрубленной Киевом в правах, сказано, что при несоответствии решений парламента Крыма украинской Конституции приостанавливать их действие может только президент Украины с одновременным обращением в Конституционный Суд Украины относительно их конституционности. Единственным легитимным президентом Украины был Янукович, который ничего и не оспаривал. А значит формально действия Парламента Крыма не подпадают под нарушения основного закона Украины. И уж тем более никто не обращался в Конституционный суд, судей которого разогнали 24 февраля 2014 года.Более того, в 2019 году Конституционный суд фактически легализовали решения, принятые на референдуме в Крыму. Суд рассматривал вопрос о проведении досрочных выборов в Верховную Раду. В решении КС говорится о том, что досрочные выборы полностью соответствуют украинскому законодательству, так как проведены в соответствии с «волей народа», согласно которой было выражено недоверие к действовавшей до этого Верховной Раде. Суд сослался статью 5 Конституции, где написано, что «народ – источник власти». Поэтому референдум в Крыму, ведомые той же волей народа, также является ЛЕГАЛЬНЫМ.","Двойной стандарт - это сравнивать Голанские высоты и Крым. Что то я не припоминаю, что жители Голанских высот проводили референдум о присоединении к Израилю",крым российский,майдан,182
ai,Трамп — Зеленскому: «Вы доиграетесь до Третьей мировой». Полная версия спора с субтитрами,UgwaDHt9zdVIgnOA9DF4AaABAg.AF6SHZK2bTvAF6YQkRgP5j,Честных журналистов выгнали.,"Никогда еще американские журналисты не были так молчаливы и тихи. Они не верили своим ушам, что все это происходит прям перед их глазами. мне, кажется, даже мухи перестали летать, чтобы не мешать 😅",,американские журналисты,3
ai,Трамп — Зеленскому: «Вы доиграетесь до Третьей мировой». Полная версия спора с субтитрами,UgwaDHt9zdVIgnOA9DF4AaABAg.AF6SHZK2bTvAF6ccw-mO9K,"@user Честных журналистов?? Это которые всегда перебивают и сказать ничего не дают?😂 Так это не журналисты, а пропагандисты, типа сливного бачка Скабеевой... Это их выгнали??😂Эх жаль... Они бы рассказали омэриканцам, кто на самом деле Бомбас Домбил☝☝","Никогда еще американские журналисты не были так молчаливы и тихи. Они не верили своим ушам, что все это происходит прям перед их глазами. мне, кажется, даже мухи перестали летать, чтобы не мешать 😅",,"американские журналисты, всу",36
ai,Трамп — Зеленскому: «Вы доиграетесь до Третьей мировой». Полная версия спора с субтитрами,UgwaDHt9zdVIgnOA9DF4AaABAg.AF6SHZK2bTvAF6ckLsMGv3,что бы опустить перед миром зелю специально продемонстрировали это порно публично .........,"Никогда еще американские журналисты не были так молчаливы и тихи. Они не верили своим ушам, что все это происходит прям перед их глазами. мне, кажется, даже мухи перестали летать, чтобы не мешать 😅",,владимир зеленский,12
ai,Трамп — Зеленскому: «Вы доиграетесь до Третьей мировой». Полная версия спора с субтитрами,UgwaDHt9zdVIgnOA9DF4AaABAg.AF6SHZK2bTvAF6dCbYxrAL,Видно как очки рейтинга слева падают а справа растут ))),"Никогда еще американские журналисты не были так молчаливы и тихи. Они не верили своим ушам, что все это происходит прям перед их глазами. мне, кажется, даже мухи перестали летать, чтобы не мешать 😅",дональд трамп,владимир зеленский,10
ai,Трамп — Зеленскому: «Вы доиграетесь до Третьей мировой». Полная версия спора с субтитрами,UgwaDHt9zdVIgnOA9DF4AaABAg.AF6SHZK2bTvAF6dIBbx-FS,"Ага , тихо как в гробу ! Но теперь становится абсолютно ясным кому нужна война , и становится понятным что Европа теперь увязнет в дерьме войны по самые уши со своей возрождающиеся идеологией нацизма и в Европе следует ожидать большого шухера так как Европа увидела как можно ( или нужно ) разговаривать с США , да и Зеленский теперь не будет просить , дай-дай-дай , а будет требовать то что ему будет нужно так как Европа уже замарана кровью этой войны .","Никогда еще американские журналисты не были так молчаливы и тихи. Они не верили своим ушам, что все это происходит прям перед их глазами. мне, кажется, даже мухи перестали летать, чтобы не мешать 😅",,"владимир зеленский, война в украине, запад, помощь украине",82
ai,Трамп — Зеленскому: «Вы доиграетесь до Третьей мировой». Полная версия спора с субтитрами,UgwaDHt9zdVIgnOA9DF4AaABAg.AF6SHZK2bTvAF6dy7od7z7,"Вот как благодарить наглый клоун людей которые долгое время кармил и обул как говорится рано или поздно зверь укусит своего кормильца, также ани отблагодарият ЭВРОКОМИКАМ.","Никогда еще американские журналисты не были так молчаливы и тихи. Они не верили своим ушам, что все это происходит прям перед их глазами. мне, кажется, даже мухи перестали летать, чтобы не мешать 😅",,"владимир зеленский, запад, помощь украине",25
ai,Трамп — Зеленскому: «Вы доиграетесь до Третьей мировой». Полная версия спора с субтитрами,UgwaDHt9zdVIgnOA9DF4AaABAg.AF6SHZK2bTvAF6eWCI5QVS,"Дааа, вова совсем прикуел...","Никогда еще американские журналисты не были так молчаливы и тихи. Они не верили своим ушам, что все это происходит прям перед их глазами. мне, кажется, даже мухи перестали летать, чтобы не мешать 😅",,владимир зеленский,4
ai,Трамп — Зеленскому: «Вы доиграетесь до Третьей мировой». Полная версия спора с субтитрами,UgwaDHt9zdVIgnOA9DF4AaABAg.AF6SHZK2bTvAF6en7P3LZQ,"После визита зели американцам можно месяц лапшу варить, столько навещал зеля им, приехал сказки раньше проходили и сейчас прокатит,😂дедушки то джо уже нет 😂😂😂","Никогда еще американские журналисты не были так молчаливы и тихи. Они не верили своим ушам, что все это происходит прям перед их глазами. мне, кажется, даже мухи перестали летать, чтобы не мешать 😅",,"владимир зеленский, сша",24
ai,Трамп — Зеленскому: «Вы доиграетесь до Третьей мировой». Полная версия спора с субтитрами,UgwaDHt9zdVIgnOA9DF4AaABAg.AF6SHZK2bTvAF6ezY8JslP,"Да, такого позора Америка не испытывала давно. Возможно никогда. Выбрать торгаша авантюриста, который между честью и наживой предпочел наживу - это стыдно.","Никогда еще американские журналисты не были так молчаливы и тихи. Они не верили своим ушам, что все это происходит прям перед их глазами. мне, кажется, даже мухи перестали летать, чтобы не мешать 😅",,"дональд трамп, сша",22
ai,Трамп — Зеленскому: «Вы доиграетесь до Третьей мировой». Полная версия спора с субтитрами,UgwaDHt9zdVIgnOA9DF4AaABAg.AF6SHZK2bTvAF6f2elbcro,@user и без попрошаек😂,"Никогда еще американские журналисты не были так молчаливы и тихи. Они не верили своим ушам, что все это происходит прям перед их глазами. мне, кажется, даже мухи перестали летать, чтобы не мешать 😅",,"владимир зеленский, помощь украине",4
ai,Трамп — Зеленскому: «Вы доиграетесь до Третьей мировой». Полная версия спора с субтитрами,UgwaDHt9zdVIgnOA9DF4AaABAg.AF6SHZK2bTvAF6fCjpupiQ,Нападение двоих на одново как это назвать??????просто пративна инетокчична,"Никогда еще американские журналисты не были так молчаливы и тихи. Они не верили своим ушам, что все это происходит прям перед их глазами. мне, кажется, даже мухи перестали летать, чтобы не мешать 😅",владимир зеленский,дональд трамп,9
ai,Трамп — Зеленскому: «Вы доиграетесь до Третьей мировой». Полная версия спора с субтитрами,UgwaDHt9zdVIgnOA9DF4AaABAg.AF6SHZK2bTvAF6fXwmv7kB,"@user Просто бизнес,и ничего личного.....Но как паскудно все это выглядит....","Никогда еще американские журналисты не были так молчаливы и тихи. Они не верили своим ушам, что все это происходит прям перед их глазами. мне, кажется, даже мухи перестали летать, чтобы не мешать 😅",,дональд трамп,10
ai,Трамп — Зеленскому: «Вы доиграетесь до Третьей мировой». Полная версия спора с субтитрами,UgwaDHt9zdVIgnOA9DF4AaABAg.AF6SHZK2bTvAF6gJIuJSVV,"@user да, отвратительно.","Никогда еще американские журналисты не были так молчаливы и тихи. Они не верили своим ушам, что все это происходит прям перед их глазами. мне, кажется, даже мухи перестали летать, чтобы не мешать 😅",,американские журналисты,3
ai,Трамп — Зеленскому: «Вы доиграетесь до Третьей мировой». Полная версия спора с субтитрами,UgwaDHt9zdVIgnOA9DF4AaABAg.AF6SHZK2bTvAF6gkMYY4aJ,"@user Трамп хочет как Путин, ещё и конституцию изменит, чтобы опять быть президентом","Никогда еще американские журналисты не были так молчаливы и тихи. Они не верили своим ушам, что все это происходит прям перед их глазами. мне, кажется, даже мухи перестали летать, чтобы не мешать 😅",,дональд трамп,13
ai,Трамп — Зеленскому: «Вы доиграетесь до Третьей мировой». Полная версия спора с субтитрами,UgwaDHt9zdVIgnOA9DF4AaABAg.AF6SHZK2bTvAF6hRSYwVSp,"тараканы тоже слушают,.. мне вообще кажется, что телюди которые жили до меня и после меня многое потеряли, я 74 года рождения, глубокий ссср, слово пацана, афган итп, перестройка, чечня, ельцин путин скотские нулевые жирные десятые, война,... мне кажется довольно уже,... под самарой участок за 300тыщ с домом сбереженй хватит на пенсию,.. и пошло оно всё..., завести собаку скотину а вы е..сь все","Никогда еще американские журналисты не были так молчаливы и тихи. Они не верили своим ушам, что все это происходит прям перед их глазами. мне, кажется, даже мухи перестали летать, чтобы не мешать 😅",,война в украине,62
ai,Трамп — Зеленскому: «Вы доиграетесь до Третьей мировой». Полная версия спора с субтитрами,UgwaDHt9zdVIgnOA9DF4AaABAg.AF6SHZK2bTvAF6hhTqiZre,"Выкидыш совсем оборзел.На кого попер????Вот это мания Величия.🤦Ну актер хороший.Ну и что? Вот и пускает свои актерские способности во ВРАНЬЕ.Да,Зеленский плохо кончишь.С Трампом так не надо было.","Никогда еще американские журналисты не были так молчаливы и тихи. Они не верили своим ушам, что все это происходит прям перед их глазами. мне, кажется, даже мухи перестали летать, чтобы не мешать 😅",дональд трамп,владимир зеленский,27
ai,Трамп — Зеленскому: «Вы доиграетесь до Третьей мировой». Полная версия спора с субтитрами,UgwaDHt9zdVIgnOA9DF4AaABAg.AF6SHZK2bTvAF6hs8gKoE4,"@user! Это мрак! То, что он нёс,,,,,, ни слова, ни единого слова правды! Всё--сплошная, наглая ложь! Трамп слушает,,,, неужели он этому верит! Хотя,,, наверное, верит! Правды то не знает!","Никогда еще американские журналисты не были так молчаливы и тихи. Они не верили своим ушам, что все это происходит прям перед их глазами. мне, кажется, даже мухи перестали летать, чтобы не мешать 😅",,"владимир зеленский, дональд трамп",29
ai,Трамп — Зеленскому: «Вы доиграетесь до Третьей мировой». Полная версия спора с субтитрами,UgwaDHt9zdVIgnOA9DF4AaABAg.AF6SHZK2bTvAF6hte2nS69,@user совсем оборзел.Я в шоке.Видимо порошок уже перестал действовать 😅,"Никогда еще американские журналисты не были так молчаливы и тихи. Они не верили своим ушам, что все это происходит прям перед их глазами. мне, кажется, даже мухи перестали летать, чтобы не мешать 😅",,владимир зеленский,10
ai,Трамп — Зеленскому: «Вы доиграетесь до Третьей мировой». Полная версия спора с субтитрами,UgwaDHt9zdVIgnOA9DF4AaABAg.AF6SHZK2bTvAF6i1xuRT8K,Показал Зелёный Кузькину мать Трампу благодаря волшебному колумбийскому зелью!,"Никогда еще американские журналисты не были так молчаливы и тихи. Они не верили своим ушам, что все это происходит прям перед их глазами. мне, кажется, даже мухи перестали летать, чтобы не мешать 😅",,владимир зеленский,9
ai,Трамп — Зеленскому: «Вы доиграетесь до Третьей мировой». Полная версия спора с субтитрами,UgwaDHt9zdVIgnOA9DF4AaABAg.AF6SHZK2bTvAF6i73AahOL,@user совсем оборзел.Его ЛАПША прошла в Европе.В Америке не пройдет.,"Никогда еще американские журналисты не были так молчаливы и тихи. Они не верили своим ушам, что все это происходит прям перед их глазами. мне, кажется, даже мухи перестали летать, чтобы не мешать 😅",сша,владимир зеленский,10
ai,Трамп — Зеленскому: «Вы доиграетесь до Третьей мировой». Полная версия спора с субтитрами,UgwaDHt9zdVIgnOA9DF4AaABAg.AF6SHZK2bTvAF6i9E0uI9g,"@user 💯👍! Одно сплошное враньё! И, как язык не отсохнет! 💀рь!","Никогда еще американские журналисты не были так молчаливы и тихи. Они не верили своим ушам, что все это происходит прям перед их глазами. мне, кажется, даже мухи перестали летать, чтобы не мешать 😅",,владимир зеленский,11
ai,Трамп — Зеленскому: «Вы доиграетесь до Третьей мировой». Полная версия спора с субтитрами,UgwaDHt9zdVIgnOA9DF4AaABAg.AF6SHZK2bTvAF6iFCn5LQa,@user забыл что он не в 95 квартале играет😅,"Никогда еще американские журналисты не были так молчаливы и тихи. Они не верили своим ушам, что все это происходит прям перед их глазами. мне, кажется, даже мухи перестали летать, чтобы не мешать 😅",,владимир зеленский,9
ai,Трамп — Зеленскому: «Вы доиграетесь до Третьей мировой». Полная версия спора с субтитрами,UgwaDHt9zdVIgnOA9DF4AaABAg.AF6SHZK2bTvAF6j3tlyKoU,"@user просрочка скажет спасибо , что его вообще пустили в этот кабинет , и страну, которую он разворовывалsilina5355","Никогда еще американские журналисты не были так молчаливы и тихи. Они не верили своим ушам, что все это происходит прям перед их глазами. мне, кажется, даже мухи перестали летать, чтобы не мешать 😅",,владимир зеленский,18
ai,Трамп — Зеленскому: «Вы доиграетесь до Третьей мировой». Полная версия спора с субтитрами,UgwaDHt9zdVIgnOA9DF4AaABAg.AF6SHZK2bTvAF6j7VSUAxo,**РУ3BEЛЬТ говорит CTАЛИНУ = КАРТЫ НЕ В ВАШУ ПОЛЬЗУ !!!! ГИТЬЛИP сейчас СИЛЁН !!! ВЫ ДОЛЖНЫ БЫТЬ НАМ БЛАГОДАРНЫ !!! что МЫ ОТПРАВИЛИ ВАМ хотя бы ПРОДОВОЛЬСТВИЕ !!! ... ЛЕНДЛИЗА НЕ БУДЕТ !!! МЫ НЕ ХОТИМ ВТОРОЙ МИРОВОЙ !!!! ... ДАВАЙТЕ ДОГОВАРИВАТЬСЯ С ГИТЬЛИPOM !!!*,"Никогда еще американские журналисты не были так молчаливы и тихи. Они не верили своим ушам, что все это происходит прям перед их глазами. мне, кажется, даже мухи перестали летать, чтобы не мешать 😅","владимир зеленский, помощь украине","дональд трамп, сша",45
ai,Трамп — Зеленскому: «Вы доиграетесь до Третьей мировой». Полная версия спора с субтитрами,UgwaDHt9zdVIgnOA9DF4AaABAg.AF6SHZK2bTvAF6j8vY7AwD,**А КАКОЙ ПОМОЩИ говорит ТРАМП ??? США предоставили УКРАИНЕ ... 3 Пэтриота и 30 ржавых Танков Абрамс !!!* **В то ВРЕМЯ КАК в ПУСТЫНЕ ТЕХАСА лежит СПИСАННЫМИ = 30.000 Тридцать ТЫСЯЧ ТАНКОВ АБРАМС !!!*,"Никогда еще американские журналисты не были так молчаливы и тихи. Они не верили своим ушам, что все это происходит прям перед их глазами. мне, кажется, даже мухи перестали летать, чтобы не мешать 😅",помощь украине,"дональд трамп, сша",34
ai,Трамп — Зеленскому: «Вы доиграетесь до Третьей мировой». Полная версия спора с субтитрами,UgwaDHt9zdVIgnOA9DF4AaABAg.AF6SHZK2bTvAF6jRyAVwXl,Трамп красавчег!,"Никогда еще американские журналисты не были так молчаливы и тихи. Они не верили своим ушам, что все это происходит прям перед их глазами. мне, кажется, даже мухи перестали летать, чтобы не мешать 😅",дональд трамп,,2
ai,Трамп — Зеленскому: «Вы доиграетесь до Третьей мировой». Полная версия спора с субтитрами,UgwaDHt9zdVIgnOA9DF4AaABAg.AF6SHZK2bTvAF6jcahpmXO,@user 6 раз банкрот,"Никогда еще американские журналисты не были так молчаливы и тихи. Они не верили своим ушам, что все это происходит прям перед их глазами. мне, кажется, даже мухи перестали летать, чтобы не мешать 😅",,дональд трамп,4
ai,Трамп — Зеленскому: «Вы доиграетесь до Третьей мировой». Полная версия спора с субтитрами,UgwaDHt9zdVIgnOA9DF4AaABAg.AF6SHZK2bTvAF6jdB6JqKo,"С@user бл@user,зеля красавчик!Англо язычным дойдёт перевод сказанного!","Никогда еще американские журналисты не были так молчаливы и тихи. Они не верили своим ушам, что все это происходит прям перед их глазами. мне, кажется, даже мухи перестали летать, чтобы не мешать 😅",владимир зеленский,,7
ai,Трамп — Зеленскому: «Вы доиграетесь до Третьей мировой». Полная версия спора с субтитрами,UgwaDHt9zdVIgnOA9DF4AaABAg.AF6SHZK2bTvAF6k24tPeGp,"@user как раз сейчас она начинает жить при адекватном политике, а не при маразматиках деменционных.","Никогда еще американские журналисты не были так молчаливы и тихи. Они не верили своим ушам, что все это происходит прям перед их глазами. мне, кажется, даже мухи перестали летать, чтобы не мешать 😅","дональд трамп, сша",,15
ai,Трамп — Зеленскому: «Вы доиграетесь до Третьей мировой». Полная версия спора с субтитрами,UgwaDHt9zdVIgnOA9DF4AaABAg.AF6SHZK2bTvAF6kX5-wJe1,"@user ты про трама, молодец подержую. Эти два выпердыши вели себя крайне отвратительно хотя тебе это не понять с твоей системой моральных ценностей.","Никогда еще американские журналисты не были так молчаливы и тихи. Они не верили своим ушам, что все это происходит прям перед их глазами. мне, кажется, даже мухи перестали летать, чтобы не мешать 😅",,дональд трамп,23
ai,Трамп — Зеленскому: «Вы доиграетесь до Третьей мировой». Полная версия спора с субтитрами,UgwaDHt9zdVIgnOA9DF4AaABAg.AF6SHZK2bTvAF6kerAsp8L,"@user а можете наркомана все же научат, как вести себя. Оденут его в костюм, рот научат не открывать где не надо. Он ведь не на базаре в спор вступать, надо иметь яйца, что бы выслушать не приятные вещи а потом говорить свои доводы. Да и кто он, по сравнению с президентом Америки. Так, актеришко.","Никогда еще американские журналисты не были так молчаливы и тихи. Они не верили своим ушам, что все это происходит прям перед их глазами. мне, кажется, даже мухи перестали летать, чтобы не мешать 😅",дональд трамп,владимир зеленский,54
ai,Трамп — Зеленскому: «Вы доиграетесь до Третьей мировой». Полная версия спора с субтитрами,UgwaDHt9zdVIgnOA9DF4AaABAg.AF6SHZK2bTvAF6lw_rum_I,@user получил мощного пинка под эад!😂😂😂😂,"Никогда еще американские журналисты не были так молчаливы и тихи. Они не верили своим ушам, что все это происходит прям перед их глазами. мне, кажется, даже мухи перестали летать, чтобы не мешать 😅",,владимир зеленский,6
ai,Трамп — Зеленскому: «Вы доиграетесь до Третьей мировой». Полная версия спора с субтитрами,UgwaDHt9zdVIgnOA9DF4AaABAg.AF6SHZK2bTvAF6mRvKTRX0,"😂😂😂Трамп и Ко публично плюнули в харю просрочке-попрошайке. Укры, халява закончилась!!! 😩","Никогда еще американские журналисты не были так молчаливы и тихи. Они не верили своим ушам, что все это происходит прям перед их глазами. мне, кажется, даже мухи перестали летать, чтобы не мешать 😅",дональд трамп,"владимир зеленский, помощь украине",12
ai,Трамп — Зеленскому: «Вы доиграетесь до Третьей мировой». Полная версия спора с субтитрами,UgwaDHt9zdVIgnOA9DF4AaABAg.AF6SHZK2bTvAF6maA2Unzg,"@user""Выбрать торгаша авантюриста, который между честью и наживой предпочел наживу - это стыдно."" - The US owes nothing to the Ukrainians. You have been spoon-fed for three years like blind kittens with everything you asked for: Javelins, Patriot systems, drones, Abrams, money, and you still demand something and behave insolently with President Trump? Who are you to tell the US anything?","Никогда еще американские журналисты не были так молчаливы и тихи. Они не верили своим ушам, что все это происходит прям перед их глазами. мне, кажется, даже мухи перестали летать, чтобы не мешать 😅","дональд трамп, сша",помощь украине,61
ai,Трамп — Зеленскому: «Вы доиграетесь до Третьей мировой». Полная версия спора с субтитрами,UgwaDHt9zdVIgnOA9DF4AaABAg.AF6SHZK2bTvAF6n-iWJrRj,"@user они вам обязаны? Надо было либо воевать на свои , либо не ввязываться","Никогда еще американские журналисты не были так молчаливы и тихи. Они не верили своим ушам, что все это происходит прям перед их глазами. мне, кажется, даже мухи перестали летать, чтобы не мешать 😅",сша,помощь украине,14
ai,Трамп — Зеленскому: «Вы доиграетесь до Третьей мировой». Полная версия спора с субтитрами,UgwaDHt9zdVIgnOA9DF4AaABAg.AF6SHZK2bTvAF6n57KfSLc,@user а бабло? Неблагодарные.,"Никогда еще американские журналисты не были так молчаливы и тихи. Они не верили своим ушам, что все это происходит прям перед их глазами. мне, кажется, даже мухи перестали летать, чтобы не мешать 😅",,помощь украине,4
ai,Трамп — Зеленскому: «Вы доиграетесь до Третьей мировой». Полная версия спора с субтитрами,UgwaDHt9zdVIgnOA9DF4AaABAg.AF6SHZK2bTvAF6n7JDbNki,Трамп Хитер. Знает что Василич ведёт Россию к развалу. Поэтому и ставит на него.,"Никогда еще американские журналисты не были так молчаливы и тихи. Они не верили своим ушам, что все это происходит прям перед их глазами. мне, кажется, даже мухи перестали летать, чтобы не мешать 😅",дональд трамп,россия,14
ai,Трамп — Зеленскому: «Вы доиграетесь до Третьей мировой». Полная версия спора с субтитрами,UgwaDHt9zdVIgnOA9DF4AaABAg.AF6SHZK2bTvAF6nAINIsjP,"@user""Нападение двоих на одново как это назвать?????"" - In this case, instead of Trump and Vance, a simple American child comparable in intelligence to Zelensky would be enough. The Ukrainian president flew to the United States to be rude to Trump after what the United States did for your country and you have the audacity to declare some kind of attacks on him? You should be grateful to President Trump only for not kicking out the insolent Ukrainian dictator.","Никогда еще американские журналисты не были так молчаливы и тихи. Они не верили своим ушам, что все это происходит прям перед их глазами. мне, кажется, даже мухи перестали летать, чтобы не мешать 😅","дональд трамп, помощь украине, сша",владимир зеленский,79
ai,Трамп — Зеленскому: «Вы доиграетесь до Третьей мировой». Полная версия спора с субтитрами,UgwaDHt9zdVIgnOA9DF4AaABAg.AF6SHZK2bTvAF6nt2v1oow,"@user""США предоставили УКРАИНЕ ... 3 Пэтриота и 30 ржавых Танков Абрамс !!!"" - The US owes nothing to Ukraine. The Democrats' adventure in this conflict is obvious and they sawed up the money allocated to your country together with your president. All this will soon become clear. And as a taxpayer, I care that my money is going to a useless war on another continent. After everything your boor Zelensky said, I think Trump will draw conclusions and then you will feel on your own skin who you are and what you are worth.","Никогда еще американские журналисты не были так молчаливы и тихи. Они не верили своим ушам, что все это происходит прям перед их глазами. мне, кажется, даже мухи перестали летать, чтобы не мешать 😅","дональд трамп, сша","владимир зеленский, война в украине, помощь украине",94
ai,Трамп — Зеленскому: «Вы доиграетесь до Третьей мировой». Полная версия спора с субтитрами,UgwaDHt9zdVIgnOA9DF4AaABAg.AF6SHZK2bTvAF6o23wsAIJ,"Какой-же Зеленский - дебил , опозорился по полной программе , разве можно так разговаривать на чужом тебе языке , не понимая значения слов , никакого такта и уважения к старшим , перебивая Трампа , скрестив руки на груди, в своем зачуханномм джемпере , действительно «небритый идиот «, как сказал его бывший товарищ Арестович ! Начинаю все больше восхищаться строго протокольной , уважительной и high class дипломатиюМИДа Российской Федерации !","Никогда еще американские журналисты не были так молчаливы и тихи. Они не верили своим ушам, что все это происходит прям перед их глазами. мне, кажется, даже мухи перестали летать, чтобы не мешать 😅","дональд трамп, россия",владимир зеленский,69
ai,Трамп — Зеленскому: «Вы доиграетесь до Третьей мировой». Полная версия спора с субтитрами,UgwaDHt9zdVIgnOA9DF4AaABAg.AF6SHZK2bTvAF6oeHZiKfc,"Украинцы,это обличители! Они вывернули на изнанку всё: себя самих,соседние страны,что их приняли, ""союзников"". Сорвали у всех маски! Браво!!! А Зеленский, как тот медведь,зашёл в посудную лавку и все там разгромил!","Никогда еще американские журналисты не были так молчаливы и тихи. Они не верили своим ушам, что все это происходит прям перед их глазами. мне, кажется, даже мухи перестали летать, чтобы не мешать 😅",,"владимир зеленский, запад",30
ai,Трамп — Зеленскому: «Вы доиграетесь до Третьей мировой». Полная версия спора с субтитрами,UgwaDHt9zdVIgnOA9DF4AaABAg.AF6SHZK2bTvAF6pA7I3v6a,Выбрать клоуна наркомана это перемога@user,"Никогда еще американские журналисты не были так молчаливы и тихи. Они не верили своим ушам, что все это происходит прям перед их глазами. мне, кажется, даже мухи перестали летать, чтобы не мешать 😅",,владимир зеленский,5
ai,Трамп — Зеленскому: «Вы доиграетесь до Третьей мировой». Полная версия спора с субтитрами,UgwaDHt9zdVIgnOA9DF4AaABAg.AF6SHZK2bTvAF6pq5drgtm,"Дааааа, сидят ребята на лавочке, выясняют у кого какие козыри, в то время как погибают молодые, здоровые, красивые ребята, миллионы людей стали беженцами. В каком страшном мире мы живём. А где высокая дипломатия🤔. Хотя надо отдать должное американцам, что приоткрыли занавес кулуарных переговоров. Честно говоря стало жалко Зеленского, его жёстко подставили","Никогда еще американские журналисты не были так молчаливы и тихи. Они не верили своим ушам, что все это происходит прям перед их глазами. мне, кажется, даже мухи перестали летать, чтобы не мешать 😅","владимир зеленский, сша","война в украине, дональд трамп",51
ai,Трамп — Зеленскому: «Вы доиграетесь до Третьей мировой». Полная версия спора с субтитрами,UgwaDHt9zdVIgnOA9DF4AaABAg.AF6SHZK2bTvAF6r-NBziSh,@user зеленскому что не опредилил свою месту от них исползовали он марионетка расходный материал испорченный презирватив 😅,"Никогда еще американские журналисты не были так молчаливы и тихи. Они не верили своим ушам, что все это происходит прям перед их глазами. мне, кажется, даже мухи перестали летать, чтобы не мешать 😅",,владимир зеленский,17
ai,Трамп — Зеленскому: «Вы доиграетесь до Третьей мировой». Полная версия спора с субтитрами,UgwaDHt9zdVIgnOA9DF4AaABAg.AF6SHZK2bTvAF6ra8Ilmq3,"@user Зеля с такой агрессией требует денег на войну от американцев, какова должна быть реакция ??? При Байдене прокатывало, но при Трампе НЕТ. Клоун был жалок 😢","Никогда еще американские журналисты не были так молчаливы и тихи. Они не верили своим ушам, что все это происходит прям перед их глазами. мне, кажется, даже мухи перестали летать, чтобы не мешать 😅",дональд трамп,"владимир зеленский, война в украине, помощь украине",27
ai,Трамп — Зеленскому: «Вы доиграетесь до Третьей мировой». Полная версия спора с субтитрами,UgwaDHt9zdVIgnOA9DF4AaABAg.AF6SHZK2bTvAF6ryFSexWn,Отвратительное поведение Трампа и Венса.,"Никогда еще американские журналисты не были так молчаливы и тихи. Они не верили своим ушам, что все это происходит прям перед их глазами. мне, кажется, даже мухи перестали летать, чтобы не мешать 😅",,дональд трамп,5
ai,Трамп — Зеленскому: «Вы доиграетесь до Третьей мировой». Полная версия спора с субтитрами,UgwaDHt9zdVIgnOA9DF4AaABAg.AF6SHZK2bTvAF6s5W7pHM8,Мухи попадали после перегнала Зерейха.,"Никогда еще американские журналисты не были так молчаливы и тихи. Они не верили своим ушам, что все это происходит прям перед их глазами. мне, кажется, даже мухи перестали летать, чтобы не мешать 😅",,владимир зеленский,5
ai,Трамп — Зеленскому: «Вы доиграетесь до Третьей мировой». Полная версия спора с субтитрами,UgwaDHt9zdVIgnOA9DF4AaABAg.AF6SHZK2bTvAF6s7UD_mGs,Его подставили а ч о ему 10 лет или он уже того с отклонениями подросток голова должна быть во власть залез подонок@user,"Никогда еще американские журналисты не были так молчаливы и тихи. Они не верили своим ушам, что все это происходит прям перед их глазами. мне, кажется, даже мухи перестали летать, чтобы не мешать 😅",,владимир зеленский,22
ai,Трамп — Зеленскому: «Вы доиграетесь до Третьей мировой». Полная версия спора с субтитрами,UgwaDHt9zdVIgnOA9DF4AaABAg.AF6SHZK2bTvAF6sdk_kX5s,"Нет, это кисельtv, и скабееха с боброедкой из лаптестана.@user","Никогда еще американские журналисты не были так молчаливы и тихи. Они не верили своим ушам, что все это происходит прям перед их глазами. мне, кажется, даже мухи перестали летать, чтобы не мешать 😅",,россия,9
ai,Трамп — Зеленскому: «Вы доиграетесь до Третьей мировой». Полная версия спора с субтитрами,UgwaDHt9zdVIgnOA9DF4AaABAg.AF6SHZK2bTvAF6solNqrTo,"Ему надо лечиться, срочно. Жене безразлично его состояние? Почему его не берет за шкирку и на лечение?","Никогда еще американские журналисты не были так молчаливы и тихи. Они не верили своим ушам, что все это происходит прям перед их глазами. мне, кажется, даже мухи перестали летать, чтобы не мешать 😅",,владимир зеленский,17
ai,Трамп — Зеленскому: «Вы доиграетесь до Третьей мировой». Полная версия спора с субтитрами,UgwaDHt9zdVIgnOA9DF4AaABAg.AF6SHZK2bTvAF6tBx5SXIv,"@user
Все важные слова , включая уважение , прописаны в ""Будапешском меморандуме"" выданном Украине в 1994 году отгарантиях безопасности, где первая подпись - США ! Так почему сегодня США демонстрируют полное неуважение к тому , под чем подписались ???","Никогда еще американские журналисты не были так молчаливы и тихи. Они не верили своим ушам, что все это происходит прям перед их глазами. мне, кажется, даже мухи перестали летать, чтобы не мешать 😅",будапештский меморандум,сша,39
ai,Трамп — Зеленскому: «Вы доиграетесь до Третьей мировой». Полная версия спора с субтитрами,UgwaDHt9zdVIgnOA9DF4AaABAg.AF6SHZK2bTvAF6tEwJgP9B,"Очень круто смотреть оригинал, без наложенного перевода. Потому что каждый перевод немного искажает смысл сказанного. В субтитрах, например, не написали, что Трамп сказал, что всё решилось ч туалете Хантера Байдена, потом, что в ванной оного. Это только одна неточность. А вообще, на это можно смотреть вечно! Как же красиво они зе затыкают! Не ведуться на его сказки и ложь! Просто песня. 🎉","Никогда еще американские журналисты не были так молчаливы и тихи. Они не верили своим ушам, что все это происходит прям перед их глазами. мне, кажется, даже мухи перестали летать, чтобы не мешать 😅",дональд трамп,владимир зеленский,62
ai,Трамп — Зеленскому: «Вы доиграетесь до Третьей мировой». Полная версия спора с субтитрами,UgwaDHt9zdVIgnOA9DF4AaABAg.AF6SHZK2bTvAF6tIl3Iudf,"Это все психология - какой неправильный один Вова, зато другой Вова может быть правильным.... А то что Вову разболавали до потери разума, и теперь обязаны терпеть как малого ребенка.... Кто виноват? Так ладно пусть бы терпели где то у себя.... Так этот дитя все больше хочет крови.....","Никогда еще американские журналисты не были так молчаливы и тихи. Они не верили своим ушам, что все это происходит прям перед их глазами. мне, кажется, даже мухи перестали летать, чтобы не мешать 😅",,"владимир зеленский, война в украине",47
ai,Трамп — Зеленскому: «Вы доиграетесь до Третьей мировой». Полная версия спора с субтитрами,UgwaDHt9zdVIgnOA9DF4AaABAg.AF6SHZK2bTvAF6tQqeZZru,"Зеленский, какая ты тварь, что ж ты молчал про 8 лет с 14 по 22 год . Когда ты уничтожал простых людей в Донецке, детей, стариков, женщин- сво... паршивая.","Никогда еще американские журналисты не были так молчаливы и тихи. Они не верили своим ушам, что все это происходит прям перед их глазами. мне, кажется, даже мухи перестали летать, чтобы не мешать 😅",,владимир зеленский,29
ai,Трамп — Зеленскому: «Вы доиграетесь до Третьей мировой». Полная версия спора с субтитрами,UgwaDHt9zdVIgnOA9DF4AaABAg.AF6SHZK2bTvAF6tRoiEQHw,"@user не жалко украинцев, на которое он натравил СС-то есть ТЦК. Их против воли на каком основании гребут с улицы, бьют, пинают, унижают публично и бросают на мясо воевать. На верную смерть. Их тебе не жалко? У них семьи, дети и матери. Они не хотят на войну. Они хотят жить. Зеленский -жестокий диктатор -наркоман. Да его подставили, но сначала купили! Потому поделом и мало ему. Почему с ним ещё не разобрались как с Фарион не понятно.","Никогда еще американские журналисты не были так молчаливы и тихи. Они не верили своим ушам, что все это происходит прям перед их глазами. мне, кажется, даже мухи перестали летать, чтобы не мешать 😅",,"владимир зеленский, война в украине, мобилизация",76
ai,Трамп — Зеленскому: «Вы доиграетесь до Третьей мировой». Полная версия спора с субтитрами,UgwaDHt9zdVIgnOA9DF4AaABAg.AF6SHZK2bTvAF6tbd1AZHw,"Никакого ""позора"" Америка не испытывает! Скорее досаду, что столько лет оплачивала хотелки убогого лузера с амбициями! А ""нажива"" -- это их натуральная сущность! Позор глупцам, которые думали, что им от них хоть что-то будет бесплатно; ""по- дружески""... 🤦♀️😱🤣🤣и@user","Никогда еще американские журналисты не были так молчаливы и тихи. Они не верили своим ушам, что все это происходит прям перед их глазами. мне, кажется, даже мухи перестали летать, чтобы не мешать 😅",,"владимир зеленский, помощь украине, сша",38
ai,Трамп — Зеленскому: «Вы доиграетесь до Третьей мировой». Полная версия спора с субтитрами,UgwaDHt9zdVIgnOA9DF4AaABAg.AF6SHZK2bTvAF6tnVkjaFF,даже мухи которые раньше летали вокруг байдена остановились послушать умного человека ))),"Никогда еще американские журналисты не были так молчаливы и тихи. Они не верили своим ушам, что все это происходит прям перед их глазами. мне, кажется, даже мухи перестали летать, чтобы не мешать 😅",дональд трамп,,12
ai,Трамп — Зеленскому: «Вы доиграетесь до Третьей мировой». Полная версия спора с субтитрами,UgwaDHt9zdVIgnOA9DF4AaABAg.AF6SHZK2bTvAF6u4PkU0ip,"@user только нашивки дивизии Галитчина почему то на украинских войсках, странно, да?","Никогда еще американские журналисты не были так молчаливы и тихи. Они не верили своим ушам, что все это происходит прям перед их глазами. мне, кажется, даже мухи перестали летать, чтобы не мешать 😅",,всу,12
ai,Трамп — Зеленскому: «Вы доиграетесь до Третьей мировой». Полная версия спора с субтитрами,UgwaDHt9zdVIgnOA9DF4AaABAg.AF6SHZK2bTvAF6u5G8NKFS,"@user, наглый клоун трамп, был нокаутирован Президентом Зеленским. .","Никогда еще американские журналисты не были так молчаливы и тихи. Они не верили своим ушам, что все это происходит прям перед их глазами. мне, кажется, даже мухи перестали летать, чтобы не мешать 😅",владимир зеленский,дональд трамп,9
ai,Трамп — Зеленскому: «Вы доиграетесь до Третьей мировой». Полная версия спора с субтитрами,UgwaDHt9zdVIgnOA9DF4AaABAg.AF6SHZK2bTvAF6uEpPz-5j,"Это что за дятел в комментариях, сравнивает Сталина и СССР с зелькой и вороватой Украиной?
СССР смог мобилизовать почти 30 млн бойцов на фронт, перевез промышленность на Урал.
И именно Т-34 стал танком победы.
А что делает верхушка Украины, кроме как кляньчит деньги и оружие по всему миру?
Сколько они произвели танков, самолётов, снарядов?
А как людей гонят на фронт, как людоловы бусифицируют граждан своей страны.","Никогда еще американские журналисты не были так молчаливы и тихи. Они не верили своим ушам, что все это происходит прям перед их глазами. мне, кажется, даже мухи перестали летать, чтобы не мешать 😅",,"владимир зеленский, всу, мобилизация, помощь украине",66
ai,Трамп — Зеленскому: «Вы доиграетесь до Третьей мировой». Полная версия спора с субтитрами,UgwaDHt9zdVIgnOA9DF4AaABAg.AF6SHZK2bTvAF6uGhU_fDY,@user хоть десятерых...холопу положено молчать и кланяться.,"Никогда еще американские журналисты не были так молчаливы и тихи. Они не верили своим ушам, что все это происходит прям перед их глазами. мне, кажется, даже мухи перестали летать, чтобы не мешать 😅",,владимир зеленский,7
ai,Трамп — Зеленскому: «Вы доиграетесь до Третьей мировой». Полная версия спора с субтитрами,UgwaDHt9zdVIgnOA9DF4AaABAg.AF6SHZK2bTvAF6uPufHDoG,"@user Зеленский и нокаутировал этих двух уродов. Я думаю, что никакой помощи от сша трамп и не планировал. Хотел, чтобы Зеленский подписал капитуляцию.","Никогда еще американские журналисты не были так молчаливы и тихи. Они не верили своим ушам, что все это происходит прям перед их глазами. мне, кажется, даже мухи перестали летать, чтобы не мешать 😅",владимир зеленский,"дональд трамп, сша",23
ai,Трамп — Зеленскому: «Вы доиграетесь до Третьей мировой». Полная версия спора с субтитрами,UgwaDHt9zdVIgnOA9DF4AaABAg.AF6SHZK2bTvAF6uWEaWTmB,"Трамп смачно получил по морде и венс-фашистенок заодно .
Слава Украине!","Никогда еще американские журналисты не были так молчаливы и тихи. Они не верили своим ушам, что все это происходит прям перед их глазами. мне, кажется, даже мухи перестали летать, чтобы не мешать 😅",,дональд трамп,11
ai,Трамп — Зеленскому: «Вы доиграетесь до Третьей мировой». Полная версия спора с субтитрами,UgwfD3Q3-mOcMiWag9p4AaABAg,Это бомба в мировой политике... Такого позорища уже давно не было,Это бомба в мировой политике... Такого позорища уже давно не было,,владимир зеленский,11
ai,Трамп — Зеленскому: «Вы доиграетесь до Третьей мировой». Полная версия спора с субтитрами,UgwfD3Q3-mOcMiWag9p4AaABAg.AF6CQ8O22oXAF6Gkw_biqJ,Зеля уже на помойке,Это бомба в мировой политике... Такого позорища уже давно не было,,владимир зеленский,4
ai,Трамп — Зеленскому: «Вы доиграетесь до Третьей мировой». Полная версия спора с субтитрами,UgwfD3Q3-mOcMiWag9p4AaABAg.AF6CQ8O22oXAF6H5u3uMzS,"Как житель США, вижу позор Штатов , надеюсь вы о том же",Это бомба в мировой политике... Такого позорища уже давно не было,,сша,12
ai,Трамп — Зеленскому: «Вы доиграетесь до Третьей мировой». Полная версия спора с субтитрами,UgwfD3Q3-mOcMiWag9p4AaABAg.AF6CQ8O22oXAF6HWDJYTMr,@user я вижу лишь позор зкленского,Это бомба в мировой политике... Такого позорища уже давно не было,,владимир зеленский,6
ai,Трамп — Зеленскому: «Вы доиграетесь до Третьей мировой». Полная версия спора с субтитрами,UgwfD3Q3-mOcMiWag9p4AaABAg.AF6CQ8O22oXAF6HhRR7-nd,@user в том что Украине не помогает. А должна.,Это бомба в мировой политике... Такого позорища уже давно не было,помощь украине,,9
ai,Трамп — Зеленскому: «Вы доиграетесь до Третьей мировой». Полная версия спора с субтитрами,UgwfD3Q3-mOcMiWag9p4AaABAg.AF6CQ8O22oXAF6I2t9ZOe1,"@user ну поведение позорное ,несерьезное, специально сделали цирк для сми ,плюс они явно искажают реальность и факты ,плохо образованы … таких людей в штатах называют реднеки (колхозники ). Хотя в странах СНГ такой стиль наоборот видится “крутым“ , я думаю 😂",Это бомба в мировой политике... Такого позорища уже давно не было,,дональд трамп,41
ai,Трамп — Зеленскому: «Вы доиграетесь до Третьей мировой». Полная версия спора с субтитрами,UgwfD3Q3-mOcMiWag9p4AaABAg.AF6CQ8O22oXAF6ILw_nF7y,"@user Штаты никому ничего не должны ,но занимать сторону агрессора и убийц - они точно не могут ,это наш позор . Зеленский молодец ,не повелся на пустой спич реднеков",Это бомба в мировой политике... Такого позорища уже давно не было,владимир зеленский,"война в украине, дональд трамп, россия, сша",29
ai,Трамп — Зеленскому: «Вы доиграетесь до Третьей мировой». Полная версия спора с субтитрами,UgwfD3Q3-mOcMiWag9p4AaABAg.AF6CQ8O22oXAF6IjurqgwN,@user вы с какого дуба упали ? Штаты Украине точно ничего не должны. Ну а Трамп точно не колхозник.,Это бомба в мировой политике... Такого позорища уже давно не было,"дональд трамп, сша",помощь украине,19
ai,Трамп — Зеленскому: «Вы доиграетесь до Третьей мировой». Полная версия спора с субтитрами,UgwfD3Q3-mOcMiWag9p4AaABAg.AF6CQ8O22oXAF6IrGb8KsY,@user Зеленский обосрался там ! И последствия будут самые не благоприятные для Украины....,Это бомба в мировой политике... Такого позорища уже давно не было,,владимир зеленский,13
ai,Трамп — Зеленскому: «Вы доиграетесь до Третьей мировой». Полная версия спора с субтитрами,UgwfD3Q3-mOcMiWag9p4AaABAg.AF6CQ8O22oXAF6JGyY7Zvz,"@user видно ,что вы вообще не в курсе . Костяк избирателей Трампа - это реднеки ,такие себе ковбои из американских деревень. И Трамп как раз ведет себя так же ,колхозник - это не обидно в сша . Не должны ,вопросов нет ,и диктовать тоже не должны когда будет мир .",Это бомба в мировой политике... Такого позорища уже давно не было,,"дональд трамп, помощь украине, сша",50
ai,Трамп — Зеленскому: «Вы доиграетесь до Третьей мировой». Полная версия спора с субтитрами,UgwfD3Q3-mOcMiWag9p4AaABAg.AF6CQ8O22oXAF6JJgaJfAb,@user Ни кому Америка не должна....,Это бомба в мировой политике... Такого позорища уже давно не было,сша,помощь украине,6
ai,Трамп — Зеленскому: «Вы доиграетесь до Третьей мировой». Полная версия спора с субтитрами,UgwfD3Q3-mOcMiWag9p4AaABAg.AF6CQ8O22oXAF6JiPniv-B,Позорище мира это рф. И это образование к 30му году закончит свое существование. А ты пока потрещи). Вам ничего не осталось.,Это бомба в мировой политике... Такого позорища уже давно не было,,россия,21
ai,Трамп — Зеленскому: «Вы доиграетесь до Третьей мировой». Полная версия спора с субтитрами,UgwfD3Q3-mOcMiWag9p4AaABAg.AF6CQ8O22oXAF6K1KPdk-t,@user И что? Реднеки это большинство США. Для них и шоу. Демократия в действии. А то что Зеля настолько туп что повёлся и сам себя утопил это конечно фиерия. Даже жалко идиота.,Это бомба в мировой политике... Такого позорища уже давно не было,,владимир зеленский,32
ai,Трамп — Зеленскому: «Вы доиграетесь до Третьей мировой». Полная версия спора с субтитрами,UgwfD3Q3-mOcMiWag9p4AaABAg.AF6CQ8O22oXAF6KVb9ja_5,"@user и убийц? Роджер шестимесячный, тебе не сняться миллионы людей которых вы убили на всей планете, я бы закрыл дупло вместо тебя.",Это бомба в мировой политике... Такого позорища уже давно не было,,сша,22
ai,Трамп — Зеленскому: «Вы доиграетесь до Третьей мировой». Полная версия спора с субтитрами,UgwfD3Q3-mOcMiWag9p4AaABAg.AF6CQ8O22oXAF6Kr3RBlFe,"@user, что за время правления Трампа, всех ""жителей США"" отправят на историческую родину. Останутся только граждане США.",Это бомба в мировой политике... Такого позорища уже давно не было,"дональд трамп, сша",,17
ai,Трамп — Зеленскому: «Вы доиграетесь до Третьей мировой». Полная версия спора с субтитрами,UgwfD3Q3-mOcMiWag9p4AaABAg.AF6CQ8O22oXAF6LAK-XaUa,"это не бомба, это телешоу, подстанова, актерская игра! вы что совсем сзомбоящились, что неотличаете игру",Это бомба в мировой политике... Такого позорища уже давно не было,,"владимир зеленский, дональд трамп",15
ai,Трамп — Зеленскому: «Вы доиграетесь до Третьей мировой». Полная версия спора с субтитрами,UgwfD3Q3-mOcMiWag9p4AaABAg.AF6CQ8O22oXAF6LfB6KyEY,"@user С чего бы? Зачем одному государству помогать другому, суверенному, государству? Если государство нуждается в помощи из вне - значит оно слабо. Если оно слабо - значит можно навязывать свои условия. Если можно навязывать свои условия - возникает вопрос в суверенности государства. Я говорю именно о помощи, а не соглашениях. Но сейчас все выглядит именно так, что Украина слаба и чувствуется, что Америка (Трамп) своего не упустит. Как бы все это не закончилось какой нить дележкой, так и от страны может ни чего не остаться...",Это бомба в мировой политике... Такого позорища уже давно не было,,"дональд трамп, помощь украине, сша",85
ai,Трамп — Зеленскому: «Вы доиграетесь до Третьей мировой». Полная версия спора с субтитрами,UgwfD3Q3-mOcMiWag9p4AaABAg.AF6CQ8O22oXAF6LirXIPgR,"@user так вот этот по вашему агрессор, с самого начала был готов на переговоры, в отличие от Украины, просто вы как проигравшая сторона, хотите очень многого, какие то гарантии, их никто вам не даст и не вам диктовать условия, вам походу собственные понты дороже, чем человеческие жизни!",Это бомба в мировой политике... Такого позорища уже давно не было,россия,война в украине,47
ai,Трамп — Зеленскому: «Вы доиграетесь до Третьей мировой». Полная версия спора с субтитрами,UgwfD3Q3-mOcMiWag9p4AaABAg.AF6CQ8O22oXAF6Lp945kSF,@user до этого был помойкой. Он не президент. В прошлом году в Украине выборов не было.,Это бомба в мировой политике... Такого позорища уже давно не было,,владимир зеленский,16
ai,Трамп — Зеленскому: «Вы доиграетесь до Третьей мировой». Полная версия спора с субтитрами,UgwfD3Q3-mOcMiWag9p4AaABAg.AF6CQ8O22oXAF6NDJHpJyc,"Они позор прикрывали громкими выражениями типа помощи беззащитному,поддержки демократии. Все самое тухлое происходило за закрытыми дверьми,подальше от глаз населения планеты. А теперь дерьмо вылилось наружу. Торговцы оружием уже грызутся между собой за ресурсы Украины. Трамп наехал на Макрона,типа вы свои вклады уже вытащили,теперь наша очередь 😂 Чуете,кто войнушку заварил? Кто наварился,тот и заварил,ясень пень.",Это бомба в мировой политике... Такого позорища уже давно не было,,"война в украине, дональд трамп, запад, помощь украине, сша",54
ai,Трамп — Зеленскому: «Вы доиграетесь до Третьей мировой». Полная версия спора с субтитрами,UgwfD3Q3-mOcMiWag9p4AaABAg.AF6CQ8O22oXAF6NEAfEICW,@user Я как житель США скажу что Зеля опозорился,Это бомба в мировой политике... Такого позорища уже давно не было,,владимир зеленский,9
ai,Трамп — Зеленскому: «Вы доиграетесь до Третьей мировой». Полная версия спора с субтитрами,UgwfD3Q3-mOcMiWag9p4AaABAg.AF6CQ8O22oXAF6NIKUyXeZ,"@user нарк, о чем с ним вообще говорить",Это бомба в мировой политике... Такого позорища уже давно не было,,владимир зеленский,8
ai,Трамп — Зеленскому: «Вы доиграетесь до Третьей мировой». Полная версия спора с субтитрами,UgwfD3Q3-mOcMiWag9p4AaABAg.AF6CQ8O22oXAF6NObwn0Qq,"@user Быдло из Кривого Рога решило что ему все должны и он может поучать в наглой манере, но ему указали его место. 😄",Это бомба в мировой политике... Такого позорища уже давно не было,,владимир зеленский,23
ai,Трамп — Зеленскому: «Вы доиграетесь до Третьей мировой». Полная версия спора с субтитрами,UgwfD3Q3-mOcMiWag9p4AaABAg.AF6CQ8O22oXAF6NSkY2bH9,"@user ты там забыл в тяжелое время тогда? Простые люди не хотят умирать, не русские, не украинцы",Это бомба в мировой политике... Такого позорища уже давно не было,,война в украине,17
ai,Трамп — Зеленскому: «Вы доиграетесь до Третьей мировой». Полная версия спора с субтитрами,UgwfD3Q3-mOcMiWag9p4AaABAg.AF6CQ8O22oXAF6NbnNqZBs,"@user Трамп был хорош, опустил это кокаиновое позорище",Это бомба в мировой политике... Такого позорища уже давно не было,дональд трамп,владимир зеленский,8
ai,Трамп — Зеленскому: «Вы доиграетесь до Третьей мировой». Полная версия спора с субтитрами,UgwfD3Q3-mOcMiWag9p4AaABAg.AF6CQ8O22oXAF6OSofV5ol,"@user Житель США? Ни одному нормальному жителю США не понравится что с их президентом в Белом доме ведут себя по хамски, будь то республиканец или демократ.Вы либо мигрант, либо лжец",Это бомба в мировой политике... Такого позорища уже давно не было,"дональд трамп, сша",владимир зеленский,30
ai,Трамп — Зеленскому: «Вы доиграетесь до Третьей мировой». Полная версия спора с субтитрами,UgwfD3Q3-mOcMiWag9p4AaABAg.AF6CQ8O22oXAF6PXs7yNG1,@user Трамп как базарная баба,Это бомба в мировой политике... Такого позорища уже давно не было,,дональд трамп,5
ai,Трамп — Зеленскому: «Вы доиграетесь до Третьей мировой». Полная версия спора с субтитрами,UgwfD3Q3-mOcMiWag9p4AaABAg.AF6CQ8O22oXAF6QVXvS8Dv,"@user АГА, унитазов им подкиньте, а то они гадят уже в штаны. РОССИЯ ВПЕРЕД!!!!",Это бомба в мировой политике... Такого позорища уже давно не было,россия,,14
ai,Трамп — Зеленскому: «Вы доиграетесь до Третьей мировой». Полная версия спора с субтитрами,UgwfD3Q3-mOcMiWag9p4AaABAg.AF6CQ8O22oXAF6QaU6FQf0,"@user США и есть агрессоры - ""миротворцы"" вам напомнить все ваши яркие презентации???",Это бомба в мировой политике... Такого позорища уже давно не было,,сша,13
ai,Трамп — Зеленскому: «Вы доиграетесь до Третьей мировой». Полная версия спора с субтитрами,UgwfD3Q3-mOcMiWag9p4AaABAg.AF6CQ8O22oXAF6Qjm0TNqe,"@user А как украинец, вы должны вернуться на украину и пойти в ТЦК.",Это бомба в мировой политике... Такого позорища уже давно не было,мобилизация,,13
ai,Трамп — Зеленскому: «Вы доиграетесь до Третьей мировой». Полная версия спора с субтитрами,UgwfD3Q3-mOcMiWag9p4AaABAg.AF6CQ8O22oXAF6R21xFH4E,"@user Вы несёте? Вам кто про убийц на уши навешал? Россия отстаивает свои интересы!!! Алло! Украина убивает и убивали людей! При чем своих же. Я сейчас не стану всего перечислять. Украина живёт на русских землях, в городах, которые были построены кровью и потом российских людей и русскими руководителями тех времен. Они НАТО попёрли в границам России, у РФ флот там стоит уже пол века. Это очень долго писать, все и сами можете изучить, все есть в открытых источниках. Войну эту спровоцировала Украина при поддержке западных стран И администрации США. Трамп знает это точно и видит, что по другому начнётся третья мировая. Вы этого хотите??? Ядерного удара? Или может чтобы одна часть мира начала войну с другой? Вы думаете, что Россия одна будет в войне??? На её стороне встанут ещё ребятки, уж поверьте. Я не хочу никакой войны, хочу чтобы договорились и по углам. Мир нужен миру ❤",Это бомба в мировой политике... Такого позорища уже давно не было,"дональд трамп, крым российский, россия","война в украине, запад, нато, помощь украине, сша, третья мировая",147
ai,Трамп — Зеленскому: «Вы доиграетесь до Третьей мировой». Полная версия спора с субтитрами,UgwfD3Q3-mOcMiWag9p4AaABAg.AF6CQ8O22oXAF6RAix2GIH,"@user кто? Россия? Нет. России нужна была маленькая победоносная война, но получили войну, потому что времени на подготовку к войне не было.",Это бомба в мировой политике... Такого позорища уже давно не было,,"война в украине, россия",22
ai,Трамп — Зеленскому: «Вы доиграетесь до Третьей мировой». Полная версия спора с субтитрами,UgwfD3Q3-mOcMiWag9p4AaABAg.AF6CQ8O22oXAF6U8j3b7en,Пожорище США -уточняйте .,Это бомба в мировой политике... Такого позорища уже давно не было,,сша,4
ai,Трамп — Зеленскому: «Вы доиграетесь до Третьей мировой». Полная версия спора с субтитрами,UgwfD3Q3-mOcMiWag9p4AaABAg.AF6CQ8O22oXAF6UAO3bHco,"@user это моим коллегам с ДНР, которых бомбили с 2014 года) по всем законам мироздания побеждает правый. Россия права, а вы уже почти все захлопнулись.",Это бомба в мировой политике... Такого позорища уже давно не было,"война в украине, россия",всу,25
ai,Трамп — Зеленскому: «Вы доиграетесь до Третьей мировой». Полная версия спора с субтитрами,UgwfD3Q3-mOcMiWag9p4AaABAg.AF6CQ8O22oXAF6UO4hbetS,"Это просто гениальный ход: показать всему миру ""истинное лицо"" Зеленского, трамп и его каманда красавцы.",Это бомба в мировой политике... Такого позорища уже давно не было,дональд трамп,владимир зеленский,15
ai,Трамп — Зеленскому: «Вы доиграетесь до Третьей мировой». Полная версия спора с субтитрами,UgwfD3Q3-mOcMiWag9p4AaABAg.AF6CQ8O22oXAF6UVSxxG10,"@user Уточняю, Зеленский позорище",Это бомба в мировой политике... Такого позорища уже давно не было,,владимир зеленский,4
ai,Трамп — Зеленскому: «Вы доиграетесь до Третьей мировой». Полная версия спора с субтитрами,UgwfD3Q3-mOcMiWag9p4AaABAg.AF6CQ8O22oXAF6UX4KqQVe,"@user в 1994 подписа договор ? Вы о нем знаете ? Так вот сша , Великобритании и Россия являются гарантами безопасности Украины тк она отказалась от ядерного оружия . Россия этот договор разрушила поэтом ей надо помогать",Это бомба в мировой политике... Такого позорища уже давно не было,"будапештский меморандум, помощь украине",россия,37
ai,Трамп — Зеленскому: «Вы доиграетесь до Третьей мировой». Полная версия спора с субтитрами,UgwfD3Q3-mOcMiWag9p4AaABAg.AF6CQ8O22oXAF6Ui9jcvHD,"@user что для британцев и Европы. Трамп просто развязал себе руки, загнав зеленского в угол.",Это бомба в мировой политике... Такого позорища уже давно не было,дональд трамп,"владимир зеленский, запад",15
ai,Трамп — Зеленскому: «Вы доиграетесь до Третьей мировой». Полная версия спора с субтитрами,UgwfD3Q3-mOcMiWag9p4AaABAg.AF6CQ8O22oXAF6Usdufady,"@user смайл специально поставили в предложении о бомбежке людей? интересно, осталось ли в вас что то человеческое?",Это бомба в мировой политике... Такого позорища уже давно не было,,война в украине,17
ai,Трамп — Зеленскому: «Вы доиграетесь до Третьей мировой». Полная версия спора с субтитрами,UgwfD3Q3-mOcMiWag9p4AaABAg.AF6CQ8O22oXAF6UzeIFamo,@user не глупи это была не помощь украине а толкание её на само уничтожение пропаганда промыла вам мозги но демократы на самом деле зеленского использовали как торпеду.,Это бомба в мировой политике... Такого позорища уже давно не было,,"владимир зеленский, помощь украине, сша",27
ai,Трамп — Зеленскому: «Вы доиграетесь до Третьей мировой». Полная версия спора с субтитрами,UgwfD3Q3-mOcMiWag9p4AaABAg.AF6CQ8O22oXAF6UzsjFWWf,"Согласен на 100%, хочешь воевать, воюй на свои средства, почему сша должны финансировать ""хотелки"" кучке невменяемых преступников на украине, возомнивших себя ""спасателями мира"" за чужой счет?",Это бомба в мировой политике... Такого позорища уже давно не было,сша,"война в украине, помощь украине",26
ai,Трамп — Зеленскому: «Вы доиграетесь до Третьей мировой». Полная версия спора с субтитрами,UgwfD3Q3-mOcMiWag9p4AaABAg.AF6CQ8O22oXAF6VQgPMADl,"@user Дак Крым всю жизнь русский и так был.. Я лично знаю крымчан, они рады что Крым русский, о чем вы",Это бомба в мировой политике... Такого позорища уже давно не было,"крым российский, россия",,21
ai,Трамп — Зеленскому: «Вы доиграетесь до Третьей мировой». Полная версия спора с субтитрами,UgwfD3Q3-mOcMiWag9p4AaABAg.AF6CQ8O22oXAF6VdgWkNn2,"@user видимо аппелировать больше не к чему? С коллегой которая во всем этом живёт обсуждаем ситуацию регулярно. Она солидарна и в использовании смайликов) так что человеческого мало в тех, кто поддерживает Украину. Она как мелкая бесконтрольная шавка. Испортила и погубила жизнь многих людей и своих же граждан. Так что да, в таких уродах, что поддерживают Зеленского человеческого мало. Россия уже победила, можете успокоиться.",Это бомба в мировой политике... Такого позорища уже давно не было,"война в украине, россия",владимир зеленский,63
ai,Трамп — Зеленскому: «Вы доиграетесь до Третьей мировой». Полная версия спора с субтитрами,UgwfD3Q3-mOcMiWag9p4AaABAg.AF6CQ8O22oXAF6Vt3zpJXi,"@user вашей фразе прямо сквозит превосходство одних над другими. «Реднек» в изначальном понимании там только один, и это возможно Вэнс - лишь по происхождению.
Для вас, наверное, станет откровением, что политики так часто схватываются - но за закрытыми дверьми; здесь имеет место публичная порка - вполне осознанная. Но это не повод говорить в глаза самым могущественным людям в мире, что от войны их отделяет nice ocean.",Это бомба в мировой политике... Такого позорища уже давно не было,сша,владимир зеленский,66
ai,Трамп — Зеленскому: «Вы доиграетесь до Третьей мировой». Полная версия спора с субтитрами,UgwfD3Q3-mOcMiWag9p4AaABAg.AF6CQ8O22oXAF6W5U4VBzR,"Не надо коверкать факты, украина ,в одностороннем порядке, при Порошенко, расторгла договор о мире с Россиеей. Сейчас вы пожинаете плоды своего агрессивного отношения к Росии, если украина не подпишет мирный договор, война закончится полной капитуляцией Киева.",Это бомба в мировой политике... Такого позорища уже давно не было,"война в украине, россия",,36
ai,Трамп — Зеленскому: «Вы доиграетесь до Третьей мировой». Полная версия спора с субтитрами,UgwfD3Q3-mOcMiWag9p4AaABAg.AF6CQ8O22oXAF6WFODPqnA,"@user лет убивали своих сограждан и орали на весь мир, что Россия напала на Украину, что Россия воюет. Доорались? Вы уже достали Россию своим хрюканьем, теперь она точно пришла и заберёт своё по праву. А вы только и умеете клянчить и разбазаривать. Такую страну угробили. А фигли, не своё, можно раздавать и продавать направо и налево. И не спрашивайте теперь ""а нас за що?""... 🤨",Это бомба в мировой политике... Такого позорища уже давно не было,"война в украине, россия",помощь украине,65
ai,Трамп — Зеленскому: «Вы доиграетесь до Третьей мировой». Полная версия спора с субтитрами,UgwfD3Q3-mOcMiWag9p4AaABAg.AF6CQ8O22oXAF6WMJGrb4Q,@user США и есть сторона агрессора и убийц.,Это бомба в мировой политике... Такого позорища уже давно не было,,сша,8
ai,Трамп — Зеленскому: «Вы доиграетесь до Третьей мировой». Полная версия спора с субтитрами,UgwfD3Q3-mOcMiWag9p4AaABAg.AF6CQ8O22oXAF6X_8Oysnj,@user а мне повестка не пришла. Придёт - пойду.,Это бомба в мировой политике... Такого позорища уже давно не было,мобилизация,,9
ai,Трамп — Зеленскому: «Вы доиграетесь до Третьей мировой». Полная версия спора с субтитрами,UgwfD3Q3-mOcMiWag9p4AaABAg.AF6CQ8O22oXAF6Xd5J7m20,"@user не Украина на помойке, но Трамп себя туда отправил , вместе с Венсом.Позор хамским пацанам, воспитание ""отличное""!!!",Это бомба в мировой политике... Такого позорища уже давно не было,,дональд трамп,18
ai,Трамп — Зеленскому: «Вы доиграетесь до Третьей мировой». Полная версия спора с субтитрами,UgwfD3Q3-mOcMiWag9p4AaABAg.AF6CQ8O22oXAF6Y0UvstpL,"*Как всегда ВРЁТ (Зельц). Он не мог слышать от Путина о трёх днях, поскольку ПУТИН никогда не говорил об этом. НИ-КО-ГДА!*@user",Это бомба в мировой политике... Такого позорища уже давно не было,россия,владимир зеленский,21
ai,Трамп — Зеленскому: «Вы доиграетесь до Третьей мировой». Полная версия спора с субтитрами,UgwfD3Q3-mOcMiWag9p4AaABAg.AF6CQ8O22oXAF6YEya9QyV,"Да,паричек со своей сучкой( которая в Украине не бывала и рассуждает о ней) вообще не подготовились к встрече и просто опозорились перед Европой.Жаль.Очень жаль.",Это бомба в мировой политике... Такого позорища уже давно не было,,дональд трамп,24
ai,Трамп — Зеленскому: «Вы доиграетесь до Третьей мировой». Полная версия спора с субтитрами,UgwfD3Q3-mOcMiWag9p4AaABAg.AF6CQ8O22oXAF6ZwCtCzK4,"@user как раз америка и не заняла сторону агрессора, который с 14г уничтожает своё население в гражданской войне. Только совершенно тупой не видит, как одна часть украины воюет с другой в крестах рейха на военной технике, в нашивках SS, со свастиками на татухах",Это бомба в мировой политике... Такого позорища уже давно не было,сша,"война в украине, всу",43
ai,Трамп — Зеленскому: «Вы доиграетесь до Третьей мировой». Полная версия спора с субтитрами,UgwfD3Q3-mOcMiWag9p4AaABAg.AF6CQ8O22oXAF6aMpiE2Xo,@user хотя бы костюм надел для приличия. Вот он точно -испанский стыд!,Это бомба в мировой политике... Такого позорища уже давно не было,,владимир зеленский,12
ai,Трамп — Зеленскому: «Вы доиграетесь до Третьей мировой». Полная версия спора с субтитрами,UgwfD3Q3-mOcMiWag9p4AaABAg.AF6CQ8O22oXAF6btyzxrvG,"@user
Если ты Матушки должен,тогда отдай и всё...",Это бомба в мировой политике... Такого позорища уже давно не было,россия,,8
ai,Трамп — Зеленскому: «Вы доиграетесь до Третьей мировой». Полная версия спора с субтитрами,UgwfD3Q3-mOcMiWag9p4AaABAg.AF6CQ8O22oXAF6bu51-cRk,"В этой встрече - вся суть Украины. Сначала Россия им давала все, что они захотят - дешевый газ, возможность зарабатывать простым людям в России без каких то обязательств и налогов, транша денег. Они все это заглатывали , потом - Россия, пошла на хйу, москалей на ножи , за океаном есть богатый дядя, он нам больше даст. Теперь история повторяется со Штатами. Поразительный менталитет!",Это бомба в мировой политике... Такого позорища уже давно не было,россия,помощь украине,63
ai,Трамп — Зеленскому: «Вы доиграетесь до Третьей мировой». Полная версия спора с субтитрами,UgwfD3Q3-mOcMiWag9p4AaABAg.AF6CQ8O22oXAF6c3dn_Rkf,@user хочет остановить войну.,Это бомба в мировой политике... Такого позорища уже давно не было,дональд трамп,война в украине,4
ai,Трамп — Зеленскому: «Вы доиграетесь до Третьей мировой». Полная версия спора с субтитрами,UgwfD3Q3-mOcMiWag9p4AaABAg.AF6CQ8O22oXAF6c5kMYzI2,@user в чем же видите позор житель каких штатов ? В том что призывают к миру !,Это бомба в мировой политике... Такого позорища уже давно не было,дональд трамп,война в украине,17
ai,Трамп — Зеленскому: «Вы доиграетесь до Третьей мировой». Полная версия спора с субтитрами,UgwfD3Q3-mOcMiWag9p4AaABAg.AF6CQ8O22oXAF6cLUqdSbe,"@user огромная мировая держава, а ты -""помойкой обзываешь"". Нехорошо, амеры обидятся.",Это бомба в мировой политике... Такого позорища уже давно не было,сша,,11
ai,Трамп — Зеленскому: «Вы доиграетесь до Третьей мировой». Полная версия спора с субтитрами,UgwfD3Q3-mOcMiWag9p4AaABAg.AF6CQ8O22oXAF6cLol_coW,"@user нет , нет дамочка! Сначала был договор с Росссией в 1998 году о дружбе и сотрудничестве и не создавать союзы, угрожающие безопасности друг другу. Украина как всегда нарушила, весь путь украинства - это история предательства и плевание в колодец из которого пьешь.",Это бомба в мировой политике... Такого позорища уже давно не было,россия,нато,43
ai,Трамп — Зеленскому: «Вы доиграетесь до Третьей мировой». Полная версия спора с субтитрами,UgwfD3Q3-mOcMiWag9p4AaABAg.AF6CQ8O22oXAF6cYP3P34d,"@user не колхозник, он -клоун.",Это бомба в мировой политике... Такого позорища уже давно не было,,владимир зеленский,5
ai,Трамп — Зеленскому: «Вы доиграетесь до Третьей мировой». Полная версия спора с субтитрами,UgwfD3Q3-mOcMiWag9p4AaABAg.AF6CQ8O22oXAF6cfQ1_S8E,"@user, это просто ролевые игры двух актеров.",Это бомба в мировой политике... Такого позорища уже давно не было,,"владимир зеленский, дональд трамп",7
ai,Трамп — Зеленскому: «Вы доиграетесь до Третьей мировой». Полная версия спора с субтитрами,UgwfD3Q3-mOcMiWag9p4AaABAg.AF6CQ8O22oXAF6d8Vj97-b,"@user оказаться, что мало чего останется от другой страны, которая за своими ""друзьями"" не замечает подлых поползновений, занимаясь высокомерным чванством и злорадствуя за соседскую беду!",Это бомба в мировой политике... Такого позорища уже давно не было,,россия,25
ai,Трамп — Зеленскому: «Вы доиграетесь до Третьей мировой». Полная версия спора с субтитрами,UgwfD3Q3-mOcMiWag9p4AaABAg.AF6CQ8O22oXAF6dOHi_DSb,"@user переговоров тогда отказались обе воюющие стороны: островитяне и россияне, которых ""кинули"". Вспомните.",Это бомба в мировой политике... Такого позорища уже давно не было,россия,,13
ai,Трамп — Зеленскому: «Вы доиграетесь до Третьей мировой». Полная версия спора с субтитрами,UgwfD3Q3-mOcMiWag9p4AaABAg.AF6CQ8O22oXAF6duFibGrb,"@user что теперь? Тогда утерлись и сейчас переживут. А что, Зе должен их благодарить за такое иезуитство? Им прикрывались, себе впк накачали, денег напилили, а теперь кидают!",Это бомба в мировой политике... Такого позорища уже давно не было,владимир зеленский,"помощь украине, сша",27
ai,Трамп — Зеленскому: «Вы доиграетесь до Третьей мировой». Полная версия спора с субтитрами,UgwfD3Q3-mOcMiWag9p4AaABAg.AF6CQ8O22oXAF6e2OzIYik,"@user дык, ты же и поможешь отрабатывать эту ""помощь"". Вот посмотришь.",Это бомба в мировой политике... Такого позорища уже давно не было,,помощь украине,11
ai,Трамп — Зеленскому: «Вы доиграетесь до Третьей мировой». Полная версия спора с субтитрами,UgwfD3Q3-mOcMiWag9p4AaABAg.AF6CQ8O22oXAF6eRsQJcOF,и это позор трампа!,Это бомба в мировой политике... Такого позорища уже давно не было,,дональд трамп,4
ai,Трамп — Зеленскому: «Вы доиграетесь до Третьей мировой». Полная версия спора с субтитрами,UgwfD3Q3-mOcMiWag9p4AaABAg.AF6CQ8O22oXAF6evnTGGs4,"@user про Зеленского сошлашусь с Вами, но Вы упустили самый важный нюанс: сам Трамп подтвердил, что начиная с Обамы запад (США) накачивали Украину наступательным оружием. Зачем? Америка и Западная Европа втянули Украину в войну против России. Украина им ничего не должна! И Украине не за что быть благодарной ни Америке, ни Трампу! И Путин не агрессор и не убийца!",Это бомба в мировой политике... Такого позорища уже давно не было,россия,"владимир зеленский, война в украине, дональд трамп, запад, помощь украине, сша",59
ai,Трамп — Зеленскому: «Вы доиграетесь до Третьей мировой». Полная версия спора с субтитрами,UgwfD3Q3-mOcMiWag9p4AaABAg.AF6CQ8O22oXAF6ezulvjea,"@user это НАТО которое устроило майдан и прикрывало тех кто жёг людей заживо - до сих пор виновных нет.
Меркель сама заявила что Украину изначально к этому готовили.",Это бомба в мировой политике... Такого позорища уже давно не было,,"майдан, нато",28
ai,Трамп — Зеленскому: «Вы доиграетесь до Третьей мировой». Полная версия спора с субтитрами,UgwfD3Q3-mOcMiWag9p4AaABAg.AF6CQ8O22oXAF6fk44Hrgx,"@user Так а кто занимает? Трамп занимает выгодную позицию но никак не сторону рфии. Он бизнесмен, ему не выгодно поссорится с рфией, так же как и с Украиной. Так что не вижу никакого позора в тккой риторике.",Это бомба в мировой политике... Такого позорища уже давно не было,дональд трамп,,37
ai,Трамп — Зеленскому: «Вы доиграетесь до Третьей мировой». Полная версия спора с субтитрами,UgwfD3Q3-mOcMiWag9p4AaABAg.AF6CQ8O22oXAF6gDbJKjLW,Для Трампа да,Это бомба в мировой политике... Такого позорища уже давно не было,,дональд трамп,3
ai,Трамп — Зеленскому: «Вы доиграетесь до Третьей мировой». Полная версия спора с субтитрами,Ugx7-7Qwa3RxgP5zewd4AaABAg.AF66Zmi_8e0AF66moUEQvH,позорная страница истории америки,"думаю мы живём в то время, когда этот день войдёт в документальные фильмы и учебники истории",,сша,4
ai,Трамп — Зеленскому: «Вы доиграетесь до Третьей мировой». Полная версия спора с субтитрами,Ugx7-7Qwa3RxgP5zewd4AaABAg.AF66Zmi_8e0AF67bDUhV6J,"Ага, как пример ""дипломатии"" на Привозе!","думаю мы живём в то время, когда этот день войдёт в документальные фильмы и учебники истории",,"владимир зеленский, дональд трамп",6
ai,Трамп — Зеленскому: «Вы доиграетесь до Третьей мировой». Полная версия спора с субтитрами,Ugx7-7Qwa3RxgP5zewd4AaABAg.AF66Zmi_8e0AF69F1U9cKP,"Помните мы удивлялись с вами читая на уроках истории либо на досуге, ну как мир мог идти на поводу Гитлера. Он захотел Чехословакию, ему отдали, он захотел Австрию, ему отдали, он захотел Польшу, французы сделали вид что ""мы с вами"", а сами после ""странной войны"" слились. Сегодня на наших глазах происходит история, друзья. Мы с вами видим как мир идёт на поводу у Путина под возгласы ""не дай бог третью мировую, отдайте этому агрессору все земли, которые он захочет""","думаю мы живём в то время, когда этот день войдёт в документальные фильмы и учебники истории",,"война в украине, мировое сообщество, россия, третья мировая",79
ai,Трамп — Зеленскому: «Вы доиграетесь до Третьей мировой». Полная версия спора с субтитрами,Ugx7-7Qwa3RxgP5zewd4AaABAg.AF66Zmi_8e0AF69VVb5JO9,Ага. Только здесь нужна мультипликация. Типа про Дональда Дака.. Когда он метлой должен гонять всю нечисть.,"думаю мы живём в то время, когда этот день войдёт в документальные фильмы и учебники истории",дональд трамп,,16
ai,Трамп — Зеленскому: «Вы доиграетесь до Третьей мировой». Полная версия спора с субтитрами,Ugx7-7Qwa3RxgP5zewd4AaABAg.AF66Zmi_8e0AF6AfRuHcAr,"Трамп мне напоминает человека который принёс кусок бумаги в Великобританию и махал рукой говоря - Я принёс мир.
Ситуация с пыпой тоже смое ! Мы имеем дело с новым видом фашизма в России и он на много ублюдочный чем даже Третьий рейх","думаю мы живём в то время, когда этот день войдёт в документальные фильмы и учебники истории",,"дональд трамп, россия",42
ai,Трамп — Зеленскому: «Вы доиграетесь до Третьей мировой». Полная версия спора с субтитрами,Ugx7-7Qwa3RxgP5zewd4AaABAg.AF66Zmi_8e0AF6Akj0-LQB,"@user Зеленский им все как есть сказал , а они все еще в своих фантазиях летают","думаю мы живём в то время, когда этот день войдёт в документальные фильмы и учебники истории",владимир зеленский,дональд трамп,16
ai,Трамп — Зеленскому: «Вы доиграетесь до Третьей мировой». Полная версия спора с субтитрами,Ugx7-7Qwa3RxgP5zewd4AaABAg.AF66Zmi_8e0AF6B-lDt3BQ,@user чем в данном случае позор США🤔. Украина должна объявить бойкот США или что🤔...,"думаю мы живём в то время, когда этот день войдёт в документальные фильмы и учебники истории",сша,,14
ai,Трамп — Зеленскому: «Вы доиграетесь до Третьей мировой». Полная версия спора с субтитрами,Ugx7-7Qwa3RxgP5zewd4AaABAg.AF66Zmi_8e0AF6BANwqtob,"@user конечно, в овальном кабинете еще никто так не брал в рот со времён Моники Левински","думаю мы живём в то время, когда этот день войдёт в документальные фильмы и учебники истории",,владимир зеленский,16
ai,Трамп — Зеленскому: «Вы доиграетесь до Третьей мировой». Полная версия спора с субтитрами,Ugx7-7Qwa3RxgP5zewd4AaABAg.AF66Zmi_8e0AF6BhWxwH-J,"@user как минимум в том что открыто так общаются на публику с союзником , союзник который с первых дней зависит от него и все это знают. Как в будущем доверять сша другим союзникам ? в Афганистане кинули своих , теперь Украину кидают, да что там кидать , война еше идет а они счет выставляют уже. Всегда говорил что сша нельзя доверять но такого в открытую я не ожидал увидит в прямом эфире","думаю мы живём в то время, когда этот день войдёт в документальные фильмы и учебники истории",,"помощь украине, сша",72
ai,Трамп — Зеленскому: «Вы доиграетесь до Третьей мировой». Полная версия спора с субтитрами,Ugx7-7Qwa3RxgP5zewd4AaABAg.AF66Zmi_8e0AF6Bm2h52E7,"Напали как две бешенные овчарки,","думаю мы живём в то время, когда этот день войдёт в документальные фильмы и учебники истории",владимир зеленский,дональд трамп,5
ai,Трамп — Зеленскому: «Вы доиграетесь до Третьей мировой». Полная версия спора с субтитрами,Ugx7-7Qwa3RxgP5zewd4AaABAg.AF66Zmi_8e0AF6DyWxVDP9,"@user -Мы с вами видим как мир идёт на поводу у Путина- Т.е. вы признаёте, что Путин стоит во главе мира. Круто.","думаю мы живём в то время, когда этот день войдёт в документальные фильмы и учебники истории",россия,,22
ai,Трамп — Зеленскому: «Вы доиграетесь до Третьей мировой». Полная версия спора с субтитрами,Ugx7-7Qwa3RxgP5zewd4AaABAg.AF66Zmi_8e0AF6E9cYSpMU,"хватит сравнивать несравнимое. Тогда США вложились в Гитлера, чтобы он с коммунизмом боролся, а Сша оружие всем кому не попадя продавали во время войны оружие и лэндлиз. А сейчас сша вложились в Украину, чтобы она с Россией боролась, а сша потихоньку Европу раздербанили и индустрию у Европы стырили себе и оружие заодно продали Европе взамен того, что она отправила Украине. США всегда в выигрыше. Теперь еще Украина им должна осталась. Уметь надо. Это бизнес детка, ничего личного, @user","думаю мы живём в то время, когда этот день войдёт в документальные фильмы и учебники истории",,"помощь украине, сша",78
ai,Трамп — Зеленскому: «Вы доиграетесь до Третьей мировой». Полная версия спора с субтитрами,Ugx7-7Qwa3RxgP5zewd4AaABAg.AF66Zmi_8e0AF6EslNErQk,@user последний раз в такую позу в этом кабинете ставили Монику Левински,"думаю мы живём в то время, когда этот день войдёт в документальные фильмы и учебники истории",дональд трамп,владимир зеленский,12
ai,Трамп — Зеленскому: «Вы доиграетесь до Третьей мировой». Полная версия спора с субтитрами,Ugx7-7Qwa3RxgP5zewd4AaABAg.AF66Zmi_8e0AF6FVpb-imW,"Оказалось, что Зеленский не только крупнейший Бизнесмен, но и крупнейший Дипломат!!!","думаю мы живём в то время, когда этот день войдёт в документальные фильмы и учебники истории",,владимир зеленский,11
ai,Трамп — Зеленскому: «Вы доиграетесь до Третьей мировой». Полная версия спора с субтитрами,Ugx7-7Qwa3RxgP5zewd4AaABAg.AF66Zmi_8e0AF6FwXDg10S,"@user Байкот СтарЛинку, Хаймерсу, Джавелину, Системам связи и данным разведки. Потом Кулеба приедет с лопатой и победит.","думаю мы живём в то время, когда этот день войдёт в документальные фильмы и учебники истории",помощь украине,,17
ai,Трамп — Зеленскому: «Вы доиграетесь до Третьей мировой». Полная версия спора с субтитрами,Ugx7-7Qwa3RxgP5zewd4AaABAg.AF66Zmi_8e0AF6GDdbVxJ3,"@user
Класс)! Поделом зельке! Я в восхищении!
Путин предупреждал!","думаю мы живём в то время, когда этот день войдёт в документальные фильмы и учебники истории",,владимир зеленский,9
ai,Трамп — Зеленскому: «Вы доиграетесь до Третьей мировой». Полная версия спора с субтитрами,Ugx7-7Qwa3RxgP5zewd4AaABAg.AF66Zmi_8e0AF6GS-VmsY1,Срачь у ларька в 2часа ночи,"думаю мы живём в то время, когда этот день войдёт в документальные фильмы и учебники истории",,"владимир зеленский, дональд трамп",6
ai,Трамп — Зеленскому: «Вы доиграетесь до Третьей мировой». Полная версия спора с субтитрами,Ugx7-7Qwa3RxgP5zewd4AaABAg.AF66Zmi_8e0AF6IsNmgXcq,"@user Ну почему позорная. Трамп свою задачу выполнил. Показал сомневающимся что есть Зеленский. Мы это видим и воспринимаем как дипломатию, а по сути это американское политическое шоу для внутреннего потребления.","думаю мы живём в то время, когда этот день войдёт в документальные фильмы и учебники истории",дональд трамп,"владимир зеленский, сша",30
ai,Трамп — Зеленскому: «Вы доиграетесь до Третьей мировой». Полная версия спора с субтитрами,Ugx7-7Qwa3RxgP5zewd4AaABAg.AF66Zmi_8e0AF6JCzVoguZ,"Зеленский совершил ошибку, общаясь с Трампом на английском, он должен был говорить на украинском через переводчика, это бы очень сильно гасило эмоции с обеих сторон и давало бы время на обдумывание ответов и вопросов. Странно, что никто из команды Зеленского не объяснил ему такие элементарные вещи","думаю мы живём в то время, когда этот день войдёт в документальные фильмы и учебники истории",,владимир зеленский,46
ai,Трамп — Зеленскому: «Вы доиграетесь до Третьей мировой». Полная версия спора с субтитрами,Ugx7-7Qwa3RxgP5zewd4AaABAg.AF66Zmi_8e0AF6JE3unTr5,"@user Таблеточку прими. ""Агрессор"" в своей песочнице не может разгрестись. При чём такой агрессор который с 14 года бегает и каждый год мир выпрашивает. Все бы блин такие агрессоры были. Если бы Зеля из себя Черчиля недоделанного не строил, война закончилась бы не начинаясь.","думаю мы живём в то время, когда этот день войдёт в документальные фильмы и учебники истории",россия,"владимир зеленский, война в украине",44
ai,Трамп — Зеленскому: «Вы доиграетесь до Третьей мировой». Полная версия спора с субтитрами,Ugx7-7Qwa3RxgP5zewd4AaABAg.AF66Zmi_8e0AF6JNX4OnBq,@user Было бы забавно. Я думаю Зеленскому в Кремле орден готовят. Так феерично обделаться мог только он. Вот что значит человек на своём месте)),"думаю мы живём в то время, когда этот день войдёт в документальные фильмы и учебники истории",,владимир зеленский,24
ai,Трамп — Зеленскому: «Вы доиграетесь до Третьей мировой». Полная версия спора с субтитрами,Ugx7-7Qwa3RxgP5zewd4AaABAg.AF66Zmi_8e0AF6JZ4nCWuR,"Надо было ожидать ещё тогда, когда они печеньки раздавали в прямом эфире. А теперь украинское вечное:,, А нас за шо? ""@user","думаю мы живём в то время, когда этот день войдёт в документальные фильмы и учебники истории",,"майдан, сша",21
ai,Трамп — Зеленскому: «Вы доиграетесь до Третьей мировой». Полная версия спора с субтитрами,Ugx7-7Qwa3RxgP5zewd4AaABAg.AF66Zmi_8e0AF6K0Ld1G_y,"Нормально ему дупло почистили, теперь одноклеточные говорят америка зло, мы пэрэможемо без америки, европа з нами, это к тому что этот народ целует сапоги только тем кто даёт деньги, продажные попрошайки 🤦♂️","думаю мы живём в то время, когда этот день войдёт в документальные фильмы и учебники истории","дональд трамп, сша","владимир зеленский, помощь украине",32
ai,Трамп — Зеленскому: «Вы доиграетесь до Третьей мировой». Полная версия спора с субтитрами,Ugx7-7Qwa3RxgP5zewd4AaABAg.AF66Zmi_8e0AF6LTh9pb3T,"@user Войну на Украине начал Турчинов и нацисты, которые сожгли живьём людей в Одессе. А майдан организовала нуланд, чтоб свергнуть законного президента Януковича. Всю войну замесили США и Бриты, поэтому и помогали зеле ""ослаблять"" РФ и ""свалить"" Путина. Но Россия выстояла и теперь с ней нужно договариваться! Чужих земель нам НЕ НАДО, у нас своих завались, что и вызывает зависть у Запада и желание ими овладеть!","думаю мы живём в то время, когда этот день войдёт в документальные фильмы и учебники истории",россия,"владимир зеленский, война в украине, запад, майдан, помощь украине, сша",66
ai,Трамп — Зеленскому: «Вы доиграетесь до Третьей мировой». Полная версия спора с субтитрами,Ugx7-7Qwa3RxgP5zewd4AaABAg.AF66Zmi_8e0AF6LaNgCL5y,"@user не быть голословным, посмотрите, СКОООЛЬКО путин призывал нато к миру и не приближаться к России со всех сторон. А после того, как в Украине произошёл майдан и флот, который стоял в севастополе(вообще-то по договору разрешения) путин не выдержал. Мало того, что майданутые за свободу оскорблялироссию, были нацелены на нато. России было понятно, что это был организованный переворот при поддержке америки usaid, а остальным, надеюсь, стало ясно хотя бы сейчас, когда недавно они сами в этом признались косвенно. И каждый раз путин искал диалог. Если бы у путина были амбиции гитлера, то трамп не назвал бы его условия ""не тем из-за чего стоило развязать войну"".","думаю мы живём в то время, когда этот день войдёт в документальные фильмы и учебники истории","война в украине, россия","майдан, нато, сша",105
ai,Трамп — Зеленскому: «Вы доиграетесь до Третьей мировой». Полная версия спора с субтитрами,Ugx7-7Qwa3RxgP5zewd4AaABAg.AF66Zmi_8e0AF6MLOVKxdr,"Зеленский врет и лжет, ни стыда, ни совести!!!","думаю мы живём в то время, когда этот день войдёт в документальные фильмы и учебники истории",,владимир зеленский,8
ai,Трамп — Зеленскому: «Вы доиграетесь до Третьей мировой». Полная версия спора с субтитрами,Ugx7-7Qwa3RxgP5zewd4AaABAg.AF66Zmi_8e0AF6MTBjFWS-,"Трамп хочет оторвать рф от Китая. Китаю и глобалистам это не нужно. Украинскому истеблишменту, получающему деньги демпартии, это не нужно соответственно. Нет Зеленского - нет не из его слов, а Си Дзинпина и соросят.","думаю мы живём в то время, когда этот день войдёт в документальные фильмы и учебники истории",дональд трамп,"владимир зеленский, сша",34
ai,Трамп — Зеленскому: «Вы доиграетесь до Третьей мировой». Полная версия спора с субтитрами,Ugx7-7Qwa3RxgP5zewd4AaABAg.AF66Zmi_8e0AF6N8w5sqea,"@user Приехал в Вашингтон и ведет себя по хамски в Овальном кабинете. А это между прочим весь мир видит и американцы видят как перебивают их президента.
США нельзя доверять? А почему при Байдене доверяли? Двуличие оно такое.","думаю мы живём в то время, когда этот день войдёт в документальные фильмы и учебники истории","дональд трамп, сша",владимир зеленский,37
ai,Трамп — Зеленскому: «Вы доиграетесь до Третьей мировой». Полная версия спора с субтитрами,Ugx7-7Qwa3RxgP5zewd4AaABAg.AF66Zmi_8e0AF6NpctXaku,@user период в истории региона украина!,"думаю мы живём в то время, когда этот день войдёт в документальные фильмы и учебники истории",,война в украине,6
ai,Трамп — Зеленскому: «Вы доиграетесь до Третьей мировой». Полная версия спора с субтитрами,Ugx7-7Qwa3RxgP5zewd4AaABAg.AF66Zmi_8e0AF6Nvs27am7,@user возвращает свое по праву! Лишнего не надо!,"думаю мы живём в то время, когда этот день войдёт в документальные фильмы и учебники истории","война в украине, россия",,8
ai,Трамп — Зеленскому: «Вы доиграетесь до Третьей мировой». Полная версия спора с субтитрами,Ugx7-7Qwa3RxgP5zewd4AaABAg.AF66Zmi_8e0AF6O2BZjYtI,Так у него команда соответствующая... Т.е. тупая.... Разве это не понятно ??)@user,"думаю мы живём в то время, когда этот день войдёт в документальные фильмы и учебники истории",,владимир зеленский,12
ai,Трамп — Зеленскому: «Вы доиграетесь до Третьей мировой». Полная версия спора с субтитрами,Ugx7-7Qwa3RxgP5zewd4AaABAg.AF66Zmi_8e0AF6PcGMAiIT,"@user% по факту. Я как гражданин UK, понимал что он хочет сказать, но из-за неидеального Английского посыл получился другим. Большая ошибка была говорить без переводчика","думаю мы живём в то время, когда этот день войдёт в документальные фильмы и учебники истории",,владимир зеленский,25
ai,Трамп — Зеленскому: «Вы доиграетесь до Третьей мировой». Полная версия спора с субтитрами,Ugx7-7Qwa3RxgP5zewd4AaABAg.AF66Zmi_8e0AF6PkAs5Yl0,@user ядерка для обезьяны с гранатой ?,"думаю мы живём в то время, когда этот день войдёт в документальные фильмы и учебники истории",,владимир зеленский,7
ai,Трамп — Зеленскому: «Вы доиграетесь до Третьей мировой». Полная версия спора с субтитрами,Ugx7-7Qwa3RxgP5zewd4AaABAg.AF66Zmi_8e0AF6Pm87___3,Войдёт в историю как день победы европейских наций против еврейского заговора по взятию власти над всем европейским миром.,"думаю мы живём в то время, когда этот день войдёт в документальные фильмы и учебники истории",запад,,18
ai,Трамп — Зеленскому: «Вы доиграетесь до Третьей мировой». Полная версия спора с субтитрами,Ugx7-7Qwa3RxgP5zewd4AaABAg.AF66Zmi_8e0AF6Pou1zteI,"ЗЕЛЕНСКИЙ ДАЛ САМ ПОВОД, УНИЗИЛ НЕ ТОЛЬКО СЕБЯ НО И ВЕСЬ УКРАИНСКИЙ НАРОД. ОНИ ВИДЯТ ЖЕ В КАКОМ ОН СОСТОЯНИИ СИДИТ. КАК МОЖНО БЫЛО ПОЗВОЛИТЬ СЕБЕ ТАКОЕ....?
ОТСЮДА ВЫВОД, ДЕСЯТКИ ЛЕТ РУКОВОДЯТ В УКРАИНЕ ГОПНИКИ. И НЕ НАДО ВАЛИТЬ ТОЛЬКО НА НЕГО.
СТОЛЬКО ЛЕТ ВСЕ ПАРТИИ ДЕРЖАТСЯ ВМЕСТЕ У КОРЫТА, С НАРОДОМ НИКАКОГО КОНТАКТА НЕТУ. ТВОРЯТ, ЧТО САМИ ХОТЯТ.","думаю мы живём в то время, когда этот день войдёт в документальные фильмы и учебники истории",,владимир зеленский,59
ai,Трамп — Зеленскому: «Вы доиграетесь до Третьей мировой». Полная версия спора с субтитрами,Ugx7-7Qwa3RxgP5zewd4AaABAg.AF66Zmi_8e0AF6Q2iMrDxf,@user надо свои косяки прикрывать хотелками Путина,"думаю мы живём в то время, когда этот день войдёт в документальные фильмы и учебники истории",,россия,7
ai,Трамп — Зеленскому: «Вы доиграетесь до Третьей мировой». Полная версия спора с субтитрами,Ugx7-7Qwa3RxgP5zewd4AaABAg.AF66Zmi_8e0AF6Q8FRPWm5,"@user какой же ты необразованный и упоротый. Подарок для нынешней власти Европы, вас имеют, а всё свою песню поёте))","думаю мы живём в то время, когда этот день войдёт в документальные фильмы и учебники истории",,запад,19
ai,Трамп — Зеленскому: «Вы доиграетесь до Третьей мировой». Полная версия спора с субтитрами,Ugx7-7Qwa3RxgP5zewd4AaABAg.AF66Zmi_8e0AF6QK2IMVHC,"@user, эльфы начали понимать, каким другом может быть Америка!? Мы тоже дружили с США в 90е. Не дай Бог вернуться к такой дружбе","думаю мы живём в то время, когда этот день войдёт в документальные фильмы и учебники истории",,сша,23
ai,Трамп — Зеленскому: «Вы доиграетесь до Третьей мировой». Полная версия спора с субтитрами,Ugx7-7Qwa3RxgP5zewd4AaABAg.AF66Zmi_8e0AF6Qr-9xHdF,"А ОН ЧТО, БУРАТИНО. ЗАЧЕМ ""причастился"" ИДЯ НА ТАКОЙ ПРИЕМ. ЕМУ, ЧТО 15-ть ЛЕТ? НАПРИМЕР ЛУКАШЕНКО УЧИТЬ НЕ НАДО КАК РАЗГОВАРИВАТЬ ГДЕ И С КЕМ. ВОН КАК ЗА СВОЙ НАРОД И СТРАНУ СТОИТ, ГЛОТКУ ПЕРЕГРЕЗЕТ ЛЮБОМУ. ЕМУ ТОЖЕ НЕ ПОЗАВИДОВАТЬ. С ОДНОЙ СТОРОНЫ ПУТИН, А С ДРУГОЙ ЕВРОПА, АМЕРИКА.","думаю мы живём в то время, когда этот день войдёт в документальные фильмы и учебники истории",,владимир зеленский,49
ai,Трамп — Зеленскому: «Вы доиграетесь до Третьей мировой». Полная версия спора с субтитрами,Ugx7-7Qwa3RxgP5zewd4AaABAg.AF66Zmi_8e0AF6S-SxjTxv,"Украинцам надо понять одну очень важную вещь - Трамп - это президент США, и он при любых сделках и условиях будет в первую очередь думать о выгоде для своей страны, а не для Украины. И это нормально и приемлемо. Для него важно что во всей этой истории именно США будут миротворцами, а он как предводитель будет на коне нести свой флаг впереди всех. На первом месте выгода для США и уж только потом остальное типа остановить эту войну и все такое… Байден уже прос..ал 350 млрд баксов. Трамп пытается вернуть все то, что Байден отдал.","думаю мы живём в то время, когда этот день войдёт в документальные фильмы и учебники истории","дональд трамп, сша",помощь украине,95
ai,Трамп — Зеленскому: «Вы доиграетесь до Третьей мировой». Полная версия спора с субтитрами,Ugx7-7Qwa3RxgP5zewd4AaABAg.AF66Zmi_8e0AF6S2fuZBOz,Точно!!! Как Америка стала Великой опять !!! MAGA !!! 😂😂😂И встала в один рад с изгоем pашкой!,"думаю мы живём в то время, когда этот день войдёт в документальные фильмы и учебники истории",,"россия, сша",17
ai,Трамп — Зеленскому: «Вы доиграетесь до Третьей мировой». Полная версия спора с субтитрами,Ugx7-7Qwa3RxgP5zewd4AaABAg.AF66Zmi_8e0AF6SQpMwaKb,"@user Так позор США иметь такого президента.Который ложится под Путина. Хотя он ложится из за полезных ископаемых, Которые Путин ему предложил. Так что может и неплохо. Хотя сколько этот медовый месяц будет длиться ? Hепонятно. Посмотрим.","думаю мы живём в то время, когда этот день войдёт в документальные фильмы и учебники истории",,"дональд трамп, россия, сша",36
ai,Трамп — Зеленскому: «Вы доиграетесь до Третьей мировой». Полная версия спора с субтитрами,Ugx7-7Qwa3RxgP5zewd4AaABAg.AF66Zmi_8e0AF6SSzuXpkj,@user Как раз таки большинство стран велись на поводу Зеленского. Точнее использовали его как Гитлера против России.,"думаю мы живём в то время, когда этот день войдёт в документальные фильмы и учебники истории",россия,"владимир зеленский, мировое сообщество",17
ai,Трамп — Зеленскому: «Вы доиграетесь до Третьей мировой». Полная версия спора с субтитрами,Ugx7-7Qwa3RxgP5zewd4AaABAg.AF66Zmi_8e0AF6Tim9pYq1,"@user Да ладно вам. Это селюковская дипломатическая школа. Вон бывший кулеба иностранных дел. С английским получше, а школа таже.","думаю мы живём в то время, когда этот день войдёт в документальные фильмы и учебники истории",,владимир зеленский,19
ai,Трамп — Зеленскому: «Вы доиграетесь до Третьей мировой». Полная версия спора с субтитрами,Ugx7-7Qwa3RxgP5zewd4AaABAg.AF66Zmi_8e0AF6TuenXSUG,@user позорная история Украины!!!,"думаю мы живём в то время, когда этот день войдёт в документальные фильмы и учебники истории",,владимир зеленский,4
ai,Трамп — Зеленскому: «Вы доиграетесь до Третьей мировой». Полная версия спора с субтитрами,Ugx7-7Qwa3RxgP5zewd4AaABAg.AF66Zmi_8e0AF6Uwo6Jo9w,"Если собака начинает кидаться на хозяина, её убивают. Зеленскому не долго осталось","думаю мы живём в то время, когда этот день войдёт в документальные фильмы и учебники истории",,владимир зеленский,12
ai,Трамп — Зеленскому: «Вы доиграетесь до Третьей мировой». Полная версия спора с субтитрами,Ugx7-7Qwa3RxgP5zewd4AaABAg.AF66Zmi_8e0AF6VXu2xLyF,@user только Зеля.😅,"думаю мы живём в то время, когда этот день войдёт в документальные фильмы и учебники истории",,владимир зеленский,3
ai,Трамп — Зеленскому: «Вы доиграетесь до Третьей мировой». Полная версия спора с субтитрами,Ugx7-7Qwa3RxgP5zewd4AaABAg.AF66Zmi_8e0AF6Vc6UB6FU,@user ошиблись.Мир долго шел на поводу у Зели.И теперь он ведёт себя как бесноватый.,"думаю мы живём в то время, когда этот день войдёт в документальные фильмы и учебники истории",,владимир зеленский,14
ai,Трамп — Зеленскому: «Вы доиграетесь до Третьей мировой». Полная версия спора с субтитрами,Ugx7-7Qwa3RxgP5zewd4AaABAg.AF66Zmi_8e0AF6VfR1uQMI,@user он тявкал как моська! Смешно!😅,"думаю мы живём в то время, когда этот день войдёт в документальные фильмы и учебники истории",,владимир зеленский,6
ai,Трамп — Зеленскому: «Вы доиграетесь до Третьей мировой». Полная версия спора с субтитрами,Ugx7-7Qwa3RxgP5zewd4AaABAg.AF66Zmi_8e0AF6WLfxi31g,@user походу Америка и ржавого гвоздя укроинки НЕ ДАСТ БОЛЬШЕ.,"думаю мы живём в то время, когда этот день войдёт в документальные фильмы и учебники истории",,помощь украине,10
ai,Трамп — Зеленскому: «Вы доиграетесь до Третьей мировой». Полная версия спора с субтитрами,Ugx7-7Qwa3RxgP5zewd4AaABAg.AF66Zmi_8e0AF6WeM5ulVm,@user всё дело в ядерном оружие у зели его НЕТ.,"думаю мы живём в то время, когда этот день войдёт в документальные фильмы и учебники истории",,владимир зеленский,10
ai,Трамп — Зеленскому: «Вы доиграетесь до Третьей мировой». Полная версия спора с субтитрами,Ugx7-7Qwa3RxgP5zewd4AaABAg.AF66Zmi_8e0AF6X0lK9bmG,@user кровожадный зелик зашкварился окончательно ядерного оружия нет а гонора неистребимого хрхлецизма полно вот с ним и останется,"думаю мы живём в то время, когда этот день войдёт в документальные фильмы и учебники истории",,владимир зеленский,18
ai,Трамп — Зеленскому: «Вы доиграетесь до Третьей мировой». Полная версия спора с субтитрами,Ugx7-7Qwa3RxgP5zewd4AaABAg.AF66Zmi_8e0AF6YlKnzI08,Про океан 🌊 это что было … угроза цунами ?,"думаю мы живём в то время, когда этот день войдёт в документальные фильмы и учебники истории",,владимир зеленский,10
ai,Трамп — Зеленскому: «Вы доиграетесь до Третьей мировой». Полная версия спора с субтитрами,Ugx7-7Qwa3RxgP5zewd4AaABAg.AF66Zmi_8e0AF6Zg3oLq-b,"@user Хорош свистеть! За отказ от ""ядерки"" США выплатили Украине денежную компенсацию. Гарантией со стороны РФ, опять таки при условии, что украина сохранит нейтралитет, было неприменение яо против Украины.","думаю мы живём в то время, когда этот день войдёт в документальные фильмы и учебники истории",россия,"будапештский меморандум, нато",29
ai,Трамп — Зеленскому: «Вы доиграетесь до Третьей мировой». Полная версия спора с субтитрами,Ugx7-7Qwa3RxgP5zewd4AaABAg.AF66Zmi_8e0AF6_3NwJT7F,История про идиота которого выгнали на хрен с Белого дома,"думаю мы живём в то время, когда этот день войдёт в документальные фильмы и учебники истории",,владимир зеленский,10
ai,Трамп — Зеленскому: «Вы доиграетесь до Третьей мировой». Полная версия спора с субтитрами,Ugx7-7Qwa3RxgP5zewd4AaABAg.AF66Zmi_8e0AF6_6rDnEka,@user США и Россия против идиота наркомана,"думаю мы живём в то время, когда этот день войдёт в документальные фильмы и учебники истории","россия, сша",владимир зеленский,7
ai,Трамп — Зеленскому: «Вы доиграетесь до Третьей мировой». Полная версия спора с субтитрами,Ugx7-7Qwa3RxgP5zewd4AaABAg.AF66Zmi_8e0AF6_846WEuz,"Так вы не раз кидали туже америку,китай,россию Европу. Вы дадите такому союзнику в долг?@user","думаю мы живём в то время, когда этот день войдёт в документальные фильмы и учебники истории",,помощь украине,14
ai,Трамп — Зеленскому: «Вы доиграетесь до Третьей мировой». Полная версия спора с субтитрами,Ugx7-7Qwa3RxgP5zewd4AaABAg.AF66Zmi_8e0AF6_BBQWsIS,@user за три дня))(,"думаю мы живём в то время, когда этот день войдёт в документальные фильмы и учебники истории",,сша,4
ai,Трамп — Зеленскому: «Вы доиграетесь до Третьей мировой». Полная версия спора с субтитрами,Ugx7-7Qwa3RxgP5zewd4AaABAg.AF66Zmi_8e0AF6_JLY4RVi,@user Вашингтон за три дня,"думаю мы живём в то время, когда этот день войдёт в документальные фильмы и учебники истории",,сша,5
ai,Трамп — Зеленскому: «Вы доиграетесь до Третьей мировой». Полная версия спора с субтитрами,Ugx7-7Qwa3RxgP5zewd4AaABAg.AF66Zmi_8e0AF6aXNzDx4W,"Этот дурдом существует в параллельном мире,восприятие реальности отсутствует у всех пациентов.","думаю мы живём в то время, когда этот день войдёт в документальные фильмы и учебники истории",,"владимир зеленский, дональд трамп",11
ai,Трамп — Зеленскому: «Вы доиграетесь до Третьей мировой». Полная версия спора с субтитрами,Ugx7-7Qwa3RxgP5zewd4AaABAg.AF66Zmi_8e0AF6an6SDCEq,"Здесь ключевое. Трамп сказал, что думает это хорошо, что Зеленский показал свое истинное лицо американцам - неблагодарная, наглая, невоспитанная, агрессивная свинья! Благодаря Зеленскому, теперь число американцев, желающих помогать Украине ЗАМЕТНО снизится. А Трампу это очень было нужно, чтобы заручиться поддержкой электората для резких мер против Украины. Зеленский на столько туп и наивен, что зашел в эту ловушку и на глазах миллионов американцев начал ругаться с президентом, вице-президентом и гос. секретарем. Он все сам сделал. Как глупая тупая мышь с одной извилиной, жрущая сыр в мышеловке, не думающая дальше, чем кончик своего собственного носа","думаю мы живём в то время, когда этот день войдёт в документальные фильмы и учебники истории",дональд трамп,"владимир зеленский, помощь украине",93
ai,Трамп — Зеленскому: «Вы доиграетесь до Третьей мировой». Полная версия спора с субтитрами,Ugx7-7Qwa3RxgP5zewd4AaABAg.AF66Zmi_8e0AF6atJjYKRI,"@user претензии,свои,даме - с печеньками и Хантеру- укяМУ!","думаю мы живём в то время, когда этот день войдёт в документальные фильмы и учебники истории",,"майдан, сша",8
ai,Трамп — Зеленскому: «Вы доиграетесь до Третьей мировой». Полная версия спора с субтитрами,Ugx7-7Qwa3RxgP5zewd4AaABAg.AF66Zmi_8e0AF6bmcGZsdC,"Да, как бредни старика","думаю мы живём в то время, когда этот день войдёт в документальные фильмы и учебники истории",,дональд трамп,4
ai,Трамп — Зеленскому: «Вы доиграетесь до Третьей мировой». Полная версия спора с субтитрами,Ugx7-7Qwa3RxgP5zewd4AaABAg.AF66Zmi_8e0AF6byUpkKzr,"@user все друг друга стоят по моему мнению и Трамп и Путин и Зеленский всем это выгодно миром правят деньги а на войне делать капиталы тоже можно , не все Украинцы злые это людям промыли мозги причем каптальны и у той и у другой стороны есть люди которые против войн простые граждане а нас не слышат либо затыкают рот огромное давление идёт на несогласных ,ещё лет пять эта петрушка будет длится примерно пока русские и украинцы друг друга не истребят , как бы до ядерного конфликта не должно , сейчас Российская пропаганда превратилась в цирк, то Запад плохой то хороший дур дом одним словом","думаю мы живём в то время, когда этот день войдёт в документальные фильмы и учебники истории",,"владимир зеленский, война в украине, дональд трамп, россия, третья мировая",104
ai,Трамп — Зеленскому: «Вы доиграетесь до Третьей мировой». Полная версия спора с субтитрами,Ugx7-7Qwa3RxgP5zewd4AaABAg.AF66Zmi_8e0AF6cKy2URQs,"@user ну да они.сабаки ,,а зе шакал не благодарныи,,","думаю мы живём в то время, когда этот день войдёт в документальные фильмы и учебники истории",,владимир зеленский,9
ai,Трамп — Зеленскому: «Вы доиграетесь до Третьей мировой». Полная версия спора с субтитрами,Ugx7-7Qwa3RxgP5zewd4AaABAg.AF66Zmi_8e0AF6ca8Qx2yD,"@user Верно,все этитерритории,и Одесса,разумеется,были и остаются её.России.-землями!..Никто не задаётся вопросом,чего этот иудейЧЧЧЧЧЧЧЧЧИК снёс -таки памятник Екатерине?!","думаю мы живём в то время, когда этот день войдёт в документальные фильмы и учебники истории","война в украине, россия",владимир зеленский,16
ai,Трамп — Зеленскому: «Вы доиграетесь до Третьей мировой». Полная версия спора с субтитрами,Ugx7-7Qwa3RxgP5zewd4AaABAg.AF66Zmi_8e0AF6ci82VucM,"Зеленский диктатор и хочет войны, Путин хочет мира, войну развязали украинцы много лет назад. Все по факту😊","думаю мы живём в то время, когда этот день войдёт в документальные фильмы и учебники истории",россия,"владимир зеленский, война в украине",17
ai,Трамп — Зеленскому: «Вы доиграетесь до Третьей мировой». Полная версия спора с субтитрами,Ugx7-7Qwa3RxgP5zewd4AaABAg.AF66Zmi_8e0AF6cpVSfovG,или в учебники комиксов квартал 95 .......,"думаю мы живём в то время, когда этот день войдёт в документальные фильмы и учебники истории",,владимир зеленский,7
ai,Трамп — Зеленскому: «Вы доиграетесь до Третьей мировой». Полная версия спора с субтитрами,Ugx7-7Qwa3RxgP5zewd4AaABAg.AF66Zmi_8e0AF6d7Tu8YIZ,"@user а ЧТо вы от квартальщика,эстрадного. хОчете?!","думаю мы живём в то время, когда этот день войдёт в документальные фильмы и учебники истории",,владимир зеленский,7
ai,Трамп — Зеленскому: «Вы доиграетесь до Третьей мировой». Полная версия спора с субтитрами,UgxB7y9tk5mTCJep6th4AaABAg,"Напоминает сцену из ,, крестного отца,, ты пришёл просить, но просишь без должного уважения.","Напоминает сцену из ,, крестного отца,, ты пришёл просить, но просишь без должного уважения.",,владимир зеленский,14
ai,Трамп — Зеленскому: «Вы доиграетесь до Третьей мировой». Полная версия спора с субтитрами,UgxB7y9tk5mTCJep6th4AaABAg.AF6XZHP28bGAF6cV9d2LOP,"Он имеет право требовать поддержки от США, так как именно США тогда уговорили Украину отдать ядерку россии.","Напоминает сцену из ,, крестного отца,, ты пришёл просить, но просишь без должного уважения.","будапештский меморандум, владимир зеленский, помощь украине",сша,17
ai,Трамп — Зеленскому: «Вы доиграетесь до Третьей мировой». Полная версия спора с субтитрами,UgxB7y9tk5mTCJep6th4AaABAg.AF6XZHP28bGAF6crhTSIS_,"@user - диктатор, который развязал войну с Россией, он имеет право объявить выборы честные, проиграть и дальше в квартале 95 шутки тупые нести","Напоминает сцену из ,, крестного отца,, ты пришёл просить, но просишь без должного уважения.",,"владимир зеленский, война в украине",23
ai,Трамп — Зеленскому: «Вы доиграетесь до Третьей мировой». Полная версия спора с субтитрами,UgxB7y9tk5mTCJep6th4AaABAg.AF6XZHP28bGAF6cwhx_cgC,"Вообще-то Америка обещала помогать, это трамп не имеет права вести себя как король мира, она вам что всем, отец?","Напоминает сцену из ,, крестного отца,, ты пришёл просить, но просишь без должного уважения.",помощь украине,дональд трамп,19
ai,Трамп — Зеленскому: «Вы доиграетесь до Третьей мировой». Полная версия спора с субтитрами,UgxB7y9tk5mTCJep6th4AaABAg.AF6XZHP28bGAF6d5By-dx3,"@user пока Володя З. в статусе ""диктатора"", то как сказал Доня Т, ничего он не имеет...","Напоминает сцену из ,, крестного отца,, ты пришёл просить, но просишь без должного уважения.",,владимир зеленский,16
ai,Трамп — Зеленскому: «Вы доиграетесь до Третьей мировой». Полная версия спора с субтитрами,UgxB7y9tk5mTCJep6th4AaABAg.AF6XZHP28bGAF6dAXVV6qZ,"Не знаешь истины про ядерную, не суйся. @user","Напоминает сцену из ,, крестного отца,, ты пришёл просить, но просишь без должного уважения.",,третья мировая,8
ai,Трамп — Зеленскому: «Вы доиграетесь до Третьей мировой». Полная версия спора с субтитрами,UgxB7y9tk5mTCJep6th4AaABAg.AF6XZHP28bGAF6dkgRKvvH,@user это точно,"Напоминает сцену из ,, крестного отца,, ты пришёл просить, но просишь без должного уважения.",,владимир зеленский,3
ai,Трамп — Зеленскому: «Вы доиграетесь до Третьей мировой». Полная версия спора с субтитрами,UgxB7y9tk5mTCJep6th4AaABAg.AF6XZHP28bGAF6dz7VcvSN,"Да, да, тоже заметил. Почему кота Дональду не посадили рядом чтоб гладить? )))","Напоминает сцену из ,, крестного отца,, ты пришёл просить, но просишь без должного уважения.",,владимир зеленский,13
ai,Трамп — Зеленскому: «Вы доиграетесь до Третьей мировой». Полная версия спора с субтитрами,UgxB7y9tk5mTCJep6th4AaABAg.AF6XZHP28bGAF6edoMx5CO,"@user Когда Украина была УССР, тогда и РФ была РСФСР. А ядерку отдала Украина РФ. Так что не нужно тут наводить тень на плетень. Хотя только на это и хватает умишка у большинства эрефиян.","Напоминает сцену из ,, крестного отца,, ты пришёл просить, но просишь без должного уважения.",,россия,34
ai,Трамп — Зеленскому: «Вы доиграетесь до Третьей мировой». Полная версия спора с субтитрами,UgxB7y9tk5mTCJep6th4AaABAg.AF6XZHP28bGAF6ej6eFrQs,@user не имеет никаких прав..он никто..😂,"Напоминает сцену из ,, крестного отца,, ты пришёл просить, но просишь без должного уважения.",,владимир зеленский,6
ai,Трамп — Зеленскому: «Вы доиграетесь до Третьей мировой». Полная версия спора с субтитрами,UgxB7y9tk5mTCJep6th4AaABAg.AF6XZHP28bGAF6el-gJzKH,"@user Володимир Зеленский ""диктатор"" в глазах торгаша Трампа и ущурпатора Пут Ына.","Напоминает сцену из ,, крестного отца,, ты пришёл просить, но просишь без должного уважения.",владимир зеленский,дональд трамп,12
ai,Трамп — Зеленскому: «Вы доиграетесь до Третьей мировой». Полная версия спора с субтитрами,UgxB7y9tk5mTCJep6th4AaABAg.AF6XZHP28bGAF6eq10vHZk,"@user ванька, никто это ты, а Зеленский президент своей страны.","Напоминает сцену из ,, крестного отца,, ты пришёл просить, но просишь без должного уважения.",владимир зеленский,,10
ai,Трамп — Зеленскому: «Вы доиграетесь до Третьей мировой». Полная версия спора с субтитрами,UgxB7y9tk5mTCJep6th4AaABAg.AF6XZHP28bGAF6f98z6E1J,И что США уговорили вывести войска из восточной Германии. Тебе никто ничего не должен.@user,"Напоминает сцену из ,, крестного отца,, ты пришёл просить, но просишь без должного уважения.",сша,,14
ai,Трамп — Зеленскому: «Вы доиграетесь до Третьей мировой». Полная версия спора с субтитрами,UgxB7y9tk5mTCJep6th4AaABAg.AF6XZHP28bGAF6fHT_UFJ6,"@user прогинайся под нацистов, Ташкент..или ты уже воюешь за этого ЗЕ диктатора в окопах ??","Напоминает сцену из ,, крестного отца,, ты пришёл просить, но просишь без должного уважения.",,владимир зеленский,15
ai,Трамп — Зеленскому: «Вы доиграетесь до Третьей мировой». Полная версия спора с субтитрами,UgxB7y9tk5mTCJep6th4AaABAg.AF6XZHP28bGAF6fU31BCye,@user всё равно что снаряд от танка папуасам оставить выстрелить ни куда не смогут но ручьки ножки поотрывает,"Напоминает сцену из ,, крестного отца,, ты пришёл просить, но просишь без должного уважения.",,помощь украине,18
ai,Трамп — Зеленскому: «Вы доиграетесь до Третьей мировой». Полная версия спора с субтитрами,UgxB7y9tk5mTCJep6th4AaABAg.AF6XZHP28bGAF6fYO9LCDj,"@user явно знает про ядерку больше тебя. И главное, чем бы, кому ни были обязаны США, они все это прощают. И традиционно, всегда это демонстрируют.","Напоминает сцену из ,, крестного отца,, ты пришёл просить, но просишь без должного уважения.",,сша,25
ai,Трамп — Зеленскому: «Вы доиграетесь до Третьей мировой». Полная версия спора с субтитрами,UgxB7y9tk5mTCJep6th4AaABAg.AF6XZHP28bGAF6faq5gIqY,"@user я никогда не прогинался ни под нацистов, ни под рашистов. Но ты походу под ними.","Напоминает сцену из ,, крестного отца,, ты пришёл просить, но просишь без должного уважения.",,россия,16
ai,Трамп — Зеленскому: «Вы доиграетесь до Третьей мировой». Полная версия спора с субтитрами,UgxB7y9tk5mTCJep6th4AaABAg.AF6XZHP28bGAF6faxRe55S,точно,"Напоминает сцену из ,, крестного отца,, ты пришёл просить, но просишь без должного уважения.",,владимир зеленский,1
ai,Трамп — Зеленскому: «Вы доиграетесь до Третьей мировой». Полная версия спора с субтитрами,UgxB7y9tk5mTCJep6th4AaABAg.AF6XZHP28bGAF6fdS_cuwQ,@user вам все должны 😂,"Напоминает сцену из ,, крестного отца,, ты пришёл просить, но просишь без должного уважения.",,помощь украине,5
ai,Трамп — Зеленскому: «Вы доиграетесь до Третьей мировой». Полная версия спора с субтитрами,UgxB7y9tk5mTCJep6th4AaABAg.AF6XZHP28bGAF6fxkImZFs,@user кастрюльку из Украины передали?,"Напоминает сцену из ,, крестного отца,, ты пришёл просить, но просишь без должного уважения.",,майдан,5
ai,Трамп — Зеленскому: «Вы доиграетесь до Третьей мировой». Полная версия спора с субтитрами,UgxB7y9tk5mTCJep6th4AaABAg.AF6XZHP28bGAF6g4avj3KR,"@user США уговорили ещё и Казахстан и Белоруссию. И что? США и им теперь что то должно? Все эти переговоры были в рамках ""Treaty on the Non-Proliferation of Nuclear Weapons"" (договор о нераспространении ядерного оружия), а не какого то ""будапештского меморандума"" на который сейчас ссылается Украина. Причём сами же украинцы и не ратифицировали этот ""будапештский меморандум"". Кто им помешал это сделать и выработать договора на основе ""будапештского меморандума""? Так что ""будапештский меморандум"" это просто мусорная бумага, которую сами же украинцы и выкинули в мусорное ведро ещё тогда в девяностых. А вот согласно ""договору о нераспространении ядерного оружия"" Украина и согласилась на безъядерный статус, как и Казахстан и Белоруссия. Или они тоже подписывали какой то мифический ""меморандум""?","Напоминает сцену из ,, крестного отца,, ты пришёл просить, но просишь без должного уважения.",сша,будапештский меморандум,116
ai,Трамп — Зеленскому: «Вы доиграетесь до Третьей мировой». Полная версия спора с субтитрами,UgxB7y9tk5mTCJep6th4AaABAg.AF6XZHP28bGAF6g92fMGQO,"@user если ты чувак защищаешь ЗЕ диктатора..ты должен торчать в окопах..
Да,если ты говоришь по-русски и пишешь по-русски ты рашист однозначно...","Напоминает сцену из ,, крестного отца,, ты пришёл просить, но просишь без должного уважения.",мобилизация,владимир зеленский,21
ai,Трамп — Зеленскому: «Вы доиграетесь до Третьей мировой». Полная версия спора с субтитрами,UgxB7y9tk5mTCJep6th4AaABAg.AF6XZHP28bGAF6gIir64Kr,@user обиделись что им дворы в России мести запретили😂,"Напоминает сцену из ,, крестного отца,, ты пришёл просить, но просишь без должного уважения.",россия,,9
ai,Трамп — Зеленскому: «Вы доиграетесь до Третьей мировой». Полная версия спора с субтитрами,UgxB7y9tk5mTCJep6th4AaABAg.AF6XZHP28bGAF6gUc-ZiWw,"@user что значит твое ""и что""? Есть документ, есть обязательства гарантов. Догоняешь? А до казахов у россии руки коротки, там Китай вам поп 0чки порвет в случае чего.","Напоминает сцену из ,, крестного отца,, ты пришёл просить, но просишь без должного уважения.",будапештский меморандум,россия,28
ai,Трамп — Зеленскому: «Вы доиграетесь до Третьей мировой». Полная версия спора с субтитрами,UgxB7y9tk5mTCJep6th4AaABAg.AF6XZHP28bGAF6gYMG2AbT,@user Не путайте мягкое с тёплым. УССР не смогла бы самостоятельно применить ядерное оружие без Москвы или как то распоряжаться им. Поэтому оружие пришлось вернуть хозяину.,"Напоминает сцену из ,, крестного отца,, ты пришёл просить, но просишь без должного уважения.",россия,будапештский меморандум,26
ai,Трамп — Зеленскому: «Вы доиграетесь до Третьей мировой». Полная версия спора с субтитрами,UgxB7y9tk5mTCJep6th4AaABAg.AF6XZHP28bGAF6ge-LAh5o,во во,"Напоминает сцену из ,, крестного отца,, ты пришёл просить, но просишь без должного уважения.",,владимир зеленский,2
ai,Трамп — Зеленскому: «Вы доиграетесь до Третьей мировой». Полная версия спора с субтитрами,UgxB7y9tk5mTCJep6th4AaABAg.AF6XZHP28bGAF6gjDrEGlI,@user мне никто из Украины ничего не передавал. Это ты там в россии привык к посылкам из Украины. Ведь тебе же по Белпочте посылали унитаз и стирмашинку.,"Напоминает сцену из ,, крестного отца,, ты пришёл просить, но просишь без должного уважения.",,россия,27
ai,Трамп — Зеленскому: «Вы доиграетесь до Третьей мировой». Полная версия спора с субтитрами,UgxB7y9tk5mTCJep6th4AaABAg.AF6XZHP28bGAF6gzkSYCf2,"@user Зеленский в статусе ""диктатора"" только в глазах твоих и твоего кремлевского хозяина который сам узурпировал власть в РФ. Тем более Трамп отказался от своих слов про ""диктаторство"".","Напоминает сцену из ,, крестного отца,, ты пришёл просить, но просишь без должного уважения.",владимир зеленский,россия,28
ai,Трамп — Зеленскому: «Вы доиграетесь до Третьей мировой». Полная версия спора с субтитрами,UgxB7y9tk5mTCJep6th4AaABAg.AF6XZHP28bGAF6hFfhABTz,"@user А чего не так)))
Там тоже обещали))))
Ты свое место не забывай Зеленский это Каддафи, его использует и выкинут.","Напоминает сцену из ,, крестного отца,, ты пришёл просить, но просишь без должного уважения.",,владимир зеленский,20
ai,Трамп — Зеленскому: «Вы доиграетесь до Третьей мировой». Полная версия спора с субтитрами,UgxB7y9tk5mTCJep6th4AaABAg.AF6XZHP28bGAF6hHia6cw9,"@user, отдать ? А она у них была ?","Напоминает сцену из ,, крестного отца,, ты пришёл просить, но просишь без должного уважения.",,будапештский меморандум,9
ai,Трамп — Зеленскому: «Вы доиграетесь до Третьей мировой». Полная версия спора с субтитрами,UgxB7y9tk5mTCJep6th4AaABAg.AF6XZHP28bGAF6hNs9msGx,"@user не делала ракеты. Они производились в Украине.А вас выходит, что Украина была африканской пустыней, где белые люди из Москвы что-то разместили.","Напоминает сцену из ,, крестного отца,, ты пришёл просить, но просишь без должного уважения.",,россия,22
ai,Трамп — Зеленскому: «Вы доиграетесь до Третьей мировой». Полная версия спора с субтитрами,UgxB7y9tk5mTCJep6th4AaABAg.AF6XZHP28bGAF6hPbdLFvm,"@user, просроченый президент . Не легитимный . Ноль .","Напоминает сцену из ,, крестного отца,, ты пришёл просить, но просишь без должного уважения.",,владимир зеленский,9
ai,Трамп — Зеленскому: «Вы доиграетесь до Третьей мировой». Полная версия спора с субтитрами,UgxB7y9tk5mTCJep6th4AaABAg.AF6XZHP28bGAF6hVY34Tcc,"Точно . Он пришел к мафии , и пытается разговаривать с ними на человеческом языке .
А они не люди . Они уроды .","Напоминает сцену из ,, крестного отца,, ты пришёл просить, но просишь без должного уважения.",владимир зеленский,"дональд трамп, сша",24
ai,Трамп — Зеленскому: «Вы доиграетесь до Третьей мировой». Полная версия спора с субтитрами,UgxB7y9tk5mTCJep6th4AaABAg.AF6XZHP28bGAF6idQBg0rP,"@user принадлежала СССР. Уркаина из СССР ушла. Значит должна вернуть то,что ей не принадлежит. А только было размещено на её территории. Так же с любыми военными базами на чужой территории","Напоминает сцену из ,, крестного отца,, ты пришёл просить, но просишь без должного уважения.",будапештский меморандум,,30
ai,Трамп — Зеленскому: «Вы доиграетесь до Третьей мировой». Полная версия спора с субтитрами,UgxB7y9tk5mTCJep6th4AaABAg.AF6XZHP28bGAF6ixYfA1We,Плесень вообще ни на что не имеет права.@user,"Напоминает сцену из ,, крестного отца,, ты пришёл просить, но просишь без должного уважения.",,владимир зеленский,8
ai,Трамп — Зеленскому: «Вы доиграетесь до Третьей мировой». Полная версия спора с субтитрами,UgxB7y9tk5mTCJep6th4AaABAg.AF6XZHP28bGAF6iz3xKqdQ,@user могла бы воспользоваться или нет мы узнали бы если б не передали ядерку РФ. Но ядерку в числе прочего военного она имела право не отдавать. Жаль что передали.,"Напоминает сцену из ,, крестного отца,, ты пришёл просить, но просишь без должного уважения.",,"будапештский меморандум, россия",29
ai,Трамп — Зеленскому: «Вы доиграетесь до Третьей мировой». Полная версия спора с субтитрами,UgxB7y9tk5mTCJep6th4AaABAg.AF6XZHP28bGAF6j0djykJe,"@user он,а не президент 😂😂😂","Напоминает сцену из ,, крестного отца,, ты пришёл просить, но просишь без должного уважения.",,владимир зеленский,5
ai,Трамп — Зеленскому: «Вы доиграетесь до Третьей мировой». Полная версия спора с субтитрами,UgxB7y9tk5mTCJep6th4AaABAg.AF6XZHP28bGAF6jASfi1Ve,@user РФ признана наследником СССР. Так что- все законно,"Напоминает сцену из ,, крестного отца,, ты пришёл просить, но просишь без должного уважения.",россия,,9
ai,Трамп — Зеленскому: «Вы доиграетесь до Третьей мировой». Полная версия спора с субтитрами,UgxB7y9tk5mTCJep6th4AaABAg.AF6XZHP28bGAF6jC0AOJYx,"Когда старый маразматик приходит к власти, результат очевиден, мир перевернулся с ног на голову, чёрное это белое и точка!!!","Напоминает сцену из ,, крестного отца,, ты пришёл просить, но просишь без должного уважения.",,дональд трамп,19
ai,Трамп — Зеленскому: «Вы доиграетесь до Третьей мировой». Полная версия спора с субтитрами,UgxB7y9tk5mTCJep6th4AaABAg.AF6XZHP28bGAF6jElx4eSn,"@user нормы поведения ,дипломатия.он нанюхался лишка.он сидит никакой. Позорище","Напоминает сцену из ,, крестного отца,, ты пришёл просить, но просишь без должного уважения.",,владимир зеленский,9
ai,Трамп — Зеленскому: «Вы доиграетесь до Третьей мировой». Полная версия спора с субтитрами,UgxB7y9tk5mTCJep6th4AaABAg.AF6XZHP28bGAF6jOIzY3EG,"А за что уважать Трампа?? За что??? Что он сделал для Украины хорошего? Последние 4 года президентом был Байден, помогал Байден, а не Трамп если что. Американский народ тоже не пострадал из-за помощи Украине, как жили хорошо, так и живут, так что нечего выклянчивать к себе уважение Трампу, ничем не заслуживает уважения. Разговор должен проходить на равных.","Напоминает сцену из ,, крестного отца,, ты пришёл просить, но просишь без должного уважения.","помощь украине, сша",дональд трамп,57
ai,Трамп — Зеленскому: «Вы доиграетесь до Третьей мировой». Полная версия спора с субтитрами,UgxB7y9tk5mTCJep6th4AaABAg.AF6XZHP28bGAF6jSUmh_mm,"А кому обещали президенту,а сидит нелегал@user","Напоминает сцену из ,, крестного отца,, ты пришёл просить, но просишь без должного уважения.",,владимир зеленский,6
ai,Трамп — Зеленскому: «Вы доиграетесь до Третьей мировой». Полная версия спора с субтитрами,UgxB7y9tk5mTCJep6th4AaABAg.AF6XZHP28bGAF6jdxKwbHj,"@user Президент Украины передал яо СССР)) А виновата Россия)))
Место своё не забывай, оно с протянутой рукой на коленях","Напоминает сцену из ,, крестного отца,, ты пришёл просить, но просишь без должного уважения.",россия,"будапештский меморандум, помощь украине",19
ai,Трамп — Зеленскому: «Вы доиграетесь до Третьей мировой». Полная версия спора с субтитрами,UgxB7y9tk5mTCJep6th4AaABAg.AF6XZHP28bGAF6jmf9OMQy,"@user она могла только так,как воспользовалась всем,что ей от СССР досталось - попилить и продать. США это знали, поэтому не дали так сделать","Напоминает сцену из ,, крестного отца,, ты пришёл просить, но просишь без должного уважения.",сша,,23
ai,Трамп — Зеленскому: «Вы доиграетесь до Третьей мировой». Полная версия спора с субтитрами,UgxB7y9tk5mTCJep6th4AaABAg.AF6XZHP28bGAF6jzZHglnO,"@user помогал? Отправить к бандерке ,в ад,более миллиона поклонников? Так это он больше России помог,по факту.😂😂😂 А Трамп пытается это остановить","Напоминает сцену из ,, крестного отца,, ты пришёл просить, но просишь без должного уважения.","дональд трамп, россия","владимир зеленский, война в украине",21
ai,Трамп — Зеленскому: «Вы доиграетесь до Третьей мировой». Полная версия спора с субтитрами,UgxB7y9tk5mTCJep6th4AaABAg.AF6XZHP28bGAF6kDwb1FVv,"@user Он имеет право требовать поддержки от США, так как именно США тогда уговорили Украину отдать ядерку россии.
==
Не надо бредить. Ядерного оружия у Украины никогда не было. Более того, Украина в своей декларации о независимости заявила об отказе от ядерного оружия и обязательствам быть нейтральной.","Напоминает сцену из ,, крестного отца,, ты пришёл просить, но просишь без должного уважения.",сша,"будапештский меморандум, помощь украине",47
ai,Трамп — Зеленскому: «Вы доиграетесь до Третьей мировой». Полная версия спора с субтитрами,UgxB7y9tk5mTCJep6th4AaABAg.AF6XZHP28bGAF6l0z73S1U,@user вместе зеленским употребляете что ли 😂,"Напоминает сцену из ,, крестного отца,, ты пришёл просить, но просишь без должного уважения.",,владимир зеленский,7
ai,Трамп — Зеленскому: «Вы доиграетесь до Третьей мировой». Полная версия спора с субтитрами,UgxB7y9tk5mTCJep6th4AaABAg.AF6XZHP28bGAF6lDgAiFiI,"Кастрюлеголовые уже в 91 могли развязать ядерку,дай им бразды правления","Напоминает сцену из ,, крестного отца,, ты пришёл просить, но просишь без должного уважения.",,третья мировая,10
ai,Трамп — Зеленскому: «Вы доиграетесь до Третьей мировой». Полная версия спора с субтитрами,UgxB7y9tk5mTCJep6th4AaABAg.AF6XZHP28bGAF6lGSmXa--,@user правду. Он курить много. Сравнил РОССИЮ И украину,"Напоминает сцену из ,, крестного отца,, ты пришёл просить, но просишь без должного уважения.",россия,владимир зеленский,9
ai,Трамп — Зеленскому: «Вы доиграетесь до Третьей мировой». Полная версия спора с субтитрами,UgxB7y9tk5mTCJep6th4AaABAg.AF6XZHP28bGAF6lJHWddWs,Именно они уговорили начать войну @user,"Напоминает сцену из ,, крестного отца,, ты пришёл просить, но просишь без должного уважения.",,война в украине,6
ai,Трамп — Зеленскому: «Вы доиграетесь до Третьей мировой». Полная версия спора с субтитрами,UgxB7y9tk5mTCJep6th4AaABAg.AF6XZHP28bGAF6l_hrudC5,Унитазы хорошие. На слив нажимаешь а там хриплый голос Зелинского перемога ну и конечно узбек его подключал с со словами я арий от потужного унитаз . . @user,"Напоминает сцену из ,, крестного отца,, ты пришёл просить, но просишь без должного уважения.",,владимир зеленский,28
ai,Трамп — Зеленскому: «Вы доиграетесь до Третьей мировой». Полная версия спора с субтитрами,UgxB7y9tk5mTCJep6th4AaABAg.AF6XZHP28bGAF6ljcSm5tc,"@user
Можешь закрыть пасть, кремлебот, ты уже заработал свою копейку","Напоминает сцену из ,, крестного отца,, ты пришёл просить, но просишь без должного уважения.",,россия,10
ai,Трамп — Зеленскому: «Вы доиграетесь до Третьей мировой». Полная версия спора с субтитрами,UgxB7y9tk5mTCJep6th4AaABAg.AF6XZHP28bGAF6ll6TvWD2,"@user сша не обязана помогать кому-либо вообще в мире кроме себя, существует ес в интересах которых остановить войну, а они хотят продолжать, а Трамп говорит без США вы просто мопсы против овчарки)","Напоминает сцену из ,, крестного отца,, ты пришёл просить, но просишь без должного уважения.","дональд трамп, сша","война в украине, запад, помощь украине",32
ai,Трамп — Зеленскому: «Вы доиграетесь до Третьей мировой». Полная версия спора с субтитрами,UgxB7y9tk5mTCJep6th4AaABAg.AF6XZHP28bGAF6m7OQFY0e,"@user может и президент своей страны, только общаться он так и не научился. Это переговоры, где закатывать глаза не стоит. Зеленский врет и они это знают, признать, что пора остановиться он не хочет, ему важно получить больше поддержки и заставить Россию на что-то пойти, но это невозможно в таком ключе. Ему попытались объяснить он не понял.","Напоминает сцену из ,, крестного отца,, ты пришёл просить, но просишь без должного уважения.",,"владимир зеленский, война в украине, помощь украине",56
ai,Трамп — Зеленскому: «Вы доиграетесь до Третьей мировой». Полная версия спора с субтитрами,UgxB7y9tk5mTCJep6th4AaABAg.AF6XZHP28bGAF6mJFLQhD3,"Просроченный президент, просроченной страны с народом с кастрюлями на головах !😂😂😂😂😂@user","Напоминает сцену из ,, крестного отца,, ты пришёл просить, но просишь без должного уважения.",,владимир зеленский,11
ai,Трамп — Зеленскому: «Вы доиграетесь до Третьей мировой». Полная версия спора с субтитрами,UgxB7y9tk5mTCJep6th4AaABAg.AF6XZHP28bGAF6m_ri-jam,"@user кто знает, может и полетели бы. Мало что ли что бывает когда на тебя нападает неадекватный сосед.","Напоминает сцену из ,, крестного отца,, ты пришёл просить, но просишь без должного уважения.",,"война в украине, россия",18
ai,Трамп — Зеленскому: «Вы доиграетесь до Третьей мировой». Полная версия спора с субтитрами,UgxB7y9tk5mTCJep6th4AaABAg.AF6XZHP28bGAF6mbuicEJv,"Посмотрел бы я на тебя, когда часть твоего дома отожмет сосед, а полиция к которой ты обратишся за помощью обвинит тебя в этом и начнет разводить на бабки (в нашнм случае на редкоземельные металлы). А да и еще за твоей спиной начнем договариваться с твоим соседам. Тут уже не до уважения.","Напоминает сцену из ,, крестного отца,, ты пришёл просить, но просишь без должного уважения.","владимир зеленский, помощь украине","россия, сша",51
ai,Трамп — Зеленскому: «Вы доиграетесь до Третьей мировой». Полная версия спора с субтитрами,UgxB7y9tk5mTCJep6th4AaABAg.AF6XZHP28bGAF6mpDW_-pY,похоже кремлеботы размножались,"Напоминает сцену из ,, крестного отца,, ты пришёл просить, но просишь без должного уважения.",,россия,3
ai,Трамп — Зеленскому: «Вы доиграетесь до Третьей мировой». Полная версия спора с субтитрами,UgxB7y9tk5mTCJep6th4AaABAg.AF6XZHP28bGAF6n-s12t-e,"@user что вмешиваюсь в ваш бесполезный по смыслам спор. Но хотел бы сказать, что ядерка на самом деле не является 100% условием сдерживания. Безотносительно, кто ей владеет. Тут ведь есть и другие факторы. Будь в Украине сильная дипломатия, и не такие коррупционные правители, то я могу предполагать, они и без ядерки могли используя многие рычаги, добиться всех своих целей не спеша и не затрагивая ничьих интересов. Вполне реально было бы стать нейтральной страной. А так я бы сказал, что украинцы повели себя как и русские, с одной стороны начав с лозунга националистов и кончая агрессивной непродуманной политикой. Но история не терпит сослагательного наклонения. Поэтому мы смотрим на результат, а результат для Украины плачевный. Не стоит ввязываться в драку по совету стороннего, не оценив перспективу. Всегда есть третий, виновный во всем. И после драки кулаками не машут.","Напоминает сцену из ,, крестного отца,, ты пришёл просить, но просишь без должного уважения.",,"будапештский меморандум, война в украине, нато",136
ai,Трамп — Зеленскому: «Вы доиграетесь до Третьей мировой». Полная версия спора с субтитрами,UgxB7y9tk5mTCJep6th4AaABAg.AF6XZHP28bGAF6n8U1NN0V,Какая страна такой и президент...@user,"Напоминает сцену из ,, крестного отца,, ты пришёл просить, но просишь без должного уважения.",,владимир зеленский,5
ai,Трамп — Зеленскому: «Вы доиграетесь до Третьей мировой». Полная версия спора с субтитрами,UgxB7y9tk5mTCJep6th4AaABAg.AF6XZHP28bGAF6nFYmXAQo,"Президент любой страны, не танцует в латексном костюме сексуального характера на камеру!@user","Напоминает сцену из ,, крестного отца,, ты пришёл просить, но просишь без должного уважения.",,владимир зеленский,12
ai,Трамп — Зеленскому: «Вы доиграетесь до Третьей мировой». Полная версия спора с субтитрами,UgxB7y9tk5mTCJep6th4AaABAg.AF6XZHP28bGAF6nTAn2kBf,"@user Конечно, ведь кнопка всегда находилась в Москве.","Напоминает сцену из ,, крестного отца,, ты пришёл просить, но просишь без должного уважения.",,россия,8
ai,Трамп — Зеленскому: «Вы доиграетесь до Третьей мировой». Полная версия спора с субтитрами,UgxB7y9tk5mTCJep6th4AaABAg.AF6XZHP28bGAF6nh5qHiIV,"@user, на территории УССР базировалось советское ЯО, нацеленное на США, за возврат этого ЯО в страну изготовления Россию, Украина получила от США большие деньги, а от России топливо для украинских АЭС. Украина не могла обслуживать, а тем более использовать по назначению это ЯО и должна благодарить США и Россию за то что её избавили от этого радиоактивного чемодана без ручки.","Напоминает сцену из ,, крестного отца,, ты пришёл просить, но просишь без должного уважения.","россия, сша",будапештский меморандум,60
ai,Трамп — Зеленскому: «Вы доиграетесь до Третьей мировой». Полная версия спора с субтитрами,UgxB7y9tk5mTCJep6th4AaABAg.AF6XZHP28bGAF6njykIpho,@user РФ выплатила все долги СССР и фактически и юридически является продолжателем СССР.,"Напоминает сцену из ,, крестного отца,, ты пришёл просить, но просишь без должного уважения.",россия,,13
ai,Трамп — Зеленскому: «Вы доиграетесь до Третьей мировой». Полная версия спора с субтитрами,UgxB7y9tk5mTCJep6th4AaABAg.AF6XZHP28bGAF6ntTryViZ,"Шо ти мелеш, ми вимагаємо. Просити не збирпємось і якщо начнеться третя світова , то не нехай починається! Це не ми почали, а росія!","Напоминает сцену из ,, крестного отца,, ты пришёл просить, но просишь без должного уважения.","помощь украине, третья мировая","война в украине, россия",24
ai,Трамп — Зеленскому: «Вы доиграетесь до Третьей мировой». Полная версия спора с субтитрами,UgxB7y9tk5mTCJep6th4AaABAg.AF6XZHP28bGAF6oFYcBKpl,"@user, какая наглость, вы видимо в жизни и умеете только что и брать у других, омерзительно. США не обязано помогать никому, и это не ваше дело насколько жители там хорошо/плохо живут, Трамп нормальный президент который поддерживает СВОЮ страну, именно поэтому достоин уважения как президент своей страны и текущий предводитель целой нации","Напоминает сцену из ,, крестного отца,, ты пришёл просить, но просишь без должного уважения.","дональд трамп, сша",помощь украине,51
ai,Трамп — Зеленскому: «Вы доиграетесь до Третьей мировой». Полная версия спора с субтитрами,UgxB7y9tk5mTCJep6th4AaABAg.AF6XZHP28bGAF6oGxLHXFJ,@user а почему он обязан вам помогать ?,"Напоминает сцену из ,, крестного отца,, ты пришёл просить, но просишь без должного уважения.",дональд трамп,помощь украине,8
ai,Трамп — Зеленскому: «Вы доиграетесь до Третьей мировой». Полная версия спора с субтитрами,UgxB7y9tk5mTCJep6th4AaABAg.AF6XZHP28bGAF6oVDHTRZ8,"@user только надо учесть, что полицейский был всё время на твоей стороне, чтоб воспользоваться твоим домом для наезда на соседа, одновременно пользуясь его содержимым. А когда сосед этому воспротивился, то полицейский решил просто уйти и забрать что в доме осталось.","Напоминает сцену из ,, крестного отца,, ты пришёл просить, но просишь без должного уважения.",россия,"помощь украине, сша",40
ai,«Не все воины»: как украинские мужчины бегут от призыва | Документальный фильм Би-би-си,Ugy3ImZPlAu6KSevgp14AaABAg,Молодые не должны погибать. Мировое сообщество должно выработать механизмы для прекращения любых военных конфликтов.,Молодые не должны погибать. Мировое сообщество должно выработать механизмы для прекращения любых военных конфликтов.,,война в украине,14
ai,«Не все воины»: как украинские мужчины бегут от призыва | Документальный фильм Би-би-си,Ugy3ImZPlAu6KSevgp14AaABAg.A1oER71oe4iA1oI1U_BGzi,В случае с РФ не работает-все ссут,Молодые не должны погибать. Мировое сообщество должно выработать механизмы для прекращения любых военных конфликтов.,,мировое сообщество,7
ai,«Не все воины»: как украинские мужчины бегут от призыва | Документальный фильм Би-би-си,Ugy3ImZPlAu6KSevgp14AaABAg.A1oER71oe4iA1oIF2qpt_v,"@user Были договора и меморандумы,которые РФ не выполнила.Как можно верить бандитам?",Молодые не должны погибать. Мировое сообщество должно выработать механизмы для прекращения любых военных конфликтов.,будапештский меморандум,россия,11
ai,«Не все воины»: как украинские мужчины бегут от призыва | Документальный фильм Би-би-си,Ugy3ImZPlAu6KSevgp14AaABAg.A1oER71oe4iA1oIMNrXwIn,"@user
Откровенная ложь. на словах,на деле страна -агрессор россия не демонстрирует готовности переговорам .",Молодые не должны погибать. Мировое сообщество должно выработать механизмы для прекращения любых военных конфликтов.,,"война в украине, россия",14
ai,«Не все воины»: как украинские мужчины бегут от призыва | Документальный фильм Би-би-си,Ugy3ImZPlAu6KSevgp14AaABAg.A1oER71oe4iA1oLVaD1Sv_,"@user Как все россияне,под дурачка ""косиш""-все международные договора с Украиной вы знаете,по крайней мере с февраля прошлого года пытались в этом разобраться,но толку в этом никакого.Ваша имперскость сильнее справедливости,а ваша трусость не даёт вам возможности в этом сознаться -вот поэтому и валяете дурака",Молодые не должны погибать. Мировое сообщество должно выработать механизмы для прекращения любых военных конфликтов.,,"война в украине, россия",43
ai,«Не все воины»: как украинские мужчины бегут от призыва | Документальный фильм Би-би-си,Ugy3ImZPlAu6KSevgp14AaABAg.A1oER71oe4iA1oMzicj1gA,@user Россия по наглому - в обмен на мир хочет несколько областей ))),Молодые не должны погибать. Мировое сообщество должно выработать механизмы для прекращения любых военных конфликтов.,,"война в украине, россия",13
ai,«Не все воины»: как украинские мужчины бегут от призыва | Документальный фильм Би-би-си,Ugy3ImZPlAu6KSevgp14AaABAg.A1oER71oe4iA1oOFPcnd05,"@user Ответь для начала на вопрос: ""Что такое АТО и против кого было направлено?"" Потом можно будет поговорить о стране-агрессоре",Молодые не должны погибать. Мировое сообщество должно выработать механизмы для прекращения любых военных конфликтов.,россия,,20
ai,«Не все воины»: как украинские мужчины бегут от призыва | Документальный фильм Би-би-си,Ugy3ImZPlAu6KSevgp14AaABAg.A1oER71oe4iA1oQRt755_Q,@user Россия по наглому - в обмен на мир хочет несколько областей ))),Молодые не должны погибать. Мировое сообщество должно выработать механизмы для прекращения любых военных конфликтов.,,россия,13
ai,«Не все воины»: как украинские мужчины бегут от призыва | Документальный фильм Би-би-си,Ugy3ImZPlAu6KSevgp14AaABAg.A1oER71oe4iA1oQge-7qMq,"@user""АТО"" было направлено против таких упырей, как Моторола, Бабай, Стрелков, Абхаз, Мильчаков, и прочей нечисти. Впрочем, и против руzzких кадровых вояк, которые ""заблудились"".",Молодые не должны погибать. Мировое сообщество должно выработать механизмы для прекращения любых военных конфликтов.,"война в украине, всу",россия,23
ai,«Не все воины»: как украинские мужчины бегут от призыва | Документальный фильм Би-би-си,Ugy3ImZPlAu6KSevgp14AaABAg.A1oER71oe4iA1oRtNIl0ge,"@user что? Разве не для этого войны часто и начинают? США по наглому держат в оккупации часть Сирии и воруют её нефть, так поступает Турция, Россия оттяпывает Украину. И все руками простых людей. А главными владельцами этих земель в итоге все равно будут политики и олигархи которые за землю и не погибали",Молодые не должны погибать. Мировое сообщество должно выработать механизмы для прекращения любых военных конфликтов.,,"война в украине, россия, сша",52
ai,«Не все воины»: как украинские мужчины бегут от призыва | Документальный фильм Би-би-си,Ugy3ImZPlAu6KSevgp14AaABAg.A1oER71oe4iA1oSm40V2sG,"@user я приду к тебе в квартиру, захвачу, к примеру, две комнаты из пяти, объявлю их своей личной собственностью, а насчёт остальных будем договариваться. Меня такой расклад устроит, а вот тебя, думаю, нет.",Молодые не должны погибать. Мировое сообщество должно выработать механизмы для прекращения любых военных конфликтов.,,"война в украине, россия",33
ai,«Не все воины»: как украинские мужчины бегут от призыва | Документальный фильм Би-би-си,Ugy3ImZPlAu6KSevgp14AaABAg.A1oER71oe4iA1oSwL4MrsF,marinabatikova а путин своих на фарш не пускает?,Молодые не должны погибать. Мировое сообщество должно выработать механизмы для прекращения любых военных конфликтов.,,"война в украине, россия",8
ai,«Не все воины»: как украинские мужчины бегут от призыва | Документальный фильм Би-би-си,Ugy3ImZPlAu6KSevgp14AaABAg.A1oER71oe4iA1oTUF_um-a,"Отойди к границе 1991 года, далее переговоры! Никак иначе!",Молодые не должны погибать. Мировое сообщество должно выработать механизмы для прекращения любых военных конфликтов.,,"война в украине, крым российский, россия",9
ai,«Не все воины»: как украинские мужчины бегут от призыва | Документальный фильм Би-би-си,Ugy3ImZPlAu6KSevgp14AaABAg.A1oER71oe4iA1oTm9WR7zk,"@user за 2 дня до начала АТО Гиркин со своими бандосами вторгся в Славянск, так что наверное против Гиркина и его приспешников.",Молодые не должны погибать. Мировое сообщество должно выработать механизмы для прекращения любых военных конфликтов.,,война в украине,22
ai,«Не все воины»: как украинские мужчины бегут от призыва | Документальный фильм Би-би-си,Ugy3ImZPlAu6KSevgp14AaABAg.A1oER71oe4iA1oUMwRfUQz,"@user А как такое было возможно? И как понимать ""живая преграда"" украинским танкам? Все это дело рук Гиркина? Гиркин туда с женщинами и детьми пришел?",Молодые не должны погибать. Мировое сообщество должно выработать механизмы для прекращения любых военных конфликтов.,,всу,25
ai,«Не все воины»: как украинские мужчины бегут от призыва | Документальный фильм Би-би-си,Ugy3ImZPlAu6KSevgp14AaABAg.A1oER71oe4iA1oUXzkjULu,@user Вы забыли сказать что Гиркин вторгся туда с женщинами и детьми которые встали живым щитом от украинских танков,Молодые не должны погибать. Мировое сообщество должно выработать механизмы для прекращения любых военных конфликтов.,,война в украине,19
ai,«Не все воины»: как украинские мужчины бегут от призыва | Документальный фильм Би-би-си,Ugy3ImZPlAu6KSevgp14AaABAg.A1oER71oe4iA1oWWGhQDBU,"Да и поэтому приехал дядечка из Америки и сказал зеленскому понизить возраст мобилизированных с 27 лет до 25, а через годик другой когда уже никого не останется то и 18 летних будут утилизировать, ведь хозяин дал чёткий указ ""до последнего украинца""!",Молодые не должны погибать. Мировое сообщество должно выработать механизмы для прекращения любых военных конфликтов.,,"владимир зеленский, война в украине, мобилизация, сша",41
ai,«Не все воины»: как украинские мужчины бегут от призыва | Документальный фильм Би-би-си,Ugy3ImZPlAu6KSevgp14AaABAg.A1oER71oe4iA1oXCOI11Yr,@user и путин пусть сам воюет.,Молодые не должны погибать. Мировое сообщество должно выработать механизмы для прекращения любых военных конфликтов.,,"война в украине, россия",6
ai,«Не все воины»: как украинские мужчины бегут от призыва | Документальный фильм Би-би-си,Ugy3ImZPlAu6KSevgp14AaABAg.A1oER71oe4iA1o_DamAP6D,"Ага, ещё скажите солнце в июле и августе не должно печь,а зимой температура не должна опускаться ниже -5* . Пздц, интернет выпустил на волю столько дураков",Молодые не должны погибать. Мировое сообщество должно выработать механизмы для прекращения любых военных конфликтов.,,мировое сообщество,26
ai,«Не все воины»: как украинские мужчины бегут от призыва | Документальный фильм Би-би-си,Ugy3ImZPlAu6KSevgp14AaABAg.A1oER71oe4iA1o_qCNZrZd,"@user было направлено против сепаратистов на Донбассе. Ещё вопросы будут, пятнадцатирублёвое?",Молодые не должны погибать. Мировое сообщество должно выработать механизмы для прекращения любых военных конфликтов.,война в украине,,11
ai,«Не все воины»: как украинские мужчины бегут от призыва | Документальный фильм Би-би-си,Ugy3ImZPlAu6KSevgp14AaABAg.A1oER71oe4iA1o_rN4YXNU,@user канал дырявого кремлебота 1 год назад создан,Молодые не должны погибать. Мировое сообщество должно выработать механизмы для прекращения любых военных конфликтов.,,россия,8
ai,«Не все воины»: как украинские мужчины бегут от призыва | Документальный фильм Би-би-си,Ugy3ImZPlAu6KSevgp14AaABAg.A1oER71oe4iA1o_xBLHXcC,@user дырявого кремлебота 1 неделю назад создан,Молодые не должны погибать. Мировое сообщество должно выработать механизмы для прекращения любых военных конфликтов.,,россия,7
ai,«Не все воины»: как украинские мужчины бегут от призыва | Документальный фильм Би-би-си,Ugy3ImZPlAu6KSevgp14AaABAg.A1oER71oe4iA1oa0Ph-T1H,@user канал дырявого кремлебота 6 месяцев назад создан,Молодые не должны погибать. Мировое сообщество должно выработать механизмы для прекращения любых военных конфликтов.,,россия,8
ai,«Не все воины»: как украинские мужчины бегут от призыва | Документальный фильм Би-би-си,Ugy3ImZPlAu6KSevgp14AaABAg.A1oER71oe4iA1oa8iWrkjB,@user канал дырявого кремлебота 2 недели назад создан,Молодые не должны погибать. Мировое сообщество должно выработать механизмы для прекращения любых военных конфликтов.,,россия,8
ai,«Не все воины»: как украинские мужчины бегут от призыва | Документальный фильм Би-би-си,Ugy3ImZPlAu6KSevgp14AaABAg.A1oER71oe4iA1obNW71amy,"@user Значит мирное население-женщины, дети, старики для вас являются сепаратистами. Здесь нет ни сомнений, ни вопросов ибо существует множество доказательств о том как ""доблестные"" ВСУ воюют с гражданскими. Но один вопрос все же имеется: "" Кем в таком случае являетесь вы?"" Вопрос прозвучал",Молодые не должны погибать. Мировое сообщество должно выработать механизмы для прекращения любых военных конфликтов.,,"война в украине, всу",43
ai,«Не все воины»: как украинские мужчины бегут от призыва | Документальный фильм Би-би-си,Ugy3ImZPlAu6KSevgp14AaABAg.A1oER71oe4iA1obdiPJlpK,@user канал дырявого кремлебота 1 месяц назад создан,Молодые не должны погибать. Мировое сообщество должно выработать механизмы для прекращения любых военных конфликтов.,,россия,8
ai,«Не все воины»: как украинские мужчины бегут от призыва | Документальный фильм Би-би-си,Ugy3ImZPlAu6KSevgp14AaABAg.A1oER71oe4iA1obeOSBnhp,@user Россия выступает за фактическую капитуляцию Украины. Брехню несете.,Молодые не должны погибать. Мировое сообщество должно выработать механизмы для прекращения любых военных конфликтов.,,россия,9
ai,«Не все воины»: как украинские мужчины бегут от призыва | Документальный фильм Би-би-си,Ugy3ImZPlAu6KSevgp14AaABAg.A1oER71oe4iA1obu0aWKKI,@user Крутота Зеленского? А что это такое? 😊,Молодые не должны погибать. Мировое сообщество должно выработать механизмы для прекращения любых военных конфликтов.,,владимир зеленский,8
ai,«Не все воины»: как украинские мужчины бегут от призыва | Документальный фильм Би-би-си,Ugy3ImZPlAu6KSevgp14AaABAg.A1oER71oe4iA1obwK9MgsV,"@user причем здесь мировое сообщество, если войну твой ботоксный хозяин начал?",Молодые не должны погибать. Мировое сообщество должно выработать механизмы для прекращения любых военных конфликтов.,,"война в украине, мировое сообщество, россия",11
ai,«Не все воины»: как украинские мужчины бегут от призыва | Документальный фильм Би-би-си,Ugy3ImZPlAu6KSevgp14AaABAg.A1oER71oe4iA1ocGDVrAHE,"@user пятнадцатирублёвое,ты зря тужишься. Мирное население начало страдать, когда на помощь сепаратистам рашистские войска пришли в виде ихтамнетов. А после начала полномасштабной войны, всех мужиков из лднр выгребли ещё в самом начале войны.
Ты в курсе, что за свою паскудную ""работу"" на ботоферме отвечать придется? Ведомости не горят, тем более цифровые. Кто, к какое время и под каким аккаунтом ""работал"" - все окажется в открытом доступе.",Молодые не должны погибать. Мировое сообщество должно выработать механизмы для прекращения любых военных конфликтов.,,"война в украине, мобилизация, россия",66
ai,«Не все воины»: как украинские мужчины бегут от призыва | Документальный фильм Би-би-си,Ugy3ImZPlAu6KSevgp14AaABAg.A1oER71oe4iA1ocwWDdYE5,Мировое сообщество во главе с США за продолжение войны.,Молодые не должны погибать. Мировое сообщество должно выработать механизмы для прекращения любых военных конфликтов.,,"мировое сообщество, сша",9
ai,«Не все воины»: как украинские мужчины бегут от призыва | Документальный фильм Би-би-си,Ugy3ImZPlAu6KSevgp14AaABAg.A1oER71oe4iA1od9iCEYE8,пока бабки правят миром - этому не скоро быть... печалка но по факту!,Молодые не должны погибать. Мировое сообщество должно выработать механизмы для прекращения любых военных конфликтов.,,мировое сообщество,13
ai,«Не все воины»: как украинские мужчины бегут от призыва | Документальный фильм Би-би-си,Ugy3ImZPlAu6KSevgp14AaABAg.A1oER71oe4iA1odsC6u-Zo,"@user А ты считаешь, что пусть лучше все украинцы погибнут? А ведь мертвым эти области не нужны.",Молодые не должны погибать. Мировое сообщество должно выработать механизмы для прекращения любых военных конфликтов.,,война в украине,17
ai,«Не все воины»: как украинские мужчины бегут от призыва | Документальный фильм Би-би-си,Ugy3ImZPlAu6KSevgp14AaABAg.A1oER71oe4iA1oe4NqVKNF,"@user Не тупи, такого никогда не будет. Если Украина не капитулирует на российских условиях, то её попросту не станет как страны.",Молодые не должны погибать. Мировое сообщество должно выработать механизмы для прекращения любых военных конфликтов.,россия,мировое сообщество,21
ai,«Не все воины»: как украинские мужчины бегут от призыва | Документальный фильм Би-би-си,Ugy3ImZPlAu6KSevgp14AaABAg.A1oER71oe4iA1ojfOWFYyx,А почему не говорите про ваши тюремщики войны террористы и мородёры которые избегают с поле боя в донецк или в Мариуполе .,Молодые не должны погибать. Мировое сообщество должно выработать механизмы для прекращения любых военных конфликтов.,,"война в украине, всу",22
ai,«Не все воины»: как украинские мужчины бегут от призыва | Документальный фильм Би-би-си,Ugy3ImZPlAu6KSevgp14AaABAg.A1oER71oe4iA1ojqlr5QcJ,"@user А ты один в этих комнатах живёшь? Однако многие ""жильцы"" не против, уже несколько миллионов взяли российские паспорта.",Молодые не должны погибать. Мировое сообщество должно выработать механизмы для прекращения любых военных конфликтов.,россия,,19
ai,«Не все воины»: как украинские мужчины бегут от призыва | Документальный фильм Би-би-си,Ugy3ImZPlAu6KSevgp14AaABAg.A1oER71oe4iA1oldBxMk1t,"Надо просто Сша отступить, не доёбываться, и забыть о славян",Молодые не должны погибать. Мировое сообщество должно выработать механизмы для прекращения любых военных конфликтов.,,сша,10
ai,«Не все воины»: как украинские мужчины бегут от призыва | Документальный фильм Би-би-си,Ugy3ImZPlAu6KSevgp14AaABAg.A1oER71oe4iA1onLhAQ3XY,@user они могли спокойно переехать в Россию и получить свои паспорта. А не стать причиной братоубийственной войны.,Молодые не должны погибать. Мировое сообщество должно выработать механизмы для прекращения любых военных конфликтов.,,война в украине,17
ai,«Не все воины»: как украинские мужчины бегут от призыва | Документальный фильм Би-би-си,Ugy3ImZPlAu6KSevgp14AaABAg.A1oER71oe4iA1op9vpYU0j,"@user ну, например, будапештский меморандум, который является декларацией о намерениях, который не исполнялся, например, США, в вопросах санкций против республики Беларусь в 13 году, они же отмечали, что меморандум является необязательным к исполнению",Молодые не должны погибать. Мировое сообщество должно выработать механизмы для прекращения любых военных конфликтов.,,"будапештский меморандум, сша",33
ai,«Не все воины»: как украинские мужчины бегут от призыва | Документальный фильм Би-би-си,Ugy3ImZPlAu6KSevgp14AaABAg.A1oER71oe4iA1oqFFSBupG,"Какое мировое сообщество? Которое и организовало это побоище и сейчас тушит пожар, подливая бензин? Даже Чехия заявила, что у них сверхдоходы от продажи оружия, про Штаты вообще молчу",Молодые не должны погибать. Мировое сообщество должно выработать механизмы для прекращения любых военных конфликтов.,,"война в украине, мировое сообщество, помощь украине, сша",28
ai,«Не все воины»: как украинские мужчины бегут от призыва | Документальный фильм Би-би-си,Ugy3ImZPlAu6KSevgp14AaABAg.A1oER71oe4iA1oqFNV2lfV,"@user нас хоть рутуб есть, у вас своего вообще ничего нет, кроме долгов",Молодые не должны погибать. Мировое сообщество должно выработать механизмы для прекращения любых военных конфликтов.,россия,,13
ai,«Не все воины»: как украинские мужчины бегут от призыва | Документальный фильм Би-би-си,Ugy3ImZPlAu6KSevgp14AaABAg.A1oER71oe4iA1oqbuZAz_1,"@user Проснись это все слышали! Американский сенатор Линдси Грэм во время визита в Киев предложил Украине как можно скорее принять новый закон о мобилизации и начать отправлять на фронт людей младше 25 лет The Washington Post. Зайди почитай американским СМИ ты же веришь. Вот его цитата: ""Я не могу поверить, что служить [украинцы] начинают в 27 лет. Вы боретесь за свою жизнь, поэтому вам следует служить всем, а не в 25 или 27 лет. Нужно больше людей!"" Ну чё скажешь, вру я или тебе сейчас не выгодно правду осознавать?",Молодые не должны погибать. Мировое сообщество должно выработать механизмы для прекращения любых военных конфликтов.,,"мобилизация, сша",89
ai,«Не все воины»: как украинские мужчины бегут от призыва | Документальный фильм Би-би-си,Ugy3ImZPlAu6KSevgp14AaABAg.A1oER71oe4iA1ot1daOXwh,"@user Это у вас договор между странами считается необчзательным и это,в первую очередь, ваша проблема во вторую-проблема тех-с кем вы о чём-то договаривайтесь Скользкие,мерзкие,без чести и совести",Молодые не должны погибать. Мировое сообщество должно выработать механизмы для прекращения любых военных конфликтов.,будапештский меморандум,россия,27
ai,«Не все воины»: как украинские мужчины бегут от призыва | Документальный фильм Би-би-си,Ugy3ImZPlAu6KSevgp14AaABAg.A1oER71oe4iA1otKIEiYAr,@user Минские не выполняла РФ -за что и получала санкции.,Молодые не должны погибать. Мировое сообщество должно выработать механизмы для прекращения любых военных конфликтов.,,россия,10
ai,«Не все воины»: как украинские мужчины бегут от призыва | Документальный фильм Би-би-си,Ugy3ImZPlAu6KSevgp14AaABAg.A1oER71oe4iA1otbQ_8WZG,"Воевать должны президенты, чиновники, олигархи, те кому все принадлежит, а не бесправные рабы. Такие слова как - родина, патриотизм, величие.... должны быть запрещены, за использование их должно быть уголовное наказание.",Молодые не должны погибать. Мировое сообщество должно выработать механизмы для прекращения любых военных конфликтов.,,"война в украине, мобилизация",30
ai,«Не все воины»: как украинские мужчины бегут от призыва | Документальный фильм Би-би-си,Ugy3ImZPlAu6KSevgp14AaABAg.A1oER71oe4iA1ovRZwZ9t_,это и делает ВВ,Молодые не должны погибать. Мировое сообщество должно выработать механизмы для прекращения любых военных конфликтов.,россия,мировое сообщество,4
ai,«Не все воины»: как украинские мужчины бегут от призыва | Документальный фильм Би-би-си,Ugy3ImZPlAu6KSevgp14AaABAg.A1oER71oe4iA1ovXdjF39u,"@user идиот, у России есть несколько областей. Это вы их хотите 😂",Молодые не должны погибать. Мировое сообщество должно выработать механизмы для прекращения любых военных конфликтов.,россия,,12
ai,«Не все воины»: как украинские мужчины бегут от призыва | Документальный фильм Би-би-си,Ugy3ImZPlAu6KSevgp14AaABAg.A1oER71oe4iA1owihKka3S,@user размечтался.Этого не будет никогда.,Молодые не должны погибать. Мировое сообщество должно выработать механизмы для прекращения любых военных конфликтов.,,мировое сообщество,5
ai,«Не все воины»: как украинские мужчины бегут от призыва | Документальный фильм Би-би-си,Ugy3ImZPlAu6KSevgp14AaABAg.A1oER71oe4iA1oxud2A-Dl,@user а теперь выключаем телевизор и открываем Минские. Ищем роль РФ в Минских и где прописаны ее обязанности 😂,Молодые не должны погибать. Мировое сообщество должно выработать механизмы для прекращения любых военных конфликтов.,россия,,19
ai,«Не все воины»: как украинские мужчины бегут от призыва | Документальный фильм Би-би-си,Ugy3ImZPlAu6KSevgp14AaABAg.A1oER71oe4iA1oyAFS4BOc,"@user а ты мог спокойно переехать в ЕС, а не стать причиной братоубийственной войны.",Молодые не должны погибать. Мировое сообщество должно выработать механизмы для прекращения любых военных конфликтов.,,война в украине,14
ai,«Не все воины»: как украинские мужчины бегут от призыва | Документальный фильм Би-би-си,Ugy3ImZPlAu6KSevgp14AaABAg.A1oER71oe4iA1ozKczLmtn,"@user Выключила Скабееву...Теперь читай цитату:""Отвод всех тяжелых вооружений обеими сторонами на равные расстояния в целях создания зоны безопасности шириной минимум 50 км друг от друга для артиллерийских систем калибром 100 мм и более, зоны безопасности шириной 70 км для РСЗО и шириной 140 км для РСЗО «Торнадо-С», «Ураган», «Смерч» и тактических ракетных систем «Точка» («Точка У»)"". .....Торнадо -С есть только на вооружении армии РФ.",Молодые не должны погибать. Мировое сообщество должно выработать механизмы для прекращения любых военных конфликтов.,,россия,64
ai,«Не все воины»: как украинские мужчины бегут от призыва | Документальный фильм Би-би-си,Ugy3ImZPlAu6KSevgp14AaABAg.A1oER71oe4iA1p-Qa2z0iQ,"@user Не ври это кремлевские мошенники практикуют мясные штурмы времён Жукова,ввпутин нежалея похоронил в Украине до полмиллиона своих ...(сограждан) бесславно погибших за крысиные амбиции кремлевского диктатора.",Молодые не должны погибать. Мировое сообщество должно выработать механизмы для прекращения любых военных конфликтов.,,"война в украине, россия",26
ai,«Не все воины»: как украинские мужчины бегут от призыва | Документальный фильм Би-би-си,Ugy3ImZPlAu6KSevgp14AaABAg.A1oER71oe4iA1pAVy0oK9F,"@user, те условия, которые наша (российская) власть выдвигает, для любого суверенного государства неприемлемы.",Молодые не должны погибать. Мировое сообщество должно выработать механизмы для прекращения любых военных конфликтов.,,россия,13
ai,«Не все воины»: как украинские мужчины бегут от призыва | Документальный фильм Би-би-си,Ugy3ImZPlAu6KSevgp14AaABAg.A1oER71oe4iA1pK0is6r7F,"Я из Москвы, Россия. Для начала Россия и Путин должны вывести свои войска из Украины, вернуть все оккупированные в Украине территории обратно Украине, выплатит все репарации, Путин и его окружение, все военные преступники должны быть осуждены на международном трибунале по европейским, международным законам, в России должна смениться власть, Россия должна уничтожить своё ядерное оружие, разоружить полностью свою армию и провести референдумы на тех территориях России, которые хотят от неё отделиться. Например, Сибирь, Дальний Восток, Сахалин, Курильские острова, Калининград, Чечня, Дагестан, Татарстан, Башкортостан, другие республики. Иначе Россия будет изолирована от всего цивилизованного мира как Северная Корея",Молодые не должны погибать. Мировое сообщество должно выработать механизмы для прекращения любых военных конфликтов.,,"война в украине, крым российский, россия",95
ai,«Не все воины»: как украинские мужчины бегут от призыва | Документальный фильм Би-би-си,Ugy3ImZPlAu6KSevgp14AaABAg.A1oER71oe4iA1pK4DWqFpi,"Я из Москвы, Россия. Мне безумно жаль и стыдно за то, что Путин и Россия сделали с Украиной. И я не понимию над чем здесь россияне смеются. Сами уничтожают целую суверенную страну и смеются над ними. И если бы я был гражданином Украины, то я бы сам записался в добровольцы и пошёл бы служить в армию Украины, чтобы защиить Украину и её гражданам от врага и оккупанта",Молодые не должны погибать. Мировое сообщество должно выработать механизмы для прекращения любых военных конфликтов.,всу,"война в украине, россия",67
ai,«Не все воины»: как украинские мужчины бегут от призыва | Документальный фильм Би-би-си,Ugy3ImZPlAu6KSevgp14AaABAg.A1oER71oe4iA1pK6_AG4vx,"И я уверен, что Украина и её сильные духом и телом граждане, мужчины и женщины, все они обязательно победят врага и освободят Украину. Украина обязательно вернёт все оккупированные Россией территории, восстановит разрушенные города, Россия выплатит все репарации, а затем Украина вступит в ЕС и НАТО. Искренне желаю всем гражданам Укиаины и всей Украине в целом сил, терпения, скорейшей победы, мира и процветания ! ))) 💪👏🇺🇦😉",Молодые не должны погибать. Мировое сообщество должно выработать механизмы для прекращения любых военных конфликтов.,нато,"война в украине, россия",65
ai,«Не все воины»: как украинские мужчины бегут от призыва | Документальный фильм Би-би-си,Ugy3ImZPlAu6KSevgp14AaABAg.A1oER71oe4iA1pWfXXE5u2,"Если никто не будет защищать страну, то погибнет очень много людей.",Молодые не должны погибать. Мировое сообщество должно выработать механизмы для прекращения любых военных конфликтов.,мобилизация,,11
ai,«Не все воины»: как украинские мужчины бегут от призыва | Документальный фильм Би-би-си,Ugy3ImZPlAu6KSevgp14AaABAg.A1oER71oe4iA1pWodFfXHI,"@user рашисты хотят полной капитуляции, а потом собравшись силами они всю Украину захватят. А потом и в Европу полезут.",Молодые не должны погибать. Мировое сообщество должно выработать механизмы для прекращения любых военных конфликтов.,,"война в украине, россия",19
ai,«Не все воины»: как украинские мужчины бегут от призыва | Документальный фильм Би-би-си,Ugy3ImZPlAu6KSevgp14AaABAg.A1oER71oe4iA1pb8EGD1ON,А не чего что это сообщество их и разжигает!🤣🤣🤣,Молодые не должны погибать. Мировое сообщество должно выработать механизмы для прекращения любых военных конфликтов.,,мировое сообщество,9
ai,«Не все воины»: как украинские мужчины бегут от призыва | Документальный фильм Би-би-си,Ugy3ImZPlAu6KSevgp14AaABAg.A1oER71oe4iA1pcJfLBy_t,"@user увлечение конспирологией, особенно путинской это признак идиотизма! Мировое сообщество против войны, но чокнутому фюреру на это сообщество плевать. Он может легко оставить войну. Ему надо только вывести войска с оккупированных территорий и война сразу остановится.",Молодые не должны погибать. Мировое сообщество должно выработать механизмы для прекращения любых военных конфликтов.,мировое сообщество,"война в украине, россия",36
ai,«Не все воины»: как украинские мужчины бегут от призыва | Документальный фильм Би-би-си,Ugy3ImZPlAu6KSevgp14AaABAg.A1oER71oe4iA1pgIoadydq,"@user России недоЕвропа накидала из-за того что она раком не стала. (Менталитет и гордость не позволяет) А вам щирым нравится такая поза. Вернее Зелебобику... он карманы себе набивает, а ваши внуки будут расплачиваться А те территории которые под РФ начали себя людьми чувствовать, а не куском проститутки.",Молодые не должны погибать. Мировое сообщество должно выработать механизмы для прекращения любых военных конфликтов.,россия,"владимир зеленский, запад",47
ai,«Не все воины»: как украинские мужчины бегут от призыва | Документальный фильм Би-би-си,Ugy3ImZPlAu6KSevgp14AaABAg.A1oER71oe4iA1pgo7yGn8h,"@user Россия напала, имеет такие де проблемы с уклонистами а переговоры ей нужны для набора нового мяса и нового нападения с свежими силами, хочет подготовиться или оставить за собой отобранные аренды путем, то сто ей не принадлежит. Надо быть ослом безмозглым, чтобы городить то, что ты",Молодые не должны погибать. Мировое сообщество должно выработать механизмы для прекращения любых военных конфликтов.,,"война в украине, мобилизация, россия",46
ai,«Не все воины»: как украинские мужчины бегут от призыва | Документальный фильм Би-би-си,Ugy3ImZPlAu6KSevgp14AaABAg.A1oER71oe4iA1pgvkhgQnl,"@user Подайте в Гаагу😂 пусть нас вместе с Путиным в тюрьму посадят, если МОЩЩЩЕЙ хватит.",Молодые не должны погибать. Мировое сообщество должно выработать механизмы для прекращения любых военных конфликтов.,россия,мировое сообщество,15
ai,«Не все воины»: как украинские мужчины бегут от призыва | Документальный фильм Би-би-си,Ugy3ImZPlAu6KSevgp14AaABAg.A1oER71oe4iA1pgybvQ0o-,@user? Будапештский... или русская ванька не в курсе?😊,Молодые не должны погибать. Мировое сообщество должно выработать механизмы для прекращения любых военных конфликтов.,будапештский меморандум,,8
ai,«Не все воины»: как украинские мужчины бегут от призыва | Документальный фильм Би-би-си,Ugy3ImZPlAu6KSevgp14AaABAg.A1oER71oe4iA1ph6nAc_l_,@user российских солдат захвативших часть донецкой и луганской областей. Хотели ещё Днепр но коломойский отстрелял ванек😊,Молодые не должны погибать. Мировое сообщество должно выработать механизмы для прекращения любых военных конфликтов.,,"война в украине, россия",16
ai,«Не все воины»: как украинские мужчины бегут от призыва | Документальный фильм Би-би-си,Ugy3ImZPlAu6KSevgp14AaABAg.A1oER71oe4iA1q4VIBmJW4,Беги из огрызка Украины из концлагеря Зеленского куда угодно. ДШНБ (Другого шанса не будет)! Дэ-Шэ-Эн-Бэ...,Молодые не должны погибать. Мировое сообщество должно выработать механизмы для прекращения любых военных конфликтов.,,"владимир зеленский, мобилизация",15
ai,«Не все воины»: как украинские мужчины бегут от призыва | Документальный фильм Би-би-си,Ugy3ImZPlAu6KSevgp14AaABAg.A1oER71oe4iA1qFOh7sHvu,"@user зеле на очередной дворец помогаете заработать, пока пацанов убивают он королевские замки покупает. Оплачивайте их своей кровью",Молодые не должны погибать. Мировое сообщество должно выработать механизмы для прекращения любых военных конфликтов.,,"владимир зеленский, помощь украине",18
ai,«Не все воины»: как украинские мужчины бегут от призыва | Документальный фильм Би-би-си,Ugy3ImZPlAu6KSevgp14AaABAg.A1oER71oe4iA1qFjltJbVh,"@user дворцы в Лондоне не скупает, а вы зеленскому их своими жизнями оплачиваете. Продолжайте , если своих пацанов не жалко.",Молодые не должны погибать. Мировое сообщество должно выработать механизмы для прекращения любых военных конфликтов.,,"владимир зеленский, война в украине",20
ai,«Не все воины»: как украинские мужчины бегут от призыва | Документальный фильм Би-би-си,Ugy3ImZPlAu6KSevgp14AaABAg.A1oER71oe4iA1qL8-BvTQE,"Пока ""мировое сообщество"" кормится с рук частного капитала, ваша фраза будет звучать как ""Пчелы должны разработать механизмы прекращения производства мёда""))",Молодые не должны погибать. Мировое сообщество должно выработать механизмы для прекращения любых военных конфликтов.,,мировое сообщество,20
ai,«Не все воины»: как украинские мужчины бегут от призыва | Документальный фильм Би-би-си,Ugy3ImZPlAu6KSevgp14AaABAg.A1oER71oe4iA1qRA5HdgWd,"Мировое сообщество занимается только поджиганием воин, международное право не работает, т.к. миру не нужен мировой судья. Текущий судья оказался кровожадным и корыстолюбивым.",Молодые не должны погибать. Мировое сообщество должно выработать механизмы для прекращения любых военных конфликтов.,,мировое сообщество,22
ai,Трамп — Зеленскому: «Вы доиграетесь до Третьей мировой». Полная версия спора с субтитрами,UgyW0ElD47rJBxZPso94AaABAg,"«Ты просишь у меня помощи, но просишь без должного уважения» - мы все знаем мафиозную классику","«Ты просишь у меня помощи, но просишь без должного уважения» - мы все знаем мафиозную классику",,дональд трамп,16
ai,Трамп — Зеленскому: «Вы доиграетесь до Третьей мировой». Полная версия спора с субтитрами,UgyW0ElD47rJBxZPso94AaABAg.AF6D66HmEUAAF6EBIHn_SJ,Если бы он просит. Он же у всех требует,"«Ты просишь у меня помощи, но просишь без должного уважения» - мы все знаем мафиозную классику",,"владимир зеленский, помощь украине",9
ai,Трамп — Зеленскому: «Вы доиграетесь до Третьей мировой». Полная версия спора с субтитрами,UgyW0ElD47rJBxZPso94AaABAg.AF6D66HmEUAAF6EI1RAdXs,"Говорить с президентом Америки параллельно,это бестактно,но это так по украински😅","«Ты просишь у меня помощи, но просишь без должного уважения» - мы все знаем мафиозную классику",дональд трамп,владимир зеленский,10
ai,Трамп — Зеленскому: «Вы доиграетесь до Третьей мировой». Полная версия спора с субтитрами,UgyW0ElD47rJBxZPso94AaABAg.AF6D66HmEUAAF6EWo5Soy4,Намвседолжны😂,"«Ты просишь у меня помощи, но просишь без должного уважения» - мы все знаем мафиозную классику",,"владимир зеленский, помощь украине",1
ai,Трамп — Зеленскому: «Вы доиграетесь до Третьей мировой». Полная версия спора с субтитрами,UgyW0ElD47rJBxZPso94AaABAg.AF6D66HmEUAAF6EsNehe75,"А что,именно ТАК надо просить содержания,помощи и гарантий безопасности у тех,кто сильнее и богаче?.. Лучше, конечно,жить на свои.И очень хорошо думать,выстраивая свою внешнюю политику.Учитывая такую константу,как географическое положение.","«Ты просишь у меня помощи, но просишь без должного уважения» - мы все знаем мафиозную классику",,"владимир зеленский, помощь украине",28
ai,Трамп — Зеленскому: «Вы доиграетесь до Третьей мировой». Полная версия спора с субтитрами,UgyW0ElD47rJBxZPso94AaABAg.AF6D66HmEUAAF6EuhRqPoo,Наглый селюк приехал к цивилизованным людям и его поставили на место.,"«Ты просишь у меня помощи, но просишь без должного уважения» - мы все знаем мафиозную классику","дональд трамп, сша",владимир зеленский,11
ai,Трамп — Зеленскому: «Вы доиграетесь до Третьей мировой». Полная версия спора с субтитрами,UgyW0ElD47rJBxZPso94AaABAg.AF6D66HmEUAAF6EzZKOQvs,не обязаны содержать !,"«Ты просишь у меня помощи, но просишь без должного уважения» - мы все знаем мафиозную классику",,помощь украине,4
ai,Трамп — Зеленскому: «Вы доиграетесь до Третьей мировой». Полная версия спора с субтитрами,UgyW0ElD47rJBxZPso94AaABAg.AF6D66HmEUAAF6F49L7yyh,"Классика может мафиозная, но деньги конкретных американских налогоплательщиков.","«Ты просишь у меня помощи, но просишь без должного уважения» - мы все знаем мафиозную классику",сша,помощь украине,8
ai,Трамп — Зеленскому: «Вы доиграетесь до Третьей мировой». Полная версия спора с субтитрами,UgyW0ElD47rJBxZPso94AaABAg.AF6D66HmEUAAF6FG6zuFO3,.. ну и европейских конечно же не забудьте😂,"«Ты просишь у меня помощи, но просишь без должного уважения» - мы все знаем мафиозную классику",,запад,8
ai,Трамп — Зеленскому: «Вы доиграетесь до Третьей мировой». Полная версия спора с субтитрами,UgyW0ElD47rJBxZPso94AaABAg.AF6D66HmEUAAF6FTyLYpT1,"@user а что не так? конечно требует, мало требует! США вынудили Украину разоружиться в 1994, отдать свое ядерное оружие, взамен гарантировали защиту. если им что-то не нравится, пускай отдают нам обратно наше ядерное оружие - мы сами себя защитим","«Ты просишь у меня помощи, но просишь без должного уважения» - мы все знаем мафиозную классику","будапештский меморандум, помощь украине",сша,39
ai,Трамп — Зеленскому: «Вы доиграетесь до Третьей мировой». Полная версия спора с субтитрами,UgyW0ElD47rJBxZPso94AaABAg.AF6D66HmEUAAF6Fv-UNTTr,"@user просит то что обязаны были дать согласно Будапештского мемарандума ,когда Украина отдавала ядерные ракеты в обмен на защиту суверенитета Украины которые по договору обязаны были дать США,Россия ,","«Ты просишь у меня помощи, но просишь без должного уважения» - мы все знаем мафиозную классику","будапештский меморандум, владимир зеленский, помощь украине","россия, сша",29
ai,Трамп — Зеленскому: «Вы доиграетесь до Третьей мировой». Полная версия спора с субтитрами,UgyW0ElD47rJBxZPso94AaABAg.AF6D66HmEUAAF6GTwr6e2U,@user Бандитам от гос.переворота? Ядерное оружие?,"«Ты просишь у меня помощи, но просишь без должного уважения» - мы все знаем мафиозную классику",,"майдан, помощь украине",6
ai,Трамп — Зеленскому: «Вы доиграетесь до Третьей мировой». Полная версия спора с субтитрами,UgyW0ElD47rJBxZPso94AaABAg.AF6D66HmEUAAF6INzBFsaO,"@user в Европе нет такого же хозяина своих денег, как Трамп в Америке. Там деньги воровать можно вагонами. Поэтому Урсула и за войну.","«Ты просишь у меня помощи, но просишь без должного уважения» - мы все знаем мафиозную классику",дональд трамп,"война в украине, запад",23
ai,Трамп — Зеленскому: «Вы доиграетесь до Третьей мировой». Полная версия спора с субтитрами,UgyW0ElD47rJBxZPso94AaABAg.AF6D66HmEUAAF6JHuIhnd8,"Дядя Дональд на ночь пересмотрел крёстного отца, точнее дедушка","«Ты просишь у меня помощи, но просишь без должного уважения» - мы все знаем мафиозную классику",,дональд трамп,9
ai,Трамп — Зеленскому: «Вы доиграетесь до Третьей мировой». Полная версия спора с субтитрами,UgyW0ElD47rJBxZPso94AaABAg.AF6D66HmEUAAF6K06gLIxM,"@user Зеленский - тоже президент, и следуюя Вашей логике, говорить с президентом Украины - бестактно, очень по-трамповски.","«Ты просишь у меня помощи, но просишь без должного уважения» - мы все знаем мафиозную классику",владимир зеленский,дональд трамп,17
ai,Трамп — Зеленскому: «Вы доиграетесь до Третьей мировой». Полная версия спора с субтитрами,UgyW0ElD47rJBxZPso94AaABAg.AF6D66HmEUAAF6Kte04EN0,"А когда было иначе? Мафия черпала свои правила из реально существующих правил правительства. Весь мир всегда жил по праву Сильного, а не умственно отсталых вырожденцев.","«Ты просишь у меня помощи, но просишь без должного уважения» - мы все знаем мафиозную классику",,мировое сообщество,25
ai,Трамп — Зеленскому: «Вы доиграетесь до Третьей мировой». Полная версия спора с субтитрами,UgyW0ElD47rJBxZPso94AaABAg.AF6D66HmEUAAF6L9HSuDCy,"Зеленский не просит помочи он ёе требует, и в этом и проблема.","«Ты просишь у меня помощи, но просишь без должного уважения» - мы все знаем мафиозную классику",,владимир зеленский,12
ai,Трамп — Зеленскому: «Вы доиграетесь до Третьей мировой». Полная версия спора с субтитрами,UgyW0ElD47rJBxZPso94AaABAg.AF6D66HmEUAAF6LIDHFWyp,Сделать дешевое шоу из разговора решающего судьбы сотен тысяч а то и миллионов людей ✅,"«Ты просишь у меня помощи, но просишь без должного уважения» - мы все знаем мафиозную классику",,"владимир зеленский, дональд трамп",15
ai,Трамп — Зеленскому: «Вы доиграетесь до Третьей мировой». Полная версия спора с субтитрами,UgyW0ElD47rJBxZPso94AaABAg.AF6D66HmEUAAF6LRv7x1Ty,@user рованно. С трезубцем . Хоть не в вышиванке и флаге обмотанный,"«Ты просишь у меня помощи, но просишь без должного уважения» - мы все знаем мафиозную классику",,владимир зеленский,12
ai,Трамп — Зеленскому: «Вы доиграетесь до Третьей мировой». Полная версия спора с субтитрами,UgyW0ElD47rJBxZPso94AaABAg.AF6D66HmEUAAF6Lf2uhDWI,"Извините, но Зе президент нищей страны, которая ходит с протянутой рукой. Так что соответственно и должен себя вести.)))","«Ты просишь у меня помощи, но просишь без должного уважения» - мы все знаем мафиозную классику",,владимир зеленский,18
ai,Трамп — Зеленскому: «Вы доиграетесь до Третьей мировой». Полная версия спора с субтитрами,UgyW0ElD47rJBxZPso94AaABAg.AF6D66HmEUAAF6Ll9SaWRq,@user говорить параллельно с любым президентом бестактно,"«Ты просишь у меня помощи, но просишь без должного уважения» - мы все знаем мафиозную классику",дональд трамп,владимир зеленский,7
ai,Трамп — Зеленскому: «Вы доиграетесь до Третьей мировой». Полная версия спора с субтитрами,UgyW0ElD47rJBxZPso94AaABAg.AF6D66HmEUAAF6LmdpMqiT,"То, что Зеля совсем оторвался от реальности, и ведёт себя по-хамски, ни в какие ворота. Есть законы общества, любого. Уважение к собеседникам!","«Ты просишь у меня помощи, но просишь без должного уважения» - мы все знаем мафиозную классику",,владимир зеленский,22
ai,Трамп — Зеленскому: «Вы доиграетесь до Третьей мировой». Полная версия спора с субтитрами,UgyW0ElD47rJBxZPso94AaABAg.AF6D66HmEUAAF6LvjKONer,"@user так Трампушка скажет, я же ни чего не обещал, я ни чего не подписывал, это всё Клинтон и кто то там ещё. 🤦♂️","«Ты просишь у меня помощи, но просишь без должного уважения» - мы все знаем мафиозную классику",,дональд трамп,24
ai,Трамп — Зеленскому: «Вы доиграетесь до Третьей мировой». Полная версия спора с субтитрами,UgyW0ElD47rJBxZPso94AaABAg.AF6D66HmEUAAF6MHIJ2cUD,С шулером в карты не садись играть.,"«Ты просишь у меня помощи, но просишь без должного уважения» - мы все знаем мафиозную классику",,дональд трамп,7
ai,Трамп — Зеленскому: «Вы доиграетесь до Третьей мировой». Полная версия спора с субтитрами,UgyW0ElD47rJBxZPso94AaABAg.AF6D66HmEUAAF6MMv7FYPF,"Ну првильно он и говорит.Зеленскому немешало бы по скромней себя вести в гостях.Тем более что он находится в роли карлика ,а не Трамп","«Ты просишь у меня помощи, но просишь без должного уважения» - мы все знаем мафиозную классику",дональд трамп,владимир зеленский,23
ai,Трамп — Зеленскому: «Вы доиграетесь до Третьей мировой». Полная версия спора с субтитрами,UgyW0ElD47rJBxZPso94AaABAg.AF6D66HmEUAAF6Me9Xxmm-,"@user 1994 года,с тех пор много воды утекло.Переворот на майдане в 2014.Развязывание Киевом в том же 2014 гражданской войны на Донбассе.Если Украине отдать еще и ядерку ,она спалит европу🤣🤣🤣.","«Ты просишь у меня помощи, но просишь без должного уважения» - мы все знаем мафиозную классику",,"будапештский меморандум, война в украине, майдан",29
ai,Трамп — Зеленскому: «Вы доиграетесь до Третьей мировой». Полная версия спора с субтитрами,UgyW0ElD47rJBxZPso94AaABAg.AF6D66HmEUAAF6MjdlW0a4,"@user каком месте Зеленский президент? Его каденция скончалась ещё в мае. Очнитесь, але страной руководит узурпатор.","«Ты просишь у меня помощи, но просишь без должного уважения» - мы все знаем мафиозную классику",,владимир зеленский,16
ai,Трамп — Зеленскому: «Вы доиграетесь до Третьей мировой». Полная версия спора с субтитрами,UgyW0ElD47rJBxZPso94AaABAg.AF6D66HmEUAAF6NoXmkLCN,"@user,как именно выпрашивали арофиты для себя наверно,как в фильме Жизнь по вызову...","«Ты просишь у меня помощи, но просишь без должного уважения» - мы все знаем мафиозную классику",,помощь украине,12
ai,Трамп — Зеленскому: «Вы доиграетесь до Третьей мировой». Полная версия спора с субтитрами,UgyW0ElD47rJBxZPso94AaABAg.AF6D66HmEUAAF6NuOwubGz,"вот что бывает, когда бывший клоун становится президентом","«Ты просишь у меня помощи, но просишь без должного уважения» - мы все знаем мафиозную классику",,владимир зеленский,8
ai,Трамп — Зеленскому: «Вы доиграетесь до Третьей мировой». Полная версия спора с субтитрами,UgyW0ElD47rJBxZPso94AaABAg.AF6D66HmEUAAF6ONakiVhz,"@user Россия взяла на себя не только права, но и обязательства (долги) СССР. Россия - единственный законный преемник. Остальные отколыши-новые ханства в пролете.","«Ты просишь у меня помощи, но просишь без должного уважения» - мы все знаем мафиозную классику",россия,,23
ai,Трамп — Зеленскому: «Вы доиграетесь до Третьей мировой». Полная версия спора с субтитрами,UgyW0ElD47rJBxZPso94AaABAg.AF6D66HmEUAAF6OUO_gQmU,Они хотели чтобы Зеленский упал на колени в благодарности?,"«Ты просишь у меня помощи, но просишь без должного уважения» - мы все знаем мафиозную классику",владимир зеленский,дональд трамп,9
ai,Трамп — Зеленскому: «Вы доиграетесь до Третьей мировой». Полная версия спора с субтитрами,UgyW0ElD47rJBxZPso94AaABAg.AF6D66HmEUAAF6OuSpueJf,"@user это не показатель,45 лет назад актер из второго эшелона стал великим Президентом,а в этом баттле был только один рыжий клоун,и что вы делаете на вражеском канале,не травмируйте себя,дождитесь красавицу Симоньян","«Ты просишь у меня помощи, но просишь без должного уважения» - мы все знаем мафиозную классику",владимир зеленский,дональд трамп,31
ai,Трамп — Зеленскому: «Вы доиграетесь до Третьей мировой». Полная версия спора с субтитрами,UgyW0ElD47rJBxZPso94AaABAg.AF6D66HmEUAAF6PLfp5ZI_,"@user если вы живете в многоквартирном доме, то всё, что в квартирах ваших соседей, является лично вашими вещами? у Украины НИКОГДА не было своего яо. оно было разработано и произведено при СССР российскими учеными и специалистами на территории РФ. на территории Украины находилось одно из хранилищ яо. так что не надо перевирать факты. яо вернулось по праву тем, кто работал над его разработкой после развала СССР","«Ты просишь у меня помощи, но просишь без должного уважения» - мы все знаем мафиозную классику",россия,будапештский меморандум,66
ai,Трамп — Зеленскому: «Вы доиграетесь до Третьей мировой». Полная версия спора с субтитрами,UgyW0ElD47rJBxZPso94AaABAg.AF6D66HmEUAAF6PLyureL9,"""Это не мафиозная классика. Это жизненный принцип: уважение есть уважение. Филь не о мафии. Фильм о жизни.","«Ты просишь у меня помощи, но просишь без должного уважения» - мы все знаем мафиозную классику",дональд трамп,,17
ai,Трамп — Зеленскому: «Вы доиграетесь до Третьей мировой». Полная версия спора с субтитрами,UgyW0ElD47rJBxZPso94AaABAg.AF6D66HmEUAAF6PYzwlWS6,@user А почему вы не требуете у России? У Англии? Почему только у США. В меморандуме ничего нет о гарантиях воевать. Вы - неблагодарные. В этом проблема.,"«Ты просишь у меня помощи, но просишь без должного уважения» - мы все знаем мафиозную классику","будапештский меморандум, сша",,27
ai,Трамп — Зеленскому: «Вы доиграетесь до Третьей мировой». Полная версия спора с субтитрами,UgyW0ElD47rJBxZPso94AaABAg.AF6D66HmEUAAF6PlSnAe3S,"@user 100%. эти кретины реально верят, что это было их яо.","«Ты просишь у меня помощи, но просишь без должного уважения» - мы все знаем мафиозную классику",,будапештский меморандум,11
ai,Трамп — Зеленскому: «Вы доиграетесь до Третьей мировой». Полная версия спора с субтитрами,UgyW0ElD47rJBxZPso94AaABAg.AF6D66HmEUAAF6PySdL-hv,"@user, упал на колени и бил чалом в пол и умолял дядю Дона помочь договориться с Россией. Правильно говорите","«Ты просишь у меня помощи, но просишь без должного уважения» - мы все знаем мафиозную классику",,владимир зеленский,19
ai,Трамп — Зеленскому: «Вы доиграетесь до Третьей мировой». Полная версия спора с субтитрами,UgyW0ElD47rJBxZPso94AaABAg.AF6D66HmEUAAF6Q9vek-bE,"@user какое"" свое"" ядерное оружие? хочешь сказать что оружие размещенное москвой в Белоруссии теперь белорусское что ли?- это так не работает😄😄😄....мой юный прыщавый дружочек,ядерное оружие,это не то оружие которое может дать одна страна другой.потому как КОДЫ доступа есть ТОЛЬКО у той страны,которая его размещает....НИКАКИХ других вариантов и сценариев у этого оружия нету....Это оружие,размещалось на территории укрАины,и Москве к слову было выгодно его там оставить,тем самым они б сохранили прямое влияние на укрАину....но у США на укрАину свои планы,поэтому они самые первые требовали чтоб вы отдали оружие обратно","«Ты просишь у меня помощи, но просишь без должного уважения» - мы все знаем мафиозную классику",,"будапештский меморандум, сша",87
ai,Трамп — Зеленскому: «Вы доиграетесь до Третьей мировой». Полная версия спора с субтитрами,UgyW0ElD47rJBxZPso94AaABAg.AF6D66HmEUAAF6QRFhwutM,Выглядит будто Трам не может без поддержки Венса сам общатся. Как то выставляет его немощным.,"«Ты просишь у меня помощи, но просишь без должного уважения» - мы все знаем мафиозную классику",,дональд трамп,15
ai,Трамп — Зеленскому: «Вы доиграетесь до Третьей мировой». Полная версия спора с субтитрами,UgyW0ElD47rJBxZPso94AaABAg.AF6D66HmEUAAF6Qq_vrqpC,@user Трамп просто сидит и в шоке находится от дерзости наркомана Зеленского,"«Ты просишь у меня помощи, но просишь без должного уважения» - мы все знаем мафиозную классику",дональд трамп,владимир зеленский,12
ai,Трамп — Зеленскому: «Вы доиграетесь до Третьей мировой». Полная версия спора с субтитрами,UgyW0ElD47rJBxZPso94AaABAg.AF6D66HmEUAAF6Rz3NMQOT,"@user что, он должен себя вести, как вы? На коленях перед царем? Холопы😂","«Ты просишь у меня помощи, но просишь без должного уважения» - мы все знаем мафиозную классику",владимир зеленский,дональд трамп,13
ai,Трамп — Зеленскому: «Вы доиграетесь до Третьей мировой». Полная версия спора с субтитрами,UgyW0ElD47rJBxZPso94AaABAg.AF6D66HmEUAAF6SIVVaDsh,"@user в костюмах, а не в трениках.","«Ты просишь у меня помощи, но просишь без должного уважения» - мы все знаем мафиозную классику",,владимир зеленский,7
ai,Трамп — Зеленскому: «Вы доиграетесь до Третьей мировой». Полная версия спора с субтитрами,UgyW0ElD47rJBxZPso94AaABAg.AF6D66HmEUAAF6SvaYVRUX,"Вот только президент зеля ЗАВИСИТ от США, а США от президента зели НЕ зависит. Разницу улавливаешь? У президента зели НЕМА производства пэтриотов, хаймарсов и старлинка, патрона сраного даже не производит к калашу. Прикинь? @user","«Ты просишь у меня помощи, но просишь без должного уважения» - мы все знаем мафиозную классику",сша,владимир зеленский,34
ai,Трамп — Зеленскому: «Вы доиграетесь до Третьей мировой». Полная версия спора с субтитрами,UgyW0ElD47rJBxZPso94AaABAg.AF6D66HmEUAAF6TS1bsqRf,"@user Россия взяла на себя около 100 млрд долларов долгов СССР, получив активы (дипломатическая собственность, золотовалютные резервы, имущество и вклады в иностранных банках), оценивавшиеся примерно в 110–150 млрд долларов. Плюс, ядерную ялду, которой теперь потряхивает зарвавшийся диктатор перед всем миром","«Ты просишь у меня помощи, но просишь без должного уважения» - мы все знаем мафиозную классику",,россия,40
ai,Трамп — Зеленскому: «Вы доиграетесь до Третьей мировой». Полная версия спора с субтитрами,UgyW0ElD47rJBxZPso94AaABAg.AF6D66HmEUAAF6TZArk3oC,"@user что ты? Вот только разработки, внедрение, поставки и центры размещения, координации и запуска организовывала РСФСР( сейчас это РФ), а не украина или там киргизия. В республиках ЯО РАЗМЕЩАЛОСЬ. На территории частей которые формировала РСФСР. Ты белиберду не пиши.","«Ты просишь у меня помощи, но просишь без должного уважения» - мы все знаем мафиозную классику",россия,будапештский меморандум,39
ai,Трамп — Зеленскому: «Вы доиграетесь до Третьей мировой». Полная версия спора с субтитрами,UgyW0ElD47rJBxZPso94AaABAg.AF6D66HmEUAAF6TgyTIrmR,Ты даже не назвал меня крестным ))),"«Ты просишь у меня помощи, но просишь без должного уважения» - мы все знаем мафиозную классику",,дональд трамп,7
ai,Трамп — Зеленскому: «Вы доиграетесь до Третьей мировой». Полная версия спора с субтитрами,UgyW0ElD47rJBxZPso94AaABAg.AF6D66HmEUAAF6Tv-OHie3,"Украина это незаконное сепаратистское образование, какое может быть ядерное оружие у террористов?","«Ты просишь у меня помощи, но просишь без должного уважения» - мы все знаем мафиозную классику",,будапештский меморандум,12
ai,Трамп — Зеленскому: «Вы доиграетесь до Третьей мировой». Полная версия спора с субтитрами,UgyW0ElD47rJBxZPso94AaABAg.AF6D66HmEUAAF6Uu-1Y45v,"@user Таааак, русский народ встал на защиту Америки и его президента. Задорнов вспомнился.","«Ты просишь у меня помощи, но просишь без должного уважения» - мы все знаем мафиозную классику",,россия,13
ai,Трамп — Зеленскому: «Вы доиграетесь до Третьей мировой». Полная версия спора с субтитрами,UgyW0ElD47rJBxZPso94AaABAg.AF6D66HmEUAAF6UyUHF_uu,Дон Корлионе,"«Ты просишь у меня помощи, но просишь без должного уважения» - мы все знаем мафиозную классику",,дональд трамп,2
ai,Трамп — Зеленскому: «Вы доиграетесь до Третьей мировой». Полная версия спора с субтитрами,UgyW0ElD47rJBxZPso94AaABAg.AF6D66HmEUAAF6V1Sir6yg,"@user России и была основой СССР ,а все остальные на содержание ее .... .","«Ты просишь у меня помощи, но просишь без должного уважения» - мы все знаем мафиозную классику",россия,,14
ai,Трамп — Зеленскому: «Вы доиграетесь до Третьей мировой». Полная версия спора с субтитрами,UgyW0ElD47rJBxZPso94AaABAg.AF6D66HmEUAAF6VH4EmkSg,"Трамп очень много раз памог украине. Это факт. С этим ничего не по делаешь. Он должен, должен сказать спасибо и вести себя как минимум адекватно. Это не базар, а Белый дом. Можно многое сказать смотря на Физиономию человека. Зеленский человечек с невероятно с невероятно огромным комплексом. Он 💩💩💩💩","«Ты просишь у меня помощи, но просишь без должного уважения» - мы все знаем мафиозную классику","дональд трамп, помощь украине",владимир зеленский,48
ai,Трамп — Зеленскому: «Вы доиграетесь до Третьей мировой». Полная версия спора с субтитрами,UgyW0ElD47rJBxZPso94AaABAg.AF6D66HmEUAAF6VHHbIr8k,@user!!! Вы ещё не поняли?? Не будет больше никакой Украины!!!!!,"«Ты просишь у меня помощи, но просишь без должного уважения» - мы все знаем мафиозную классику",война в украине,,10
ai,Трамп — Зеленскому: «Вы доиграетесь до Третьей мировой». Полная версия спора с субтитрами,UgyW0ElD47rJBxZPso94AaABAg.AF6D66HmEUAAF6VXj_cDSC,"Уважаемая @user, ну нет конечно, речь о другом, Трамп хочет остановить Огонь. И всё. А дальше переговоры. А гн.Зеленский отвечает, ""Только прочный мир и гарантии безопасности."" Это же разумно?
С точки зрения Украины, вполне. Но это ставит Америку перед Я Войной с Россией. Примите Украину в НАТО. Отличная идея, в каких границах? 91 года.
Тогда Америка должна воевать за Крым? Да, Америка же победит.
А Путин 《побоится》?
То есть, Украина, как мудрая обезьяна будет смотреть с холма на битву тигра и дракона? (Китайская пословица).
Дракон конечно оторвет тигру голову, правда сам может лишиться лапы.
Зато мир избавиться от фашизма.
Ну там погибнет миллионов 100 американцев. А что, это проблема?","«Ты просишь у меня помощи, но просишь без должного уважения» - мы все знаем мафиозную классику","дональд трамп, россия","владимир зеленский, война в украине, нато, сша, третья мировая",109
ai,Трамп — Зеленскому: «Вы доиграетесь до Третьей мировой». Полная версия спора с субтитрами,UgyW0ElD47rJBxZPso94AaABAg.AF6D66HmEUAAF6VkJOdd1j,Кокоиновый чушпан и босс мафии на разборках. Теперь я видел всё...,"«Ты просишь у меня помощи, но просишь без должного уважения» - мы все знаем мафиозную классику",,"владимир зеленский, дональд трамп",11
ai,Трамп — Зеленскому: «Вы доиграетесь до Третьей мировой». Полная версия спора с субтитрами,UgyW0ElD47rJBxZPso94AaABAg.AF6D66HmEUAAF6W2UmL0YE,"Вы могли не подписывать. Вам никто ничего не должен. Вы всем надоели. Вы зашквар и попрошайки либо презираемые либо неуважаемые (для кого как). Трамп просто сказал это в лицо, то что все и так думают. (Но при этом улыбаются, так на Западе принято)","«Ты просишь у меня помощи, но просишь без должного уважения» - мы все знаем мафиозную классику",дональд трамп,"владимир зеленский, запад, помощь украине",43
ai,Трамп — Зеленскому: «Вы доиграетесь до Третьей мировой». Полная версия спора с субтитрами,UgyW0ElD47rJBxZPso94AaABAg.AF6D66HmEUAAF6XF2P1D8C,"@user Не царапает. "" Воевода"" производился в ДНЕПРОПЕТРОВСКЕ, в Днепре рыба производилась, а "" Южмаша"" спроектированного в Москве и построенного на деньги Москвы уж как 4 месяца не существует, он под землю провалился. Его "" орехом"" царапнуло.","«Ты просишь у меня помощи, но просишь без должного уважения» - мы все знаем мафиозную классику","война в украине, россия",,37
ai,Трамп — Зеленскому: «Вы доиграетесь до Третьей мировой». Полная версия спора с субтитрами,UgyW0ElD47rJBxZPso94AaABAg.AF6D66HmEUAAF6XSqoVsCg,"@user зарвавшегося диктатора сегодня наблюдали рядом с Трампом. Не умеешь вести разговор цивилизованно - не лезть в обсуждение, пятачок.","«Ты просишь у меня помощи, но просишь без должного уважения» - мы все знаем мафиозную классику",,владимир зеленский,19
ai,Трамп — Зеленскому: «Вы доиграетесь до Третьей мировой». Полная версия спора с субтитрами,UgyW0ElD47rJBxZPso94AaABAg.AF6D66HmEUAAF6Xs05SZ10,"@user поднялся на строительном бизнесе в Нью-Йорке, в ВОСЬМИДЕСЯТЫХ. Это круче, чем девяностые в России. Ты сначала поинтересуйся, что это за дедушка. Не будь неграмотным селюком.","«Ты просишь у меня помощи, но просишь без должного уважения» - мы все знаем мафиозную классику",дональд трамп,,26
ai,Трамп — Зеленскому: «Вы доиграетесь до Третьей мировой». Полная версия спора с субтитрами,UgyW0ElD47rJBxZPso94AaABAg.AF6D66HmEUAAF6YcHIgx_P,"@user И что из этого следует? Рядом с Трампом - не диктатор? В обсуждении все имеют право участвовать, но раздающие ""погоняла"" - не есть цивилизованные. Туше","«Ты просишь у меня помощи, но просишь без должного уважения» - мы все знаем мафиозную классику",,владимир зеленский,26
ai,Трамп — Зеленскому: «Вы доиграетесь до Третьей мировой». Полная версия спора с субтитрами,UgyW0ElD47rJBxZPso94AaABAg.AF6D66HmEUAAF6YfHhER-a,"@user А с какой стати она должна была их получать, когда правопреемницей СССР выступила РСФСР, в последствии -РФ?","«Ты просишь у меня помощи, но просишь без должного уважения» - мы все знаем мафиозную классику",россия,будапештский меморандум,18
ai,Трамп — Зеленскому: «Вы доиграетесь до Третьей мировой». Полная версия спора с субтитрами,UgyW0ElD47rJBxZPso94AaABAg.AF6D66HmEUAAF6ZbnXpAWY,"@user народ угорает, как размазали попрошайку наркомана. И всего лишь. Знайте своё место","«Ты просишь у меня помощи, но просишь без должного уважения» - мы все знаем мафиозную классику",,"владимир зеленский, помощь украине",13
ai,Трамп — Зеленскому: «Вы доиграетесь до Третьей мировой». Полная версия спора с субтитрами,UgyW0ElD47rJBxZPso94AaABAg.AF6D66HmEUAAF6_KgqJ7zq,"@user да нет - это в твоей логике сокровища музеев Киева или Одессы принадлежат Москве. И вообще всё принадлежит Москве, а если быть точным, то даже не Москве, а тому кадру что в данный момент влез в Кремль с ногами.","«Ты просишь у меня помощи, но просишь без должного уважения» - мы все знаем мафиозную классику",,россия,40
ai,Трамп — Зеленскому: «Вы доиграетесь до Третьей мировой». Полная версия спора с субтитрами,UgyW0ElD47rJBxZPso94AaABAg.AF6D66HmEUAAF6aahs1iQZ,"Америка умывает руки. ,,Вы там воюйте ребята, бизнес, ничего личного,,. Ждём подъёма национального самосознания в Германии - вместо евреев будут мигранты и как всегда на Восток.","«Ты просишь у меня помощи, но просишь без должного уважения» - мы все знаем мафиозную классику",,сша,26
ai,Трамп — Зеленскому: «Вы доиграетесь до Третьей мировой». Полная версия спора с субтитрами,UgyW0ElD47rJBxZPso94AaABAg.AF6D66HmEUAAF6buf-V6QR,"@user оружия кроме Богданов и еще пары пулеметов нет, это оружие СССР. Россия взяла на себя содержание ядерного оружия и долгов по кредитам СССР, где была Украина когда мы долги отдавали, правильно хихикала в сторонке и пользовалась газом и нефтью по бросовым ценам, для населения России цены были больше. А теперь они оружие захотели, нате выкусите.","«Ты просишь у меня помощи, но просишь без должного уважения» - мы все знаем мафиозную классику",россия,помощь украине,56
ai,Трамп — Зеленскому: «Вы доиграетесь до Третьей мировой». Полная версия спора с субтитрами,UgyW0ElD47rJBxZPso94AaABAg.AF6D66HmEUAAF6d-v8ohbt,@user по договорам они должны были помочь уже в случае с Крымом!!!,"«Ты просишь у меня помощи, но просишь без должного уважения» - мы все знаем мафиозную классику",будапештский меморандум,"крым российский, помощь украине",12
ai,Трамп — Зеленскому: «Вы доиграетесь до Третьей мировой». Полная версия спора с субтитрами,UgyW0ElD47rJBxZPso94AaABAg.AF6D66HmEUAAF6djKPxhHo,"@user ну разумеется! И все эти страны это оружие делали у себя на хоз.складах 🙄 Инициатором всех перспектив развития этих стран, а также бенефициаром, определяющим геополитический курс и разработку ядерных программ (и много чего еще) ВСЕГДА был Кремль, который находится в Москве. Именно под руководством Кремля вы когда-то были частью самой мощной державы в мире, с которой не посмели бы разговаривать свысока! Это был центр принятия решений и находился он там неспроста. Догадаетесь почему не в Киеве или не в Ташкенте, например? Или кастрюля опять глушит сигналы здравого смысла и логики?","«Ты просишь у меня помощи, но просишь без должного уважения» - мы все знаем мафиозную классику",россия,,91
ai,Трамп — Зеленскому: «Вы доиграетесь до Третьей мировой». Полная версия спора с субтитрами,UgyW0ElD47rJBxZPso94AaABAg.AF6D66HmEUAAF6dvW7IDoa,Что общего между Зеленским и Моникой Левински? - Они оба обтекали в Овальном кабинете,"«Ты просишь у меня помощи, но просишь без должного уважения» - мы все знаем мафиозную классику",,владимир зеленский,14
ai,Трамп — Зеленскому: «Вы доиграетесь до Третьей мировой». Полная версия спора с субтитрами,UgyW0ElD47rJBxZPso94AaABAg.AF6D66HmEUAAF6e4VV818g,Это оружие принадлежало Украинской ССР@user,"«Ты просишь у меня помощи, но просишь без должного уважения» - мы все знаем мафиозную классику",будапештский меморандум,,5
ai,Трамп — Зеленскому: «Вы доиграетесь до Третьей мировой». Полная версия спора с субтитрами,UgyW0ElD47rJBxZPso94AaABAg.AF6D66HmEUAAF6eJNmap-H,@user в роль из Слуги народа и выйти никак не может😅,"«Ты просишь у меня помощи, но просишь без должного уважения» - мы все знаем мафиозную классику",,владимир зеленский,11
ai,Трамп — Зеленскому: «Вы доиграетесь до Третьей мировой». Полная версия спора с субтитрами,UgyW0ElD47rJBxZPso94AaABAg.AF6D66HmEUAAF6eb4C7fbv,@user из-за того что на такую встречу ваш президент приехал не битый в пижаме и судя по физиономии под кайфом.Его спутал с гонщиком из села.,"«Ты просишь у меня помощи, но просишь без должного уважения» - мы все знаем мафиозную классику",,владимир зеленский,25
ai,Трамп — Зеленскому: «Вы доиграетесь до Третьей мировой». Полная версия спора с субтитрами,UgyW0ElD47rJBxZPso94AaABAg.AF6D66HmEUAAF6edsD8H6U,"@user Венс, как хороший помощник, решил взять ""огонь на себя"", открыто заявив об ошибочной тактике ведения переговоров ""с позиции силы"" тем, у кого её без них просто нет. Но Трамп и сам не промах... Тоже не смолчал и высказался весьма открыто.","«Ты просишь у меня помощи, но просишь без должного уважения» - мы все знаем мафиозную классику",дональд трамп,владимир зеленский,41
ai,Трамп — Зеленскому: «Вы доиграетесь до Третьей мировой». Полная версия спора с субтитрами,UgyW0ElD47rJBxZPso94AaABAg.AF6D66HmEUAAF6evYohp_L,@user правоприемник ссср и выплатила все долги за всех.,"«Ты просишь у меня помощи, но просишь без должного уважения» - мы все знаем мафиозную классику",россия,,9
ai,«Не все воины»: как украинские мужчины бегут от призыва | Документальный фильм Би-би-си,UgzdhRmHpT8S3hTJHs94AaABAg,"Я бы тоже уехал, в 21 веке умереть на войне, за интересы президента, депутатов, ментов, а тебя потом даже не вспомнят ,спасибо не надо.....","Я бы тоже уехал, в 21 веке умереть на войне, за интересы президента, депутатов, ментов, а тебя потом даже не вспомнят ,спасибо не надо.....",,"владимир зеленский, война в украине, мобилизация",24
ai,«Не все воины»: как украинские мужчины бегут от призыва | Документальный фильм Би-би-си,UgzdhRmHpT8S3hTJHs94AaABAg.A1qDHiaV3CjA1shEUzroJW,это позор,"Я бы тоже уехал, в 21 веке умереть на войне, за интересы президента, депутатов, ментов, а тебя потом даже не вспомнят ,спасибо не надо.....",мобилизация,,2
ai,«Не все воины»: как украинские мужчины бегут от призыва | Документальный фильм Би-би-си,UgzdhRmHpT8S3hTJHs94AaABAg.A1qDHiaV3CjA1si8WVRXPW,"@user В чем позор? В том что у меня есть мозг? В том что я буду жить и радоваться жизни,а ты пойдешь и станешь не нужным никому инвалидом , либо умрешь за дядю....","Я бы тоже уехал, в 21 веке умереть на войне, за интересы президента, депутатов, ментов, а тебя потом даже не вспомнят ,спасибо не надо.....",,"война в украине, мобилизация",33
ai,«Не все воины»: как украинские мужчины бегут от призыва | Документальный фильм Би-би-си,UgzdhRmHpT8S3hTJHs94AaABAg.A1qDHiaV3CjA1smwpuGqi_,"За интересы наркокомандующего и за 95 квартал, за интеесы Великой Британии и US каждый украинец должен умереть?","Я бы тоже уехал, в 21 веке умереть на войне, за интересы президента, депутатов, ментов, а тебя потом даже не вспомнят ,спасибо не надо.....",,"владимир зеленский, война в украине, запад, мобилизация, сша",17
ai,«Не все воины»: как украинские мужчины бегут от призыва | Документальный фильм Би-би-си,UgzdhRmHpT8S3hTJHs94AaABAg.A1qDHiaV3CjA1sw3EpFU_H,"@user Згадані так не думають. Понад те - додають собі зарплатні із бюджету. Ті, через чиї неситі черева трапилася війна запливають жиром ще більше.","Я бы тоже уехал, в 21 веке умереть на войне, за интересы президента, депутатов, ментов, а тебя потом даже не вспомнят ,спасибо не надо.....",,"владимир зеленский, война в украине",24
ai,«Не все воины»: как украинские мужчины бегут от призыва | Документальный фильм Би-би-си,UgzdhRmHpT8S3hTJHs94AaABAg.A1qDHiaV3CjA1t5_1ti2lL,ЗА КАКИЕ ИНТЕРЕСЫ ПРЕЗИДЕНТА МЕНТОВ ПОЦ? РОССИЯ НАПАЛА НА УКРАИНУ И ХОЧЕТ УНИЧТОЖИТЬ УКРАИНУ КАК ГОСУДАРСТВО А УКРАИНЦЕВ КАК НАЦИЮ.,"Я бы тоже уехал, в 21 веке умереть на войне, за интересы президента, депутатов, ментов, а тебя потом даже не вспомнят ,спасибо не надо.....",владимир зеленский,"война в украине, россия",20
ai,«Не все воины»: как украинские мужчины бегут от призыва | Документальный фильм Би-би-си,UgzdhRmHpT8S3hTJHs94AaABAg.A1qDHiaV3CjA1t92lnAuW_,Позор таким,"Я бы тоже уехал, в 21 веке умереть на войне, за интересы президента, депутатов, ментов, а тебя потом даже не вспомнят ,спасибо не надо.....",мобилизация,,2
ai,«Не все воины»: как украинские мужчины бегут от призыва | Документальный фильм Би-би-си,UgzdhRmHpT8S3hTJHs94AaABAg.A1qDHiaV3CjA1tBFyh_1Gp,"Правильно мыслишь! Как только на войне будут оказываться политиканы со своим потомством с обеих сторон, так сразу и войн никаких не станет. Те кто их поддерживает и верищит про патриотизм, а сам подальше держится от пуль и бомб. Как только там окажутся те самые пузатые генералы, пузатые военкомы из тылов, менты охраняющие своих работодателей, так быстро войны будут затухать. А то эти воровайки продолжат так же жировать и воровать, а ваши жизни уже закончатся и больше ничего не будет. Получится, что вы её потратили зря, а они за счёт ваших жизней продолжили дальше.","Я бы тоже уехал, в 21 веке умереть на войне, за интересы президента, депутатов, ментов, а тебя потом даже не вспомнят ,спасибо не надо.....",,"война в украине, мобилизация",93
ai,«Не все воины»: как украинские мужчины бегут от призыва | Документальный фильм Би-би-си,UgzdhRmHpT8S3hTJHs94AaABAg.A1qDHiaV3CjA1tGTFIcZTj,@user в чём позор?,"Я бы тоже уехал, в 21 веке умереть на войне, за интересы президента, депутатов, ментов, а тебя потом даже не вспомнят ,спасибо не надо.....",,мобилизация,4
ai,«Не все воины»: как украинские мужчины бегут от призыва | Документальный фильм Би-би-си,UgzdhRmHpT8S3hTJHs94AaABAg.A1qDHiaV3CjA1tGwDASxhl,@user лучше смерть воина чем жизнь раба,"Я бы тоже уехал, в 21 веке умереть на войне, за интересы президента, депутатов, ментов, а тебя потом даже не вспомнят ,спасибо не надо.....",мобилизация,,7
ai,«Не все воины»: как украинские мужчины бегут от призыва | Документальный фильм Би-би-си,UgzdhRmHpT8S3hTJHs94AaABAg.A1qDHiaV3CjA1tH0wzZmgq,"@user Почему не в могиле, герой?","Я бы тоже уехал, в 21 веке умереть на войне, за интересы президента, депутатов, ментов, а тебя потом даже не вспомнят ,спасибо не надо.....",,война в украине,6
ai,«Не все воины»: как украинские мужчины бегут от призыва | Документальный фильм Би-би-си,UgzdhRmHpT8S3hTJHs94AaABAg.A1qDHiaV3CjA1tICNMch3t,"@user ну так в перёд, чего ты ещё не в тцк?","Я бы тоже уехал, в 21 веке умереть на войне, за интересы президента, депутатов, ментов, а тебя потом даже не вспомнят ,спасибо не надо.....",мобилизация,,11
ai,«Не все воины»: как украинские мужчины бегут от призыва | Документальный фильм Би-би-си,UgzdhRmHpT8S3hTJHs94AaABAg.A1qDHiaV3CjA1tKZS8hCuG,"Какое рабство? Даже если вся Украина станет частью России,ничего в жизни людей не изменится. Та же работа, те же магазины. Те же доходы. А то и выше..@user","Я бы тоже уехал, в 21 веке умереть на войне, за интересы президента, депутатов, ментов, а тебя потом даже не вспомнят ,спасибо не надо.....",россия,,27
ai,«Не все воины»: как украинские мужчины бегут от призыва | Документальный фильм Би-би-си,UgzdhRmHpT8S3hTJHs94AaABAg.A1qDHiaV3CjA1tNtkM-_--,ЗА ДЕТЕЙ ГОРДОНА!! ЗА ОТКАТЫ ЕРМАКА! ЗА ГРАНИЦЫ 1991 ГОДА!! УМРЕМ ВСЕ КАК ОДИН !!,"Я бы тоже уехал, в 21 веке умереть на войне, за интересы президента, депутатов, ментов, а тебя потом даже не вспомнят ,спасибо не надо.....",,"война в украине, мобилизация",15
ai,«Не все воины»: как украинские мужчины бегут от призыва | Документальный фильм Би-би-си,UgzdhRmHpT8S3hTJHs94AaABAg.A1qDHiaV3CjA1tXM-jZKcT,@user позор не выпускать из страны,"Я бы тоже уехал, в 21 веке умереть на войне, за интересы президента, депутатов, ментов, а тебя потом даже не вспомнят ,спасибо не надо.....",,мобилизация,6
ai,«Не все воины»: как украинские мужчины бегут от призыва | Документальный фильм Би-би-си,UgzdhRmHpT8S3hTJHs94AaABAg.A1qDHiaV3CjA1tXjJwAEI3,@user выполни свой долг и звездуй на все 4 стороны,"Я бы тоже уехал, в 21 веке умереть на войне, за интересы президента, депутатов, ментов, а тебя потом даже не вспомнят ,спасибо не надо.....",мобилизация,,10
ai,«Не все воины»: как украинские мужчины бегут от призыва | Документальный фильм Би-би-си,UgzdhRmHpT8S3hTJHs94AaABAg.A1qDHiaV3CjA1tkA_4Q7Ru,"Как война, сразу вспомнили об обычном люде, кому надо тот и пускай идёт.","Я бы тоже уехал, в 21 веке умереть на войне, за интересы президента, депутатов, ментов, а тебя потом даже не вспомнят ,спасибо не надо.....",,"война в украине, мобилизация",13
ai,«Не все воины»: как украинские мужчины бегут от призыва | Документальный фильм Би-би-си,UgzdhRmHpT8S3hTJHs94AaABAg.A1qDHiaV3CjA1tkSc_oL-D,@user позор впускать в страну таких,"Я бы тоже уехал, в 21 веке умереть на войне, за интересы президента, депутатов, ментов, а тебя потом даже не вспомнят ,спасибо не надо.....",,мобилизация,6
ai,«Не все воины»: как украинские мужчины бегут от призыва | Документальный фильм Би-би-си,UgzdhRmHpT8S3hTJHs94AaABAg.A1qDHiaV3CjA1tnVXwhJMy,@user а в чем позор ? Вот ты не хочешь сам пойти и повоевать ?,"Я бы тоже уехал, в 21 веке умереть на войне, за интересы президента, депутатов, ментов, а тебя потом даже не вспомнят ,спасибо не надо.....",,мобилизация,15
ai,«Не все воины»: как украинские мужчины бегут от призыва | Документальный фильм Би-би-си,UgzdhRmHpT8S3hTJHs94AaABAg.A1qDHiaV3CjA1trMMhl55A,"Все ж лучше , чем от водки иль от простуд...","Я бы тоже уехал, в 21 веке умереть на войне, за интересы президента, депутатов, ментов, а тебя потом даже не вспомнят ,спасибо не надо.....","война в украине, мобилизация",,10
ai,«Не все воины»: как украинские мужчины бегут от призыва | Документальный фильм Би-би-си,UgzdhRmHpT8S3hTJHs94AaABAg.A1qDHiaV3CjA1u5pe2GHek,@user чиновникам Украины которые своих деток попрощались от призыва и своих друзей! Но втирают про патриотизм),"Я бы тоже уехал, в 21 веке умереть на войне, за интересы президента, депутатов, ментов, а тебя потом даже не вспомнят ,спасибо не надо.....",,мобилизация,16
ai,«Не все воины»: как украинские мужчины бегут от призыва | Документальный фильм Би-би-си,UgzdhRmHpT8S3hTJHs94AaABAg.A1qDHiaV3CjA1uGFly5u-k,"@user это ты, думаешь русские оставять тебя ""служить"" в ТЦК? Нет, поедешь работать на Крайний север.","Я бы тоже уехал, в 21 веке умереть на войне, за интересы президента, депутатов, ментов, а тебя потом даже не вспомнят ,спасибо не надо.....",,россия,16
ai,«Не все воины»: как украинские мужчины бегут от призыва | Документальный фильм Би-би-си,UgzdhRmHpT8S3hTJHs94AaABAg.A1qDHiaV3CjA1uLOlCXK2Z,"@user если дети чиновников погибнут, то какой смысл чиновникам работать на государства?","Я бы тоже уехал, в 21 веке умереть на войне, за интересы президента, депутатов, ментов, а тебя потом даже не вспомнят ,спасибо не надо.....",,мобилизация,12
ai,«Не все воины»: как украинские мужчины бегут от призыва | Документальный фильм Би-би-си,UgzdhRmHpT8S3hTJHs94AaABAg.A1qDHiaV3CjA1uLZvzzoj0,"Семья на первом месте ! Украинские власти плавали на тебя и твою семью, для них ты расходный матерьял","Я бы тоже уехал, в 21 веке умереть на войне, за интересы президента, депутатов, ментов, а тебя потом даже не вспомнят ,спасибо не надо.....",,мобилизация,18
ai,«Не все воины»: как украинские мужчины бегут от призыва | Документальный фильм Би-би-си,UgzdhRmHpT8S3hTJHs94AaABAg.A1qDHiaV3CjA1uQLHOK0ik,@user твоя зависть и злоба к более сытым и успешным европейцам крайне хорошо заметна,"Я бы тоже уехал, в 21 веке умереть на войне, за интересы президента, депутатов, ментов, а тебя потом даже не вспомнят ,спасибо не надо.....",запад,,14
ai,«Не все воины»: как украинские мужчины бегут от призыва | Документальный фильм Би-би-си,UgzdhRmHpT8S3hTJHs94AaABAg.A1qDHiaV3CjA1v6EXA_yR6,"за интересы тех кто его поставил, вы думаете что эта петрушка что то решает?","Я бы тоже уехал, в 21 веке умереть на войне, за интересы президента, депутатов, ментов, а тебя потом даже не вспомнят ,спасибо не надо.....",,"владимир зеленский, война в украине",14
ai,«Не все воины»: как украинские мужчины бегут от призыва | Документальный фильм Би-би-си,UgzdhRmHpT8S3hTJHs94AaABAg.A1qDHiaV3CjA1vDkLHVyQQ,"Если твой президент хочет чтоб было будущее у твоей страны хорошее, то думаю не стоит убегать, вот я живу в РФ, мне не нужна Украина, мне нужно хорошее будущее России, воевать в Украине я никогда не стану, а вот как раз сбежать со своей страны я стал потому что моё правительство не заинтересовано в бедующем своей страны.","Я бы тоже уехал, в 21 веке умереть на войне, за интересы президента, депутатов, ментов, а тебя потом даже не вспомнят ,спасибо не надо.....",,"война в украине, мобилизация, россия",57
ai,«Не все воины»: как украинские мужчины бегут от призыва | Документальный фильм Би-би-си,UgzdhRmHpT8S3hTJHs94AaABAg.A1qDHiaV3CjA1vOvZbECRh,"НАЧАЛО МУДРОСТИ,СТРАХ ГОСПОДЕНЬ.ВОЛЯ БОЖИЯ БЛАГАЯ, СОВЕРШЕННАЯ, БОГУ УГОДНАЯ. БОГ ЕСТЬ ЛЮБОВЬ, ЗАПОВЕДЬ,,,НЕ УБЕЙ! ,,, ДЛЯ КОГО НАПИСАНЫ?!ОТЧИЗНА НАША В НЕБЕСАХ...МЫ ЗДЕСЬ НА ЗЕМЛЕ В ГОСТЯХ-ВРЕМЕННО.... АД ИЛИ РАЙ?! САМ ВЫБИРАЙ?!НАРУШАЯ ЗАПОВЕДИ БОГА ВСЕМОГУЩЕГО,РАЯ НЕ ВИДАТЬ.ЦЕНИТЕ СВОЮ ЖИЗНЬ И ЧУЖУЮ.МОЛИТЕСЬ БОГУ...О спасение своей души от грехов,сатаны,смерти, ада.СПАСИТЕЛЬ НАШИХ ДУШ ГОСПОДЬ ИИСУС ХРИСТОС.НЕТ!ВОЙНЕ!СЛАВА ВЕЛИКОМУ БОГУ ЛЮБВИ!❤❤❤","Я бы тоже уехал, в 21 веке умереть на войне, за интересы президента, депутатов, ментов, а тебя потом даже не вспомнят ,спасибо не надо.....",,война в украине,54
ai,«Не все воины»: как украинские мужчины бегут от призыва | Документальный фильм Би-би-си,UgzdhRmHpT8S3hTJHs94AaABAg.A1qDHiaV3CjA1vPFuUb0r4,"@user ТЕМ ,КТО НАЧАЛ ВОЙНУ...ВСЕХ КРОВОЖАДНЫХ ЖДЁТ СУД БОГА...-АД.ДА БУДЕТ ВАМ ПО ВЕРЕ ВАШЕЙ.ГОВОРИТ БОГ ВСЕМ.❤❤❤","Я бы тоже уехал, в 21 веке умереть на войне, за интересы президента, депутатов, ментов, а тебя потом даже не вспомнят ,спасибо не надо.....",,война в украине,16
ai,«Не все воины»: как украинские мужчины бегут от призыва | Документальный фильм Би-би-си,UgzdhRmHpT8S3hTJHs94AaABAg.A1qDHiaV3CjA1vlIxAX2ct,"@user раб опаснее, мёртвого солдата)","Я бы тоже уехал, в 21 веке умереть на войне, за интересы президента, депутатов, ментов, а тебя потом даже не вспомнят ,спасибо не надо.....",,"война в украине, мобилизация",5
ai,«Не все воины»: как украинские мужчины бегут от призыва | Документальный фильм Би-би-си,UgzdhRmHpT8S3hTJHs94AaABAg.A1qDHiaV3CjA1vnUkfLlJ2,"399kirНАТО не может направлять никуда никаких ""наемников"". Законодательство ни одной страны НАТО это не позволяет. Отдельные люди, по собственному желанию едут помогать Украине против агрессора.","Я бы тоже уехал, в 21 веке умереть на войне, за интересы президента, депутатов, ментов, а тебя потом даже не вспомнят ,спасибо не надо.....","нато, помощь украине",россия,25
ai,«Не все воины»: как украинские мужчины бегут от призыва | Документальный фильм Би-би-си,UgzdhRmHpT8S3hTJHs94AaABAg.A1qDHiaV3CjA1vo1OBJTAV,399kir НАТО - это оборонительный союз свободных и демократических стран,"Я бы тоже уехал, в 21 веке умереть на войне, за интересы президента, депутатов, ментов, а тебя потом даже не вспомнят ,спасибо не надо.....",нато,,10
ai,«Не все воины»: как украинские мужчины бегут от призыва | Документальный фильм Би-би-си,UgzdhRmHpT8S3hTJHs94AaABAg.A1qDHiaV3CjA1voCxJ5RDR,399kir россия проигрывает одной Украине,"Я бы тоже уехал, в 21 веке умереть на войне, за интересы президента, депутатов, ментов, а тебя потом даже не вспомнят ,спасибо не надо.....",,россия,5
ai,«Не все воины»: как украинские мужчины бегут от призыва | Документальный фильм Би-би-си,UgzdhRmHpT8S3hTJHs94AaABAg.A1qDHiaV3CjA1voFpVRdpN,399kirармию россии разгромила армия Украины,"Я бы тоже уехал, в 21 веке умереть на войне, за интересы президента, депутатов, ментов, а тебя потом даже не вспомнят ,спасибо не надо.....",всу,россия,5
ai,«Не все воины»: как украинские мужчины бегут от призыва | Документальный фильм Би-би-си,UgzdhRmHpT8S3hTJHs94AaABAg.A1qDHiaV3CjA1vsYUGgGl5,399kir россии не будет,"Я бы тоже уехал, в 21 веке умереть на войне, за интересы президента, депутатов, ментов, а тебя потом даже не вспомнят ,спасибо не надо.....",,россия,4
ai,«Не все воины»: как украинские мужчины бегут от призыва | Документальный фильм Би-би-си,UgzdhRmHpT8S3hTJHs94AaABAg.A1qDHiaV3CjA1vsk-uH35v,399kirу россии очень маленькое население - слабая армия - и никакой экономики и производства,"Я бы тоже уехал, в 21 веке умереть на войне, за интересы президента, депутатов, ментов, а тебя потом даже не вспомнят ,спасибо не надо.....",,россия,14
ai,«Не все воины»: как украинские мужчины бегут от призыва | Документальный фильм Би-би-си,UgzdhRmHpT8S3hTJHs94AaABAg.A1qDHiaV3CjA1xfl5YvQXm,"Я в тюрьму сяду, если меня мобилизуют а России, но не пойду на войну, в армию","Я бы тоже уехал, в 21 веке умереть на войне, за интересы президента, депутатов, ментов, а тебя потом даже не вспомнят ,спасибо не надо.....",,"война в украине, мобилизация",16
ai,«Не все воины»: как украинские мужчины бегут от призыва | Документальный фильм Би-би-си,UgzdhRmHpT8S3hTJHs94AaABAg.A1qDHiaV3CjA1xkuRebbbR,Олигархи не поделили территории и пускают на бойню людей с обеих сторон.,"Я бы тоже уехал, в 21 веке умереть на войне, за интересы президента, депутатов, ментов, а тебя потом даже не вспомнят ,спасибо не надо.....",,война в украине,12
ai,«Не все воины»: как украинские мужчины бегут от призыва | Документальный фильм Би-би-си,UgzdhRmHpT8S3hTJHs94AaABAg.A1qDHiaV3CjA1yCFWHeBLR,@user пишите из окопа? Вот таким как вы и плевать на людей. Сидят за границей и наяривают. Встречал я таких в Германии сами сбежали но дальше продолжают кричать что погибнуть должны все Украинцы.,"Я бы тоже уехал, в 21 веке умереть на войне, за интересы президента, депутатов, ментов, а тебя потом даже не вспомнят ,спасибо не надо.....",,"война в украине, мобилизация",33
ai,«Не все воины»: как украинские мужчины бегут от призыва | Документальный фильм Би-би-си,UgzdhRmHpT8S3hTJHs94AaABAg.A1qDHiaV3CjA1yJzDBQDHl,@user Зеля претендовал на территории рашки? Давно бухаешь?,"Я бы тоже уехал, в 21 веке умереть на войне, за интересы президента, депутатов, ментов, а тебя потом даже не вспомнят ,спасибо не надо.....",владимир зеленский,россия,8
ai,«Не все воины»: как украинские мужчины бегут от призыва | Документальный фильм Би-би-си,UgzdhRmHpT8S3hTJHs94AaABAg.A1qDHiaV3CjA1yf-VjNUuR,"А вы бы лучше от инсульта предпочли умереть в 21 веке , овощем какающим в памперсы ?","Я бы тоже уехал, в 21 веке умереть на войне, за интересы президента, депутатов, ментов, а тебя потом даже не вспомнят ,спасибо не надо.....",мобилизация,,17
ai,«Не все воины»: как украинские мужчины бегут от призыва | Документальный фильм Би-би-си,UgzdhRmHpT8S3hTJHs94AaABAg.A1qDHiaV3CjA1yf5M2TkeV,"@user российских оккупантом и фашистов , чтобы не пришли в твой дом и не сделали там что делали в Буче","Я бы тоже уехал, в 21 веке умереть на войне, за интересы президента, депутатов, ментов, а тебя потом даже не вспомнят ,спасибо не надо.....",,"война в украине, россия",20
ai,«Не все воины»: как украинские мужчины бегут от призыва | Документальный фильм Би-би-си,UgzdhRmHpT8S3hTJHs94AaABAg.A1qDHiaV3CjA1yfVSGolIy,"@user Позор орать ""батька наш бандера"", тьфу на вас! Идите на фронт и пусть ОДАБ покажет вам что такое позор.","Я бы тоже уехал, в 21 веке умереть на войне, за интересы президента, депутатов, ментов, а тебя потом даже не вспомнят ,спасибо не надо.....",война в украине,,20
ai,«Не все воины»: как украинские мужчины бегут от призыва | Документальный фильм Би-би-си,UgzdhRmHpT8S3hTJHs94AaABAg.A1qDHiaV3CjA1yfW1xh4tj,"@user Позор орать ""батька наш бандера"", тьфу на вас! Идите на фронт и пусть ОДАБ покажет вам что такое позор.","Я бы тоже уехал, в 21 веке умереть на войне, за интересы президента, депутатов, ментов, а тебя потом даже не вспомнят ,спасибо не надо.....","война в украине, мобилизация",,20
ai,«Не все воины»: как украинские мужчины бегут от призыва | Документальный фильм Би-би-си,UgzdhRmHpT8S3hTJHs94AaABAg.A1qDHiaV3CjA1yfe9xbbmg,"@user""лучше смерть воина чем жизнь раба"", то то я смотрю, что ты еще живой! 😂😂","Я бы тоже уехал, в 21 веке умереть на войне, за интересы президента, депутатов, ментов, а тебя потом даже не вспомнят ,спасибо не надо.....",,"война в украине, мобилизация",15
ai,«Не все воины»: как украинские мужчины бегут от призыва | Документальный фильм Би-би-си,UgzdhRmHpT8S3hTJHs94AaABAg.A1qDHiaV3CjA1yxBXP6uHH,@user не все воины убиты не все рабы живы малой,"Я бы тоже уехал, в 21 веке умереть на войне, за интересы президента, депутатов, ментов, а тебя потом даже не вспомнят ,спасибо не надо.....",мобилизация,,10
ai,«Не все воины»: как украинские мужчины бегут от призыва | Документальный фильм Би-би-си,UgzdhRmHpT8S3hTJHs94AaABAg.A1qDHiaV3CjA1yz4jL8AAD,тебе так важно чтоб тебя потом вспомнили ???,"Я бы тоже уехал, в 21 веке умереть на войне, за интересы президента, депутатов, ментов, а тебя потом даже не вспомнят ,спасибо не надо.....",мобилизация,,8
ai,«Не все воины»: как украинские мужчины бегут от призыва | Документальный фильм Би-би-си,UgzdhRmHpT8S3hTJHs94AaABAg.A1qDHiaV3CjA1z06lq_nMe,"@user Тем не менее он всеми силами утилизирует простых людей, пока его свита и олигархи пытаются отбить свои ресурсы. У тебя недалёкого видимо тригер сработал, когда узнал что мир не чёрно-белый?","Я бы тоже уехал, в 21 веке умереть на войне, за интересы президента, депутатов, ментов, а тебя потом даже не вспомнят ,спасибо не надо.....",,"владимир зеленский, война в украине, мобилизация",31
ai,«Не все воины»: как украинские мужчины бегут от призыва | Документальный фильм Би-би-си,UgzdhRmHpT8S3hTJHs94AaABAg.A1qDHiaV3CjA1z0gB8D9gH,"@user то что у тебя малой не страшно, сейчас медицина решает эти проблемы. Большой конечно не будет но что то приближающееся к нормальным размерам возможно.
Воин не синонем труп, большинство воинов таки живы","Я бы тоже уехал, в 21 веке умереть на войне, за интересы президента, депутатов, ментов, а тебя потом даже не вспомнят ,спасибо не надо.....",мобилизация,,33
ai,«Не все воины»: как украинские мужчины бегут от призыва | Документальный фильм Би-би-си,UgzdhRmHpT8S3hTJHs94AaABAg.A1qDHiaV3CjA1zCf2Eimt7,@user Я за то чтобы люди жили в мире как это было раньше. Англосаксы хорошо научились применять тактику разделяй и властвуй. Так и захватывать ничего не нужно создают проблему а потом делая важный вид как будто её решают а сами в то время вещают долги и избавляются от хлама. Тем самым делают вид что странам что-то угрожает и что у них все должны покупать оружие для защиты. Очень хорошо они научились на войнах делать очень большие деньги.,"Я бы тоже уехал, в 21 веке умереть на войне, за интересы президента, депутатов, ментов, а тебя потом даже не вспомнят ,спасибо не надо.....",,"война в украине, запад, помощь украине",77
ai,Атака ВСУ на Курскую область: что происходит?,UgzfoNio1PIuRHwArS14AaABAg.A6qM_P6TNCgA6qRFBoddeA,Даеш свободу курской народной республике!,"Это не всу, это местные трактаристы и комбайнёры",вторжение в курскую область,россия,5
ai,Атака ВСУ на Курскую область: что происходит?,UgzfoNio1PIuRHwArS14AaABAg.A6qM_P6TNCgA6qRf-F_4vF,@user даешь Куйевську Народну Республику ! И геть про$р@user наркофюрера,"Это не всу, это местные трактаристы и комбайнёры",,владимир зеленский,10
ai,Атака ВСУ на Курскую область: что происходит?,UgzfoNio1PIuRHwArS14AaABAg.A6qM_P6TNCgA6qRxMKdfFJ,"говорят туареги преследуя недобитых вагинеров в Мали, не заметили как забежали в Курск","Это не всу, это местные трактаристы и комбайнёры",вторжение в курскую область,,13
ai,Атака ВСУ на Курскую область: что происходит?,UgzfoNio1PIuRHwArS14AaABAg.A6qM_P6TNCgA6qTy3v8CbD,"Это ГУР отправил смертников. ГУР работает на Британию. Если взорвут газопровод, то точно выполняют задание хозяев. Сколько при этом индейцев сдохнет, британцам по барабану. Любые потери для Англии приемлемы😂","Это не всу, это местные трактаристы и комбайнёры",,"всу, вторжение в курскую область, запад",29
ai,Атака ВСУ на Курскую область: что происходит?,UgzfoNio1PIuRHwArS14AaABAg.A6qM_P6TNCgA6qU0j2af0i,@user дамбили бамбас 8 лет??? Ты аб этом? И ещё там мальчик в трусиках был!!!!,"Это не всу, это местные трактаристы и комбайнёры",,"война в украине, россия",15
ai,Атака ВСУ на Курскую область: что происходит?,UgzfoNio1PIuRHwArS14AaABAg.A6qM_P6TNCgA6qVGkYL8lL,Вот поэтому Владимир Владимирович на правильном пути.@user,"Это не всу, это местные трактаристы и комбайнёры",россия,,7
ai,Атака ВСУ на Курскую область: что происходит?,UgzfoNio1PIuRHwArS14AaABAg.A6qM_P6TNCgA6qVJuzLibC,@user по этому Владимир Владимирович на правильном пути,"Это не всу, это местные трактаристы и комбайнёры",россия,,8
ai,Атака ВСУ на Курскую область: что происходит?,UgzfoNio1PIuRHwArS14AaABAg.A6qM_P6TNCgA6qVODoHtoN,Та не. Украина хочет отдать еще одну область. Все мало.,"Это не всу, это местные трактаристы и комбайнёры",,"война в украине, вторжение в курскую область",10
ai,Атака ВСУ на Курскую область: что происходит?,UgzfoNio1PIuRHwArS14AaABAg.A6qM_P6TNCgA6qVOGTKQ7A,@user кастрюли😂😂😂,"Это не всу, это местные трактаристы и комбайнёры",,майдан,2
ai,Атака ВСУ на Курскую область: что происходит?,UgzfoNio1PIuRHwArS14AaABAg.A6qM_P6TNCgA6qWSDdtbdR,Слава!!! Доблестным сынам Украины!!! Воинам Света!!!!,"Это не всу, это местные трактаристы и комбайнёры",всу,,6
ai,Атака ВСУ на Курскую область: что происходит?,UgzfoNio1PIuRHwArS14AaABAg.A6qM_P6TNCgA6qWXYHGGql,@user Очередной раз возмёте большой и толстый за щёку Путинским смердам не привыкать 🥰🥰🤣🤣🤣🥰🥰🥰,"Это не всу, это местные трактаристы и комбайнёры",,россия,14
ai,Атака ВСУ на Курскую область: что происходит?,UgzfoNio1PIuRHwArS14AaABAg.A6qM_P6TNCgA6qWr7jXeU1,@user в чемодан? Все идёт по плану?,"Это не всу, это местные трактаристы и комбайнёры",,россия,7
ai,Атака ВСУ на Курскую область: что происходит?,UgzfoNio1PIuRHwArS14AaABAg.A6qM_P6TNCgA6qXF7maZVp,"@user да, прапоры не зря хлопцев красят!","Это не всу, это местные трактаристы и комбайнёры",,всу,7
ai,Атака ВСУ на Курскую область: что происходит?,UgzfoNio1PIuRHwArS14AaABAg.A6qM_P6TNCgA6qXd1jKA_3,"@user детей убивают, а ты, мусульманин, поддерживаешь ЛГБТ.?","Это не всу, это местные трактаристы и комбайнёры",,вторжение в курскую область,8
ai,Атака ВСУ на Курскую область: что происходит?,UgzfoNio1PIuRHwArS14AaABAg.A6qM_P6TNCgA6qYiyJT-Vv,Не русские трактористы пока ещё не определились... И в этом путину пока везёт ... Когда Курские трактористы созреют а там и Брянские и Воронежские и Липецкие тогда у карлика останется только Южная Америка. ....),"Это не всу, это местные трактаристы и комбайнёры",вторжение в курскую область,россия,34
ai,Атака ВСУ на Курскую область: что происходит?,UgzfoNio1PIuRHwArS14AaABAg.A6qM_P6TNCgA6qZJdXshMT,Курск наш! Исторически все так.,"Это не всу, это местные трактаристы и комбайнёры",вторжение в курскую область,,5
ai,Атака ВСУ на Курскую область: что происходит?,UgzfoNio1PIuRHwArS14AaABAg.A6qM_P6TNCgA6qZeE9SZCQ,👍,"Это не всу, это местные трактаристы и комбайнёры","всу, вторжение в курскую область",,1
ai,Атака ВСУ на Курскую область: что происходит?,UgzfoNio1PIuRHwArS14AaABAg.A6qM_P6TNCgA6qZms2n_fM,По пути нах й...ведёт всю расею@user,"Это не всу, это местные трактаристы и комбайнёры",,россия,6
ai,Атака ВСУ на Курскую область: что происходит?,UgzfoNio1PIuRHwArS14AaABAg.A6qM_P6TNCgA6qZw-Lwmrc,@user ведёт тебя пустоголового и всю расею по пути за роскораблем...на дно,"Это не всу, это местные трактаристы и комбайнёры",,россия,12
ai,Атака ВСУ на Курскую область: что происходит?,UgzfoNio1PIuRHwArS14AaABAg.A6qM_P6TNCgA6q_yr-DA1R,"@user на тот свет они путь выбрали. Пан Зеленский жаровни с шашлычницами хлопцам заказал, факелы на подлёте. В аду дожарятся. Учи историю страны. Хотя бы взгляни американскую википедию.","Это не всу, это местные трактаристы и комбайнёры",,"владимир зеленский, всу, вторжение в курскую область",28
ai,Атака ВСУ на Курскую область: что происходит?,UgzfoNio1PIuRHwArS14AaABAg.A6qM_P6TNCgA6qatNyN2kk,@user та прав коклы уже перемолоты местными комбайнерами и трактористами завтра поедут этот навоз на поля разбрасывать.так что велком .можно без пакетов и семечек в карманах....😁😁😁,"Это не всу, это местные трактаристы и комбайнёры",война в украине,всу,26
ai,Атака ВСУ на Курскую область: что происходит?,UgzfoNio1PIuRHwArS14AaABAg.A6qM_P6TNCgA6qdLWWoZ0V,@user Незабывай! Мальчик в трусиках распятый на доске почёта.,"Это не всу, это местные трактаристы и комбайнёры",,россия,9
ai,Атака ВСУ на Курскую область: что происходит?,UgzfoNio1PIuRHwArS14AaABAg.A6qM_P6TNCgA6qdWt513-C,"@user""Всё идёт по плану"". Я даже план этот видел.","Это не всу, это местные трактаристы и комбайнёры",,россия,9
ai,Атака ВСУ на Курскую область: что происходит?,UgzfoNio1PIuRHwArS14AaABAg.A6qM_P6TNCgA6qdvhvt6Vu,"7 танков, 23 БТР, 26 автомобилей и 273 солдата ВСУ, даже не дошли до Курской области, СДОХЛИ не дойдя 5км-","Это не всу, это местные трактаристы и комбайнёры",,"всу, вторжение в курскую область",20
ai,Атака ВСУ на Курскую область: что происходит?,UgzfoNio1PIuRHwArS14AaABAg.A6qM_P6TNCgA6qdzGjKZZV,"@user Приобщайтесь, Приобщайтесь к гейропейской культуре, чем больше приобщитесь, тем скорее ни вас ни гейропы не будет.","Это не всу, это местные трактаристы и комбайнёры",,запад,17
ai,Атака ВСУ на Курскую область: что происходит?,UgzfoNio1PIuRHwArS14AaABAg.A6qM_P6TNCgA6qe9gKJjNb,"@user Да, прапоры красят любую армию, в данном случае ВСУ.","Это не всу, это местные трактаристы и комбайнёры",всу,,10
ai,Атака ВСУ на Курскую область: что происходит?,UgzfoNio1PIuRHwArS14AaABAg.A6qM_P6TNCgA6qekAFFd_d,Жарим свинину с удвоенной силой❤ Русские повара!,"Это не всу, это местные трактаристы и комбайнёры",россия,"всу, вторжение в курскую область",7
ai,Атака ВСУ на Курскую область: что происходит?,UgzfoNio1PIuRHwArS14AaABAg.A6qM_P6TNCgA6qem0A6F6I,"@user А вчера говорили, что подбили 11 танков, четыре танка ожили и продолжают воевать. А в Белгороде больше месяца российских чмобиков по всей области гоняли.","Это не всу, это местные трактаристы и комбайнёры","всу, вторжение в курскую область",россия,25
ai,Атака ВСУ на Курскую область: что происходит?,UgzfoNio1PIuRHwArS14AaABAg.A6qM_P6TNCgA6qf-Jy19j6,@user А в Южн. Африке его сразу арестуют и отправят в Гаагу.,"Это не всу, это местные трактаристы и комбайнёры",,россия,12
ai,Атака ВСУ на Курскую область: что происходит?,UgzfoNio1PIuRHwArS14AaABAg.A6qM_P6TNCgA6qg8WQypkD,"охрененый сборник фейков, посмотри почему на царь пушке написано Россия а это 15 век за двести лет до Петра","Это не всу, это местные трактаристы и комбайнёры",россия,,19
ai,Атака ВСУ на Курскую область: что происходит?,UgzfoNio1PIuRHwArS14AaABAg.A6qM_P6TNCgA6qgIxr-giy,"@user местные таксисты в лес за обрезами, закрытыми в 90ых, разве что пойдут. Что бы потом бандерьё отстреливать","Это не всу, это местные трактаристы и комбайнёры",,"всу, вторжение в курскую область",18
ai,Атака ВСУ на Курскую область: что происходит?,UgzfoNio1PIuRHwArS14AaABAg.A6qM_P6TNCgA6qgK237ZIv,Это бомжи,"Это не всу, это местные трактаристы и комбайнёры",,всу,2
ai,Атака ВСУ на Курскую область: что происходит?,UgzfoNio1PIuRHwArS14AaABAg.A6qM_P6TNCgA6qgX19Peuv,"@user местные таксисты, за обрезами в лес, что бы потом бандерьё отстреливать","Это не всу, это местные трактаристы и комбайнёры",,"всу, вторжение в курскую область",12
ai,Атака ВСУ на Курскую область: что происходит?,UgzfoNio1PIuRHwArS14AaABAg.A6qM_P6TNCgA6qhWBKtAjt,@user я писал про Южную Америку имея ввиду именно Аргентину и близлежащие страны много путтенских туда свалило... Я про Африку молчу,"Это не всу, это местные трактаристы и комбайнёры",,россия,21
ai,Атака ВСУ на Курскую область: что происходит?,UgzfoNio1PIuRHwArS14AaABAg.A6qM_P6TNCgA6qi_m9h6Uv,"@user 🐔
Россия неделима!","Это не всу, это местные трактаристы и комбайнёры",россия,,4
ai,Атака ВСУ на Курскую область: что происходит?,UgzfoNio1PIuRHwArS14AaABAg.A6qM_P6TNCgA6qkeZt9iRV,@user имел ввиду колумбию куда карлик хриплый свалит.,"Это не всу, это местные трактаристы и комбайнёры",,владимир зеленский,8
ai,Атака ВСУ на Курскую область: что происходит?,UgzfoNio1PIuRHwArS14AaABAg.A6qM_P6TNCgA6ql1zP1E4x,@user был. Брал в плен заблудившихся десантников. Видео есть если что. С русскими документами,"Это не всу, это местные трактаристы и комбайнёры","всу, вторжение в курскую область",россия,14
ai,Атака ВСУ на Курскую область: что происходит?,UgzfoNio1PIuRHwArS14AaABAg.A6qM_P6TNCgA6ql9JmdR-k,"Прекрасно, привет из русского Мелитополя","Это не всу, это местные трактаристы и комбайнёры","вторжение в курскую область, россия",,5
ai,Атака ВСУ на Курскую область: что происходит?,UgzfoNio1PIuRHwArS14AaABAg.A6qM_P6TNCgA6qlPp8EpCY,"Очень красивая фраза прорвали границу, вторглись. Если аудитория забыла о полмиллиона русских солдат на территории Украины то звучит очень странно. Если вспомнить что крейсер Москва погиб два годка как то все логично было бы объяснить","Это не всу, это местные трактаристы и комбайнёры",вторжение в курскую область,"война в украине, россия",35
ai,Атака ВСУ на Курскую область: что происходит?,UgzfoNio1PIuRHwArS14AaABAg.A6qM_P6TNCgA6qlln5gI2N,"@user ты смотри, как русские повара, жарят свинину:)","Это не всу, это местные трактаристы и комбайнёры",россия,"всу, вторжение в курскую область",8
ai,Атака ВСУ на Курскую область: что происходит?,UgzfoNio1PIuRHwArS14AaABAg.A6qM_P6TNCgA6qomCTrCrF,@user Богу за всё!!! Слава России Великой Державе!!! 🇷🇺🇷🇺🇷🇺🇷🇺🇷🇺🇷🇺✊✊✊✊✊✊✊,"Это не всу, это местные трактаристы и комбайнёры",россия,,9
ai,Атака ВСУ на Курскую область: что происходит?,UgzfoNio1PIuRHwArS14AaABAg.A6qM_P6TNCgA6qozL1lNL9,@user превращаются в бекон,"Это не всу, это местные трактаристы и комбайнёры",,"всу, вторжение в курскую область",4
ai,Атака ВСУ на Курскую область: что происходит?,UgzfoNio1PIuRHwArS14AaABAg.A6qM_P6TNCgA6qpOkh9PVl,"@user Ты это своим гейропейским историкам втирай, может кто и клюнет. 😂🤣🤣","Это не всу, это местные трактаристы и комбайнёры",,запад,12
ai,Атака ВСУ на Курскую область: что происходит?,UgzfoNio1PIuRHwArS14AaABAg.A6qM_P6TNCgA6qtSjqjjsS,@user освободим обязательно российскую землю от проклятой украинской акупации.,"Это не всу, это местные трактаристы и комбайнёры",россия,"всу, вторжение в курскую область",9
ai,Атака ВСУ на Курскую область: что происходит?,UgzfoNio1PIuRHwArS14AaABAg.A6qM_P6TNCgA6qtef9_vrz,"@user чЁ плечевая, из дурдома?! Какие воины? НАТовские наймиты? Фашики и убийцы?","Это не всу, это местные трактаристы и комбайнёры",,"всу, нато",12
ai,Атака ВСУ на Курскую область: что происходит?,UgzfoNio1PIuRHwArS14AaABAg.A6qM_P6TNCgA6qtr5T-HmB,"@user объясни , как ты понимаешь это тупое действие ВСУ ? В районе Торецка укрофронт трещит по швам . Две боеспособные роты ВСУ , с кучей техники посланы на убой в Курскую обл ., ради пиара . Это уже предсмертная агония ?","Это не всу, это местные трактаристы и комбайнёры",,"всу, вторжение в курскую область",42
ai,Атака ВСУ на Курскую область: что происходит?,UgzfoNio1PIuRHwArS14AaABAg.A6qM_P6TNCgA6qv-tQ0BRO,"@user поросячий будет, когда сынку ТЦК загребут😊 от национализма вас Путин вылечит","Это не всу, это местные трактаристы и комбайнёры",россия,мобилизация,12
ai,Атака ВСУ на Курскую область: что происходит?,UgzfoNio1PIuRHwArS14AaABAg.A6qM_P6TNCgA6qv6V-i0Sc,😢Зеленый преступник може тока против мирных войвать ему не привыкать,"Это не всу, это местные трактаристы и комбайнёры",,владимир зеленский,10
ai,Атака ВСУ на Курскую область: что происходит?,UgzfoNio1PIuRHwArS14AaABAg.A6qM_P6TNCgA6qvoMbuYOh,"@user лежать им в земле, война света😂","Это не всу, это местные трактаристы и комбайнёры",,"всу, вторжение в курскую область",7
ai,Атака ВСУ на Курскую область: что происходит?,UgzfoNio1PIuRHwArS14AaABAg.A6qM_P6TNCgA6qxN6X90eF,"Это смертники на бредли, говорят они пришли из страны 404 чтобы стянуть наступающие силы РФ, которые крошат оборону хохлов под Торецком, Часовом Яром, Нью-Ньорком. Короче говоря киевский режим от безысходности не знает что делать","Это не всу, это местные трактаристы и комбайнёры","война в украине, россия","всу, вторжение в курскую область",34
ai,Атака ВСУ на Курскую область: что происходит?,UgzfoNio1PIuRHwArS14AaABAg.A6qM_P6TNCgA6qxtDWRTW2,Это были люди которые хотели присоединиться к Украине!,"Это не всу, это местные трактаристы и комбайнёры",вторжение в курскую область,,8
ai,Атака ВСУ на Курскую область: что происходит?,UgzfoNio1PIuRHwArS14AaABAg.A6qM_P6TNCgA6qyB4wzsXr,"@user вы не правы,не сравнивайте с ордой,орда не не такой кровожадный как московия и русский мир..","Это не всу, это местные трактаристы и комбайнёры",,россия,16
