title,comment_id,comment_text,topic,prediction,relevant,confidence,topic_confidence,relevance_score,parent_comment_text,author,like_count,published_date,root_comment_id,gold_stance,model_topic,model_stance
Tracing the deadly path of the Nepal-Tibet flash flooding. #Nepal #Tibet #BBCNews,UgxcxVu_cHnUipboAXx4AaABAg,"The power of water is absolutely terrifying. In just moments, nature can remind us how small and powerless we truly are. It’s a force beyond anything we can control. May God protect us all in these uncertain and crazy times. 🙏🌊😱",hinduism,pro,1,0.766294,0.507799,0.5077993673255866,,user_0001,405,2026-08-27,UgxcxVu_cHnUipboAXx4AaABAg,,"ctx4_gemma_en_topic_none (Gemma-2-9B, no context)","ctx4_gemma_en_root (Gemma-2-9B, root)"
Tracing the deadly path of the Nepal-Tibet flash flooding. #Nepal #Tibet #BBCNews,UgxcxVu_cHnUipboAXx4AaABAg,"The power of water is absolutely terrifying. In just moments, nature can remind us how small and powerless we truly are. It’s a force beyond anything we can control. May God protect us all in these uncertain and crazy times. 🙏🌊😱",climate change,con,1,0.800688,0.919635,0.9196351408530667,,user_0001,405,2026-08-27,UgxcxVu_cHnUipboAXx4AaABAg,,"ctx4_gemma_en_topic_none (Gemma-2-9B, no context)","ctx4_gemma_en_root (Gemma-2-9B, root)"
Tracing the deadly path of the Nepal-Tibet flash flooding. #Nepal #Tibet #BBCNews,UgxcxVu_cHnUipboAXx4AaABAg,"The power of water is absolutely terrifying. In just moments, nature can remind us how small and powerless we truly are. It’s a force beyond anything we can control. May God protect us all in these uncertain and crazy times. 🙏🌊😱",existence of god,pro,1,0.998774,0.861535,0.8615352271510025,,user_0001,405,2026-08-27,UgxcxVu_cHnUipboAXx4AaABAg,,"ctx4_gemma_en_topic_none (Gemma-2-9B, no context)","ctx4_gemma_en_root (Gemma-2-9B, root)"
Tracing the deadly path of the Nepal-Tibet flash flooding. #Nepal #Tibet #BBCNews,UgxcxVu_cHnUipboAXx4AaABAg.Aa1ADgKUhaRAa1DRB28SuG,"Bruce Lee had something interesting to say about water:

“Be like water making its way through cracks. Do not be assertive, but adjust to the object, and you shall find a way around or through it”! 

As you say absolutely terrifying! 🥺😢😪😭",china,pro,1,0.843895,0.857771,0.8577711550123999,"The power of water is absolutely terrifying. In just moments, nature can remind us how small and powerless we truly are. It’s a force beyond anything we can control. May God protect us all in these uncertain and crazy times. 🙏🌊😱",user_0002,6,2026-08-27,UgxcxVu_cHnUipboAXx4AaABAg,,"ctx4_gemma_en_topic_none (Gemma-2-9B, no context)","ctx4_gemma_en_root (Gemma-2-9B, root)"
Tracing the deadly path of the Nepal-Tibet flash flooding. #Nepal #Tibet #BBCNews,UgxcxVu_cHnUipboAXx4AaABAg.Aa1ADgKUhaRAa1DRB28SuG,"Bruce Lee had something interesting to say about water:

“Be like water making its way through cracks. Do not be assertive, but adjust to the object, and you shall find a way around or through it”! 

As you say absolutely terrifying! 🥺😢😪😭",india,pro,1,0.888766,0.843895,0.8438951025545426,"The power of water is absolutely terrifying. In just moments, nature can remind us how small and powerless we truly are. It’s a force beyond anything we can control. May God protect us all in these uncertain and crazy times. 🙏🌊😱",user_0002,6,2026-08-27,UgxcxVu_cHnUipboAXx4AaABAg,,"ctx4_gemma_en_topic_none (Gemma-2-9B, no context)","ctx4_gemma_en_root (Gemma-2-9B, root)"
Tracing the deadly path of the Nepal-Tibet flash flooding. #Nepal #Tibet #BBCNews,UgxcxVu_cHnUipboAXx4AaABAg.Aa1ADgKUhaRAa1DRB28SuG,"Bruce Lee had something interesting to say about water:

“Be like water making its way through cracks. Do not be assertive, but adjust to the object, and you shall find a way around or through it”! 

As you say absolutely terrifying! 🥺😢😪😭",hinduism,pro,1,0.731059,0.880797,0.8807970779778823,"The power of water is absolutely terrifying. In just moments, nature can remind us how small and powerless we truly are. It’s a force beyond anything we can control. May God protect us all in these uncertain and crazy times. 🙏🌊😱",user_0002,6,2026-08-27,UgxcxVu_cHnUipboAXx4AaABAg,,"ctx4_gemma_en_topic_none (Gemma-2-9B, no context)","ctx4_gemma_en_root (Gemma-2-9B, root)"
Tracing the deadly path of the Nepal-Tibet flash flooding. #Nepal #Tibet #BBCNews,UgxcxVu_cHnUipboAXx4AaABAg.Aa1ADgKUhaRAa1DRB28SuG,"Bruce Lee had something interesting to say about water:

“Be like water making its way through cracks. Do not be assertive, but adjust to the object, and you shall find a way around or through it”! 

As you say absolutely terrifying! 🥺😢😪😭",climate change,pro,1,0.672321,0.870592,0.870591635420751,"The power of water is absolutely terrifying. In just moments, nature can remind us how small and powerless we truly are. It’s a force beyond anything we can control. May God protect us all in these uncertain and crazy times. 🙏🌊😱",user_0002,6,2026-08-27,UgxcxVu_cHnUipboAXx4AaABAg,,"ctx4_gemma_en_topic_none (Gemma-2-9B, no context)","ctx4_gemma_en_root (Gemma-2-9B, root)"
Tracing the deadly path of the Nepal-Tibet flash flooding. #Nepal #Tibet #BBCNews,UgxcxVu_cHnUipboAXx4AaABAg.Aa1ADgKUhaRAa1GwWSnQCx,Like he protected them. 🤨,india,con,1,0.995461,0.588895,0.5888951832224427,"The power of water is absolutely terrifying. In just moments, nature can remind us how small and powerless we truly are. It’s a force beyond anything we can control. May God protect us all in these uncertain and crazy times. 🙏🌊😱",user_0003,11,2026-08-27,UgxcxVu_cHnUipboAXx4AaABAg,,"ctx4_gemma_en_topic_none (Gemma-2-9B, no context)","ctx4_gemma_en_root (Gemma-2-9B, root)"
Tracing the deadly path of the Nepal-Tibet flash flooding. #Nepal #Tibet #BBCNews,UgxcxVu_cHnUipboAXx4AaABAg.Aa1ADgKUhaRAa1GwWSnQCx,Like he protected them. 🤨,government / the state,con,1,0.998299,0.734115,0.7341146471704442,"The power of water is absolutely terrifying. In just moments, nature can remind us how small and powerless we truly are. It’s a force beyond anything we can control. May God protect us all in these uncertain and crazy times. 🙏🌊😱",user_0003,11,2026-08-27,UgxcxVu_cHnUipboAXx4AaABAg,,"ctx4_gemma_en_topic_none (Gemma-2-9B, no context)","ctx4_gemma_en_root (Gemma-2-9B, root)"
Tracing the deadly path of the Nepal-Tibet flash flooding. #Nepal #Tibet #BBCNews,UgxcxVu_cHnUipboAXx4AaABAg.Aa1ADgKUhaRAa1HfzyXQcw,And how well the pyramids were built,china,con,1,0.859664,0.841829,0.841828976103793,"The power of water is absolutely terrifying. In just moments, nature can remind us how small and powerless we truly are. It’s a force beyond anything we can control. May God protect us all in these uncertain and crazy times. 🙏🌊😱",user_0004,0,2026-08-27,UgxcxVu_cHnUipboAXx4AaABAg,,"ctx4_gemma_en_topic_none (Gemma-2-9B, no context)","ctx4_gemma_en_root (Gemma-2-9B, root)"
Tracing the deadly path of the Nepal-Tibet flash flooding. #Nepal #Tibet #BBCNews,UgxcxVu_cHnUipboAXx4AaABAg.Aa1ADgKUhaRAa1HfzyXQcw,And how well the pyramids were built,india,con,1,0.914901,0.938127,0.938126916580184,"The power of water is absolutely terrifying. In just moments, nature can remind us how small and powerless we truly are. It’s a force beyond anything we can control. May God protect us all in these uncertain and crazy times. 🙏🌊😱",user_0004,0,2026-08-27,UgxcxVu_cHnUipboAXx4AaABAg,,"ctx4_gemma_en_topic_none (Gemma-2-9B, no context)","ctx4_gemma_en_root (Gemma-2-9B, root)"
Tracing the deadly path of the Nepal-Tibet flash flooding. #Nepal #Tibet #BBCNews,UgxcxVu_cHnUipboAXx4AaABAg.Aa1ADgKUhaRAa1HfzyXQcw,And how well the pyramids were built,hinduism,con,1,0.927365,0.851953,0.8519528019683106,"The power of water is absolutely terrifying. In just moments, nature can remind us how small and powerless we truly are. It’s a force beyond anything we can control. May God protect us all in these uncertain and crazy times. 🙏🌊😱",user_0004,0,2026-08-27,UgxcxVu_cHnUipboAXx4AaABAg,,"ctx4_gemma_en_topic_none (Gemma-2-9B, no context)","ctx4_gemma_en_root (Gemma-2-9B, root)"
Tracing the deadly path of the Nepal-Tibet flash flooding. #Nepal #Tibet #BBCNews,UgxcxVu_cHnUipboAXx4AaABAg.Aa1ADgKUhaRAa1HfzyXQcw,And how well the pyramids were built,existence of god,pro,1,0.592667,0.87235,0.872350158588109,"The power of water is absolutely terrifying. In just moments, nature can remind us how small and powerless we truly are. It’s a force beyond anything we can control. May God protect us all in these uncertain and crazy times. 🙏🌊😱",user_0004,0,2026-08-27,UgxcxVu_cHnUipboAXx4AaABAg,,"ctx4_gemma_en_topic_none (Gemma-2-9B, no context)","ctx4_gemma_en_root (Gemma-2-9B, root)"
Tracing the deadly path of the Nepal-Tibet flash flooding. #Nepal #Tibet #BBCNews,UgxcxVu_cHnUipboAXx4AaABAg.Aa1ADgKUhaRAa1JFRc_OYq,"And the debris that would have been picked up in it, boulders the size of cars. Actual cars parts of buildings. It would have been terrifying.",climate change,pro,1,0.618786,0.692642,0.6926419831347361,"The power of water is absolutely terrifying. In just moments, nature can remind us how small and powerless we truly are. It’s a force beyond anything we can control. May God protect us all in these uncertain and crazy times. 🙏🌊😱",user_0005,3,2026-08-27,UgxcxVu_cHnUipboAXx4AaABAg,,"ctx4_gemma_en_topic_none (Gemma-2-9B, no context)","ctx4_gemma_en_root (Gemma-2-9B, root)"
Tracing the deadly path of the Nepal-Tibet flash flooding. #Nepal #Tibet #BBCNews,UgxcxVu_cHnUipboAXx4AaABAg.Aa1ADgKUhaRAa1JX16A6B6,"@user but why would he not? He’s all powerful right? He watched 100s of people die.
That’s not a very nice god is it, standing by whilst kids drown. If you was all powerful why allow the flood to happen??",china,con,1,0.749078,0.581297,0.5812970058867594,@user who ever said he was meant to ? Logical fallacy,user_0006,9,2026-08-27,UgxcxVu_cHnUipboAXx4AaABAg,,"ctx4_gemma_en_topic_none (Gemma-2-9B, no context)","ctx4_gemma_en_root (Gemma-2-9B, root)"
Tracing the deadly path of the Nepal-Tibet flash flooding. #Nepal #Tibet #BBCNews,UgxcxVu_cHnUipboAXx4AaABAg.Aa1ADgKUhaRAa1JX16A6B6,"@user but why would he not? He’s all powerful right? He watched 100s of people die.
That’s not a very nice god is it, standing by whilst kids drown. If you was all powerful why allow the flood to happen??",india,pro,1,0.699265,0.727961,0.727960596612435,@user who ever said he was meant to ? Logical fallacy,user_0006,9,2026-08-27,UgxcxVu_cHnUipboAXx4AaABAg,,"ctx4_gemma_en_topic_none (Gemma-2-9B, no context)","ctx4_gemma_en_root (Gemma-2-9B, root)"
Tracing the deadly path of the Nepal-Tibet flash flooding. #Nepal #Tibet #BBCNews,UgxcxVu_cHnUipboAXx4AaABAg.Aa1ADgKUhaRAa1JX16A6B6,"@user but why would he not? He’s all powerful right? He watched 100s of people die.
That’s not a very nice god is it, standing by whilst kids drown. If you was all powerful why allow the flood to happen??",hinduism,con,1,0.966914,0.91244,0.9124401552152384,@user who ever said he was meant to ? Logical fallacy,user_0006,9,2026-08-27,UgxcxVu_cHnUipboAXx4AaABAg,,"ctx4_gemma_en_topic_none (Gemma-2-9B, no context)","ctx4_gemma_en_root (Gemma-2-9B, root)"
Tracing the deadly path of the Nepal-Tibet flash flooding. #Nepal #Tibet #BBCNews,UgxcxVu_cHnUipboAXx4AaABAg.Aa1ADgKUhaRAa1JX16A6B6,"@user but why would he not? He’s all powerful right? He watched 100s of people die.
That’s not a very nice god is it, standing by whilst kids drown. If you was all powerful why allow the flood to happen??",climate change,pro,1,0.851953,0.721738,0.7217381855210033,@user who ever said he was meant to ? Logical fallacy,user_0006,9,2026-08-27,UgxcxVu_cHnUipboAXx4AaABAg,,"ctx4_gemma_en_topic_none (Gemma-2-9B, no context)","ctx4_gemma_en_root (Gemma-2-9B, root)"
Tracing the deadly path of the Nepal-Tibet flash flooding. #Nepal #Tibet #BBCNews,UgxcxVu_cHnUipboAXx4AaABAg.Aa1ADgKUhaRAa1JX16A6B6,"@user but why would he not? He’s all powerful right? He watched 100s of people die.
That’s not a very nice god is it, standing by whilst kids drown. If you was all powerful why allow the flood to happen??",existence of god,con,1,0.991937,0.942508,0.94250807587967,@user who ever said he was meant to ? Logical fallacy,user_0006,9,2026-08-27,UgxcxVu_cHnUipboAXx4AaABAg,,"ctx4_gemma_en_topic_none (Gemma-2-9B, no context)","ctx4_gemma_en_root (Gemma-2-9B, root)"
Tracing the deadly path of the Nepal-Tibet flash flooding. #Nepal #Tibet #BBCNews,UgxcxVu_cHnUipboAXx4AaABAg.Aa1ADgKUhaRAa1KPX9foii,God ain't protecting no one !,hinduism,con,1,0.952574,0.815236,0.8152362550342647,"The power of water is absolutely terrifying. In just moments, nature can remind us how small and powerless we truly are. It’s a force beyond anything we can control. May God protect us all in these uncertain and crazy times. 🙏🌊😱",user_0007,5,2026-08-27,UgxcxVu_cHnUipboAXx4AaABAg,,"ctx4_gemma_en_topic_none (Gemma-2-9B, no context)","ctx4_gemma_en_root (Gemma-2-9B, root)"
Tracing the deadly path of the Nepal-Tibet flash flooding. #Nepal #Tibet #BBCNews,UgxcxVu_cHnUipboAXx4AaABAg.Aa1ADgKUhaRAa1KPX9foii,God ain't protecting no one !,existence of god,con,1,0.998545,0.877482,0.87748216294413,"The power of water is absolutely terrifying. In just moments, nature can remind us how small and powerless we truly are. It’s a force beyond anything we can control. May God protect us all in these uncertain and crazy times. 🙏🌊😱",user_0007,5,2026-08-27,UgxcxVu_cHnUipboAXx4AaABAg,,"ctx4_gemma_en_topic_none (Gemma-2-9B, no context)","ctx4_gemma_en_root (Gemma-2-9B, root)"
Tracing the deadly path of the Nepal-Tibet flash flooding. #Nepal #Tibet #BBCNews,UgxcxVu_cHnUipboAXx4AaABAg.Aa1ADgKUhaRAa1Ku30eD5W,"@user

The god of this world is satan , why don't you blame him ? 

The Triune God of Creation has allowed mankind to choose to worship His Son Jesus , the Crucified Risen Messiah, or to reject Him 

Submit to the God of the cross✝️ or stay cursed , your choice",islam,con,1,0.998133,0.749097,0.7490966107756971,"The power of water is absolutely terrifying. In just moments, nature can remind us how small and powerless we truly are. It’s a force beyond anything we can control. May God protect us all in these uncertain and crazy times. 🙏🌊😱",user_0008,0,2026-08-27,UgxcxVu_cHnUipboAXx4AaABAg,,"ctx4_gemma_en_topic_none (Gemma-2-9B, no context)","ctx4_gemma_en_root (Gemma-2-9B, root)"
Tracing the deadly path of the Nepal-Tibet flash flooding. #Nepal #Tibet #BBCNews,UgxcxVu_cHnUipboAXx4AaABAg.Aa1ADgKUhaRAa1Ku30eD5W,"@user

The god of this world is satan , why don't you blame him ? 

The Triune God of Creation has allowed mankind to choose to worship His Son Jesus , the Crucified Risen Messiah, or to reject Him 

Submit to the God of the cross✝️ or stay cursed , your choice",christianity,pro,1,0.999856,0.771852,0.771852302775029,"The power of water is absolutely terrifying. In just moments, nature can remind us how small and powerless we truly are. It’s a force beyond anything we can control. May God protect us all in these uncertain and crazy times. 🙏🌊😱",user_0008,0,2026-08-27,UgxcxVu_cHnUipboAXx4AaABAg,,"ctx4_gemma_en_topic_none (Gemma-2-9B, no context)","ctx4_gemma_en_root (Gemma-2-9B, root)"
Tracing the deadly path of the Nepal-Tibet flash flooding. #Nepal #Tibet #BBCNews,UgxcxVu_cHnUipboAXx4AaABAg.Aa1ADgKUhaRAa1Ku30eD5W,"@user

The god of this world is satan , why don't you blame him ? 

The Triune God of Creation has allowed mankind to choose to worship His Son Jesus , the Crucified Risen Messiah, or to reject Him 

Submit to the God of the cross✝️ or stay cursed , your choice",hinduism,con,1,0.99906,0.882425,0.8824252727065192,"The power of water is absolutely terrifying. In just moments, nature can remind us how small and powerless we truly are. It’s a force beyond anything we can control. May God protect us all in these uncertain and crazy times. 🙏🌊😱",user_0008,0,2026-08-27,UgxcxVu_cHnUipboAXx4AaABAg,,"ctx4_gemma_en_topic_none (Gemma-2-9B, no context)","ctx4_gemma_en_root (Gemma-2-9B, root)"
Tracing the deadly path of the Nepal-Tibet flash flooding. #Nepal #Tibet #BBCNews,UgxcxVu_cHnUipboAXx4AaABAg.Aa1ADgKUhaRAa1Ku30eD5W,"@user

The god of this world is satan , why don't you blame him ? 

The Triune God of Creation has allowed mankind to choose to worship His Son Jesus , the Crucified Risen Messiah, or to reject Him 

Submit to the God of the cross✝️ or stay cursed , your choice",existence of god,pro,1,0.999131,0.971131,0.971131195782738,"The power of water is absolutely terrifying. In just moments, nature can remind us how small and powerless we truly are. It’s a force beyond anything we can control. May God protect us all in these uncertain and crazy times. 🙏🌊😱",user_0008,0,2026-08-27,UgxcxVu_cHnUipboAXx4AaABAg,,"ctx4_gemma_en_topic_none (Gemma-2-9B, no context)","ctx4_gemma_en_root (Gemma-2-9B, root)"
Tracing the deadly path of the Nepal-Tibet flash flooding. #Nepal #Tibet #BBCNews,UgxcxVu_cHnUipboAXx4AaABAg.Aa1ADgKUhaRAa1L26buSlK,@user bro wtf did they do,china,con,1,0.986571,0.793098,0.793097746618804,@user who ever said he was meant to ? Logical fallacy,user_0009,1,2026-08-27,UgxcxVu_cHnUipboAXx4AaABAg,,"ctx4_gemma_en_topic_none (Gemma-2-9B, no context)","ctx4_gemma_en_root (Gemma-2-9B, root)"
Tracing the deadly path of the Nepal-Tibet flash flooding. #Nepal #Tibet #BBCNews,UgxcxVu_cHnUipboAXx4AaABAg.Aa1ADgKUhaRAa1L26buSlK,@user bro wtf did they do,india,con,1,0.984336,0.87235,0.872350158588109,@user who ever said he was meant to ? Logical fallacy,user_0009,1,2026-08-27,UgxcxVu_cHnUipboAXx4AaABAg,,"ctx4_gemma_en_topic_none (Gemma-2-9B, no context)","ctx4_gemma_en_root (Gemma-2-9B, root)"
Tracing the deadly path of the Nepal-Tibet flash flooding. #Nepal #Tibet #BBCNews,UgxcxVu_cHnUipboAXx4AaABAg.Aa1ADgKUhaRAa1oNwkilMj,@user “all loving”,hinduism,con,1,0.588895,0.835484,0.8354835371034369,@user who ever said he was meant to ? Logical fallacy,user_0010,3,2026-08-28,UgxcxVu_cHnUipboAXx4AaABAg,,"ctx4_gemma_en_topic_none (Gemma-2-9B, no context)","ctx4_gemma_en_root (Gemma-2-9B, root)"
Tracing the deadly path of the Nepal-Tibet flash flooding. #Nepal #Tibet #BBCNews,UgxcxVu_cHnUipboAXx4AaABAg.Aa1ADgKUhaRAa1oNwkilMj,@user “all loving”,existence of god,con,1,0.828949,0.81989,0.8198896441776712,@user who ever said he was meant to ? Logical fallacy,user_0010,3,2026-08-28,UgxcxVu_cHnUipboAXx4AaABAg,,"ctx4_gemma_en_topic_none (Gemma-2-9B, no context)","ctx4_gemma_en_root (Gemma-2-9B, root)"
Tracing the deadly path of the Nepal-Tibet flash flooding. #Nepal #Tibet #BBCNews,UgxcxVu_cHnUipboAXx4AaABAg.Aa1ADgKUhaRAa1qQUhQ_Ab,"@user judging God but you don't know God, typical from the world always judging what they don't know,and that is for everything not only God, always expecting a miracle probably from anywhere to stop a calamity , humanity has fail for a long time to do what was created for, all of this  still just the beginning of sorrow, and the ignorance of your like many others here hating God without knowing why the earth for what it look like is breaking apart is the reason judgment is just going to get WORSE",hinduism,pro,1,0.999464,0.974043,0.9740426428022032,"The power of water is absolutely terrifying. In just moments, nature can remind us how small and powerless we truly are. It’s a force beyond anything we can control. May God protect us all in these uncertain and crazy times. 🙏🌊😱",user_0011,4,2026-08-28,UgxcxVu_cHnUipboAXx4AaABAg,,"ctx4_gemma_en_topic_none (Gemma-2-9B, no context)","ctx4_gemma_en_root (Gemma-2-9B, root)"
Tracing the deadly path of the Nepal-Tibet flash flooding. #Nepal #Tibet #BBCNews,UgxcxVu_cHnUipboAXx4AaABAg.Aa1ADgKUhaRAa1qQUhQ_Ab,"@user judging God but you don't know God, typical from the world always judging what they don't know,and that is for everything not only God, always expecting a miracle probably from anywhere to stop a calamity , humanity has fail for a long time to do what was created for, all of this  still just the beginning of sorrow, and the ignorance of your like many others here hating God without knowing why the earth for what it look like is breaking apart is the reason judgment is just going to get WORSE",existence of god,pro,1,0.999839,0.988492,0.9884915665394344,"The power of water is absolutely terrifying. In just moments, nature can remind us how small and powerless we truly are. It’s a force beyond anything we can control. May God protect us all in these uncertain and crazy times. 🙏🌊😱",user_0011,4,2026-08-28,UgxcxVu_cHnUipboAXx4AaABAg,,"ctx4_gemma_en_topic_none (Gemma-2-9B, no context)","ctx4_gemma_en_root (Gemma-2-9B, root)"
Tracing the deadly path of the Nepal-Tibet flash flooding. #Nepal #Tibet #BBCNews,UgxcxVu_cHnUipboAXx4AaABAg.Aa1ADgKUhaRAa2x-9zj6WR,@user Religious people always claim God loves everyone yet didn’t care enough to protect the people who suffered from the flooding. Then you mention praying (begging) for God to care about protecting people which is absurd.,hinduism,con,1,0.997019,0.958541,0.9585407079225332,@user who ever said he was meant to ? Logical fallacy,user_0012,4,2026-08-28,UgxcxVu_cHnUipboAXx4AaABAg,,"ctx4_gemma_en_topic_none (Gemma-2-9B, no context)","ctx4_gemma_en_root (Gemma-2-9B, root)"
Tracing the deadly path of the Nepal-Tibet flash flooding. #Nepal #Tibet #BBCNews,UgxcxVu_cHnUipboAXx4AaABAg.Aa1ADgKUhaRAa2x-9zj6WR,@user Religious people always claim God loves everyone yet didn’t care enough to protect the people who suffered from the flooding. Then you mention praying (begging) for God to care about protecting people which is absurd.,existence of god,con,1,0.998377,0.973645,0.9736452886649896,@user who ever said he was meant to ? Logical fallacy,user_0012,4,2026-08-28,UgxcxVu_cHnUipboAXx4AaABAg,,"ctx4_gemma_en_topic_none (Gemma-2-9B, no context)","ctx4_gemma_en_root (Gemma-2-9B, root)"
Tracing the deadly path of the Nepal-Tibet flash flooding. #Nepal #Tibet #BBCNews,UgxcxVu_cHnUipboAXx4AaABAg.Aa1ADgKUhaRAa2xJ9k-9h9,@user did you really just use the “ if God real why bad thing happen “ argument ? Talk about low tier 🤣,india,pro,1,0.893309,0.644214,0.6442136464477974,@user Religious people always claim God loves everyone yet didn’t care enough to protect the people who suffered from the flooding. Then you mention praying (begging) for God to care about protecting people which is absurd.,user_0013,0,2026-08-28,UgxcxVu_cHnUipboAXx4AaABAg,,"ctx4_gemma_en_topic_none (Gemma-2-9B, no context)","ctx4_gemma_en_root (Gemma-2-9B, root)"
Tracing the deadly path of the Nepal-Tibet flash flooding. #Nepal #Tibet #BBCNews,UgxcxVu_cHnUipboAXx4AaABAg.Aa1ADgKUhaRAa2xJ9k-9h9,@user did you really just use the “ if God real why bad thing happen “ argument ? Talk about low tier 🤣,hinduism,pro,1,0.538971,0.911186,0.911185777256305,@user Religious people always claim God loves everyone yet didn’t care enough to protect the people who suffered from the flooding. Then you mention praying (begging) for God to care about protecting people which is absurd.,user_0013,0,2026-08-28,UgxcxVu_cHnUipboAXx4AaABAg,,"ctx4_gemma_en_topic_none (Gemma-2-9B, no context)","ctx4_gemma_en_root (Gemma-2-9B, root)"
Tracing the deadly path of the Nepal-Tibet flash flooding. #Nepal #Tibet #BBCNews,UgxcxVu_cHnUipboAXx4AaABAg.Aa1ADgKUhaRAa2xJ9k-9h9,@user did you really just use the “ if God real why bad thing happen “ argument ? Talk about low tier 🤣,existence of god,con,1,0.981166,0.948918,0.948918474861621,@user Religious people always claim God loves everyone yet didn’t care enough to protect the people who suffered from the flooding. Then you mention praying (begging) for God to care about protecting people which is absurd.,user_0013,0,2026-08-28,UgxcxVu_cHnUipboAXx4AaABAg,,"ctx4_gemma_en_topic_none (Gemma-2-9B, no context)","ctx4_gemma_en_root (Gemma-2-9B, root)"
Tracing the deadly path of the Nepal-Tibet flash flooding. #Nepal #Tibet #BBCNews,UgxcxVu_cHnUipboAXx4AaABAg.Aa1ADgKUhaRAa3D1uU0qld,@user hen prove your so called “real” all-loving all-seeing god who cares about everybody exists then since you’re so sure…🤔 and which version of god because Christians can’t even agree among themselves lol,india,pro,1,0.833328,0.699244,0.699243906070218,"The power of water is absolutely terrifying. In just moments, nature can remind us how small and powerless we truly are. It’s a force beyond anything we can control. May God protect us all in these uncertain and crazy times. 🙏🌊😱",user_0012,1,2026-08-28,UgxcxVu_cHnUipboAXx4AaABAg,,"ctx4_gemma_en_topic_none (Gemma-2-9B, no context)","ctx4_gemma_en_root (Gemma-2-9B, root)"
Tracing the deadly path of the Nepal-Tibet flash flooding. #Nepal #Tibet #BBCNews,UgxcxVu_cHnUipboAXx4AaABAg.Aa1ADgKUhaRAa3D1uU0qld,@user hen prove your so called “real” all-loving all-seeing god who cares about everybody exists then since you’re so sure…🤔 and which version of god because Christians can’t even agree among themselves lol,islam,con,1,0.983343,0.75779,0.7577897826935144,"The power of water is absolutely terrifying. In just moments, nature can remind us how small and powerless we truly are. It’s a force beyond anything we can control. May God protect us all in these uncertain and crazy times. 🙏🌊😱",user_0012,1,2026-08-28,UgxcxVu_cHnUipboAXx4AaABAg,,"ctx4_gemma_en_topic_none (Gemma-2-9B, no context)","ctx4_gemma_en_root (Gemma-2-9B, root)"
Tracing the deadly path of the Nepal-Tibet flash flooding. #Nepal #Tibet #BBCNews,UgxcxVu_cHnUipboAXx4AaABAg.Aa1ADgKUhaRAa3D1uU0qld,@user hen prove your so called “real” all-loving all-seeing god who cares about everybody exists then since you’re so sure…🤔 and which version of god because Christians can’t even agree among themselves lol,christianity,con,1,0.997199,0.940788,0.940788356633444,"The power of water is absolutely terrifying. In just moments, nature can remind us how small and powerless we truly are. It’s a force beyond anything we can control. May God protect us all in these uncertain and crazy times. 🙏🌊😱",user_0012,1,2026-08-28,UgxcxVu_cHnUipboAXx4AaABAg,,"ctx4_gemma_en_topic_none (Gemma-2-9B, no context)","ctx4_gemma_en_root (Gemma-2-9B, root)"
Tracing the deadly path of the Nepal-Tibet flash flooding. #Nepal #Tibet #BBCNews,UgxcxVu_cHnUipboAXx4AaABAg.Aa1ADgKUhaRAa3D1uU0qld,@user hen prove your so called “real” all-loving all-seeing god who cares about everybody exists then since you’re so sure…🤔 and which version of god because Christians can’t even agree among themselves lol,hinduism,con,1,0.904651,0.963782,0.9637816895027226,"The power of water is absolutely terrifying. In just moments, nature can remind us how small and powerless we truly are. It’s a force beyond anything we can control. May God protect us all in these uncertain and crazy times. 🙏🌊😱",user_0012,1,2026-08-28,UgxcxVu_cHnUipboAXx4AaABAg,,"ctx4_gemma_en_topic_none (Gemma-2-9B, no context)","ctx4_gemma_en_root (Gemma-2-9B, root)"
Tracing the deadly path of the Nepal-Tibet flash flooding. #Nepal #Tibet #BBCNews,UgxcxVu_cHnUipboAXx4AaABAg.Aa1ADgKUhaRAa3D1uU0qld,@user hen prove your so called “real” all-loving all-seeing god who cares about everybody exists then since you’re so sure…🤔 and which version of god because Christians can’t even agree among themselves lol,existence of god,con,1,0.997155,0.977715,0.9777149039103258,"The power of water is absolutely terrifying. In just moments, nature can remind us how small and powerless we truly are. It’s a force beyond anything we can control. May God protect us all in these uncertain and crazy times. 🙏🌊😱",user_0012,1,2026-08-28,UgxcxVu_cHnUipboAXx4AaABAg,,"ctx4_gemma_en_topic_none (Gemma-2-9B, no context)","ctx4_gemma_en_root (Gemma-2-9B, root)"
Tracing the deadly path of the Nepal-Tibet flash flooding. #Nepal #Tibet #BBCNews,UgxcxVu_cHnUipboAXx4AaABAg.Aa1ADgKUhaRAa4Ga_db8sb,@user God does protect. He is real and active. Many of us have chosen to edit Him out of our lives.,hinduism,con,1,0.955985,0.930461,0.930461490709054,"The power of water is absolutely terrifying. In just moments, nature can remind us how small and powerless we truly are. It’s a force beyond anything we can control. May God protect us all in these uncertain and crazy times. 🙏🌊😱",user_0014,5,2026-08-29,UgxcxVu_cHnUipboAXx4AaABAg,,"ctx4_gemma_en_topic_none (Gemma-2-9B, no context)","ctx4_gemma_en_root (Gemma-2-9B, root)"
Tracing the deadly path of the Nepal-Tibet flash flooding. #Nepal #Tibet #BBCNews,UgxcxVu_cHnUipboAXx4AaABAg.Aa1ADgKUhaRAa4Ga_db8sb,@user God does protect. He is real and active. Many of us have chosen to edit Him out of our lives.,existence of god,pro,1,0.999596,0.953274,0.9532739278178672,"The power of water is absolutely terrifying. In just moments, nature can remind us how small and powerless we truly are. It’s a force beyond anything we can control. May God protect us all in these uncertain and crazy times. 🙏🌊😱",user_0014,5,2026-08-29,UgxcxVu_cHnUipboAXx4AaABAg,,"ctx4_gemma_en_topic_none (Gemma-2-9B, no context)","ctx4_gemma_en_root (Gemma-2-9B, root)"
Tracing the deadly path of the Nepal-Tibet flash flooding. #Nepal #Tibet #BBCNews,UgxcxVu_cHnUipboAXx4AaABAg.Aa1ADgKUhaRAa5i55q-LRm,Mankind have misused their God-given dominion...,india,pro,1,0.757808,0.743168,0.7431680086124811,"The power of water is absolutely terrifying. In just moments, nature can remind us how small and powerless we truly are. It’s a force beyond anything we can control. May God protect us all in these uncertain and crazy times. 🙏🌊😱",user_0015,0,2026-08-29,UgxcxVu_cHnUipboAXx4AaABAg,,"ctx4_gemma_en_topic_none (Gemma-2-9B, no context)","ctx4_gemma_en_root (Gemma-2-9B, root)"
Tracing the deadly path of the Nepal-Tibet flash flooding. #Nepal #Tibet #BBCNews,UgxcxVu_cHnUipboAXx4AaABAg.Aa1ADgKUhaRAa5i55q-LRm,Mankind have misused their God-given dominion...,hinduism,pro,1,0.859664,0.923041,0.9230409402318284,"The power of water is absolutely terrifying. In just moments, nature can remind us how small and powerless we truly are. It’s a force beyond anything we can control. May God protect us all in these uncertain and crazy times. 🙏🌊😱",user_0015,0,2026-08-29,UgxcxVu_cHnUipboAXx4AaABAg,,"ctx4_gemma_en_topic_none (Gemma-2-9B, no context)","ctx4_gemma_en_root (Gemma-2-9B, root)"
Tracing the deadly path of the Nepal-Tibet flash flooding. #Nepal #Tibet #BBCNews,UgxcxVu_cHnUipboAXx4AaABAg.Aa1ADgKUhaRAa5i55q-LRm,Mankind have misused their God-given dominion...,climate change,con,1,0.845939,0.893309,0.8933094060543487,"The power of water is absolutely terrifying. In just moments, nature can remind us how small and powerless we truly are. It’s a force beyond anything we can control. May God protect us all in these uncertain and crazy times. 🙏🌊😱",user_0015,0,2026-08-29,UgxcxVu_cHnUipboAXx4AaABAg,,"ctx4_gemma_en_topic_none (Gemma-2-9B, no context)","ctx4_gemma_en_root (Gemma-2-9B, root)"
Tracing the deadly path of the Nepal-Tibet flash flooding. #Nepal #Tibet #BBCNews,UgxcxVu_cHnUipboAXx4AaABAg.Aa1ADgKUhaRAa5i55q-LRm,Mankind have misused their God-given dominion...,existence of god,pro,1,0.975948,0.932453,0.9324533088603708,"The power of water is absolutely terrifying. In just moments, nature can remind us how small and powerless we truly are. It’s a force beyond anything we can control. May God protect us all in these uncertain and crazy times. 🙏🌊😱",user_0015,0,2026-08-29,UgxcxVu_cHnUipboAXx4AaABAg,,"ctx4_gemma_en_topic_none (Gemma-2-9B, no context)","ctx4_gemma_en_root (Gemma-2-9B, root)"
Tracing the deadly path of the Nepal-Tibet flash flooding. #Nepal #Tibet #BBCNews,UgxcxVu_cHnUipboAXx4AaABAg.Aa1ADgKUhaRAa6YjmncIdG,@user  God protects and saves us,hinduism,pro,1,0.640653,0.859664,0.8596637505099167,"The power of water is absolutely terrifying. In just moments, nature can remind us how small and powerless we truly are. It’s a force beyond anything we can control. May God protect us all in these uncertain and crazy times. 🙏🌊😱",user_0016,2,2026-08-29,UgxcxVu_cHnUipboAXx4AaABAg,,"ctx4_gemma_en_topic_none (Gemma-2-9B, no context)","ctx4_gemma_en_root (Gemma-2-9B, root)"
Tracing the deadly path of the Nepal-Tibet flash flooding. #Nepal #Tibet #BBCNews,UgxcxVu_cHnUipboAXx4AaABAg.Aa1ADgKUhaRAa6YjmncIdG,@user  God protects and saves us,existence of god,pro,1,0.99943,0.907308,0.9073080164372724,"The power of water is absolutely terrifying. In just moments, nature can remind us how small and powerless we truly are. It’s a force beyond anything we can control. May God protect us all in these uncertain and crazy times. 🙏🌊😱",user_0016,2,2026-08-29,UgxcxVu_cHnUipboAXx4AaABAg,,"ctx4_gemma_en_topic_none (Gemma-2-9B, no context)","ctx4_gemma_en_root (Gemma-2-9B, root)"
Tracing the deadly path of the Nepal-Tibet flash flooding. #Nepal #Tibet #BBCNews,UgxcxVu_cHnUipboAXx4AaABAg.Aa1ADgKUhaRAa6lvn_FIAM,@user why do bad things happen to good Christians? A god cannot be all loving and all powerful.,christianity,con,1,0.995095,0.805636,0.8056361036754702,@user who ever said he was meant to ? Logical fallacy,user_0017,0,2026-08-30,UgxcxVu_cHnUipboAXx4AaABAg,,"ctx4_gemma_en_topic_none (Gemma-2-9B, no context)","ctx4_gemma_en_root (Gemma-2-9B, root)"
Tracing the deadly path of the Nepal-Tibet flash flooding. #Nepal #Tibet #BBCNews,UgxcxVu_cHnUipboAXx4AaABAg.Aa1ADgKUhaRAa6lvn_FIAM,@user why do bad things happen to good Christians? A god cannot be all loving and all powerful.,hinduism,con,1,0.977023,0.887205,0.8872045937171068,@user who ever said he was meant to ? Logical fallacy,user_0017,0,2026-08-30,UgxcxVu_cHnUipboAXx4AaABAg,,"ctx4_gemma_en_topic_none (Gemma-2-9B, no context)","ctx4_gemma_en_root (Gemma-2-9B, root)"
Tracing the deadly path of the Nepal-Tibet flash flooding. #Nepal #Tibet #BBCNews,UgxcxVu_cHnUipboAXx4AaABAg.Aa1ADgKUhaRAa6lvn_FIAM,@user why do bad things happen to good Christians? A god cannot be all loving and all powerful.,existence of god,con,1,0.996778,0.921925,0.9219254338773868,@user who ever said he was meant to ? Logical fallacy,user_0017,0,2026-08-30,UgxcxVu_cHnUipboAXx4AaABAg,,"ctx4_gemma_en_topic_none (Gemma-2-9B, no context)","ctx4_gemma_en_root (Gemma-2-9B, root)"
Tracing the deadly path of the Nepal-Tibet flash flooding. #Nepal #Tibet #BBCNews,UgxcxVu_cHnUipboAXx4AaABAg.Aa1ADgKUhaRAa7DEWQQ4Un,"Not just the water, but the debris carried by the water.",climate change,con,1,0.705785,0.679179,0.679178699175393,"The power of water is absolutely terrifying. In just moments, nature can remind us how small and powerless we truly are. It’s a force beyond anything we can control. May God protect us all in these uncertain and crazy times. 🙏🌊😱",user_0018,0,2026-08-30,UgxcxVu_cHnUipboAXx4AaABAg,,"ctx4_gemma_en_topic_none (Gemma-2-9B, no context)","ctx4_gemma_en_root (Gemma-2-9B, root)"
Tracing the deadly path of the Nepal-Tibet flash flooding. #Nepal #Tibet #BBCNews,UgxcxVu_cHnUipboAXx4AaABAg.Aa1ADgKUhaRAa7l_KBIBYy,"@user shut up you mug.
I am still waiting on Santa bringing me my Mr Frosty from 1993
There is more chance than me getting my wish than ""$God",hinduism,con,1,0.993511,0.85391,0.8539096342800285,"The power of water is absolutely terrifying. In just moments, nature can remind us how small and powerless we truly are. It’s a force beyond anything we can control. May God protect us all in these uncertain and crazy times. 🙏🌊😱",user_0007,0,2026-08-30,UgxcxVu_cHnUipboAXx4AaABAg,,"ctx4_gemma_en_topic_none (Gemma-2-9B, no context)","ctx4_gemma_en_root (Gemma-2-9B, root)"
Tracing the deadly path of the Nepal-Tibet flash flooding. #Nepal #Tibet #BBCNews,UgxcxVu_cHnUipboAXx4AaABAg.Aa1ADgKUhaRAa7l_KBIBYy,"@user shut up you mug.
I am still waiting on Santa bringing me my Mr Frosty from 1993
There is more chance than me getting my wish than ""$God",existence of god,con,1,0.998043,0.944181,0.944180811752554,"The power of water is absolutely terrifying. In just moments, nature can remind us how small and powerless we truly are. It’s a force beyond anything we can control. May God protect us all in these uncertain and crazy times. 🙏🌊😱",user_0007,0,2026-08-30,UgxcxVu_cHnUipboAXx4AaABAg,,"ctx4_gemma_en_topic_none (Gemma-2-9B, no context)","ctx4_gemma_en_root (Gemma-2-9B, root)"
Tracing the deadly path of the Nepal-Tibet flash flooding. #Nepal #Tibet #BBCNews,UgxcxVu_cHnUipboAXx4AaABAg.Aa1ADgKUhaRAa7ljR9Px7_,@user God warned us and we didn't listen,hinduism,con,1,0.80562,0.824466,0.8244655444586806,"The power of water is absolutely terrifying. In just moments, nature can remind us how small and powerless we truly are. It’s a force beyond anything we can control. May God protect us all in these uncertain and crazy times. 🙏🌊😱",user_0019,1,2026-08-30,UgxcxVu_cHnUipboAXx4AaABAg,,"ctx4_gemma_en_topic_none (Gemma-2-9B, no context)","ctx4_gemma_en_root (Gemma-2-9B, root)"
Tracing the deadly path of the Nepal-Tibet flash flooding. #Nepal #Tibet #BBCNews,UgxcxVu_cHnUipboAXx4AaABAg.Aa1ADgKUhaRAa7ljR9Px7_,@user God warned us and we didn't listen,climate change,con,1,0.995736,0.692642,0.6926419831347361,"The power of water is absolutely terrifying. In just moments, nature can remind us how small and powerless we truly are. It’s a force beyond anything we can control. May God protect us all in these uncertain and crazy times. 🙏🌊😱",user_0019,1,2026-08-30,UgxcxVu_cHnUipboAXx4AaABAg,,"ctx4_gemma_en_topic_none (Gemma-2-9B, no context)","ctx4_gemma_en_root (Gemma-2-9B, root)"
Tracing the deadly path of the Nepal-Tibet flash flooding. #Nepal #Tibet #BBCNews,UgxcxVu_cHnUipboAXx4AaABAg.Aa1ADgKUhaRAa7ljR9Px7_,@user God warned us and we didn't listen,existence of god,pro,1,0.998695,0.87235,0.872350158588109,"The power of water is absolutely terrifying. In just moments, nature can remind us how small and powerless we truly are. It’s a force beyond anything we can control. May God protect us all in these uncertain and crazy times. 🙏🌊😱",user_0019,1,2026-08-30,UgxcxVu_cHnUipboAXx4AaABAg,,"ctx4_gemma_en_topic_none (Gemma-2-9B, no context)","ctx4_gemma_en_root (Gemma-2-9B, root)"
Tracing the deadly path of the Nepal-Tibet flash flooding. #Nepal #Tibet #BBCNews,UgxcxVu_cHnUipboAXx4AaABAg.Aa1ADgKUhaRAa7mJfyrgnE,@user God literally warned us in the book of revelation that these things will happen. And what did you people do? You ignored the warning,india,con,1,0.996406,0.689311,0.6893109708446935,"The power of water is absolutely terrifying. In just moments, nature can remind us how small and powerless we truly are. It’s a force beyond anything we can control. May God protect us all in these uncertain and crazy times. 🙏🌊😱",user_0019,0,2026-08-30,UgxcxVu_cHnUipboAXx4AaABAg,,"ctx4_gemma_en_topic_none (Gemma-2-9B, no context)","ctx4_gemma_en_root (Gemma-2-9B, root)"
Tracing the deadly path of the Nepal-Tibet flash flooding. #Nepal #Tibet #BBCNews,UgxcxVu_cHnUipboAXx4AaABAg.Aa1ADgKUhaRAa7mJfyrgnE,@user God literally warned us in the book of revelation that these things will happen. And what did you people do? You ignored the warning,hinduism,con,1,0.997065,0.7773,0.7772998611746911,"The power of water is absolutely terrifying. In just moments, nature can remind us how small and powerless we truly are. It’s a force beyond anything we can control. May God protect us all in these uncertain and crazy times. 🙏🌊😱",user_0019,0,2026-08-30,UgxcxVu_cHnUipboAXx4AaABAg,,"ctx4_gemma_en_topic_none (Gemma-2-9B, no context)","ctx4_gemma_en_root (Gemma-2-9B, root)"
Tracing the deadly path of the Nepal-Tibet flash flooding. #Nepal #Tibet #BBCNews,UgxcxVu_cHnUipboAXx4AaABAg.Aa1ADgKUhaRAa7mJfyrgnE,@user God literally warned us in the book of revelation that these things will happen. And what did you people do? You ignored the warning,climate change,con,1,0.981453,0.837617,0.8376165629855797,"The power of water is absolutely terrifying. In just moments, nature can remind us how small and powerless we truly are. It’s a force beyond anything we can control. May God protect us all in these uncertain and crazy times. 🙏🌊😱",user_0019,0,2026-08-30,UgxcxVu_cHnUipboAXx4AaABAg,,"ctx4_gemma_en_topic_none (Gemma-2-9B, no context)","ctx4_gemma_en_root (Gemma-2-9B, root)"
Tracing the deadly path of the Nepal-Tibet flash flooding. #Nepal #Tibet #BBCNews,UgxcxVu_cHnUipboAXx4AaABAg.Aa1ADgKUhaRAa7mJfyrgnE,@user God literally warned us in the book of revelation that these things will happen. And what did you people do? You ignored the warning,existence of god,pro,1,0.999412,0.882425,0.8824252727065192,"The power of water is absolutely terrifying. In just moments, nature can remind us how small and powerless we truly are. It’s a force beyond anything we can control. May God protect us all in these uncertain and crazy times. 🙏🌊😱",user_0019,0,2026-08-30,UgxcxVu_cHnUipboAXx4AaABAg,,"ctx4_gemma_en_topic_none (Gemma-2-9B, no context)","ctx4_gemma_en_root (Gemma-2-9B, root)"
Tracing the deadly path of the Nepal-Tibet flash flooding. #Nepal #Tibet #BBCNews,UgxcxVu_cHnUipboAXx4AaABAg.Aa1ADgKUhaRAa7mRlL7V1N,"@user
God warned you, don't cry now",hinduism,con,1,0.737148,0.760642,0.7606415494967895,"The power of water is absolutely terrifying. In just moments, nature can remind us how small and powerless we truly are. It’s a force beyond anything we can control. May God protect us all in these uncertain and crazy times. 🙏🌊😱",user_0019,0,2026-08-30,UgxcxVu_cHnUipboAXx4AaABAg,,"ctx4_gemma_en_topic_none (Gemma-2-9B, no context)","ctx4_gemma_en_root (Gemma-2-9B, root)"
Tracing the deadly path of the Nepal-Tibet flash flooding. #Nepal #Tibet #BBCNews,UgxcxVu_cHnUipboAXx4AaABAg.Aa1ADgKUhaRAa7mRlL7V1N,"@user
God warned you, don't cry now",existence of god,pro,1,0.996777,0.843895,0.8438951025545426,"The power of water is absolutely terrifying. In just moments, nature can remind us how small and powerless we truly are. It’s a force beyond anything we can control. May God protect us all in these uncertain and crazy times. 🙏🌊😱",user_0019,0,2026-08-30,UgxcxVu_cHnUipboAXx4AaABAg,,"ctx4_gemma_en_topic_none (Gemma-2-9B, no context)","ctx4_gemma_en_root (Gemma-2-9B, root)"
Tracing the deadly path of the Nepal-Tibet flash flooding. #Nepal #Tibet #BBCNews,UgxcxVu_cHnUipboAXx4AaABAg.Aa1ADgKUhaRAa7mUCv9YOE,God literally warned you people and y'all ignored him@user,india,con,1,0.997917,0.771835,0.7718346926637605,"The power of water is absolutely terrifying. In just moments, nature can remind us how small and powerless we truly are. It’s a force beyond anything we can control. May God protect us all in these uncertain and crazy times. 🙏🌊😱",user_0019,0,2026-08-30,UgxcxVu_cHnUipboAXx4AaABAg,,"ctx4_gemma_en_topic_none (Gemma-2-9B, no context)","ctx4_gemma_en_root (Gemma-2-9B, root)"
Tracing the deadly path of the Nepal-Tibet flash flooding. #Nepal #Tibet #BBCNews,UgxcxVu_cHnUipboAXx4AaABAg.Aa1ADgKUhaRAa7mUCv9YOE,God literally warned you people and y'all ignored him@user,hinduism,con,1,0.997677,0.800688,0.8006880124579663,"The power of water is absolutely terrifying. In just moments, nature can remind us how small and powerless we truly are. It’s a force beyond anything we can control. May God protect us all in these uncertain and crazy times. 🙏🌊😱",user_0019,0,2026-08-30,UgxcxVu_cHnUipboAXx4AaABAg,,"ctx4_gemma_en_topic_none (Gemma-2-9B, no context)","ctx4_gemma_en_root (Gemma-2-9B, root)"
Tracing the deadly path of the Nepal-Tibet flash flooding. #Nepal #Tibet #BBCNews,UgxcxVu_cHnUipboAXx4AaABAg.Aa1ADgKUhaRAa7mUCv9YOE,God literally warned you people and y'all ignored him@user,climate change,con,1,0.994615,0.603938,0.6039378136647691,"The power of water is absolutely terrifying. In just moments, nature can remind us how small and powerless we truly are. It’s a force beyond anything we can control. May God protect us all in these uncertain and crazy times. 🙏🌊😱",user_0019,0,2026-08-30,UgxcxVu_cHnUipboAXx4AaABAg,,"ctx4_gemma_en_topic_none (Gemma-2-9B, no context)","ctx4_gemma_en_root (Gemma-2-9B, root)"
Tracing the deadly path of the Nepal-Tibet flash flooding. #Nepal #Tibet #BBCNews,UgxcxVu_cHnUipboAXx4AaABAg.Aa1ADgKUhaRAa7mUCv9YOE,God literally warned you people and y'all ignored him@user,existence of god,pro,1,0.99917,0.87235,0.872350158588109,"The power of water is absolutely terrifying. In just moments, nature can remind us how small and powerless we truly are. It’s a force beyond anything we can control. May God protect us all in these uncertain and crazy times. 🙏🌊😱",user_0019,0,2026-08-30,UgxcxVu_cHnUipboAXx4AaABAg,,"ctx4_gemma_en_topic_none (Gemma-2-9B, no context)","ctx4_gemma_en_root (Gemma-2-9B, root)"
Tracing the deadly path of the Nepal-Tibet flash flooding. #Nepal #Tibet #BBCNews,UgxcxVu_cHnUipboAXx4AaABAg.Aa1ADgKUhaRAa7mWoNPdm_,"@user God warned you people in the book of revelations and y'all ignored him, repent.",united states,con,1,0.998272,0.769076,0.7690757971452105,"The power of water is absolutely terrifying. In just moments, nature can remind us how small and powerless we truly are. It’s a force beyond anything we can control. May God protect us all in these uncertain and crazy times. 🙏🌊😱",user_0019,0,2026-08-30,UgxcxVu_cHnUipboAXx4AaABAg,,"ctx4_gemma_en_topic_none (Gemma-2-9B, no context)","ctx4_gemma_en_root (Gemma-2-9B, root)"
Tracing the deadly path of the Nepal-Tibet flash flooding. #Nepal #Tibet #BBCNews,UgxcxVu_cHnUipboAXx4AaABAg.Aa1ADgKUhaRAa7mWoNPdm_,"@user God warned you people in the book of revelations and y'all ignored him, repent.",india,con,1,0.997449,0.828935,0.8289352633107538,"The power of water is absolutely terrifying. In just moments, nature can remind us how small and powerless we truly are. It’s a force beyond anything we can control. May God protect us all in these uncertain and crazy times. 🙏🌊😱",user_0019,0,2026-08-30,UgxcxVu_cHnUipboAXx4AaABAg,,"ctx4_gemma_en_topic_none (Gemma-2-9B, no context)","ctx4_gemma_en_root (Gemma-2-9B, root)"
Tracing the deadly path of the Nepal-Tibet flash flooding. #Nepal #Tibet #BBCNews,UgxcxVu_cHnUipboAXx4AaABAg.Aa1ADgKUhaRAa7mWoNPdm_,"@user God warned you people in the book of revelations and y'all ignored him, repent.",christianity,pro,1,0.999089,0.5039,0.5038999209099245,"The power of water is absolutely terrifying. In just moments, nature can remind us how small and powerless we truly are. It’s a force beyond anything we can control. May God protect us all in these uncertain and crazy times. 🙏🌊😱",user_0019,0,2026-08-30,UgxcxVu_cHnUipboAXx4AaABAg,,"ctx4_gemma_en_topic_none (Gemma-2-9B, no context)","ctx4_gemma_en_root (Gemma-2-9B, root)"
Tracing the deadly path of the Nepal-Tibet flash flooding. #Nepal #Tibet #BBCNews,UgxcxVu_cHnUipboAXx4AaABAg.Aa1ADgKUhaRAa7mWoNPdm_,"@user God warned you people in the book of revelations and y'all ignored him, repent.",hinduism,con,1,0.998475,0.839727,0.839727238516374,"The power of water is absolutely terrifying. In just moments, nature can remind us how small and powerless we truly are. It’s a force beyond anything we can control. May God protect us all in these uncertain and crazy times. 🙏🌊😱",user_0019,0,2026-08-30,UgxcxVu_cHnUipboAXx4AaABAg,,"ctx4_gemma_en_topic_none (Gemma-2-9B, no context)","ctx4_gemma_en_root (Gemma-2-9B, root)"
Tracing the deadly path of the Nepal-Tibet flash flooding. #Nepal #Tibet #BBCNews,UgxcxVu_cHnUipboAXx4AaABAg.Aa1ADgKUhaRAa7mWoNPdm_,"@user God warned you people in the book of revelations and y'all ignored him, repent.",climate change,con,1,0.988842,0.603938,0.6039378136647691,"The power of water is absolutely terrifying. In just moments, nature can remind us how small and powerless we truly are. It’s a force beyond anything we can control. May God protect us all in these uncertain and crazy times. 🙏🌊😱",user_0019,0,2026-08-30,UgxcxVu_cHnUipboAXx4AaABAg,,"ctx4_gemma_en_topic_none (Gemma-2-9B, no context)","ctx4_gemma_en_root (Gemma-2-9B, root)"
Tracing the deadly path of the Nepal-Tibet flash flooding. #Nepal #Tibet #BBCNews,UgxcxVu_cHnUipboAXx4AaABAg.Aa1ADgKUhaRAa7mWoNPdm_,"@user God warned you people in the book of revelations and y'all ignored him, repent.",existence of god,pro,1,0.999626,0.901916,0.9019162534521656,"The power of water is absolutely terrifying. In just moments, nature can remind us how small and powerless we truly are. It’s a force beyond anything we can control. May God protect us all in these uncertain and crazy times. 🙏🌊😱",user_0019,0,2026-08-30,UgxcxVu_cHnUipboAXx4AaABAg,,"ctx4_gemma_en_topic_none (Gemma-2-9B, no context)","ctx4_gemma_en_root (Gemma-2-9B, root)"
Tracing the deadly path of the Nepal-Tibet flash flooding. #Nepal #Tibet #BBCNews,UgxcxVu_cHnUipboAXx4AaABAg.Aa1ADgKUhaRAa7m_7xLFzL,"@user he warned us all friend, we cannot cry now because we ignored him",climate change,con,1,0.891813,0.798187,0.7981867777396212,"The power of water is absolutely terrifying. In just moments, nature can remind us how small and powerless we truly are. It’s a force beyond anything we can control. May God protect us all in these uncertain and crazy times. 🙏🌊😱",user_0019,0,2026-08-30,UgxcxVu_cHnUipboAXx4AaABAg,,"ctx4_gemma_en_topic_none (Gemma-2-9B, no context)","ctx4_gemma_en_root (Gemma-2-9B, root)"
Tracing the deadly path of the Nepal-Tibet flash flooding. #Nepal #Tibet #BBCNews,UgxcxVu_cHnUipboAXx4AaABAg.Aa1ADgKUhaRAa7o5cOsDp9,@user ❄️☃️⛄️🏂🎿🍧🌨️🪏⛷️🫛🗻,climate change,con,1,0.880797,0.926307,0.9263071434776752,@user God warned us and we didn't listen,user_0010,0,2026-08-30,UgxcxVu_cHnUipboAXx4AaABAg,,"ctx4_gemma_en_topic_none (Gemma-2-9B, no context)","ctx4_gemma_en_root (Gemma-2-9B, root)"
Tracing the deadly path of the Nepal-Tibet flash flooding. #Nepal #Tibet #BBCNews,UgxcxVu_cHnUipboAXx4AaABAg.Aa1ADgKUhaRAa8wl2skXJl,"@user a warning but praying saves you? That’s punishment for disobeying, friend. Punishment for complying as well, those families that pray over their dying children that still die, those families praying over their children that live that thank prayer and god for survival. thats not ‘gods plan’ bc if it was a plan praying wouldn’t change it.",hinduism,con,1,0.988841,0.585089,0.585089016261908,@user God warned us and we didn't listen,user_0017,1,2026-08-30,UgxcxVu_cHnUipboAXx4AaABAg,,"ctx4_gemma_en_topic_none (Gemma-2-9B, no context)","ctx4_gemma_en_root (Gemma-2-9B, root)"
Tracing the deadly path of the Nepal-Tibet flash flooding. #Nepal #Tibet #BBCNews,UgxcxVu_cHnUipboAXx4AaABAg.Aa1ADgKUhaRAa8wl2skXJl,"@user a warning but praying saves you? That’s punishment for disobeying, friend. Punishment for complying as well, those families that pray over their dying children that still die, those families praying over their children that live that thank prayer and god for survival. thats not ‘gods plan’ bc if it was a plan praying wouldn’t change it.",existence of god,con,1,0.996623,0.882425,0.8824252727065192,@user God warned us and we didn't listen,user_0017,1,2026-08-30,UgxcxVu_cHnUipboAXx4AaABAg,,"ctx4_gemma_en_topic_none (Gemma-2-9B, no context)","ctx4_gemma_en_root (Gemma-2-9B, root)"
Tracing the deadly path of the Nepal-Tibet flash flooding. #Nepal #Tibet #BBCNews,UgxcxVu_cHnUipboAXx4AaABAg.Aa1ADgKUhaRAa9lxpvjfYM,@user if you completely give your life to Christ prayer does save. These people give their life unknowingly and knowingly to satan,christianity,pro,1,0.999131,0.888766,0.8887662082712978,"The power of water is absolutely terrifying. In just moments, nature can remind us how small and powerless we truly are. It’s a force beyond anything we can control. May God protect us all in these uncertain and crazy times. 🙏🌊😱",user_0019,0,2026-08-31,UgxcxVu_cHnUipboAXx4AaABAg,,"ctx4_gemma_en_topic_none (Gemma-2-9B, no context)","ctx4_gemma_en_root (Gemma-2-9B, root)"
Tracing the deadly path of the Nepal-Tibet flash flooding. #Nepal #Tibet #BBCNews,UgxcxVu_cHnUipboAXx4AaABAg.Aa1ADgKUhaRAa9lxpvjfYM,@user if you completely give your life to Christ prayer does save. These people give their life unknowingly and knowingly to satan,hinduism,con,1,0.998716,0.622459,0.6224593312018546,"The power of water is absolutely terrifying. In just moments, nature can remind us how small and powerless we truly are. It’s a force beyond anything we can control. May God protect us all in these uncertain and crazy times. 🙏🌊😱",user_0019,0,2026-08-31,UgxcxVu_cHnUipboAXx4AaABAg,,"ctx4_gemma_en_topic_none (Gemma-2-9B, no context)","ctx4_gemma_en_root (Gemma-2-9B, root)"
Tracing the deadly path of the Nepal-Tibet flash flooding. #Nepal #Tibet #BBCNews,UgxcxVu_cHnUipboAXx4AaABAg.Aa1ADgKUhaRAa9lxpvjfYM,@user if you completely give your life to Christ prayer does save. These people give their life unknowingly and knowingly to satan,existence of god,pro,1,0.999075,0.905988,0.905987691055172,"The power of water is absolutely terrifying. In just moments, nature can remind us how small and powerless we truly are. It’s a force beyond anything we can control. May God protect us all in these uncertain and crazy times. 🙏🌊😱",user_0019,0,2026-08-31,UgxcxVu_cHnUipboAXx4AaABAg,,"ctx4_gemma_en_topic_none (Gemma-2-9B, no context)","ctx4_gemma_en_root (Gemma-2-9B, root)"
Tracing the deadly path of the Nepal-Tibet flash flooding. #Nepal #Tibet #BBCNews,UgxcxVu_cHnUipboAXx4AaABAg.Aa1ADgKUhaRAaA46j03i2v,"@user Again, prove this specific god out of the millions that humans in other civilisations believe is real exists in the first place. That book was made by humans, no supernatural being being wrote it and if you have evidence an actual god guided them to write it and not their own vivid imagination then I'd believe you.",india,pro,1,0.887205,0.888756,0.8887563218034226,@user God warned us and we didn't listen,user_0012,0,2026-08-31,UgxcxVu_cHnUipboAXx4AaABAg,,"ctx4_gemma_en_topic_none (Gemma-2-9B, no context)","ctx4_gemma_en_root (Gemma-2-9B, root)"
Tracing the deadly path of the Nepal-Tibet flash flooding. #Nepal #Tibet #BBCNews,UgxcxVu_cHnUipboAXx4AaABAg.Aa1ADgKUhaRAaA46j03i2v,"@user Again, prove this specific god out of the millions that humans in other civilisations believe is real exists in the first place. That book was made by humans, no supernatural being being wrote it and if you have evidence an actual god guided them to write it and not their own vivid imagination then I'd believe you.",islam,con,1,0.997327,0.72488,0.7248802477326522,@user God warned us and we didn't listen,user_0012,0,2026-08-31,UgxcxVu_cHnUipboAXx4AaABAg,,"ctx4_gemma_en_topic_none (Gemma-2-9B, no context)","ctx4_gemma_en_root (Gemma-2-9B, root)"
Tracing the deadly path of the Nepal-Tibet flash flooding. #Nepal #Tibet #BBCNews,UgxcxVu_cHnUipboAXx4AaABAg.Aa1ADgKUhaRAaA46j03i2v,"@user Again, prove this specific god out of the millions that humans in other civilisations believe is real exists in the first place. That book was made by humans, no supernatural being being wrote it and if you have evidence an actual god guided them to write it and not their own vivid imagination then I'd believe you.",hinduism,con,1,0.99486,0.971131,0.971131195782738,@user God warned us and we didn't listen,user_0012,0,2026-08-31,UgxcxVu_cHnUipboAXx4AaABAg,,"ctx4_gemma_en_topic_none (Gemma-2-9B, no context)","ctx4_gemma_en_root (Gemma-2-9B, root)"
Tracing the deadly path of the Nepal-Tibet flash flooding. #Nepal #Tibet #BBCNews,UgxcxVu_cHnUipboAXx4AaABAg.Aa1ADgKUhaRAaA46j03i2v,"@user Again, prove this specific god out of the millions that humans in other civilisations believe is real exists in the first place. That book was made by humans, no supernatural being being wrote it and if you have evidence an actual god guided them to write it and not their own vivid imagination then I'd believe you.",existence of god,con,1,0.996778,0.982822,0.982822024816606,@user God warned us and we didn't listen,user_0012,0,2026-08-31,UgxcxVu_cHnUipboAXx4AaABAg,,"ctx4_gemma_en_topic_none (Gemma-2-9B, no context)","ctx4_gemma_en_root (Gemma-2-9B, root)"
Tracing the deadly path of the Nepal-Tibet flash flooding. #Nepal #Tibet #BBCNews,UgxcxVu_cHnUipboAXx4AaABAg.Aa1ADgKUhaRAaA91HZe2We,"@user the book of revelations foretold that these things would happen in the end times. Look around you, these aren't the days to be ignorant and blind",hinduism,con,1,0.993902,0.596427,0.5964271287339108,"The power of water is absolutely terrifying. In just moments, nature can remind us how small and powerless we truly are. It’s a force beyond anything we can control. May God protect us all in these uncertain and crazy times. 🙏🌊😱",user_0019,1,2026-08-31,UgxcxVu_cHnUipboAXx4AaABAg,,"ctx4_gemma_en_topic_none (Gemma-2-9B, no context)","ctx4_gemma_en_root (Gemma-2-9B, root)"
Tracing the deadly path of the Nepal-Tibet flash flooding. #Nepal #Tibet #BBCNews,UgxcxVu_cHnUipboAXx4AaABAg.Aa1ADgKUhaRAaA91HZe2We,"@user the book of revelations foretold that these things would happen in the end times. Look around you, these aren't the days to be ignorant and blind",climate change,pro,1,0.83763,0.6151,0.6150996931872214,"The power of water is absolutely terrifying. In just moments, nature can remind us how small and powerless we truly are. It’s a force beyond anything we can control. May God protect us all in these uncertain and crazy times. 🙏🌊😱",user_0019,1,2026-08-31,UgxcxVu_cHnUipboAXx4AaABAg,,"ctx4_gemma_en_topic_none (Gemma-2-9B, no context)","ctx4_gemma_en_root (Gemma-2-9B, root)"
Tracing the deadly path of the Nepal-Tibet flash flooding. #Nepal #Tibet #BBCNews,UgxcxVu_cHnUipboAXx4AaABAg.Aa1ADgKUhaRAaA91HZe2We,"@user the book of revelations foretold that these things would happen in the end times. Look around you, these aren't the days to be ignorant and blind",existence of god,pro,1,0.997199,0.855857,0.855857315355567,"The power of water is absolutely terrifying. In just moments, nature can remind us how small and powerless we truly are. It’s a force beyond anything we can control. May God protect us all in these uncertain and crazy times. 🙏🌊😱",user_0019,1,2026-08-31,UgxcxVu_cHnUipboAXx4AaABAg,,"ctx4_gemma_en_topic_none (Gemma-2-9B, no context)","ctx4_gemma_en_root (Gemma-2-9B, root)"
Tracing the deadly path of the Nepal-Tibet flash flooding. #Nepal #Tibet #BBCNews,Ugw6Uv1zOMBs95oo3z14AaABAg,No wonder people start praying to imaginary entities when stuff like this happens. Scary.,india,con,1,0.970688,0.900528,0.9005275466982083,,user_0020,29,2026-08-27,Ugw6Uv1zOMBs95oo3z14AaABAg,,"ctx4_gemma_en_topic_none (Gemma-2-9B, no context)","ctx4_gemma_en_root (Gemma-2-9B, root)"
Tracing the deadly path of the Nepal-Tibet flash flooding. #Nepal #Tibet #BBCNews,Ugw6Uv1zOMBs95oo3z14AaABAg,No wonder people start praying to imaginary entities when stuff like this happens. Scary.,hinduism,con,1,0.991288,0.979668,0.9796676466573412,,user_0020,29,2026-08-27,Ugw6Uv1zOMBs95oo3z14AaABAg,,"ctx4_gemma_en_topic_none (Gemma-2-9B, no context)","ctx4_gemma_en_root (Gemma-2-9B, root)"
Tracing the deadly path of the Nepal-Tibet flash flooding. #Nepal #Tibet #BBCNews,Ugw6Uv1zOMBs95oo3z14AaABAg,No wonder people start praying to imaginary entities when stuff like this happens. Scary.,existence of god,con,1,0.992879,0.948157,0.9481569911708574,,user_0020,29,2026-08-27,Ugw6Uv1zOMBs95oo3z14AaABAg,,"ctx4_gemma_en_topic_none (Gemma-2-9B, no context)","ctx4_gemma_en_root (Gemma-2-9B, root)"
Tracing the deadly path of the Nepal-Tibet flash flooding. #Nepal #Tibet #BBCNews,Ugw6Uv1zOMBs95oo3z14AaABAg.Aa1CXg47aRPAa1Dol6SGpL,Seems we have a fragile planet.,climate change,pro,1,0.519515,0.981453,0.9814525253365002,No wonder people start praying to imaginary entities when stuff like this happens. Scary.,user_0021,6,2026-08-27,Ugw6Uv1zOMBs95oo3z14AaABAg,,"ctx4_gemma_en_topic_none (Gemma-2-9B, no context)","ctx4_gemma_en_root (Gemma-2-9B, root)"
Tracing the deadly path of the Nepal-Tibet flash flooding. #Nepal #Tibet #BBCNews,Ugw6Uv1zOMBs95oo3z14AaABAg.Aa1CXg47aRPAa1Ezce6e6E,Imaginary like the big bang 😂,india,con,1,0.795662,0.751999,0.751998586770736,No wonder people start praying to imaginary entities when stuff like this happens. Scary.,user_0022,0,2026-08-27,Ugw6Uv1zOMBs95oo3z14AaABAg,,"ctx4_gemma_en_topic_none (Gemma-2-9B, no context)","ctx4_gemma_en_root (Gemma-2-9B, root)"
Tracing the deadly path of the Nepal-Tibet flash flooding. #Nepal #Tibet #BBCNews,Ugw6Uv1zOMBs95oo3z14AaABAg.Aa1CXg47aRPAa1Ezce6e6E,Imaginary like the big bang 😂,hinduism,con,1,0.934392,0.970241,0.9702406279063184,No wonder people start praying to imaginary entities when stuff like this happens. Scary.,user_0022,0,2026-08-27,Ugw6Uv1zOMBs95oo3z14AaABAg,,"ctx4_gemma_en_topic_none (Gemma-2-9B, no context)","ctx4_gemma_en_root (Gemma-2-9B, root)"
Tracing the deadly path of the Nepal-Tibet flash flooding. #Nepal #Tibet #BBCNews,Ugw6Uv1zOMBs95oo3z14AaABAg.Aa1CXg47aRPAa1Ezce6e6E,Imaginary like the big bang 😂,existence of god,con,1,0.85391,0.948157,0.9481569911708574,No wonder people start praying to imaginary entities when stuff like this happens. Scary.,user_0022,0,2026-08-27,Ugw6Uv1zOMBs95oo3z14AaABAg,,"ctx4_gemma_en_topic_none (Gemma-2-9B, no context)","ctx4_gemma_en_root (Gemma-2-9B, root)"
Tracing the deadly path of the Nepal-Tibet flash flooding. #Nepal #Tibet #BBCNews,Ugw6Uv1zOMBs95oo3z14AaABAg.Aa1CXg47aRPAa1FD1gjcHh,"@user Nobody claims that to be fact, but we have overwhelming evidence to support it… believing in made up Gods is just utterly ridiculous.",india,con,1,0.855857,0.896247,0.8962467237990414,Imaginary like the big bang 😂,user_0023,7,2026-08-27,Ugw6Uv1zOMBs95oo3z14AaABAg,,"ctx4_gemma_en_topic_none (Gemma-2-9B, no context)","ctx4_gemma_en_root (Gemma-2-9B, root)"
Tracing the deadly path of the Nepal-Tibet flash flooding. #Nepal #Tibet #BBCNews,Ugw6Uv1zOMBs95oo3z14AaABAg.Aa1CXg47aRPAa1FD1gjcHh,"@user Nobody claims that to be fact, but we have overwhelming evidence to support it… believing in made up Gods is just utterly ridiculous.",islam,con,1,0.998774,0.803166,0.8031658919546224,Imaginary like the big bang 😂,user_0023,7,2026-08-27,Ugw6Uv1zOMBs95oo3z14AaABAg,,"ctx4_gemma_en_topic_none (Gemma-2-9B, no context)","ctx4_gemma_en_root (Gemma-2-9B, root)"
Tracing the deadly path of the Nepal-Tibet flash flooding. #Nepal #Tibet #BBCNews,Ugw6Uv1zOMBs95oo3z14AaABAg.Aa1CXg47aRPAa1FD1gjcHh,"@user Nobody claims that to be fact, but we have overwhelming evidence to support it… believing in made up Gods is just utterly ridiculous.",christianity,con,1,0.998999,0.581297,0.5812970058867594,Imaginary like the big bang 😂,user_0023,7,2026-08-27,Ugw6Uv1zOMBs95oo3z14AaABAg,,"ctx4_gemma_en_topic_none (Gemma-2-9B, no context)","ctx4_gemma_en_root (Gemma-2-9B, root)"
Tracing the deadly path of the Nepal-Tibet flash flooding. #Nepal #Tibet #BBCNews,Ugw6Uv1zOMBs95oo3z14AaABAg.Aa1CXg47aRPAa1FD1gjcHh,"@user Nobody claims that to be fact, but we have overwhelming evidence to support it… believing in made up Gods is just utterly ridiculous.",hinduism,con,1,0.998901,0.985718,0.9857184180196225,Imaginary like the big bang 😂,user_0023,7,2026-08-27,Ugw6Uv1zOMBs95oo3z14AaABAg,,"ctx4_gemma_en_topic_none (Gemma-2-9B, no context)","ctx4_gemma_en_root (Gemma-2-9B, root)"
Tracing the deadly path of the Nepal-Tibet flash flooding. #Nepal #Tibet #BBCNews,Ugw6Uv1zOMBs95oo3z14AaABAg.Aa1CXg47aRPAa1FD1gjcHh,"@user Nobody claims that to be fact, but we have overwhelming evidence to support it… believing in made up Gods is just utterly ridiculous.",existence of god,con,1,0.998736,0.983087,0.9830867495328424,Imaginary like the big bang 😂,user_0023,7,2026-08-27,Ugw6Uv1zOMBs95oo3z14AaABAg,,"ctx4_gemma_en_topic_none (Gemma-2-9B, no context)","ctx4_gemma_en_root (Gemma-2-9B, root)"
Tracing the deadly path of the Nepal-Tibet flash flooding. #Nepal #Tibet #BBCNews,Ugw6Uv1zOMBs95oo3z14AaABAg.Aa1CXg47aRPAa1FPetqmQD,@user why bother about big bangs. Finding a way to live together as humans is more important.,hinduism,pro,1,0.893309,0.946597,0.9465966702001756,No wonder people start praying to imaginary entities when stuff like this happens. Scary.,user_0021,0,2026-08-27,Ugw6Uv1zOMBs95oo3z14AaABAg,,"ctx4_gemma_en_topic_none (Gemma-2-9B, no context)","ctx4_gemma_en_root (Gemma-2-9B, root)"
Tracing the deadly path of the Nepal-Tibet flash flooding. #Nepal #Tibet #BBCNews,Ugw6Uv1zOMBs95oo3z14AaABAg.Aa1CXg47aRPAa1FPetqmQD,@user why bother about big bangs. Finding a way to live together as humans is more important.,existence of god,con,1,0.913678,0.905988,0.905987691055172,No wonder people start praying to imaginary entities when stuff like this happens. Scary.,user_0021,0,2026-08-27,Ugw6Uv1zOMBs95oo3z14AaABAg,,"ctx4_gemma_en_topic_none (Gemma-2-9B, no context)","ctx4_gemma_en_root (Gemma-2-9B, root)"
Tracing the deadly path of the Nepal-Tibet flash flooding. #Nepal #Tibet #BBCNews,Ugw6Uv1zOMBs95oo3z14AaABAg.Aa1CXg47aRPAa1GQg67ifX,Bet you're not more a Sprout than I'm Augusta. Isn't God and the Internet Fun!,india,con,1,0.682568,0.538971,0.5389707966480446,No wonder people start praying to imaginary entities when stuff like this happens. Scary.,user_0021,1,2026-08-27,Ugw6Uv1zOMBs95oo3z14AaABAg,,"ctx4_gemma_en_topic_none (Gemma-2-9B, no context)","ctx4_gemma_en_root (Gemma-2-9B, root)"
Tracing the deadly path of the Nepal-Tibet flash flooding. #Nepal #Tibet #BBCNews,Ugw6Uv1zOMBs95oo3z14AaABAg.Aa1CXg47aRPAa1GQg67ifX,Bet you're not more a Sprout than I'm Augusta. Isn't God and the Internet Fun!,hinduism,con,1,0.957279,0.855857,0.855857315355567,No wonder people start praying to imaginary entities when stuff like this happens. Scary.,user_0021,1,2026-08-27,Ugw6Uv1zOMBs95oo3z14AaABAg,,"ctx4_gemma_en_topic_none (Gemma-2-9B, no context)","ctx4_gemma_en_root (Gemma-2-9B, root)"
Tracing the deadly path of the Nepal-Tibet flash flooding. #Nepal #Tibet #BBCNews,Ugw6Uv1zOMBs95oo3z14AaABAg.Aa1CXg47aRPAa1GQg67ifX,Bet you're not more a Sprout than I'm Augusta. Isn't God and the Internet Fun!,existence of god,pro,1,0.957279,0.90862,0.9086199726969816,No wonder people start praying to imaginary entities when stuff like this happens. Scary.,user_0021,1,2026-08-27,Ugw6Uv1zOMBs95oo3z14AaABAg,,"ctx4_gemma_en_topic_none (Gemma-2-9B, no context)","ctx4_gemma_en_root (Gemma-2-9B, root)"
Tracing the deadly path of the Nepal-Tibet flash flooding. #Nepal #Tibet #BBCNews,Ugw6Uv1zOMBs95oo3z14AaABAg.Aa1CXg47aRPAa1H6mzsY2v,"Ironic though, because if he was real and cared, you wouldn't need to pray for the help.

Funny really, because I can help people I don't even know without them asking. 

Sky daddy needs a nudge.",hinduism,con,1,0.99254,0.668875,0.6688747233611899,No wonder people start praying to imaginary entities when stuff like this happens. Scary.,user_0003,9,2026-08-27,Ugw6Uv1zOMBs95oo3z14AaABAg,,"ctx4_gemma_en_topic_none (Gemma-2-9B, no context)","ctx4_gemma_en_root (Gemma-2-9B, root)"
Tracing the deadly path of the Nepal-Tibet flash flooding. #Nepal #Tibet #BBCNews,Ugw6Uv1zOMBs95oo3z14AaABAg.Aa1CXg47aRPAa1H6mzsY2v,"Ironic though, because if he was real and cared, you wouldn't need to pray for the help.

Funny really, because I can help people I don't even know without them asking. 

Sky daddy needs a nudge.",existence of god,con,1,0.997566,0.963782,0.9637816895027226,No wonder people start praying to imaginary entities when stuff like this happens. Scary.,user_0003,9,2026-08-27,Ugw6Uv1zOMBs95oo3z14AaABAg,,"ctx4_gemma_en_topic_none (Gemma-2-9B, no context)","ctx4_gemma_en_root (Gemma-2-9B, root)"
Tracing the deadly path of the Nepal-Tibet flash flooding. #Nepal #Tibet #BBCNews,Ugw6Uv1zOMBs95oo3z14AaABAg.Aa1CXg47aRPAa1HkNsJHrJ,"@user Religious people are an odd bunch.. only doing good in fear of punishment from a God who ""knows all"" so knew you were going to do the punishable offence in the first place is insane 😅😅",christianity,con,1,0.998774,0.743168,0.7431680086124811,Like he protected them. 🤨,user_0023,0,2026-08-27,Ugw6Uv1zOMBs95oo3z14AaABAg,,"ctx4_gemma_en_topic_none (Gemma-2-9B, no context)","ctx4_gemma_en_root (Gemma-2-9B, root)"
Tracing the deadly path of the Nepal-Tibet flash flooding. #Nepal #Tibet #BBCNews,Ugw6Uv1zOMBs95oo3z14AaABAg.Aa1CXg47aRPAa1HkNsJHrJ,"@user Religious people are an odd bunch.. only doing good in fear of punishment from a God who ""knows all"" so knew you were going to do the punishable offence in the first place is insane 😅😅",hinduism,con,1,0.998273,0.977713,0.9777127249591776,Like he protected them. 🤨,user_0023,0,2026-08-27,Ugw6Uv1zOMBs95oo3z14AaABAg,,"ctx4_gemma_en_topic_none (Gemma-2-9B, no context)","ctx4_gemma_en_root (Gemma-2-9B, root)"
Tracing the deadly path of the Nepal-Tibet flash flooding. #Nepal #Tibet #BBCNews,Ugw6Uv1zOMBs95oo3z14AaABAg.Aa1CXg47aRPAa1HkNsJHrJ,"@user Religious people are an odd bunch.. only doing good in fear of punishment from a God who ""knows all"" so knew you were going to do the punishable offence in the first place is insane 😅😅",existence of god,con,1,0.99859,0.975946,0.9759458602241036,Like he protected them. 🤨,user_0023,0,2026-08-27,Ugw6Uv1zOMBs95oo3z14AaABAg,,"ctx4_gemma_en_topic_none (Gemma-2-9B, no context)","ctx4_gemma_en_root (Gemma-2-9B, root)"
Tracing the deadly path of the Nepal-Tibet flash flooding. #Nepal #Tibet #BBCNews,Ugw6Uv1zOMBs95oo3z14AaABAg.Aa1CXg47aRPAa1K0oltcKR,"@user Logically, praying shows both disrespect and arrogance.  Since, the skywizard is supposed to be omniscient.",india,pro,1,0.603938,0.815236,0.8152362550342647,Like he protected them. 🤨,user_0024,2,2026-08-27,Ugw6Uv1zOMBs95oo3z14AaABAg,,"ctx4_gemma_en_topic_none (Gemma-2-9B, no context)","ctx4_gemma_en_root (Gemma-2-9B, root)"
Tracing the deadly path of the Nepal-Tibet flash flooding. #Nepal #Tibet #BBCNews,Ugw6Uv1zOMBs95oo3z14AaABAg.Aa1CXg47aRPAa1K0oltcKR,"@user Logically, praying shows both disrespect and arrogance.  Since, the skywizard is supposed to be omniscient.",islam,con,1,0.99593,0.596427,0.5964271287339108,Like he protected them. 🤨,user_0024,2,2026-08-27,Ugw6Uv1zOMBs95oo3z14AaABAg,,"ctx4_gemma_en_topic_none (Gemma-2-9B, no context)","ctx4_gemma_en_root (Gemma-2-9B, root)"
Tracing the deadly path of the Nepal-Tibet flash flooding. #Nepal #Tibet #BBCNews,Ugw6Uv1zOMBs95oo3z14AaABAg.Aa1CXg47aRPAa1K0oltcKR,"@user Logically, praying shows both disrespect and arrogance.  Since, the skywizard is supposed to be omniscient.",hinduism,con,1,0.994269,0.985718,0.9857184180196225,Like he protected them. 🤨,user_0024,2,2026-08-27,Ugw6Uv1zOMBs95oo3z14AaABAg,,"ctx4_gemma_en_topic_none (Gemma-2-9B, no context)","ctx4_gemma_en_root (Gemma-2-9B, root)"
Tracing the deadly path of the Nepal-Tibet flash flooding. #Nepal #Tibet #BBCNews,Ugw6Uv1zOMBs95oo3z14AaABAg.Aa1CXg47aRPAa1K0oltcKR,"@user Logically, praying shows both disrespect and arrogance.  Since, the skywizard is supposed to be omniscient.",existence of god,con,1,0.997368,0.967901,0.9679008467592152,Like he protected them. 🤨,user_0024,2,2026-08-27,Ugw6Uv1zOMBs95oo3z14AaABAg,,"ctx4_gemma_en_topic_none (Gemma-2-9B, no context)","ctx4_gemma_en_root (Gemma-2-9B, root)"
Tracing the deadly path of the Nepal-Tibet flash flooding. #Nepal #Tibet #BBCNews,Ugw6Uv1zOMBs95oo3z14AaABAg.Aa1CXg47aRPAa1M3lsHMdl,"It's almost like we're instinctively wired to do that. That itself is a proof of God's existence. And you'll notice every single one in danger calling out to God, not ""Gods, help me"" another proof that there is only One single entity, The Almighty God.",hinduism,con,1,0.996462,0.957912,0.9579122720843812,No wonder people start praying to imaginary entities when stuff like this happens. Scary.,user_0025,6,2026-08-27,Ugw6Uv1zOMBs95oo3z14AaABAg,,"ctx4_gemma_en_topic_none (Gemma-2-9B, no context)","ctx4_gemma_en_root (Gemma-2-9B, root)"
Tracing the deadly path of the Nepal-Tibet flash flooding. #Nepal #Tibet #BBCNews,Ugw6Uv1zOMBs95oo3z14AaABAg.Aa1CXg47aRPAa1M3lsHMdl,"It's almost like we're instinctively wired to do that. That itself is a proof of God's existence. And you'll notice every single one in danger calling out to God, not ""Gods, help me"" another proof that there is only One single entity, The Almighty God.",existence of god,pro,1,0.99962,0.987568,0.987568349146814,No wonder people start praying to imaginary entities when stuff like this happens. Scary.,user_0025,6,2026-08-27,Ugw6Uv1zOMBs95oo3z14AaABAg,,"ctx4_gemma_en_topic_none (Gemma-2-9B, no context)","ctx4_gemma_en_root (Gemma-2-9B, root)"
Tracing the deadly path of the Nepal-Tibet flash flooding. #Nepal #Tibet #BBCNews,Ugw6Uv1zOMBs95oo3z14AaABAg.Aa1CXg47aRPAa1NJDs2qNi,"@user I think people also call out for their mothers. As humans, we have a limited vocabulary for disasters.",hinduism,con,1,0.654912,0.658406,0.6584062552778368,No wonder people start praying to imaginary entities when stuff like this happens. Scary.,user_0021,2,2026-08-27,Ugw6Uv1zOMBs95oo3z14AaABAg,,"ctx4_gemma_en_topic_none (Gemma-2-9B, no context)","ctx4_gemma_en_root (Gemma-2-9B, root)"
Tracing the deadly path of the Nepal-Tibet flash flooding. #Nepal #Tibet #BBCNews,Ugw6Uv1zOMBs95oo3z14AaABAg.Aa1CXg47aRPAa1NJDs2qNi,"@user I think people also call out for their mothers. As humans, we have a limited vocabulary for disasters.",climate change,pro,1,0.851953,0.603938,0.6039378136647691,No wonder people start praying to imaginary entities when stuff like this happens. Scary.,user_0021,2,2026-08-27,Ugw6Uv1zOMBs95oo3z14AaABAg,,"ctx4_gemma_en_topic_none (Gemma-2-9B, no context)","ctx4_gemma_en_root (Gemma-2-9B, root)"
Tracing the deadly path of the Nepal-Tibet flash flooding. #Nepal #Tibet #BBCNews,Ugw6Uv1zOMBs95oo3z14AaABAg.Aa1CXg47aRPAa1cm9I7HuF,@user that’s not proof. Is proof that most of them died proof there’s no God(s)? No?,india,con,1,0.647781,0.558333,0.558333159275428,No wonder people start praying to imaginary entities when stuff like this happens. Scary.,user_0026,0,2026-08-28,Ugw6Uv1zOMBs95oo3z14AaABAg,,"ctx4_gemma_en_topic_none (Gemma-2-9B, no context)","ctx4_gemma_en_root (Gemma-2-9B, root)"
Tracing the deadly path of the Nepal-Tibet flash flooding. #Nepal #Tibet #BBCNews,Ugw6Uv1zOMBs95oo3z14AaABAg.Aa1CXg47aRPAa1cm9I7HuF,@user that’s not proof. Is proof that most of them died proof there’s no God(s)? No?,hinduism,con,1,0.879139,0.923034,0.9230338362950196,No wonder people start praying to imaginary entities when stuff like this happens. Scary.,user_0026,0,2026-08-28,Ugw6Uv1zOMBs95oo3z14AaABAg,,"ctx4_gemma_en_topic_none (Gemma-2-9B, no context)","ctx4_gemma_en_root (Gemma-2-9B, root)"
Tracing the deadly path of the Nepal-Tibet flash flooding. #Nepal #Tibet #BBCNews,Ugw6Uv1zOMBs95oo3z14AaABAg.Aa1CXg47aRPAa1cm9I7HuF,@user that’s not proof. Is proof that most of them died proof there’s no God(s)? No?,existence of god,pro,1,0.6151,0.968856,0.9688561694652216,No wonder people start praying to imaginary entities when stuff like this happens. Scary.,user_0026,0,2026-08-28,Ugw6Uv1zOMBs95oo3z14AaABAg,,"ctx4_gemma_en_topic_none (Gemma-2-9B, no context)","ctx4_gemma_en_root (Gemma-2-9B, root)"
Tracing the deadly path of the Nepal-Tibet flash flooding. #Nepal #Tibet #BBCNews,Ugw6Uv1zOMBs95oo3z14AaABAg.Aa1CXg47aRPAa1ukOhm9q4,"The One who made the heavens and the earth gave man the freedom to know and recognise  Him. All evidences of life around us are proof of a higher being - all things hidden will and have come to light. The Word of God is Christ Jesus and He holds true. God is Spirit and in Him, there is freedom",india,con,1,0.970241,0.779989,0.7799886101246816,No wonder people start praying to imaginary entities when stuff like this happens. Scary.,user_0027,1,2026-08-28,Ugw6Uv1zOMBs95oo3z14AaABAg,,"ctx4_gemma_en_topic_none (Gemma-2-9B, no context)","ctx4_gemma_en_root (Gemma-2-9B, root)"
Tracing the deadly path of the Nepal-Tibet flash flooding. #Nepal #Tibet #BBCNews,Ugw6Uv1zOMBs95oo3z14AaABAg.Aa1CXg47aRPAa1ukOhm9q4,"The One who made the heavens and the earth gave man the freedom to know and recognise  Him. All evidences of life around us are proof of a higher being - all things hidden will and have come to light. The Word of God is Christ Jesus and He holds true. God is Spirit and in Him, there is freedom",islam,con,1,0.995668,0.790526,0.7905261788362579,No wonder people start praying to imaginary entities when stuff like this happens. Scary.,user_0027,1,2026-08-28,Ugw6Uv1zOMBs95oo3z14AaABAg,,"ctx4_gemma_en_topic_none (Gemma-2-9B, no context)","ctx4_gemma_en_root (Gemma-2-9B, root)"
Tracing the deadly path of the Nepal-Tibet flash flooding. #Nepal #Tibet #BBCNews,Ugw6Uv1zOMBs95oo3z14AaABAg.Aa1CXg47aRPAa1ukOhm9q4,"The One who made the heavens and the earth gave man the freedom to know and recognise  Him. All evidences of life around us are proof of a higher being - all things hidden will and have come to light. The Word of God is Christ Jesus and He holds true. God is Spirit and in Him, there is freedom",christianity,pro,1,0.999747,0.6002,0.600200357314733,No wonder people start praying to imaginary entities when stuff like this happens. Scary.,user_0027,1,2026-08-28,Ugw6Uv1zOMBs95oo3z14AaABAg,,"ctx4_gemma_en_topic_none (Gemma-2-9B, no context)","ctx4_gemma_en_root (Gemma-2-9B, root)"
Tracing the deadly path of the Nepal-Tibet flash flooding. #Nepal #Tibet #BBCNews,Ugw6Uv1zOMBs95oo3z14AaABAg.Aa1CXg47aRPAa1ukOhm9q4,"The One who made the heavens and the earth gave man the freedom to know and recognise  Him. All evidences of life around us are proof of a higher being - all things hidden will and have come to light. The Word of God is Christ Jesus and He holds true. God is Spirit and in Him, there is freedom",hinduism,con,1,0.99764,0.979668,0.9796676466573412,No wonder people start praying to imaginary entities when stuff like this happens. Scary.,user_0027,1,2026-08-28,Ugw6Uv1zOMBs95oo3z14AaABAg,,"ctx4_gemma_en_topic_none (Gemma-2-9B, no context)","ctx4_gemma_en_root (Gemma-2-9B, root)"
Tracing the deadly path of the Nepal-Tibet flash flooding. #Nepal #Tibet #BBCNews,Ugw6Uv1zOMBs95oo3z14AaABAg.Aa1CXg47aRPAa1ukOhm9q4,"The One who made the heavens and the earth gave man the freedom to know and recognise  Him. All evidences of life around us are proof of a higher being - all things hidden will and have come to light. The Word of God is Christ Jesus and He holds true. God is Spirit and in Him, there is freedom",existence of god,pro,1,0.999726,0.984575,0.9845746885679972,No wonder people start praying to imaginary entities when stuff like this happens. Scary.,user_0027,1,2026-08-28,Ugw6Uv1zOMBs95oo3z14AaABAg,,"ctx4_gemma_en_topic_none (Gemma-2-9B, no context)","ctx4_gemma_en_root (Gemma-2-9B, root)"
Tracing the deadly path of the Nepal-Tibet flash flooding. #Nepal #Tibet #BBCNews,Ugw6Uv1zOMBs95oo3z14AaABAg.Aa1CXg47aRPAa2EdX6BIYH,"@user 
""it's almost""
""that itself is proof""
C'mon man, this is MAGA type level of thinking.",existence of god,con,1,0.992879,0.891813,0.8918134575169193,"It's almost like we're instinctively wired to do that. That itself is a proof of God's existence. And you'll notice every single one in danger calling out to God, not ""Gods, help me"" another proof that there is only One single entity, The Almighty God.",user_0024,3,2026-08-28,Ugw6Uv1zOMBs95oo3z14AaABAg,,"ctx4_gemma_en_topic_none (Gemma-2-9B, no context)","ctx4_gemma_en_root (Gemma-2-9B, root)"
Tracing the deadly path of the Nepal-Tibet flash flooding. #Nepal #Tibet #BBCNews,Ugw6Uv1zOMBs95oo3z14AaABAg.Aa1CXg47aRPAa2gXarMkSE,"@user that might be one of the worst insults I've ever gotten lol but anyway, it's dangerous to associate a universal idea like believing in God with a certain group. Like oh, you believe this, so you're part of x. 
You cannot believe in this and belong to y. These ideas belong to Group X and these to Y. There can be no crossovers.

It takes away room for nuance and just builds a cult like mentality.",islam,pro,1,0.566012,0.908612,0.9086116693859068,No wonder people start praying to imaginary entities when stuff like this happens. Scary.,user_0025,1,2026-08-28,Ugw6Uv1zOMBs95oo3z14AaABAg,,"ctx4_gemma_en_topic_none (Gemma-2-9B, no context)","ctx4_gemma_en_root (Gemma-2-9B, root)"
Tracing the deadly path of the Nepal-Tibet flash flooding. #Nepal #Tibet #BBCNews,Ugw6Uv1zOMBs95oo3z14AaABAg.Aa1CXg47aRPAa2gXarMkSE,"@user that might be one of the worst insults I've ever gotten lol but anyway, it's dangerous to associate a universal idea like believing in God with a certain group. Like oh, you believe this, so you're part of x. 
You cannot believe in this and belong to y. These ideas belong to Group X and these to Y. There can be no crossovers.

It takes away room for nuance and just builds a cult like mentality.",christianity,con,1,0.702514,0.907316,0.9073164261127076,No wonder people start praying to imaginary entities when stuff like this happens. Scary.,user_0025,1,2026-08-28,Ugw6Uv1zOMBs95oo3z14AaABAg,,"ctx4_gemma_en_topic_none (Gemma-2-9B, no context)","ctx4_gemma_en_root (Gemma-2-9B, root)"
Tracing the deadly path of the Nepal-Tibet flash flooding. #Nepal #Tibet #BBCNews,Ugw6Uv1zOMBs95oo3z14AaABAg.Aa1CXg47aRPAa2gXarMkSE,"@user that might be one of the worst insults I've ever gotten lol but anyway, it's dangerous to associate a universal idea like believing in God with a certain group. Like oh, you believe this, so you're part of x. 
You cannot believe in this and belong to y. These ideas belong to Group X and these to Y. There can be no crossovers.

It takes away room for nuance and just builds a cult like mentality.",hinduism,pro,1,0.654889,0.985936,0.9859363729567544,No wonder people start praying to imaginary entities when stuff like this happens. Scary.,user_0025,1,2026-08-28,Ugw6Uv1zOMBs95oo3z14AaABAg,,"ctx4_gemma_en_topic_none (Gemma-2-9B, no context)","ctx4_gemma_en_root (Gemma-2-9B, root)"
Tracing the deadly path of the Nepal-Tibet flash flooding. #Nepal #Tibet #BBCNews,Ugw6Uv1zOMBs95oo3z14AaABAg.Aa1CXg47aRPAa2gXarMkSE,"@user that might be one of the worst insults I've ever gotten lol but anyway, it's dangerous to associate a universal idea like believing in God with a certain group. Like oh, you believe this, so you're part of x. 
You cannot believe in this and belong to y. These ideas belong to Group X and these to Y. There can be no crossovers.

It takes away room for nuance and just builds a cult like mentality.",existence of god,pro,1,0.803166,0.987568,0.987568349146814,No wonder people start praying to imaginary entities when stuff like this happens. Scary.,user_0025,1,2026-08-28,Ugw6Uv1zOMBs95oo3z14AaABAg,,"ctx4_gemma_en_topic_none (Gemma-2-9B, no context)","ctx4_gemma_en_root (Gemma-2-9B, root)"
Tracing the deadly path of the Nepal-Tibet flash flooding. #Nepal #Tibet #BBCNews,Ugw6Uv1zOMBs95oo3z14AaABAg.Aa1CXg47aRPAa2xTmy6spM,"@user Which god? There are multiple gods and versions of specific gods according to religious people. What if they cried out to a sun god to evaporate all the water? Is that proof of a sun good? Plenty of people pray to different gods, should I believe them all?",india,con,1,0.637031,0.932453,0.9324533088603708,"It's almost like we're instinctively wired to do that. That itself is a proof of God's existence. And you'll notice every single one in danger calling out to God, not ""Gods, help me"" another proof that there is only One single entity, The Almighty God.",user_0012,0,2026-08-28,Ugw6Uv1zOMBs95oo3z14AaABAg,,"ctx4_gemma_en_topic_none (Gemma-2-9B, no context)","ctx4_gemma_en_root (Gemma-2-9B, root)"
Tracing the deadly path of the Nepal-Tibet flash flooding. #Nepal #Tibet #BBCNews,Ugw6Uv1zOMBs95oo3z14AaABAg.Aa1CXg47aRPAa2xTmy6spM,"@user Which god? There are multiple gods and versions of specific gods according to religious people. What if they cried out to a sun god to evaporate all the water? Is that proof of a sun good? Plenty of people pray to different gods, should I believe them all?",hinduism,con,1,0.97667,0.98028,0.9802799053552383,"It's almost like we're instinctively wired to do that. That itself is a proof of God's existence. And you'll notice every single one in danger calling out to God, not ""Gods, help me"" another proof that there is only One single entity, The Almighty God.",user_0012,0,2026-08-28,Ugw6Uv1zOMBs95oo3z14AaABAg,,"ctx4_gemma_en_topic_none (Gemma-2-9B, no context)","ctx4_gemma_en_root (Gemma-2-9B, root)"
Tracing the deadly path of the Nepal-Tibet flash flooding. #Nepal #Tibet #BBCNews,Ugw6Uv1zOMBs95oo3z14AaABAg.Aa1CXg47aRPAa2xTmy6spM,"@user Which god? There are multiple gods and versions of specific gods according to religious people. What if they cried out to a sun god to evaporate all the water? Is that proof of a sun good? Plenty of people pray to different gods, should I believe them all?",existence of god,con,1,0.992184,0.965898,0.96589792736999,"It's almost like we're instinctively wired to do that. That itself is a proof of God's existence. And you'll notice every single one in danger calling out to God, not ""Gods, help me"" another proof that there is only One single entity, The Almighty God.",user_0012,0,2026-08-28,Ugw6Uv1zOMBs95oo3z14AaABAg,,"ctx4_gemma_en_topic_none (Gemma-2-9B, no context)","ctx4_gemma_en_root (Gemma-2-9B, root)"
Tracing the deadly path of the Nepal-Tibet flash flooding. #Nepal #Tibet #BBCNews,Ugw6Uv1zOMBs95oo3z14AaABAg.Aa1CXg47aRPAa36XDa5IVF,"@user there is only One God. It is people who make up stuff and associate God with what He is above of. As for me, I'm Muslim. We believe that there is only one True God, and that He is the only one worthy of worship. 

In fact, it goes against logic to believe there are multiple Gods or there's a hierarchy like some pagans believe. Is God not capable to do everything that He needs partners or assistants? That goes against what we naturally assume God to be, all powerful and fully capable of everything. So to answer your question, finding God is uncomplicated and natural. There's only the one.",islam,pro,1,0.999777,0.904651,0.9046505351008906,No wonder people start praying to imaginary entities when stuff like this happens. Scary.,user_0025,2,2026-08-28,Ugw6Uv1zOMBs95oo3z14AaABAg,,"ctx4_gemma_en_topic_none (Gemma-2-9B, no context)","ctx4_gemma_en_root (Gemma-2-9B, root)"
Tracing the deadly path of the Nepal-Tibet flash flooding. #Nepal #Tibet #BBCNews,Ugw6Uv1zOMBs95oo3z14AaABAg.Aa1CXg47aRPAa36XDa5IVF,"@user there is only One God. It is people who make up stuff and associate God with what He is above of. As for me, I'm Muslim. We believe that there is only one True God, and that He is the only one worthy of worship. 

In fact, it goes against logic to believe there are multiple Gods or there's a hierarchy like some pagans believe. Is God not capable to do everything that He needs partners or assistants? That goes against what we naturally assume God to be, all powerful and fully capable of everything. So to answer your question, finding God is uncomplicated and natural. There's only the one.",christianity,con,1,0.99371,0.611376,0.6113760334262107,No wonder people start praying to imaginary entities when stuff like this happens. Scary.,user_0025,2,2026-08-28,Ugw6Uv1zOMBs95oo3z14AaABAg,,"ctx4_gemma_en_topic_none (Gemma-2-9B, no context)","ctx4_gemma_en_root (Gemma-2-9B, root)"
Tracing the deadly path of the Nepal-Tibet flash flooding. #Nepal #Tibet #BBCNews,Ugw6Uv1zOMBs95oo3z14AaABAg.Aa1CXg47aRPAa36XDa5IVF,"@user there is only One God. It is people who make up stuff and associate God with what He is above of. As for me, I'm Muslim. We believe that there is only one True God, and that He is the only one worthy of worship. 

In fact, it goes against logic to believe there are multiple Gods or there's a hierarchy like some pagans believe. Is God not capable to do everything that He needs partners or assistants? That goes against what we naturally assume God to be, all powerful and fully capable of everything. So to answer your question, finding God is uncomplicated and natural. There's only the one.",hinduism,con,1,0.997713,0.944992,0.9449921126633908,No wonder people start praying to imaginary entities when stuff like this happens. Scary.,user_0025,2,2026-08-28,Ugw6Uv1zOMBs95oo3z14AaABAg,,"ctx4_gemma_en_topic_none (Gemma-2-9B, no context)","ctx4_gemma_en_root (Gemma-2-9B, root)"
Tracing the deadly path of the Nepal-Tibet flash flooding. #Nepal #Tibet #BBCNews,Ugw6Uv1zOMBs95oo3z14AaABAg.Aa1CXg47aRPAa36XDa5IVF,"@user there is only One God. It is people who make up stuff and associate God with what He is above of. As for me, I'm Muslim. We believe that there is only one True God, and that He is the only one worthy of worship. 

In fact, it goes against logic to believe there are multiple Gods or there's a hierarchy like some pagans believe. Is God not capable to do everything that He needs partners or assistants? That goes against what we naturally assume God to be, all powerful and fully capable of everything. So to answer your question, finding God is uncomplicated and natural. There's only the one.",existence of god,pro,1,0.999735,0.986151,0.9861510483596306,No wonder people start praying to imaginary entities when stuff like this happens. Scary.,user_0025,2,2026-08-28,Ugw6Uv1zOMBs95oo3z14AaABAg,,"ctx4_gemma_en_topic_none (Gemma-2-9B, no context)","ctx4_gemma_en_root (Gemma-2-9B, root)"
Tracing the deadly path of the Nepal-Tibet flash flooding. #Nepal #Tibet #BBCNews,Ugw6Uv1zOMBs95oo3z14AaABAg.Aa1CXg47aRPAa6mzCskoMJ,"@user then yours is a cruel god, an abusive father you need to beg for mercy from and suffer regardless, no wonder you’re all so susceptible to strongman fascists that hurt you just as good.",india,con,1,0.6114,0.795646,0.7956459058211699,"It's almost like we're instinctively wired to do that. That itself is a proof of God's existence. And you'll notice every single one in danger calling out to God, not ""Gods, help me"" another proof that there is only One single entity, The Almighty God.",user_0017,0,2026-08-30,Ugw6Uv1zOMBs95oo3z14AaABAg,,"ctx4_gemma_en_topic_none (Gemma-2-9B, no context)","ctx4_gemma_en_root (Gemma-2-9B, root)"
Tracing the deadly path of the Nepal-Tibet flash flooding. #Nepal #Tibet #BBCNews,Ugw6Uv1zOMBs95oo3z14AaABAg.Aa1CXg47aRPAa6mzCskoMJ,"@user then yours is a cruel god, an abusive father you need to beg for mercy from and suffer regardless, no wonder you’re all so susceptible to strongman fascists that hurt you just as good.",islam,con,1,0.996293,0.535092,0.5350922094186469,"It's almost like we're instinctively wired to do that. That itself is a proof of God's existence. And you'll notice every single one in danger calling out to God, not ""Gods, help me"" another proof that there is only One single entity, The Almighty God.",user_0017,0,2026-08-30,Ugw6Uv1zOMBs95oo3z14AaABAg,,"ctx4_gemma_en_topic_none (Gemma-2-9B, no context)","ctx4_gemma_en_root (Gemma-2-9B, root)"
Tracing the deadly path of the Nepal-Tibet flash flooding. #Nepal #Tibet #BBCNews,Ugw6Uv1zOMBs95oo3z14AaABAg.Aa1CXg47aRPAa6mzCskoMJ,"@user then yours is a cruel god, an abusive father you need to beg for mercy from and suffer regardless, no wonder you’re all so susceptible to strongman fascists that hurt you just as good.",christianity,con,1,0.998218,0.581297,0.5812970058867594,"It's almost like we're instinctively wired to do that. That itself is a proof of God's existence. And you'll notice every single one in danger calling out to God, not ""Gods, help me"" another proof that there is only One single entity, The Almighty God.",user_0017,0,2026-08-30,Ugw6Uv1zOMBs95oo3z14AaABAg,,"ctx4_gemma_en_topic_none (Gemma-2-9B, no context)","ctx4_gemma_en_root (Gemma-2-9B, root)"
Tracing the deadly path of the Nepal-Tibet flash flooding. #Nepal #Tibet #BBCNews,Ugw6Uv1zOMBs95oo3z14AaABAg.Aa1CXg47aRPAa6mzCskoMJ,"@user then yours is a cruel god, an abusive father you need to beg for mercy from and suffer regardless, no wonder you’re all so susceptible to strongman fascists that hurt you just as good.",hinduism,con,1,0.996876,0.982287,0.9822872663270144,"It's almost like we're instinctively wired to do that. That itself is a proof of God's existence. And you'll notice every single one in danger calling out to God, not ""Gods, help me"" another proof that there is only One single entity, The Almighty God.",user_0017,0,2026-08-30,Ugw6Uv1zOMBs95oo3z14AaABAg,,"ctx4_gemma_en_topic_none (Gemma-2-9B, no context)","ctx4_gemma_en_root (Gemma-2-9B, root)"
Tracing the deadly path of the Nepal-Tibet flash flooding. #Nepal #Tibet #BBCNews,Ugw6Uv1zOMBs95oo3z14AaABAg.Aa1CXg47aRPAa6mzCskoMJ,"@user then yours is a cruel god, an abusive father you need to beg for mercy from and suffer regardless, no wonder you’re all so susceptible to strongman fascists that hurt you just as good.",existence of god,con,1,0.996623,0.983598,0.9835977741629832,"It's almost like we're instinctively wired to do that. That itself is a proof of God's existence. And you'll notice every single one in danger calling out to God, not ""Gods, help me"" another proof that there is only One single entity, The Almighty God.",user_0017,0,2026-08-30,Ugw6Uv1zOMBs95oo3z14AaABAg,,"ctx4_gemma_en_topic_none (Gemma-2-9B, no context)","ctx4_gemma_en_root (Gemma-2-9B, root)"
Tracing the deadly path of the Nepal-Tibet flash flooding. #Nepal #Tibet #BBCNews,UgxAqCMd1KDfSiooh714AaABAg,Too many distasteful comments questioning the reality of this disaster and questioning why we should send aid. The bond between the UK and Nepal is unique. They have sent thousands of their men to serve in our armed forces for decades. I have served with these wonderful warriors and not come across a more humble people. I prey for them and wish the UK to prioritise every assistance we can give them.,united kingdom,pro,1,0.996877,0.916108,0.916107692249696,,user_0028,113,2026-08-27,UgxAqCMd1KDfSiooh714AaABAg,,"ctx4_gemma_en_topic_none (Gemma-2-9B, no context)","ctx4_gemma_en_root (Gemma-2-9B, root)"
Tracing the deadly path of the Nepal-Tibet flash flooding. #Nepal #Tibet #BBCNews,UgxAqCMd1KDfSiooh714AaABAg.Aa1GvEREnGMAa1H8xwPv26,My grandad did too. They are so loyal to the UK - and look at the state of the comment section. Depressing.,united states,pro,1,0.737168,0.685939,0.68593868376804,Too many distasteful comments questioning the reality of this disaster and questioning why we should send aid. The bond between the UK and Nepal is unique. They have sent thousands of their men to serve in our armed forces for decades. I have served with these wonderful warriors and not come across a more humble people. I prey for them and wish the UK to prioritise every assistance we can give them.,user_0029,20,2026-08-27,UgxAqCMd1KDfSiooh714AaABAg,,"ctx4_gemma_en_topic_none (Gemma-2-9B, no context)","ctx4_gemma_en_root (Gemma-2-9B, root)"
Tracing the deadly path of the Nepal-Tibet flash flooding. #Nepal #Tibet #BBCNews,UgxAqCMd1KDfSiooh714AaABAg.Aa1GvEREnGMAa1H8xwPv26,My grandad did too. They are so loyal to the UK - and look at the state of the comment section. Depressing.,united kingdom,pro,1,0.997065,0.958537,0.958536733698384,Too many distasteful comments questioning the reality of this disaster and questioning why we should send aid. The bond between the UK and Nepal is unique. They have sent thousands of their men to serve in our armed forces for decades. I have served with these wonderful warriors and not come across a more humble people. I prey for them and wish the UK to prioritise every assistance we can give them.,user_0029,20,2026-08-27,UgxAqCMd1KDfSiooh714AaABAg,,"ctx4_gemma_en_topic_none (Gemma-2-9B, no context)","ctx4_gemma_en_root (Gemma-2-9B, root)"
Tracing the deadly path of the Nepal-Tibet flash flooding. #Nepal #Tibet #BBCNews,UgxAqCMd1KDfSiooh714AaABAg.Aa1GvEREnGMAa1H8xwPv26,My grandad did too. They are so loyal to the UK - and look at the state of the comment section. Depressing.,government / the state,pro,1,0.957279,0.7773,0.7772998611746911,Too many distasteful comments questioning the reality of this disaster and questioning why we should send aid. The bond between the UK and Nepal is unique. They have sent thousands of their men to serve in our armed forces for decades. I have served with these wonderful warriors and not come across a more humble people. I prey for them and wish the UK to prioritise every assistance we can give them.,user_0029,20,2026-08-27,UgxAqCMd1KDfSiooh714AaABAg,,"ctx4_gemma_en_topic_none (Gemma-2-9B, no context)","ctx4_gemma_en_root (Gemma-2-9B, root)"
Tracing the deadly path of the Nepal-Tibet flash flooding. #Nepal #Tibet #BBCNews,UgxAqCMd1KDfSiooh714AaABAg.Aa1GvEREnGMAa1Ht7ZjHz8,"@user I am proud and honoured to have called these people my friends, I’m sure your grandad had some great memories of his time with them. Their loyalty to the UK is without question. We owe them.",united states,pro,1,0.779989,0.822182,0.8221818206959858,My grandad did too. They are so loyal to the UK - and look at the state of the comment section. Depressing.,user_0028,11,2026-08-27,UgxAqCMd1KDfSiooh714AaABAg,,"ctx4_gemma_en_topic_none (Gemma-2-9B, no context)","ctx4_gemma_en_root (Gemma-2-9B, root)"
Tracing the deadly path of the Nepal-Tibet flash flooding. #Nepal #Tibet #BBCNews,UgxAqCMd1KDfSiooh714AaABAg.Aa1GvEREnGMAa1Ht7ZjHz8,"@user I am proud and honoured to have called these people my friends, I’m sure your grandad had some great memories of his time with them. Their loyalty to the UK is without question. We owe them.",united kingdom,pro,1,0.997677,0.973643,0.9736427225293952,My grandad did too. They are so loyal to the UK - and look at the state of the comment section. Depressing.,user_0028,11,2026-08-27,UgxAqCMd1KDfSiooh714AaABAg,,"ctx4_gemma_en_topic_none (Gemma-2-9B, no context)","ctx4_gemma_en_root (Gemma-2-9B, root)"
Tracing the deadly path of the Nepal-Tibet flash flooding. #Nepal #Tibet #BBCNews,UgxAqCMd1KDfSiooh714AaABAg.Aa1GvEREnGMAa1Ht7ZjHz8,"@user I am proud and honoured to have called these people my friends, I’m sure your grandad had some great memories of his time with them. Their loyalty to the UK is without question. We owe them.",india,pro,1,0.894787,0.538996,0.5389956446788908,My grandad did too. They are so loyal to the UK - and look at the state of the comment section. Depressing.,user_0028,11,2026-08-27,UgxAqCMd1KDfSiooh714AaABAg,,"ctx4_gemma_en_topic_none (Gemma-2-9B, no context)","ctx4_gemma_en_root (Gemma-2-9B, root)"
Tracing the deadly path of the Nepal-Tibet flash flooding. #Nepal #Tibet #BBCNews,UgxAqCMd1KDfSiooh714AaABAg.Aa1GvEREnGMAa1sj-ftZGB,We know Nepalis as steadfast comrades and friends. Praying for all who have been affected by this tragedy. May the Lord be merciful to the souls lost and those who survived.,india,pro,1,0.618763,0.815236,0.8152362550342647,Too many distasteful comments questioning the reality of this disaster and questioning why we should send aid. The bond between the UK and Nepal is unique. They have sent thousands of their men to serve in our armed forces for decades. I have served with these wonderful warriors and not come across a more humble people. I prey for them and wish the UK to prioritise every assistance we can give them.,user_0027,5,2026-08-28,UgxAqCMd1KDfSiooh714AaABAg,,"ctx4_gemma_en_topic_none (Gemma-2-9B, no context)","ctx4_gemma_en_root (Gemma-2-9B, root)"
Tracing the deadly path of the Nepal-Tibet flash flooding. #Nepal #Tibet #BBCNews,UgxAqCMd1KDfSiooh714AaABAg.Aa1GvEREnGMAa2ZczY33iB,"Questioning whether something is real or not is one of the first reactions all of us have to something like this, your brain naturally does it because it is surreal. So first people work out if something is real, then they get their phones out to record, then they run away for their lives.

Some of the videos look like AI because there is so much happening on screen at once that their camera can't focus on anything properly or judge the light. So the video rendering is similar to an AI generated video.",china,con,1,0.815236,0.507824,0.5078243612230599,Too many distasteful comments questioning the reality of this disaster and questioning why we should send aid. The bond between the UK and Nepal is unique. They have sent thousands of their men to serve in our armed forces for decades. I have served with these wonderful warriors and not come across a more humble people. I prey for them and wish the UK to prioritise every assistance we can give them.,user_0030,1,2026-08-28,UgxAqCMd1KDfSiooh714AaABAg,,"ctx4_gemma_en_topic_none (Gemma-2-9B, no context)","ctx4_gemma_en_root (Gemma-2-9B, root)"
Tracing the deadly path of the Nepal-Tibet flash flooding. #Nepal #Tibet #BBCNews,UgxAqCMd1KDfSiooh714AaABAg.Aa1GvEREnGMAa2ZczY33iB,"Questioning whether something is real or not is one of the first reactions all of us have to something like this, your brain naturally does it because it is surreal. So first people work out if something is real, then they get their phones out to record, then they run away for their lives.

Some of the videos look like AI because there is so much happening on screen at once that their camera can't focus on anything properly or judge the light. So the video rendering is similar to an AI generated video.",hinduism,con,1,0.523433,0.607663,0.6076631698328917,Too many distasteful comments questioning the reality of this disaster and questioning why we should send aid. The bond between the UK and Nepal is unique. They have sent thousands of their men to serve in our armed forces for decades. I have served with these wonderful warriors and not come across a more humble people. I prey for them and wish the UK to prioritise every assistance we can give them.,user_0030,1,2026-08-28,UgxAqCMd1KDfSiooh714AaABAg,,"ctx4_gemma_en_topic_none (Gemma-2-9B, no context)","ctx4_gemma_en_root (Gemma-2-9B, root)"
Tracing the deadly path of the Nepal-Tibet flash flooding. #Nepal #Tibet #BBCNews,UgxAqCMd1KDfSiooh714AaABAg.Aa1GvEREnGMAa2ZczY33iB,"Questioning whether something is real or not is one of the first reactions all of us have to something like this, your brain naturally does it because it is surreal. So first people work out if something is real, then they get their phones out to record, then they run away for their lives.

Some of the videos look like AI because there is so much happening on screen at once that their camera can't focus on anything properly or judge the light. So the video rendering is similar to an AI generated video.",existence of god,con,1,0.826712,0.923041,0.9230409402318284,Too many distasteful comments questioning the reality of this disaster and questioning why we should send aid. The bond between the UK and Nepal is unique. They have sent thousands of their men to serve in our armed forces for decades. I have served with these wonderful warriors and not come across a more humble people. I prey for them and wish the UK to prioritise every assistance we can give them.,user_0030,1,2026-08-28,UgxAqCMd1KDfSiooh714AaABAg,,"ctx4_gemma_en_topic_none (Gemma-2-9B, no context)","ctx4_gemma_en_root (Gemma-2-9B, root)"
Tracing the deadly path of the Nepal-Tibet flash flooding. #Nepal #Tibet #BBCNews,UgxAqCMd1KDfSiooh714AaABAg.Aa1GvEREnGMAa5mFmtMuR8,"‘Throwing the baby out with the bath water.’ Very sad but that is the he state of education now.

Incredibly courageous and fiercely loyal Gurkhas. 😢",india,pro,1,0.928402,0.986151,0.9861510483596306,Too many distasteful comments questioning the reality of this disaster and questioning why we should send aid. The bond between the UK and Nepal is unique. They have sent thousands of their men to serve in our armed forces for decades. I have served with these wonderful warriors and not come across a more humble people. I prey for them and wish the UK to prioritise every assistance we can give them.,user_0031,1,2026-08-29,UgxAqCMd1KDfSiooh714AaABAg,,"ctx4_gemma_en_topic_none (Gemma-2-9B, no context)","ctx4_gemma_en_root (Gemma-2-9B, root)"
Tracing the deadly path of the Nepal-Tibet flash flooding. #Nepal #Tibet #BBCNews,UgxAqCMd1KDfSiooh714AaABAg.Aa1GvEREnGMAa5mFmtMuR8,"‘Throwing the baby out with the bath water.’ Very sad but that is the he state of education now.

Incredibly courageous and fiercely loyal Gurkhas. 😢",government / the state,pro,1,0.867036,0.961532,0.9615319586117942,Too many distasteful comments questioning the reality of this disaster and questioning why we should send aid. The bond between the UK and Nepal is unique. They have sent thousands of their men to serve in our armed forces for decades. I have served with these wonderful warriors and not come across a more humble people. I prey for them and wish the UK to prioritise every assistance we can give them.,user_0031,1,2026-08-29,UgxAqCMd1KDfSiooh714AaABAg,,"ctx4_gemma_en_topic_none (Gemma-2-9B, no context)","ctx4_gemma_en_root (Gemma-2-9B, root)"
Tracing the deadly path of the Nepal-Tibet flash flooding. #Nepal #Tibet #BBCNews,UgxAqCMd1KDfSiooh714AaABAg.Aa1GvEREnGMAa5mFmtMuR8,"‘Throwing the baby out with the bath water.’ Very sad but that is the he state of education now.

Incredibly courageous and fiercely loyal Gurkhas. 😢",educational system,con,1,0.989987,0.972415,0.97241471777321,Too many distasteful comments questioning the reality of this disaster and questioning why we should send aid. The bond between the UK and Nepal is unique. They have sent thousands of their men to serve in our armed forces for decades. I have served with these wonderful warriors and not come across a more humble people. I prey for them and wish the UK to prioritise every assistance we can give them.,user_0031,1,2026-08-29,UgxAqCMd1KDfSiooh714AaABAg,,"ctx4_gemma_en_topic_none (Gemma-2-9B, no context)","ctx4_gemma_en_root (Gemma-2-9B, root)"
Tracing the deadly path of the Nepal-Tibet flash flooding. #Nepal #Tibet #BBCNews,UgxAqCMd1KDfSiooh714AaABAg.Aa1GvEREnGMAa6iLVNi4T2,"5hese countries suffer disproportionately as  result of what other countries like China and the US have contributed to climate change. Yes, those countries should pay",united states,con,1,0.998133,0.884034,0.884034155956105,Too many distasteful comments questioning the reality of this disaster and questioning why we should send aid. The bond between the UK and Nepal is unique. They have sent thousands of their men to serve in our armed forces for decades. I have served with these wonderful warriors and not come across a more humble people. I prey for them and wish the UK to prioritise every assistance we can give them.,user_0032,4,2026-08-30,UgxAqCMd1KDfSiooh714AaABAg,,"ctx4_gemma_en_topic_none (Gemma-2-9B, no context)","ctx4_gemma_en_root (Gemma-2-9B, root)"
Tracing the deadly path of the Nepal-Tibet flash flooding. #Nepal #Tibet #BBCNews,UgxAqCMd1KDfSiooh714AaABAg.Aa1GvEREnGMAa6iLVNi4T2,"5hese countries suffer disproportionately as  result of what other countries like China and the US have contributed to climate change. Yes, those countries should pay",china,con,1,0.998716,0.992304,0.9923037800686458,Too many distasteful comments questioning the reality of this disaster and questioning why we should send aid. The bond between the UK and Nepal is unique. They have sent thousands of their men to serve in our armed forces for decades. I have served with these wonderful warriors and not come across a more humble people. I prey for them and wish the UK to prioritise every assistance we can give them.,user_0032,4,2026-08-30,UgxAqCMd1KDfSiooh714AaABAg,,"ctx4_gemma_en_topic_none (Gemma-2-9B, no context)","ctx4_gemma_en_root (Gemma-2-9B, root)"
Tracing the deadly path of the Nepal-Tibet flash flooding. #Nepal #Tibet #BBCNews,UgxAqCMd1KDfSiooh714AaABAg.Aa1GvEREnGMAa6iLVNi4T2,"5hese countries suffer disproportionately as  result of what other countries like China and the US have contributed to climate change. Yes, those countries should pay",climate change,pro,1,0.946597,0.995801,0.995800995665076,Too many distasteful comments questioning the reality of this disaster and questioning why we should send aid. The bond between the UK and Nepal is unique. They have sent thousands of their men to serve in our armed forces for decades. I have served with these wonderful warriors and not come across a more humble people. I prey for them and wish the UK to prioritise every assistance we can give them.,user_0032,4,2026-08-30,UgxAqCMd1KDfSiooh714AaABAg,,"ctx4_gemma_en_topic_none (Gemma-2-9B, no context)","ctx4_gemma_en_root (Gemma-2-9B, root)"
Tracing the deadly path of the Nepal-Tibet flash flooding. #Nepal #Tibet #BBCNews,UgxAqCMd1KDfSiooh714AaABAg.Aa1GvEREnGMAa6paNhWb2r,"During the previous earthquake, Nepal’s airport became congested due to an influx of relief supplies and rescue teams from so many countries, which actually delayed rescue operations. Consequently,  Nepal  announced that it would only accept rescue support from four countries ; China, India, South Korea, and Australia, after its own rescue teams, who are accustomed to the local mountainous terrain, had arrived first",china,pro,1,0.992423,0.983343,0.983342550496247,Too many distasteful comments questioning the reality of this disaster and questioning why we should send aid. The bond between the UK and Nepal is unique. They have sent thousands of their men to serve in our armed forces for decades. I have served with these wonderful warriors and not come across a more humble people. I prey for them and wish the UK to prioritise every assistance we can give them.,user_0033,0,2026-08-30,UgxAqCMd1KDfSiooh714AaABAg,,"ctx4_gemma_en_topic_none (Gemma-2-9B, no context)","ctx4_gemma_en_root (Gemma-2-9B, root)"
Tracing the deadly path of the Nepal-Tibet flash flooding. #Nepal #Tibet #BBCNews,UgxAqCMd1KDfSiooh714AaABAg.Aa1GvEREnGMAa6paNhWb2r,"During the previous earthquake, Nepal’s airport became congested due to an influx of relief supplies and rescue teams from so many countries, which actually delayed rescue operations. Consequently,  Nepal  announced that it would only accept rescue support from four countries ; China, India, South Korea, and Australia, after its own rescue teams, who are accustomed to the local mountainous terrain, had arrived first",india,pro,1,0.987375,0.996827,0.9968273171575148,Too many distasteful comments questioning the reality of this disaster and questioning why we should send aid. The bond between the UK and Nepal is unique. They have sent thousands of their men to serve in our armed forces for decades. I have served with these wonderful warriors and not come across a more humble people. I prey for them and wish the UK to prioritise every assistance we can give them.,user_0033,0,2026-08-30,UgxAqCMd1KDfSiooh714AaABAg,,"ctx4_gemma_en_topic_none (Gemma-2-9B, no context)","ctx4_gemma_en_root (Gemma-2-9B, root)"
Tracing the deadly path of the Nepal-Tibet flash flooding. #Nepal #Tibet #BBCNews,UgxAqCMd1KDfSiooh714AaABAg.Aa1GvEREnGMAa8nL2pw4-s,"@user bullshit, there's several videos of these poor people suffering from this flood. You and others like yourself just want to be willfully ignorant.",india,pro,1,0.919643,0.633416,0.6334160687010174,Too many distasteful comments questioning the reality of this disaster and questioning why we should send aid. The bond between the UK and Nepal is unique. They have sent thousands of their men to serve in our armed forces for decades. I have served with these wonderful warriors and not come across a more humble people. I prey for them and wish the UK to prioritise every assistance we can give them.,user_0034,1,2026-08-30,UgxAqCMd1KDfSiooh714AaABAg,,"ctx4_gemma_en_topic_none (Gemma-2-9B, no context)","ctx4_gemma_en_root (Gemma-2-9B, root)"
Tracing the deadly path of the Nepal-Tibet flash flooding. #Nepal #Tibet #BBCNews,UgxAqCMd1KDfSiooh714AaABAg.Aa1GvEREnGMAa8nL2pw4-s,"@user bullshit, there's several videos of these poor people suffering from this flood. You and others like yourself just want to be willfully ignorant.",climate change,pro,1,0.986777,0.913678,0.9136784951866872,Too many distasteful comments questioning the reality of this disaster and questioning why we should send aid. The bond between the UK and Nepal is unique. They have sent thousands of their men to serve in our armed forces for decades. I have served with these wonderful warriors and not come across a more humble people. I prey for them and wish the UK to prioritise every assistance we can give them.,user_0034,1,2026-08-30,UgxAqCMd1KDfSiooh714AaABAg,,"ctx4_gemma_en_topic_none (Gemma-2-9B, no context)","ctx4_gemma_en_root (Gemma-2-9B, root)"
Tracing the deadly path of the Nepal-Tibet flash flooding. #Nepal #Tibet #BBCNews,UgxAqCMd1KDfSiooh714AaABAg.Aa1GvEREnGMAa9ZPd0yzA_,"@user probably, but there is also one more person to blame here, and that is you, not only u but me too. Stop playing the blame game now🤡",india,con,1,0.566012,0.546763,0.5467629334232851,Too many distasteful comments questioning the reality of this disaster and questioning why we should send aid. The bond between the UK and Nepal is unique. They have sent thousands of their men to serve in our armed forces for decades. I have served with these wonderful warriors and not come across a more humble people. I prey for them and wish the UK to prioritise every assistance we can give them.,user_0035,0,2026-08-31,UgxAqCMd1KDfSiooh714AaABAg,,"ctx4_gemma_en_topic_none (Gemma-2-9B, no context)","ctx4_gemma_en_root (Gemma-2-9B, root)"
Tracing the deadly path of the Nepal-Tibet flash flooding. #Nepal #Tibet #BBCNews,UgxAqCMd1KDfSiooh714AaABAg.Aa1GvEREnGMAa9ZPd0yzA_,"@user probably, but there is also one more person to blame here, and that is you, not only u but me too. Stop playing the blame game now🤡",climate change,pro,1,0.839741,0.80562,0.8056204445396702,Too many distasteful comments questioning the reality of this disaster and questioning why we should send aid. The bond between the UK and Nepal is unique. They have sent thousands of their men to serve in our armed forces for decades. I have served with these wonderful warriors and not come across a more humble people. I prey for them and wish the UK to prioritise every assistance we can give them.,user_0035,0,2026-08-31,UgxAqCMd1KDfSiooh714AaABAg,,"ctx4_gemma_en_topic_none (Gemma-2-9B, no context)","ctx4_gemma_en_root (Gemma-2-9B, root)"
Tracing the deadly path of the Nepal-Tibet flash flooding. #Nepal #Tibet #BBCNews,UgygCgKwizS-x1TAbaR4AaABAg,"I’d be happy for my tax I pay to go to Nepal, I hope they get help from every 1st world country 🙌🏻🙌🏻",india,con,1,0.972833,0.64063,0.6406300992807539,,user_0036,112,2026-08-27,UgygCgKwizS-x1TAbaR4AaABAg,,"ctx4_gemma_en_topic_none (Gemma-2-9B, no context)","ctx4_gemma_en_root (Gemma-2-9B, root)"
Tracing the deadly path of the Nepal-Tibet flash flooding. #Nepal #Tibet #BBCNews,UgygCgKwizS-x1TAbaR4AaABAg,"I’d be happy for my tax I pay to go to Nepal, I hope they get help from every 1st world country 🙌🏻🙌🏻",government / the state,con,1,0.790526,0.861535,0.8615352271510025,,user_0036,112,2026-08-27,UgygCgKwizS-x1TAbaR4AaABAg,,"ctx4_gemma_en_topic_none (Gemma-2-9B, no context)","ctx4_gemma_en_root (Gemma-2-9B, root)"
Tracing the deadly path of the Nepal-Tibet flash flooding. #Nepal #Tibet #BBCNews,UgygCgKwizS-x1TAbaR4AaABAg,"I’d be happy for my tax I pay to go to Nepal, I hope they get help from every 1st world country 🙌🏻🙌🏻",taxation,pro,1,0.979355,0.935348,0.935348023462692,,user_0036,112,2026-08-27,UgygCgKwizS-x1TAbaR4AaABAg,,"ctx4_gemma_en_topic_none (Gemma-2-9B, no context)","ctx4_gemma_en_root (Gemma-2-9B, root)"
Tracing the deadly path of the Nepal-Tibet flash flooding. #Nepal #Tibet #BBCNews,UgygCgKwizS-x1TAbaR4AaABAg.Aa1FttvVJwRAa4tlNiGJC6,nahhhh. thts the karma for destroying mksque,india,con,1,0.995461,0.779989,0.7799886101246816,"I’d be happy for my tax I pay to go to Nepal, I hope they get help from every 1st world country 🙌🏻🙌🏻",user_0037,0,2026-08-29,UgygCgKwizS-x1TAbaR4AaABAg,,"ctx4_gemma_en_topic_none (Gemma-2-9B, no context)","ctx4_gemma_en_root (Gemma-2-9B, root)"
Tracing the deadly path of the Nepal-Tibet flash flooding. #Nepal #Tibet #BBCNews,UgygCgKwizS-x1TAbaR4AaABAg.Aa1FttvVJwRAa4tlNiGJC6,nahhhh. thts the karma for destroying mksque,hinduism,con,1,0.997527,0.863398,0.8633975071935197,"I’d be happy for my tax I pay to go to Nepal, I hope they get help from every 1st world country 🙌🏻🙌🏻",user_0037,0,2026-08-29,UgygCgKwizS-x1TAbaR4AaABAg,,"ctx4_gemma_en_topic_none (Gemma-2-9B, no context)","ctx4_gemma_en_root (Gemma-2-9B, root)"
Tracing the deadly path of the Nepal-Tibet flash flooding. #Nepal #Tibet #BBCNews,UgygCgKwizS-x1TAbaR4AaABAg.Aa1FttvVJwRAa4tlNiGJC6,nahhhh. thts the karma for destroying mksque,climate change,con,1,0.960361,0.637031,0.6370307944803831,"I’d be happy for my tax I pay to go to Nepal, I hope they get help from every 1st world country 🙌🏻🙌🏻",user_0037,0,2026-08-29,UgygCgKwizS-x1TAbaR4AaABAg,,"ctx4_gemma_en_topic_none (Gemma-2-9B, no context)","ctx4_gemma_en_root (Gemma-2-9B, root)"
Tracing the deadly path of the Nepal-Tibet flash flooding. #Nepal #Tibet #BBCNews,UgygCgKwizS-x1TAbaR4AaABAg.Aa1FttvVJwRAa58zq9dpHm,@user I did. Your turn. Might have horn on top of your head,india,con,1,0.981166,0.6002,0.600200357314733,@user go and take a long look in the mirror,user_0037,0,2026-08-29,UgygCgKwizS-x1TAbaR4AaABAg,,"ctx4_gemma_en_topic_none (Gemma-2-9B, no context)","ctx4_gemma_en_root (Gemma-2-9B, root)"
Tracing the deadly path of the Nepal-Tibet flash flooding. #Nepal #Tibet #BBCNews,UgygCgKwizS-x1TAbaR4AaABAg.Aa1FttvVJwRAa58zq9dpHm,@user I did. Your turn. Might have horn on top of your head,hinduism,con,1,0.978052,0.808067,0.8080672135527632,@user go and take a long look in the mirror,user_0037,0,2026-08-29,UgygCgKwizS-x1TAbaR4AaABAg,,"ctx4_gemma_en_topic_none (Gemma-2-9B, no context)","ctx4_gemma_en_root (Gemma-2-9B, root)"
Tracing the deadly path of the Nepal-Tibet flash flooding. #Nepal #Tibet #BBCNews,UgygCgKwizS-x1TAbaR4AaABAg.Aa1FttvVJwRAa58zq9dpHm,@user I did. Your turn. Might have horn on top of your head,existence of god,con,1,0.988312,0.562177,0.5621765008857981,@user go and take a long look in the mirror,user_0037,0,2026-08-29,UgygCgKwizS-x1TAbaR4AaABAg,,"ctx4_gemma_en_topic_none (Gemma-2-9B, no context)","ctx4_gemma_en_root (Gemma-2-9B, root)"
Tracing the deadly path of the Nepal-Tibet flash flooding. #Nepal #Tibet #BBCNews,UgygCgKwizS-x1TAbaR4AaABAg.Aa1FttvVJwRAa8nJgfc_eC,@user yes like during pakistan flood,india,pro,1,0.658406,0.705785,0.7057850278370112,"I’d be happy for my tax I pay to go to Nepal, I hope they get help from every 1st world country 🙌🏻🙌🏻",user_0038,0,2026-08-30,UgygCgKwizS-x1TAbaR4AaABAg,,"ctx4_gemma_en_topic_none (Gemma-2-9B, no context)","ctx4_gemma_en_root (Gemma-2-9B, root)"
Tracing the deadly path of the Nepal-Tibet flash flooding. #Nepal #Tibet #BBCNews,UgygCgKwizS-x1TAbaR4AaABAg.Aa1FttvVJwRAa8nJgfc_eC,@user yes like during pakistan flood,climate change,pro,1,0.847974,0.859664,0.8596637505099167,"I’d be happy for my tax I pay to go to Nepal, I hope they get help from every 1st world country 🙌🏻🙌🏻",user_0038,0,2026-08-30,UgygCgKwizS-x1TAbaR4AaABAg,,"ctx4_gemma_en_topic_none (Gemma-2-9B, no context)","ctx4_gemma_en_root (Gemma-2-9B, root)"
Tracing the deadly path of the Nepal-Tibet flash flooding. #Nepal #Tibet #BBCNews,UgygCgKwizS-x1TAbaR4AaABAg.Aa1FttvVJwRAa8nP2DINI_,It's all human (nepali hindus and muslims both)who just died,india,con,1,0.64063,0.959759,0.9597591608627124,"I’d be happy for my tax I pay to go to Nepal, I hope they get help from every 1st world country 🙌🏻🙌🏻",user_0038,0,2026-08-30,UgygCgKwizS-x1TAbaR4AaABAg,,"ctx4_gemma_en_topic_none (Gemma-2-9B, no context)","ctx4_gemma_en_root (Gemma-2-9B, root)"
Tracing the deadly path of the Nepal-Tibet flash flooding. #Nepal #Tibet #BBCNews,UgygCgKwizS-x1TAbaR4AaABAg.Aa1FttvVJwRAa8nP2DINI_,It's all human (nepali hindus and muslims both)who just died,hinduism,con,1,0.721738,0.992184,0.9921837234611356,"I’d be happy for my tax I pay to go to Nepal, I hope they get help from every 1st world country 🙌🏻🙌🏻",user_0038,0,2026-08-30,UgygCgKwizS-x1TAbaR4AaABAg,,"ctx4_gemma_en_topic_none (Gemma-2-9B, no context)","ctx4_gemma_en_root (Gemma-2-9B, root)"
Tracing the deadly path of the Nepal-Tibet flash flooding. #Nepal #Tibet #BBCNews,UgygCgKwizS-x1TAbaR4AaABAg.Aa1FttvVJwRAaAROBaL1FQ,@user not real muslim country,islam,con,1,0.847961,0.874077,0.8740772351648677,@user yes like during pakistan flood,user_0037,0,2026-08-31,UgygCgKwizS-x1TAbaR4AaABAg,,"ctx4_gemma_en_topic_none (Gemma-2-9B, no context)","ctx4_gemma_en_root (Gemma-2-9B, root)"
Tracing the deadly path of the Nepal-Tibet flash flooding. #Nepal #Tibet #BBCNews,Ugy79-2WBNto5_RSn1V4AaABAg,Blimey. Must be manmade climate change. Probably Britains fault for burning a bit of coal 200 years ago.,climate change,pro,1,0.875784,0.997817,0.9978172835546548,,user_0039,3,2026-08-27,Ugy79-2WBNto5_RSn1V4AaABAg,,"ctx4_gemma_en_topic_none (Gemma-2-9B, no context)","ctx4_gemma_en_root (Gemma-2-9B, root)"
Tracing the deadly path of the Nepal-Tibet flash flooding. #Nepal #Tibet #BBCNews,Ugy79-2WBNto5_RSn1V4AaABAg.Aa1E4P8llqzAa1EPuZpSNm,ID. IOTA. 🤦😠,india,con,1,0.622459,0.989013,0.9890130573694068,Blimey. Must be manmade climate change. Probably Britains fault for burning a bit of coal 200 years ago.,user_0040,0,2026-08-27,Ugy79-2WBNto5_RSn1V4AaABAg,,"ctx4_gemma_en_topic_none (Gemma-2-9B, no context)","ctx4_gemma_en_root (Gemma-2-9B, root)"
Tracing the deadly path of the Nepal-Tibet flash flooding. #Nepal #Tibet #BBCNews,Ugy79-2WBNto5_RSn1V4AaABAg.Aa1E4P8llqzAa1LXVdm9KR,I'm glad we didn't burn any between 200 years ago and now,india,con,1,0.554483,0.779989,0.7799886101246816,Blimey. Must be manmade climate change. Probably Britains fault for burning a bit of coal 200 years ago.,user_0009,1,2026-08-27,Ugy79-2WBNto5_RSn1V4AaABAg,,"ctx4_gemma_en_topic_none (Gemma-2-9B, no context)","ctx4_gemma_en_root (Gemma-2-9B, root)"
Tracing the deadly path of the Nepal-Tibet flash flooding. #Nepal #Tibet #BBCNews,Ugy79-2WBNto5_RSn1V4AaABAg.Aa1E4P8llqzAa1LXVdm9KR,I'm glad we didn't burn any between 200 years ago and now,hinduism,pro,1,0.760642,0.763488,0.7634882779322142,Blimey. Must be manmade climate change. Probably Britains fault for burning a bit of coal 200 years ago.,user_0009,1,2026-08-27,Ugy79-2WBNto5_RSn1V4AaABAg,,"ctx4_gemma_en_topic_none (Gemma-2-9B, no context)","ctx4_gemma_en_root (Gemma-2-9B, root)"
Tracing the deadly path of the Nepal-Tibet flash flooding. #Nepal #Tibet #BBCNews,Ugy79-2WBNto5_RSn1V4AaABAg.Aa1E4P8llqzAa1LXVdm9KR,I'm glad we didn't burn any between 200 years ago and now,climate change,pro,1,0.853922,0.815236,0.8152362550342647,Blimey. Must be manmade climate change. Probably Britains fault for burning a bit of coal 200 years ago.,user_0009,1,2026-08-27,Ugy79-2WBNto5_RSn1V4AaABAg,,"ctx4_gemma_en_topic_none (Gemma-2-9B, no context)","ctx4_gemma_en_root (Gemma-2-9B, root)"
Tracing the deadly path of the Nepal-Tibet flash flooding. #Nepal #Tibet #BBCNews,Ugy79-2WBNto5_RSn1V4AaABAg.Aa1E4P8llqzAa1OkRG8Eo6,I wonder what kind of things humans were up to that caused the ice age?! 😁,climate change,con,1,0.550601,0.957275,0.9572747350724584,Blimey. Must be manmade climate change. Probably Britains fault for burning a bit of coal 200 years ago.,user_0041,1,2026-08-27,Ugy79-2WBNto5_RSn1V4AaABAg,,"ctx4_gemma_en_topic_none (Gemma-2-9B, no context)","ctx4_gemma_en_root (Gemma-2-9B, root)"
Tracing the deadly path of the Nepal-Tibet flash flooding. #Nepal #Tibet #BBCNews,Ugy79-2WBNto5_RSn1V4AaABAg.Aa1E4P8llqzAa1OkRG8Eo6,I wonder what kind of things humans were up to that caused the ice age?! 😁,existence of god,con,1,0.760642,0.800688,0.8006880124579663,Blimey. Must be manmade climate change. Probably Britains fault for burning a bit of coal 200 years ago.,user_0041,1,2026-08-27,Ugy79-2WBNto5_RSn1V4AaABAg,,"ctx4_gemma_en_topic_none (Gemma-2-9B, no context)","ctx4_gemma_en_root (Gemma-2-9B, root)"
Tracing the deadly path of the Nepal-Tibet flash flooding. #Nepal #Tibet #BBCNews,Ugy79-2WBNto5_RSn1V4AaABAg.Aa1E4P8llqzAa2INIVadpN,@user China burns more every five years than Britain did in the entire Industrial Revolution,united kingdom,pro,1,0.861535,0.67577,0.6757700786651037,Blimey. Must be manmade climate change. Probably Britains fault for burning a bit of coal 200 years ago.,user_0039,0,2026-08-28,Ugy79-2WBNto5_RSn1V4AaABAg,,"ctx4_gemma_en_topic_none (Gemma-2-9B, no context)","ctx4_gemma_en_root (Gemma-2-9B, root)"
Tracing the deadly path of the Nepal-Tibet flash flooding. #Nepal #Tibet #BBCNews,Ugy79-2WBNto5_RSn1V4AaABAg.Aa1E4P8llqzAa2INIVadpN,@user China burns more every five years than Britain did in the entire Industrial Revolution,china,con,1,0.998545,0.993612,0.9936118377760772,Blimey. Must be manmade climate change. Probably Britains fault for burning a bit of coal 200 years ago.,user_0039,0,2026-08-28,Ugy79-2WBNto5_RSn1V4AaABAg,,"ctx4_gemma_en_topic_none (Gemma-2-9B, no context)","ctx4_gemma_en_root (Gemma-2-9B, root)"
Tracing the deadly path of the Nepal-Tibet flash flooding. #Nepal #Tibet #BBCNews,Ugy79-2WBNto5_RSn1V4AaABAg.Aa1E4P8llqzAa2INIVadpN,@user China burns more every five years than Britain did in the entire Industrial Revolution,climate change,pro,1,0.743187,0.897698,0.8976975880458856,Blimey. Must be manmade climate change. Probably Britains fault for burning a bit of coal 200 years ago.,user_0039,0,2026-08-28,Ugy79-2WBNto5_RSn1V4AaABAg,,"ctx4_gemma_en_topic_none (Gemma-2-9B, no context)","ctx4_gemma_en_root (Gemma-2-9B, root)"
Tracing the deadly path of the Nepal-Tibet flash flooding. #Nepal #Tibet #BBCNews,Ugy79-2WBNto5_RSn1V4AaABAg.Aa1E4P8llqzAa3j40l9TBw,@user China is offsetting the entire world emissions,china,con,1,0.709014,0.993903,0.993902740819038,Blimey. Must be manmade climate change. Probably Britains fault for burning a bit of coal 200 years ago.,user_0042,2,2026-08-28,Ugy79-2WBNto5_RSn1V4AaABAg,,"ctx4_gemma_en_topic_none (Gemma-2-9B, no context)","ctx4_gemma_en_root (Gemma-2-9B, root)"
Tracing the deadly path of the Nepal-Tibet flash flooding. #Nepal #Tibet #BBCNews,Ugy79-2WBNto5_RSn1V4AaABAg.Aa1E4P8llqzAa3j40l9TBw,@user China is offsetting the entire world emissions,climate change,con,1,0.817574,0.955319,0.9553191297273498,Blimey. Must be manmade climate change. Probably Britains fault for burning a bit of coal 200 years ago.,user_0042,2,2026-08-28,Ugy79-2WBNto5_RSn1V4AaABAg,,"ctx4_gemma_en_topic_none (Gemma-2-9B, no context)","ctx4_gemma_en_root (Gemma-2-9B, root)"
China hits out at 'illegal' US sanctions on Iran and trading partners | BBC News,UgwH-HVpMMnMPfEUHsl4AaABAg,China demonstrates more integrity than the US,united states,con,1,0.998695,0.991554,0.991554163698843,,user_0043,1931,2026-08-26,UgwH-HVpMMnMPfEUHsl4AaABAg,,"ctx4_gemma_en_topic_none (Gemma-2-9B, no context)","ctx4_gemma_en_root (Gemma-2-9B, root)"
China hits out at 'illegal' US sanctions on Iran and trading partners | BBC News,UgwH-HVpMMnMPfEUHsl4AaABAg,China demonstrates more integrity than the US,china,pro,1,0.995801,0.958541,0.9585407079225332,,user_0043,1931,2026-08-26,UgwH-HVpMMnMPfEUHsl4AaABAg,,"ctx4_gemma_en_topic_none (Gemma-2-9B, no context)","ctx4_gemma_en_root (Gemma-2-9B, root)"
China hits out at 'illegal' US sanctions on Iran and trading partners | BBC News,UgwH-HVpMMnMPfEUHsl4AaABAg,China demonstrates more integrity than the US,sanctions,con,1,0.991938,0.839741,0.8397406965994964,,user_0043,1931,2026-08-26,UgwH-HVpMMnMPfEUHsl4AaABAg,,"ctx4_gemma_en_topic_none (Gemma-2-9B, no context)","ctx4_gemma_en_root (Gemma-2-9B, root)"
China hits out at 'illegal' US sanctions on Iran and trading partners | BBC News,UgwH-HVpMMnMPfEUHsl4AaABAg.A_zjWKbXjO9A_zuSzXdDXV,Integrity and the US are diametrically opposed.,united states,con,1,0.998774,0.995866,0.9958661348302316,China demonstrates more integrity than the US,user_0044,83,2026-08-26,UgwH-HVpMMnMPfEUHsl4AaABAg,,"ctx4_gemma_en_topic_none (Gemma-2-9B, no context)","ctx4_gemma_en_root (Gemma-2-9B, root)"
China hits out at 'illegal' US sanctions on Iran and trading partners | BBC News,UgwH-HVpMMnMPfEUHsl4AaABAg.A_zjWKbXjO9A_zuSzXdDXV,Integrity and the US are diametrically opposed.,sanctions,con,1,0.51562,0.968382,0.968381998197912,China demonstrates more integrity than the US,user_0044,83,2026-08-26,UgwH-HVpMMnMPfEUHsl4AaABAg,,"ctx4_gemma_en_topic_none (Gemma-2-9B, no context)","ctx4_gemma_en_root (Gemma-2-9B, root)"
China hits out at 'illegal' US sanctions on Iran and trading partners | BBC News,UgwH-HVpMMnMPfEUHsl4AaABAg.A_zjWKbXjO9A_zvSVNVAAc,"@user with trump in charge, definitely.",united states,con,1,0.98983,0.967409,0.967409467033432,China demonstrates more integrity than the US,user_0045,16,2026-08-26,UgwH-HVpMMnMPfEUHsl4AaABAg,,"ctx4_gemma_en_topic_none (Gemma-2-9B, no context)","ctx4_gemma_en_root (Gemma-2-9B, root)"
China hits out at 'illegal' US sanctions on Iran and trading partners | BBC News,UgwH-HVpMMnMPfEUHsl4AaABAg.A_zjWKbXjO9A_zvSVNVAAc,"@user with trump in charge, definitely.",sanctions,con,1,0.967901,0.909907,0.9099070060380482,China demonstrates more integrity than the US,user_0045,16,2026-08-26,UgwH-HVpMMnMPfEUHsl4AaABAg,,"ctx4_gemma_en_topic_none (Gemma-2-9B, no context)","ctx4_gemma_en_root (Gemma-2-9B, root)"
China hits out at 'illegal' US sanctions on Iran and trading partners | BBC News,UgwH-HVpMMnMPfEUHsl4AaABAg.A_zjWKbXjO9A_zvSVNVAAc,"@user with trump in charge, definitely.",donald trump,con,1,0.995018,0.913678,0.9136784951866872,China demonstrates more integrity than the US,user_0045,16,2026-08-26,UgwH-HVpMMnMPfEUHsl4AaABAg,,"ctx4_gemma_en_topic_none (Gemma-2-9B, no context)","ctx4_gemma_en_root (Gemma-2-9B, root)"
China hits out at 'illegal' US sanctions on Iran and trading partners | BBC News,UgwH-HVpMMnMPfEUHsl4AaABAg.A_zjWKbXjO9A_zvwcKi-oq,"Ya, thats why Huawei is banned from the US. 

Integrity must = theft to china. Just riding us coat tails trying to steal our good work... right now chinese ai is sifting through better source code from an american ai so it can try to keep up.

So please. Try better china.",united states,pro,1,0.951145,0.957279,0.957278824867106,China demonstrates more integrity than the US,user_0046,5,2026-08-26,UgwH-HVpMMnMPfEUHsl4AaABAg,,"ctx4_gemma_en_topic_none (Gemma-2-9B, no context)","ctx4_gemma_en_root (Gemma-2-9B, root)"
China hits out at 'illegal' US sanctions on Iran and trading partners | BBC News,UgwH-HVpMMnMPfEUHsl4AaABAg.A_zjWKbXjO9A_zvwcKi-oq,"Ya, thats why Huawei is banned from the US. 

Integrity must = theft to china. Just riding us coat tails trying to steal our good work... right now chinese ai is sifting through better source code from an american ai so it can try to keep up.

So please. Try better china.",china,con,1,0.999364,0.997285,0.9972851499083448,China demonstrates more integrity than the US,user_0046,5,2026-08-26,UgwH-HVpMMnMPfEUHsl4AaABAg,,"ctx4_gemma_en_topic_none (Gemma-2-9B, no context)","ctx4_gemma_en_root (Gemma-2-9B, root)"
China hits out at 'illegal' US sanctions on Iran and trading partners | BBC News,UgwH-HVpMMnMPfEUHsl4AaABAg.A_zjWKbXjO9A_zvwcKi-oq,"Ya, thats why Huawei is banned from the US. 

Integrity must = theft to china. Just riding us coat tails trying to steal our good work... right now chinese ai is sifting through better source code from an american ai so it can try to keep up.

So please. Try better china.",sanctions,pro,1,0.955985,0.963782,0.9637816895027226,China demonstrates more integrity than the US,user_0046,5,2026-08-26,UgwH-HVpMMnMPfEUHsl4AaABAg,,"ctx4_gemma_en_topic_none (Gemma-2-9B, no context)","ctx4_gemma_en_root (Gemma-2-9B, root)"
China hits out at 'illegal' US sanctions on Iran and trading partners | BBC News,UgwH-HVpMMnMPfEUHsl4AaABAg.A_zjWKbXjO9A_zw3qOK6CS,@user he says chine-ya the best tho! 😂,china,con,1,0.611376,0.985718,0.9857184180196225,China demonstrates more integrity than the US,user_0046,2,2026-08-26,UgwH-HVpMMnMPfEUHsl4AaABAg,,"ctx4_gemma_en_topic_none (Gemma-2-9B, no context)","ctx4_gemma_en_root (Gemma-2-9B, root)"
China hits out at 'illegal' US sanctions on Iran and trading partners | BBC News,UgwH-HVpMMnMPfEUHsl4AaABAg.A_zjWKbXjO9A_zwQbbryw_,"@user Actually, American AI companies are also copying from China AI ones. It's a real race between the two",united states,con,1,0.959763,0.957912,0.9579122720843812,China demonstrates more integrity than the US,user_0047,10,2026-08-26,UgwH-HVpMMnMPfEUHsl4AaABAg,,"ctx4_gemma_en_topic_none (Gemma-2-9B, no context)","ctx4_gemma_en_root (Gemma-2-9B, root)"
China hits out at 'illegal' US sanctions on Iran and trading partners | BBC News,UgwH-HVpMMnMPfEUHsl4AaABAg.A_zjWKbXjO9A_zwQbbryw_,"@user Actually, American AI companies are also copying from China AI ones. It's a real race between the two",china,pro,1,0.938121,0.980282,0.9802818383836484,China demonstrates more integrity than the US,user_0047,10,2026-08-26,UgwH-HVpMMnMPfEUHsl4AaABAg,,"ctx4_gemma_en_topic_none (Gemma-2-9B, no context)","ctx4_gemma_en_root (Gemma-2-9B, root)"
China hits out at 'illegal' US sanctions on Iran and trading partners | BBC News,UgwH-HVpMMnMPfEUHsl4AaABAg.A_zjWKbXjO9A_zwQbbryw_,"@user Actually, American AI companies are also copying from China AI ones. It's a real race between the two",sanctions,con,1,0.95598,0.546738,0.5467381519846138,China demonstrates more integrity than the US,user_0047,10,2026-08-26,UgwH-HVpMMnMPfEUHsl4AaABAg,,"ctx4_gemma_en_topic_none (Gemma-2-9B, no context)","ctx4_gemma_en_root (Gemma-2-9B, root)"
China hits out at 'illegal' US sanctions on Iran and trading partners | BBC News,UgwH-HVpMMnMPfEUHsl4AaABAg.A_zjWKbXjO9A_zwYmv7lR_,Go live in China and find out.  😂😂😂😂,china,con,1,0.927365,0.977372,0.9773724586915254,China demonstrates more integrity than the US,user_0048,12,2026-08-26,UgwH-HVpMMnMPfEUHsl4AaABAg,,"ctx4_gemma_en_topic_none (Gemma-2-9B, no context)","ctx4_gemma_en_root (Gemma-2-9B, root)"
China hits out at 'illegal' US sanctions on Iran and trading partners | BBC News,UgwH-HVpMMnMPfEUHsl4AaABAg.A_zjWKbXjO9A_zwrpy_H8M,@user not too bad to be frank,united states,pro,1,0.863386,0.843895,0.8438951025545426,China demonstrates more integrity than the US,user_0049,10,2026-08-26,UgwH-HVpMMnMPfEUHsl4AaABAg,,"ctx4_gemma_en_topic_none (Gemma-2-9B, no context)","ctx4_gemma_en_root (Gemma-2-9B, root)"
China hits out at 'illegal' US sanctions on Iran and trading partners | BBC News,UgwH-HVpMMnMPfEUHsl4AaABAg.A_zjWKbXjO9A_zwrpy_H8M,@user not too bad to be frank,iran,pro,1,0.800688,0.955319,0.9553191297273498,China demonstrates more integrity than the US,user_0049,10,2026-08-26,UgwH-HVpMMnMPfEUHsl4AaABAg,,"ctx4_gemma_en_topic_none (Gemma-2-9B, no context)","ctx4_gemma_en_root (Gemma-2-9B, root)"
China hits out at 'illegal' US sanctions on Iran and trading partners | BBC News,UgwH-HVpMMnMPfEUHsl4AaABAg.A_zjWKbXjO9A_zwrpy_H8M,@user not too bad to be frank,sanctions,con,1,0.727961,0.969323,0.9693234549106812,China demonstrates more integrity than the US,user_0049,10,2026-08-26,UgwH-HVpMMnMPfEUHsl4AaABAg,,"ctx4_gemma_en_topic_none (Gemma-2-9B, no context)","ctx4_gemma_en_root (Gemma-2-9B, root)"
China hits out at 'illegal' US sanctions on Iran and trading partners | BBC News,UgwH-HVpMMnMPfEUHsl4AaABAg.A_zjWKbXjO9A_zxK8ye0hQ,"@user @user⁠bro you are like living in the last century. As much as I dislike China, you can no longer use intellectual theft to discredits their innovations ( you can make that claim between 70s-90s ) how can their tech sectors steals something that’s not even available in US ( like claiming Huawaii steals 5g when it wasn’t even available back in the days )",united states,con,1,0.966408,0.991014,0.9910143486274364,"Ya, thats why Huawei is banned from the US. 

Integrity must = theft to china. Just riding us coat tails trying to steal our good work... right now chinese ai is sifting through better source code from an american ai so it can try to keep up.

So please. Try better china.",user_0050,12,2026-08-26,UgwH-HVpMMnMPfEUHsl4AaABAg,,"ctx4_gemma_en_topic_none (Gemma-2-9B, no context)","ctx4_gemma_en_root (Gemma-2-9B, root)"
China hits out at 'illegal' US sanctions on Iran and trading partners | BBC News,UgwH-HVpMMnMPfEUHsl4AaABAg.A_zjWKbXjO9A_zxK8ye0hQ,"@user @user⁠bro you are like living in the last century. As much as I dislike China, you can no longer use intellectual theft to discredits their innovations ( you can make that claim between 70s-90s ) how can their tech sectors steals something that’s not even available in US ( like claiming Huawaii steals 5g when it wasn’t even available back in the days )",china,pro,1,0.633416,0.994445,0.994445075296309,"Ya, thats why Huawei is banned from the US. 

Integrity must = theft to china. Just riding us coat tails trying to steal our good work... right now chinese ai is sifting through better source code from an american ai so it can try to keep up.

So please. Try better china.",user_0050,12,2026-08-26,UgwH-HVpMMnMPfEUHsl4AaABAg,,"ctx4_gemma_en_topic_none (Gemma-2-9B, no context)","ctx4_gemma_en_root (Gemma-2-9B, root)"
China hits out at 'illegal' US sanctions on Iran and trading partners | BBC News,UgwH-HVpMMnMPfEUHsl4AaABAg.A_zjWKbXjO9A_zxK8ye0hQ,"@user @user⁠bro you are like living in the last century. As much as I dislike China, you can no longer use intellectual theft to discredits their innovations ( you can make that claim between 70s-90s ) how can their tech sectors steals something that’s not even available in US ( like claiming Huawaii steals 5g when it wasn’t even available back in the days )",sanctions,con,1,0.981166,0.870592,0.870591635420751,"Ya, thats why Huawei is banned from the US. 

Integrity must = theft to china. Just riding us coat tails trying to steal our good work... right now chinese ai is sifting through better source code from an american ai so it can try to keep up.

So please. Try better china.",user_0050,12,2026-08-26,UgwH-HVpMMnMPfEUHsl4AaABAg,,"ctx4_gemma_en_topic_none (Gemma-2-9B, no context)","ctx4_gemma_en_root (Gemma-2-9B, root)"
China hits out at 'illegal' US sanctions on Iran and trading partners | BBC News,UgwH-HVpMMnMPfEUHsl4AaABAg.A_zjWKbXjO9A_zxncHlZMC,"@user
At least China isn't stupid enough to do what a eighty year old malignant narcissist with dementia says.",united states,con,1,0.99635,0.934398,0.9343982275164976,China demonstrates more integrity than the US,user_0051,0,2026-08-27,UgwH-HVpMMnMPfEUHsl4AaABAg,,"ctx4_gemma_en_topic_none (Gemma-2-9B, no context)","ctx4_gemma_en_root (Gemma-2-9B, root)"
China hits out at 'illegal' US sanctions on Iran and trading partners | BBC News,UgwH-HVpMMnMPfEUHsl4AaABAg.A_zjWKbXjO9A_zxncHlZMC,"@user
At least China isn't stupid enough to do what a eighty year old malignant narcissist with dementia says.",china,pro,1,0.989511,0.97199,0.9719904375892794,China demonstrates more integrity than the US,user_0051,0,2026-08-27,UgwH-HVpMMnMPfEUHsl4AaABAg,,"ctx4_gemma_en_topic_none (Gemma-2-9B, no context)","ctx4_gemma_en_root (Gemma-2-9B, root)"
China hits out at 'illegal' US sanctions on Iran and trading partners | BBC News,UgwH-HVpMMnMPfEUHsl4AaABAg.A_zjWKbXjO9A_zxncHlZMC,"@user
At least China isn't stupid enough to do what a eighty year old malignant narcissist with dementia says.",iran,con,1,0.581297,0.901925,0.9019250994291452,China demonstrates more integrity than the US,user_0051,0,2026-08-27,UgwH-HVpMMnMPfEUHsl4AaABAg,,"ctx4_gemma_en_topic_none (Gemma-2-9B, no context)","ctx4_gemma_en_root (Gemma-2-9B, root)"
China hits out at 'illegal' US sanctions on Iran and trading partners | BBC News,UgwH-HVpMMnMPfEUHsl4AaABAg.A_zjWKbXjO9A_zxncHlZMC,"@user
At least China isn't stupid enough to do what a eighty year old malignant narcissist with dementia says.",sanctions,con,1,0.992767,0.771852,0.771852302775029,China demonstrates more integrity than the US,user_0051,0,2026-08-27,UgwH-HVpMMnMPfEUHsl4AaABAg,,"ctx4_gemma_en_topic_none (Gemma-2-9B, no context)","ctx4_gemma_en_root (Gemma-2-9B, root)"
China hits out at 'illegal' US sanctions on Iran and trading partners | BBC News,UgwH-HVpMMnMPfEUHsl4AaABAg.A_zjWKbXjO9A_zxncHlZMC,"@user
At least China isn't stupid enough to do what a eighty year old malignant narcissist with dementia says.",donald trump,con,1,0.997489,0.654889,0.6548890788296752,China demonstrates more integrity than the US,user_0051,0,2026-08-27,UgwH-HVpMMnMPfEUHsl4AaABAg,,"ctx4_gemma_en_topic_none (Gemma-2-9B, no context)","ctx4_gemma_en_root (Gemma-2-9B, root)"
China hits out at 'illegal' US sanctions on Iran and trading partners | BBC News,UgwH-HVpMMnMPfEUHsl4AaABAg.A_zjWKbXjO9A_zykHTwLGc,Why do there factories have suicide nets?,united states,con,1,0.90862,0.523408,0.5234078763473579,China demonstrates more integrity than the US,user_0052,5,2026-08-27,UgwH-HVpMMnMPfEUHsl4AaABAg,,"ctx4_gemma_en_topic_none (Gemma-2-9B, no context)","ctx4_gemma_en_root (Gemma-2-9B, root)"
China hits out at 'illegal' US sanctions on Iran and trading partners | BBC News,UgwH-HVpMMnMPfEUHsl4AaABAg.A_zjWKbXjO9A_zykHTwLGc,Why do there factories have suicide nets?,china,con,1,0.966408,0.901916,0.9019162534521656,China demonstrates more integrity than the US,user_0052,5,2026-08-27,UgwH-HVpMMnMPfEUHsl4AaABAg,,"ctx4_gemma_en_topic_none (Gemma-2-9B, no context)","ctx4_gemma_en_root (Gemma-2-9B, root)"
China hits out at 'illegal' US sanctions on Iran and trading partners | BBC News,UgwH-HVpMMnMPfEUHsl4AaABAg.A_zjWKbXjO9A_zykHTwLGc,Why do there factories have suicide nets?,iran,con,1,0.874077,0.626118,0.6261183248925526,China demonstrates more integrity than the US,user_0052,5,2026-08-27,UgwH-HVpMMnMPfEUHsl4AaABAg,,"ctx4_gemma_en_topic_none (Gemma-2-9B, no context)","ctx4_gemma_en_root (Gemma-2-9B, root)"
China hits out at 'illegal' US sanctions on Iran and trading partners | BBC News,UgwH-HVpMMnMPfEUHsl4AaABAg.A_zjWKbXjO9A_zykHTwLGc,Why do there factories have suicide nets?,sanctions,con,1,0.893309,0.919635,0.9196351408530667,China demonstrates more integrity than the US,user_0052,5,2026-08-27,UgwH-HVpMMnMPfEUHsl4AaABAg,,"ctx4_gemma_en_topic_none (Gemma-2-9B, no context)","ctx4_gemma_en_root (Gemma-2-9B, root)"
China hits out at 'illegal' US sanctions on Iran and trading partners | BBC News,UgwH-HVpMMnMPfEUHsl4AaABAg.A_zjWKbXjO9A_zyzF4sgKC,@user it’s actually much more advanced than the US. Have you been to China?,united states,con,1,0.996876,0.979355,0.979354574746631,Go live in China and find out.  😂😂😂😂,user_0053,12,2026-08-27,UgwH-HVpMMnMPfEUHsl4AaABAg,,"ctx4_gemma_en_topic_none (Gemma-2-9B, no context)","ctx4_gemma_en_root (Gemma-2-9B, root)"
China hits out at 'illegal' US sanctions on Iran and trading partners | BBC News,UgwH-HVpMMnMPfEUHsl4AaABAg.A_zjWKbXjO9A_zyzF4sgKC,@user it’s actually much more advanced than the US. Have you been to China?,china,pro,1,0.995801,0.982014,0.9820137900379085,Go live in China and find out.  😂😂😂😂,user_0053,12,2026-08-27,UgwH-HVpMMnMPfEUHsl4AaABAg,,"ctx4_gemma_en_topic_none (Gemma-2-9B, no context)","ctx4_gemma_en_root (Gemma-2-9B, root)"
China hits out at 'illegal' US sanctions on Iran and trading partners | BBC News,UgwH-HVpMMnMPfEUHsl4AaABAg.A_zjWKbXjO9A_zyzF4sgKC,@user it’s actually much more advanced than the US. Have you been to China?,iran,pro,1,0.721758,0.72798,0.7279803995576292,Go live in China and find out.  😂😂😂😂,user_0053,12,2026-08-27,UgwH-HVpMMnMPfEUHsl4AaABAg,,"ctx4_gemma_en_topic_none (Gemma-2-9B, no context)","ctx4_gemma_en_root (Gemma-2-9B, root)"
China hits out at 'illegal' US sanctions on Iran and trading partners | BBC News,UgwH-HVpMMnMPfEUHsl4AaABAg.A_zjWKbXjO9A_zz0W0K_gN,"@user Huawei stole a phone from a tech convention in the us. Flew it home, took it apart and returned it only after the heat got so bad that the government got involved.

It had nothing to do with 5g. It was a next generation gorilla glass.

China steals all kinds of crap and has since about forever as far as i can tell. Im not diving into history books about it, but its been pervasive throughout my adulthood. Not some relic of history that stopped when i was a child.

China even got their hands on some of the classified f-35 blueprints which they used to try and learn stealth. Luckily they only got our 2nd tier aircraft becaise it was a joint venture with many nations. Also luckily, china sucks in many areas compared to the us, so they cant even make a good engine for the thing so it just glows on heat sensors for targeting.

But ya, it all stopped in the 90's... 😂😂😂😂",united states,pro,1,0.955319,0.993511,0.9935114080867924,China demonstrates more integrity than the US,user_0046,1,2026-08-27,UgwH-HVpMMnMPfEUHsl4AaABAg,,"ctx4_gemma_en_topic_none (Gemma-2-9B, no context)","ctx4_gemma_en_root (Gemma-2-9B, root)"
China hits out at 'illegal' US sanctions on Iran and trading partners | BBC News,UgwH-HVpMMnMPfEUHsl4AaABAg.A_zjWKbXjO9A_zz0W0K_gN,"@user Huawei stole a phone from a tech convention in the us. Flew it home, took it apart and returned it only after the heat got so bad that the government got involved.

It had nothing to do with 5g. It was a next generation gorilla glass.

China steals all kinds of crap and has since about forever as far as i can tell. Im not diving into history books about it, but its been pervasive throughout my adulthood. Not some relic of history that stopped when i was a child.

China even got their hands on some of the classified f-35 blueprints which they used to try and learn stealth. Luckily they only got our 2nd tier aircraft becaise it was a joint venture with many nations. Also luckily, china sucks in many areas compared to the us, so they cant even make a good engine for the thing so it just glows on heat sensors for targeting.

But ya, it all stopped in the 90's... 😂😂😂😂",china,con,1,0.999208,0.994531,0.994530589415579,China demonstrates more integrity than the US,user_0046,1,2026-08-27,UgwH-HVpMMnMPfEUHsl4AaABAg,,"ctx4_gemma_en_topic_none (Gemma-2-9B, no context)","ctx4_gemma_en_root (Gemma-2-9B, root)"
China hits out at 'illegal' US sanctions on Iran and trading partners | BBC News,UgwH-HVpMMnMPfEUHsl4AaABAg.A_zjWKbXjO9A_zz0W0K_gN,"@user Huawei stole a phone from a tech convention in the us. Flew it home, took it apart and returned it only after the heat got so bad that the government got involved.

It had nothing to do with 5g. It was a next generation gorilla glass.

China steals all kinds of crap and has since about forever as far as i can tell. Im not diving into history books about it, but its been pervasive throughout my adulthood. Not some relic of history that stopped when i was a child.

China even got their hands on some of the classified f-35 blueprints which they used to try and learn stealth. Luckily they only got our 2nd tier aircraft becaise it was a joint venture with many nations. Also luckily, china sucks in many areas compared to the us, so they cant even make a good engine for the thing so it just glows on heat sensors for targeting.

But ya, it all stopped in the 90's... 😂😂😂😂",sanctions,pro,1,0.991152,0.944997,0.9449973106340476,China demonstrates more integrity than the US,user_0046,1,2026-08-27,UgwH-HVpMMnMPfEUHsl4AaABAg,,"ctx4_gemma_en_topic_none (Gemma-2-9B, no context)","ctx4_gemma_en_root (Gemma-2-9B, root)"
China hits out at 'illegal' US sanctions on Iran and trading partners | BBC News,UgwH-HVpMMnMPfEUHsl4AaABAg.A_zjWKbXjO9A_zz2dD10HS,@user what did China steal exactly?,united states,con,1,0.957912,0.618786,0.618786331006552,"Ya, thats why Huawei is banned from the US. 

Integrity must = theft to china. Just riding us coat tails trying to steal our good work... right now chinese ai is sifting through better source code from an american ai so it can try to keep up.

So please. Try better china.",user_0053,1,2026-08-27,UgwH-HVpMMnMPfEUHsl4AaABAg,,"ctx4_gemma_en_topic_none (Gemma-2-9B, no context)","ctx4_gemma_en_root (Gemma-2-9B, root)"
China hits out at 'illegal' US sanctions on Iran and trading partners | BBC News,UgwH-HVpMMnMPfEUHsl4AaABAg.A_zjWKbXjO9A_zz2dD10HS,@user what did China steal exactly?,china,pro,1,0.894797,0.982014,0.9820137900379085,"Ya, thats why Huawei is banned from the US. 

Integrity must = theft to china. Just riding us coat tails trying to steal our good work... right now chinese ai is sifting through better source code from an american ai so it can try to keep up.

So please. Try better china.",user_0053,1,2026-08-27,UgwH-HVpMMnMPfEUHsl4AaABAg,,"ctx4_gemma_en_topic_none (Gemma-2-9B, no context)","ctx4_gemma_en_root (Gemma-2-9B, root)"
China hits out at 'illegal' US sanctions on Iran and trading partners | BBC News,UgwH-HVpMMnMPfEUHsl4AaABAg.A_zjWKbXjO9A_zz2dD10HS,@user what did China steal exactly?,sanctions,con,1,0.944176,0.875795,0.8757951502282696,"Ya, thats why Huawei is banned from the US. 

Integrity must = theft to china. Just riding us coat tails trying to steal our good work... right now chinese ai is sifting through better source code from an american ai so it can try to keep up.

So please. Try better china.",user_0053,1,2026-08-27,UgwH-HVpMMnMPfEUHsl4AaABAg,,"ctx4_gemma_en_topic_none (Gemma-2-9B, no context)","ctx4_gemma_en_root (Gemma-2-9B, root)"
China hits out at 'illegal' US sanctions on Iran and trading partners | BBC News,UgwH-HVpMMnMPfEUHsl4AaABAg.A_zjWKbXjO9A_zzgfekADG,"@user A lot. I just posted 2 things in this thread, but its a drop in the bucket. Feel free to skim the chats.",united states,con,1,0.992184,0.837617,0.8376165629855797,China demonstrates more integrity than the US,user_0046,1,2026-08-27,UgwH-HVpMMnMPfEUHsl4AaABAg,,"ctx4_gemma_en_topic_none (Gemma-2-9B, no context)","ctx4_gemma_en_root (Gemma-2-9B, root)"
China hits out at 'illegal' US sanctions on Iran and trading partners | BBC News,UgwH-HVpMMnMPfEUHsl4AaABAg.A_zjWKbXjO9A_zzgfekADG,"@user A lot. I just posted 2 things in this thread, but its a drop in the bucket. Feel free to skim the chats.",iran,pro,1,0.709014,0.938127,0.938126916580184,China demonstrates more integrity than the US,user_0046,1,2026-08-27,UgwH-HVpMMnMPfEUHsl4AaABAg,,"ctx4_gemma_en_topic_none (Gemma-2-9B, no context)","ctx4_gemma_en_root (Gemma-2-9B, root)"
China hits out at 'illegal' US sanctions on Iran and trading partners | BBC News,UgwH-HVpMMnMPfEUHsl4AaABAg.A_zjWKbXjO9A_zzgfekADG,"@user A lot. I just posted 2 things in this thread, but its a drop in the bucket. Feel free to skim the chats.",sanctions,con,1,0.974437,0.817574,0.8175744761936437,China demonstrates more integrity than the US,user_0046,1,2026-08-27,UgwH-HVpMMnMPfEUHsl4AaABAg,,"ctx4_gemma_en_topic_none (Gemma-2-9B, no context)","ctx4_gemma_en_root (Gemma-2-9B, root)"
China hits out at 'illegal' US sanctions on Iran and trading partners | BBC News,UgwH-HVpMMnMPfEUHsl4AaABAg.A_zjWKbXjO9A_zzlD-FlWF,@user thats at an apple factory,united states,con,1,0.976309,0.849974,0.8499743636340876,China demonstrates more integrity than the US,user_0054,2,2026-08-27,UgwH-HVpMMnMPfEUHsl4AaABAg,,"ctx4_gemma_en_topic_none (Gemma-2-9B, no context)","ctx4_gemma_en_root (Gemma-2-9B, root)"
China hits out at 'illegal' US sanctions on Iran and trading partners | BBC News,UgwH-HVpMMnMPfEUHsl4AaABAg.A_zjWKbXjO9A_zzlD-FlWF,@user thats at an apple factory,china,con,1,0.817574,0.769094,0.7690935564888742,China demonstrates more integrity than the US,user_0054,2,2026-08-27,UgwH-HVpMMnMPfEUHsl4AaABAg,,"ctx4_gemma_en_topic_none (Gemma-2-9B, no context)","ctx4_gemma_en_root (Gemma-2-9B, root)"
China hits out at 'illegal' US sanctions on Iran and trading partners | BBC News,UgwH-HVpMMnMPfEUHsl4AaABAg.A_zjWKbXjO9A_zzlD-FlWF,@user thats at an apple factory,iran,con,1,0.774588,0.955323,0.9553233979820148,China demonstrates more integrity than the US,user_0054,2,2026-08-27,UgwH-HVpMMnMPfEUHsl4AaABAg,,"ctx4_gemma_en_topic_none (Gemma-2-9B, no context)","ctx4_gemma_en_root (Gemma-2-9B, root)"
China hits out at 'illegal' US sanctions on Iran and trading partners | BBC News,UgwH-HVpMMnMPfEUHsl4AaABAg.A_zjWKbXjO9A_zzlD-FlWF,@user thats at an apple factory,sanctions,con,1,0.939913,0.989013,0.9890130573694068,China demonstrates more integrity than the US,user_0054,2,2026-08-27,UgwH-HVpMMnMPfEUHsl4AaABAg,,"ctx4_gemma_en_topic_none (Gemma-2-9B, no context)","ctx4_gemma_en_root (Gemma-2-9B, root)"
China hits out at 'illegal' US sanctions on Iran and trading partners | BBC News,UgwH-HVpMMnMPfEUHsl4AaABAg.A_zjWKbXjO9Aa--1qNUssx,Iran shows more integrity than the USA.,united states,con,1,0.99883,0.985936,0.9859363729567544,China demonstrates more integrity than the US,user_0055,30,2026-08-27,UgwH-HVpMMnMPfEUHsl4AaABAg,,"ctx4_gemma_en_topic_none (Gemma-2-9B, no context)","ctx4_gemma_en_root (Gemma-2-9B, root)"
China hits out at 'illegal' US sanctions on Iran and trading partners | BBC News,UgwH-HVpMMnMPfEUHsl4AaABAg.A_zjWKbXjO9Aa--1qNUssx,Iran shows more integrity than the USA.,iran,pro,1,0.997243,0.996462,0.9964618258026174,China demonstrates more integrity than the US,user_0055,30,2026-08-27,UgwH-HVpMMnMPfEUHsl4AaABAg,,"ctx4_gemma_en_topic_none (Gemma-2-9B, no context)","ctx4_gemma_en_root (Gemma-2-9B, root)"
China hits out at 'illegal' US sanctions on Iran and trading partners | BBC News,UgwH-HVpMMnMPfEUHsl4AaABAg.A_zjWKbXjO9Aa--1qNUssx,Iran shows more integrity than the USA.,sanctions,con,1,0.994358,0.885624,0.885623876970992,China demonstrates more integrity than the US,user_0055,30,2026-08-27,UgwH-HVpMMnMPfEUHsl4AaABAg,,"ctx4_gemma_en_topic_none (Gemma-2-9B, no context)","ctx4_gemma_en_root (Gemma-2-9B, root)"
China hits out at 'illegal' US sanctions on Iran and trading partners | BBC News,UgwH-HVpMMnMPfEUHsl4AaABAg.A_zjWKbXjO9Aa--LuZwAOJ,You’re an idiot. China steals intellectual property and cheats tbe system.  You don’t know what you’re talking about.,united states,pro,1,0.932453,0.937209,0.9372093202187712,China demonstrates more integrity than the US,user_0056,7,2026-08-27,UgwH-HVpMMnMPfEUHsl4AaABAg,,"ctx4_gemma_en_topic_none (Gemma-2-9B, no context)","ctx4_gemma_en_root (Gemma-2-9B, root)"
China hits out at 'illegal' US sanctions on Iran and trading partners | BBC News,UgwH-HVpMMnMPfEUHsl4AaABAg.A_zjWKbXjO9Aa--LuZwAOJ,You’re an idiot. China steals intellectual property and cheats tbe system.  You don’t know what you’re talking about.,china,con,1,0.999089,0.986571,0.9865707516265178,China demonstrates more integrity than the US,user_0056,7,2026-08-27,UgwH-HVpMMnMPfEUHsl4AaABAg,,"ctx4_gemma_en_topic_none (Gemma-2-9B, no context)","ctx4_gemma_en_root (Gemma-2-9B, root)"
China hits out at 'illegal' US sanctions on Iran and trading partners | BBC News,UgwH-HVpMMnMPfEUHsl4AaABAg.A_zjWKbXjO9Aa--LuZwAOJ,You’re an idiot. China steals intellectual property and cheats tbe system.  You don’t know what you’re talking about.,sanctions,pro,1,0.957912,0.95041,0.9504097987539062,China demonstrates more integrity than the US,user_0056,7,2026-08-27,UgwH-HVpMMnMPfEUHsl4AaABAg,,"ctx4_gemma_en_topic_none (Gemma-2-9B, no context)","ctx4_gemma_en_root (Gemma-2-9B, root)"
China hits out at 'illegal' US sanctions on Iran and trading partners | BBC News,UgwH-HVpMMnMPfEUHsl4AaABAg.A_zjWKbXjO9Aa--SykkDOx,@user I bet you posted these dumbass comments from a Chinese made phone lol😂,united states,con,1,0.654889,0.618786,0.618786331006552,"Ya, thats why Huawei is banned from the US. 

Integrity must = theft to china. Just riding us coat tails trying to steal our good work... right now chinese ai is sifting through better source code from an american ai so it can try to keep up.

So please. Try better china.",user_0053,1,2026-08-27,UgwH-HVpMMnMPfEUHsl4AaABAg,,"ctx4_gemma_en_topic_none (Gemma-2-9B, no context)","ctx4_gemma_en_root (Gemma-2-9B, root)"
China hits out at 'illegal' US sanctions on Iran and trading partners | BBC News,UgwH-HVpMMnMPfEUHsl4AaABAg.A_zjWKbXjO9Aa--SykkDOx,@user I bet you posted these dumbass comments from a Chinese made phone lol😂,china,con,1,0.939021,0.959152,0.9591523251779088,"Ya, thats why Huawei is banned from the US. 

Integrity must = theft to china. Just riding us coat tails trying to steal our good work... right now chinese ai is sifting through better source code from an american ai so it can try to keep up.

So please. Try better china.",user_0053,1,2026-08-27,UgwH-HVpMMnMPfEUHsl4AaABAg,,"ctx4_gemma_en_topic_none (Gemma-2-9B, no context)","ctx4_gemma_en_root (Gemma-2-9B, root)"
China hits out at 'illegal' US sanctions on Iran and trading partners | BBC News,UgwH-HVpMMnMPfEUHsl4AaABAg.A_zjWKbXjO9Aa--SykkDOx,@user I bet you posted these dumbass comments from a Chinese made phone lol😂,iran,con,1,0.913678,0.6002,0.600200357314733,"Ya, thats why Huawei is banned from the US. 

Integrity must = theft to china. Just riding us coat tails trying to steal our good work... right now chinese ai is sifting through better source code from an american ai so it can try to keep up.

So please. Try better china.",user_0053,1,2026-08-27,UgwH-HVpMMnMPfEUHsl4AaABAg,,"ctx4_gemma_en_topic_none (Gemma-2-9B, no context)","ctx4_gemma_en_root (Gemma-2-9B, root)"
China hits out at 'illegal' US sanctions on Iran and trading partners | BBC News,UgwH-HVpMMnMPfEUHsl4AaABAg.A_zjWKbXjO9Aa--SykkDOx,@user I bet you posted these dumbass comments from a Chinese made phone lol😂,sanctions,con,1,0.835484,0.709014,0.7090139759830986,"Ya, thats why Huawei is banned from the US. 

Integrity must = theft to china. Just riding us coat tails trying to steal our good work... right now chinese ai is sifting through better source code from an american ai so it can try to keep up.

So please. Try better china.",user_0053,1,2026-08-27,UgwH-HVpMMnMPfEUHsl4AaABAg,,"ctx4_gemma_en_topic_none (Gemma-2-9B, no context)","ctx4_gemma_en_root (Gemma-2-9B, root)"
China hits out at 'illegal' US sanctions on Iran and trading partners | BBC News,UgwH-HVpMMnMPfEUHsl4AaABAg.A_zjWKbXjO9Aa--Tu6z1aC,"@user Stop lying to the people. There has been 0 evidence found of american tech companies stealing chinese Ai source code. Meanwhile american source code has been uncovered directly copy pasted into chinese Ai.

The dynamic is only working one way and china is riding US coatails, again... as per usual.

The only thing china does better than america is take ownership of other nations natural resources. But dont worry, were stopping those cartels they fund in south america and reclaiming the resources for their prospective nations. China bad...",united states,pro,1,0.993807,0.990292,0.990291523518526,China demonstrates more integrity than the US,user_0046,1,2026-08-27,UgwH-HVpMMnMPfEUHsl4AaABAg,,"ctx4_gemma_en_topic_none (Gemma-2-9B, no context)","ctx4_gemma_en_root (Gemma-2-9B, root)"
China hits out at 'illegal' US sanctions on Iran and trading partners | BBC News,UgwH-HVpMMnMPfEUHsl4AaABAg.A_zjWKbXjO9Aa--Tu6z1aC,"@user Stop lying to the people. There has been 0 evidence found of american tech companies stealing chinese Ai source code. Meanwhile american source code has been uncovered directly copy pasted into chinese Ai.

The dynamic is only working one way and china is riding US coatails, again... as per usual.

The only thing china does better than america is take ownership of other nations natural resources. But dont worry, were stopping those cartels they fund in south america and reclaiming the resources for their prospective nations. China bad...",china,con,1,0.999504,0.996925,0.9969247834417404,China demonstrates more integrity than the US,user_0046,1,2026-08-27,UgwH-HVpMMnMPfEUHsl4AaABAg,,"ctx4_gemma_en_topic_none (Gemma-2-9B, no context)","ctx4_gemma_en_root (Gemma-2-9B, root)"
China hits out at 'illegal' US sanctions on Iran and trading partners | BBC News,UgwH-HVpMMnMPfEUHsl4AaABAg.A_zjWKbXjO9Aa--Tu6z1aC,"@user Stop lying to the people. There has been 0 evidence found of american tech companies stealing chinese Ai source code. Meanwhile american source code has been uncovered directly copy pasted into chinese Ai.

The dynamic is only working one way and china is riding US coatails, again... as per usual.

The only thing china does better than america is take ownership of other nations natural resources. But dont worry, were stopping those cartels they fund in south america and reclaiming the resources for their prospective nations. China bad...",sanctions,pro,1,0.98776,0.96323,0.963229648477336,China demonstrates more integrity than the US,user_0046,1,2026-08-27,UgwH-HVpMMnMPfEUHsl4AaABAg,,"ctx4_gemma_en_topic_none (Gemma-2-9B, no context)","ctx4_gemma_en_root (Gemma-2-9B, root)"
China hits out at 'illegal' US sanctions on Iran and trading partners | BBC News,UgwH-HVpMMnMPfEUHsl4AaABAg.A_zjWKbXjO9Aa-06R6ahpx,"@user
@user is another one who has been fed an unhealthy diet of US propaganda. I suggest you get your news and information from a wider variety of sources, perspectives and countries to avoid such crippling ignorance. China is more advanced than the US and is pulling away, while the USA looks and slides backwards. Uneducated MAGA fascism is driving the US decline. @user needs to do better than spout the fascists' talking points.",united states,con,1,0.996876,0.999279,0.9992791079482144,"Ya, thats why Huawei is banned from the US. 

Integrity must = theft to china. Just riding us coat tails trying to steal our good work... right now chinese ai is sifting through better source code from an american ai so it can try to keep up.

So please. Try better china.",user_0055,4,2026-08-27,UgwH-HVpMMnMPfEUHsl4AaABAg,,"ctx4_gemma_en_topic_none (Gemma-2-9B, no context)","ctx4_gemma_en_root (Gemma-2-9B, root)"
China hits out at 'illegal' US sanctions on Iran and trading partners | BBC News,UgwH-HVpMMnMPfEUHsl4AaABAg.A_zjWKbXjO9Aa-06R6ahpx,"@user
@user is another one who has been fed an unhealthy diet of US propaganda. I suggest you get your news and information from a wider variety of sources, perspectives and countries to avoid such crippling ignorance. China is more advanced than the US and is pulling away, while the USA looks and slides backwards. Uneducated MAGA fascism is driving the US decline. @user needs to do better than spout the fascists' talking points.",china,pro,1,0.999221,0.993902,0.9939021347808452,"Ya, thats why Huawei is banned from the US. 

Integrity must = theft to china. Just riding us coat tails trying to steal our good work... right now chinese ai is sifting through better source code from an american ai so it can try to keep up.

So please. Try better china.",user_0055,4,2026-08-27,UgwH-HVpMMnMPfEUHsl4AaABAg,,"ctx4_gemma_en_topic_none (Gemma-2-9B, no context)","ctx4_gemma_en_root (Gemma-2-9B, root)"
China hits out at 'illegal' US sanctions on Iran and trading partners | BBC News,UgwH-HVpMMnMPfEUHsl4AaABAg.A_zjWKbXjO9Aa-06R6ahpx,"@user
@user is another one who has been fed an unhealthy diet of US propaganda. I suggest you get your news and information from a wider variety of sources, perspectives and countries to avoid such crippling ignorance. China is more advanced than the US and is pulling away, while the USA looks and slides backwards. Uneducated MAGA fascism is driving the US decline. @user needs to do better than spout the fascists' talking points.",iran,pro,1,0.979976,0.72488,0.7248802477326522,"Ya, thats why Huawei is banned from the US. 

Integrity must = theft to china. Just riding us coat tails trying to steal our good work... right now chinese ai is sifting through better source code from an american ai so it can try to keep up.

So please. Try better china.",user_0055,4,2026-08-27,UgwH-HVpMMnMPfEUHsl4AaABAg,,"ctx4_gemma_en_topic_none (Gemma-2-9B, no context)","ctx4_gemma_en_root (Gemma-2-9B, root)"
China hits out at 'illegal' US sanctions on Iran and trading partners | BBC News,UgwH-HVpMMnMPfEUHsl4AaABAg.A_zjWKbXjO9Aa-06R6ahpx,"@user
@user is another one who has been fed an unhealthy diet of US propaganda. I suggest you get your news and information from a wider variety of sources, perspectives and countries to avoid such crippling ignorance. China is more advanced than the US and is pulling away, while the USA looks and slides backwards. Uneducated MAGA fascism is driving the US decline. @user needs to do better than spout the fascists' talking points.",sanctions,con,1,0.994269,0.872339,0.8723390226375306,"Ya, thats why Huawei is banned from the US. 

Integrity must = theft to china. Just riding us coat tails trying to steal our good work... right now chinese ai is sifting through better source code from an american ai so it can try to keep up.

So please. Try better china.",user_0055,4,2026-08-27,UgwH-HVpMMnMPfEUHsl4AaABAg,,"ctx4_gemma_en_topic_none (Gemma-2-9B, no context)","ctx4_gemma_en_root (Gemma-2-9B, root)"
China hits out at 'illegal' US sanctions on Iran and trading partners | BBC News,UgwH-HVpMMnMPfEUHsl4AaABAg.A_zjWKbXjO9Aa-06R6ahpx,"@user
@user is another one who has been fed an unhealthy diet of US propaganda. I suggest you get your news and information from a wider variety of sources, perspectives and countries to avoid such crippling ignorance. China is more advanced than the US and is pulling away, while the USA looks and slides backwards. Uneducated MAGA fascism is driving the US decline. @user needs to do better than spout the fascists' talking points.",right-wing politics,con,1,0.998716,0.948152,0.948152075419432,"Ya, thats why Huawei is banned from the US. 

Integrity must = theft to china. Just riding us coat tails trying to steal our good work... right now chinese ai is sifting through better source code from an american ai so it can try to keep up.

So please. Try better china.",user_0055,4,2026-08-27,UgwH-HVpMMnMPfEUHsl4AaABAg,,"ctx4_gemma_en_topic_none (Gemma-2-9B, no context)","ctx4_gemma_en_root (Gemma-2-9B, root)"
China hits out at 'illegal' US sanctions on Iran and trading partners | BBC News,UgwH-HVpMMnMPfEUHsl4AaABAg.A_zjWKbXjO9Aa-06R6ahpx,"@user
@user is another one who has been fed an unhealthy diet of US propaganda. I suggest you get your news and information from a wider variety of sources, perspectives and countries to avoid such crippling ignorance. China is more advanced than the US and is pulling away, while the USA looks and slides backwards. Uneducated MAGA fascism is driving the US decline. @user needs to do better than spout the fascists' talking points.",donald trump,con,1,0.997285,0.958541,0.9585407079225332,"Ya, thats why Huawei is banned from the US. 

Integrity must = theft to china. Just riding us coat tails trying to steal our good work... right now chinese ai is sifting through better source code from an american ai so it can try to keep up.

So please. Try better china.",user_0055,4,2026-08-27,UgwH-HVpMMnMPfEUHsl4AaABAg,,"ctx4_gemma_en_topic_none (Gemma-2-9B, no context)","ctx4_gemma_en_root (Gemma-2-9B, root)"
China hits out at 'illegal' US sanctions on Iran and trading partners | BBC News,UgwH-HVpMMnMPfEUHsl4AaABAg.A_zjWKbXjO9Aa-0CsJQJTu,😂😂😂😂lol,united states,con,1,0.987758,0.746134,0.7461342576117092,China demonstrates more integrity than the US,user_0057,1,2026-08-27,UgwH-HVpMMnMPfEUHsl4AaABAg,,"ctx4_gemma_en_topic_none (Gemma-2-9B, no context)","ctx4_gemma_en_root (Gemma-2-9B, root)"
China hits out at 'illegal' US sanctions on Iran and trading partners | BBC News,UgwH-HVpMMnMPfEUHsl4AaABAg.A_zjWKbXjO9Aa-0CsJQJTu,😂😂😂😂lol,iran,con,1,0.787931,0.962108,0.9621084847746292,China demonstrates more integrity than the US,user_0057,1,2026-08-27,UgwH-HVpMMnMPfEUHsl4AaABAg,,"ctx4_gemma_en_topic_none (Gemma-2-9B, no context)","ctx4_gemma_en_root (Gemma-2-9B, root)"
China hits out at 'illegal' US sanctions on Iran and trading partners | BBC News,UgwH-HVpMMnMPfEUHsl4AaABAg.A_zjWKbXjO9Aa-0CsJQJTu,😂😂😂😂lol,sanctions,con,1,0.971128,0.959763,0.9597630228365518,China demonstrates more integrity than the US,user_0057,1,2026-08-27,UgwH-HVpMMnMPfEUHsl4AaABAg,,"ctx4_gemma_en_topic_none (Gemma-2-9B, no context)","ctx4_gemma_en_root (Gemma-2-9B, root)"
China hits out at 'illegal' US sanctions on Iran and trading partners | BBC News,UgwH-HVpMMnMPfEUHsl4AaABAg.A_zjWKbXjO9Aa-0DAuQaIl,@user Then show us the proof!,united states,con,1,0.550601,0.644237,0.6442365663596605,You’re an idiot. China steals intellectual property and cheats tbe system.  You don’t know what you’re talking about.,user_0058,4,2026-08-27,UgwH-HVpMMnMPfEUHsl4AaABAg,,"ctx4_gemma_en_topic_none (Gemma-2-9B, no context)","ctx4_gemma_en_root (Gemma-2-9B, root)"
China hits out at 'illegal' US sanctions on Iran and trading partners | BBC News,UgwH-HVpMMnMPfEUHsl4AaABAg.A_zjWKbXjO9Aa-0DAuQaIl,@user Then show us the proof!,iran,con,1,0.879149,0.793098,0.793097746618804,You’re an idiot. China steals intellectual property and cheats tbe system.  You don’t know what you’re talking about.,user_0058,4,2026-08-27,UgwH-HVpMMnMPfEUHsl4AaABAg,,"ctx4_gemma_en_topic_none (Gemma-2-9B, no context)","ctx4_gemma_en_root (Gemma-2-9B, root)"
China hits out at 'illegal' US sanctions on Iran and trading partners | BBC News,UgwH-HVpMMnMPfEUHsl4AaABAg.A_zjWKbXjO9Aa-0DAuQaIl,@user Then show us the proof!,sanctions,con,1,0.80562,0.893309,0.8933094060543487,You’re an idiot. China steals intellectual property and cheats tbe system.  You don’t know what you’re talking about.,user_0058,4,2026-08-27,UgwH-HVpMMnMPfEUHsl4AaABAg,,"ctx4_gemma_en_topic_none (Gemma-2-9B, no context)","ctx4_gemma_en_root (Gemma-2-9B, root)"
China hits out at 'illegal' US sanctions on Iran and trading partners | BBC News,UgwH-HVpMMnMPfEUHsl4AaABAg.A_zjWKbXjO9Aa-0RNTKas9,"@user How can China steal things that others don't have, such as new energy vehicles and AI? If China can do it, then any country can do it too. Why don't they do it? It is true that China is superior to other countries in terms of practicality and advancement. China is extremely advanced. You should go and visit China yourself.",united states,con,1,0.996925,0.867036,0.8670357598021706,You’re an idiot. China steals intellectual property and cheats tbe system.  You don’t know what you’re talking about.,user_0059,5,2026-08-27,UgwH-HVpMMnMPfEUHsl4AaABAg,,"ctx4_gemma_en_topic_none (Gemma-2-9B, no context)","ctx4_gemma_en_root (Gemma-2-9B, root)"
China hits out at 'illegal' US sanctions on Iran and trading partners | BBC News,UgwH-HVpMMnMPfEUHsl4AaABAg.A_zjWKbXjO9Aa-0RNTKas9,"@user How can China steal things that others don't have, such as new energy vehicles and AI? If China can do it, then any country can do it too. Why don't they do it? It is true that China is superior to other countries in terms of practicality and advancement. China is extremely advanced. You should go and visit China yourself.",china,pro,1,0.998567,0.995532,0.9955318381488886,You’re an idiot. China steals intellectual property and cheats tbe system.  You don’t know what you’re talking about.,user_0059,5,2026-08-27,UgwH-HVpMMnMPfEUHsl4AaABAg,,"ctx4_gemma_en_topic_none (Gemma-2-9B, no context)","ctx4_gemma_en_root (Gemma-2-9B, root)"
China hits out at 'illegal' US sanctions on Iran and trading partners | BBC News,UgwH-HVpMMnMPfEUHsl4AaABAg.A_zjWKbXjO9Aa-0RNTKas9,"@user How can China steal things that others don't have, such as new energy vehicles and AI? If China can do it, then any country can do it too. Why don't they do it? It is true that China is superior to other countries in terms of practicality and advancement. China is extremely advanced. You should go and visit China yourself.",sanctions,con,1,0.979668,0.581297,0.5812970058867594,You’re an idiot. China steals intellectual property and cheats tbe system.  You don’t know what you’re talking about.,user_0059,5,2026-08-27,UgwH-HVpMMnMPfEUHsl4AaABAg,,"ctx4_gemma_en_topic_none (Gemma-2-9B, no context)","ctx4_gemma_en_root (Gemma-2-9B, root)"
China hits out at 'illegal' US sanctions on Iran and trading partners | BBC News,UgwH-HVpMMnMPfEUHsl4AaABAg.A_zjWKbXjO9Aa-0S0Jlw0B,@user You can tell from what you’ve said that you’ve definitely never been to China.,united states,con,1,0.943348,0.810475,0.810475068569334,Go live in China and find out.  😂😂😂😂,user_0058,4,2026-08-27,UgwH-HVpMMnMPfEUHsl4AaABAg,,"ctx4_gemma_en_topic_none (Gemma-2-9B, no context)","ctx4_gemma_en_root (Gemma-2-9B, root)"
China hits out at 'illegal' US sanctions on Iran and trading partners | BBC News,UgwH-HVpMMnMPfEUHsl4AaABAg.A_zjWKbXjO9Aa-0S0Jlw0B,@user You can tell from what you’ve said that you’ve definitely never been to China.,china,pro,1,0.658406,0.982287,0.9822872663270144,Go live in China and find out.  😂😂😂😂,user_0058,4,2026-08-27,UgwH-HVpMMnMPfEUHsl4AaABAg,,"ctx4_gemma_en_topic_none (Gemma-2-9B, no context)","ctx4_gemma_en_root (Gemma-2-9B, root)"
China hits out at 'illegal' US sanctions on Iran and trading partners | BBC News,UgwH-HVpMMnMPfEUHsl4AaABAg.A_zjWKbXjO9Aa-18wBjw9b,"@user ya I mean look at their proxy, Gaza... Integrity sure dont mean what it used to I guess.

Welcome to the mind of the left! 😂😂😂 More sane than a mexican stand off i guess. You've got something going for you. I just wish you had more substance jack.",united states,con,1,0.986571,0.57366,0.573660064489236,China demonstrates more integrity than the US,user_0046,3,2026-08-27,UgwH-HVpMMnMPfEUHsl4AaABAg,,"ctx4_gemma_en_topic_none (Gemma-2-9B, no context)","ctx4_gemma_en_root (Gemma-2-9B, root)"
China hits out at 'illegal' US sanctions on Iran and trading partners | BBC News,UgwH-HVpMMnMPfEUHsl4AaABAg.A_zjWKbXjO9Aa-18wBjw9b,"@user ya I mean look at their proxy, Gaza... Integrity sure dont mean what it used to I guess.

Welcome to the mind of the left! 😂😂😂 More sane than a mexican stand off i guess. You've got something going for you. I just wish you had more substance jack.",israel,con,1,0.987758,0.979037,0.979036785394364,China demonstrates more integrity than the US,user_0046,3,2026-08-27,UgwH-HVpMMnMPfEUHsl4AaABAg,,"ctx4_gemma_en_topic_none (Gemma-2-9B, no context)","ctx4_gemma_en_root (Gemma-2-9B, root)"
China hits out at 'illegal' US sanctions on Iran and trading partners | BBC News,UgwH-HVpMMnMPfEUHsl4AaABAg.A_zjWKbXjO9Aa-18wBjw9b,"@user ya I mean look at their proxy, Gaza... Integrity sure dont mean what it used to I guess.

Welcome to the mind of the left! 😂😂😂 More sane than a mexican stand off i guess. You've got something going for you. I just wish you had more substance jack.",palestine,con,1,0.99371,0.962673,0.9626731126558706,China demonstrates more integrity than the US,user_0046,3,2026-08-27,UgwH-HVpMMnMPfEUHsl4AaABAg,,"ctx4_gemma_en_topic_none (Gemma-2-9B, no context)","ctx4_gemma_en_root (Gemma-2-9B, root)"
China hits out at 'illegal' US sanctions on Iran and trading partners | BBC News,UgwH-HVpMMnMPfEUHsl4AaABAg.A_zjWKbXjO9Aa-18wBjw9b,"@user ya I mean look at their proxy, Gaza... Integrity sure dont mean what it used to I guess.

Welcome to the mind of the left! 😂😂😂 More sane than a mexican stand off i guess. You've got something going for you. I just wish you had more substance jack.",iran,con,1,0.992988,0.996234,0.9962344924332766,China demonstrates more integrity than the US,user_0046,3,2026-08-27,UgwH-HVpMMnMPfEUHsl4AaABAg,,"ctx4_gemma_en_topic_none (Gemma-2-9B, no context)","ctx4_gemma_en_root (Gemma-2-9B, root)"
China hits out at 'illegal' US sanctions on Iran and trading partners | BBC News,UgwH-HVpMMnMPfEUHsl4AaABAg.A_zjWKbXjO9Aa-18wBjw9b,"@user ya I mean look at their proxy, Gaza... Integrity sure dont mean what it used to I guess.

Welcome to the mind of the left! 😂😂😂 More sane than a mexican stand off i guess. You've got something going for you. I just wish you had more substance jack.",sanctions,con,1,0.897698,0.946597,0.9465966702001756,China demonstrates more integrity than the US,user_0046,3,2026-08-27,UgwH-HVpMMnMPfEUHsl4AaABAg,,"ctx4_gemma_en_topic_none (Gemma-2-9B, no context)","ctx4_gemma_en_root (Gemma-2-9B, root)"
China hits out at 'illegal' US sanctions on Iran and trading partners | BBC News,UgwH-HVpMMnMPfEUHsl4AaABAg.A_zjWKbXjO9Aa-18wBjw9b,"@user ya I mean look at their proxy, Gaza... Integrity sure dont mean what it used to I guess.

Welcome to the mind of the left! 😂😂😂 More sane than a mexican stand off i guess. You've got something going for you. I just wish you had more substance jack.",left-wing politics,con,1,0.884034,0.849974,0.8499743636340876,China demonstrates more integrity than the US,user_0046,3,2026-08-27,UgwH-HVpMMnMPfEUHsl4AaABAg,,"ctx4_gemma_en_topic_none (Gemma-2-9B, no context)","ctx4_gemma_en_root (Gemma-2-9B, root)"
China hits out at 'illegal' US sanctions on Iran and trading partners | BBC News,UgwH-HVpMMnMPfEUHsl4AaABAg.A_zjWKbXjO9Aa-1E4tvcjr,An estimated 5.8 million people live in modern slavery in China on any given day. But yeah keep glazing them,united states,con,1,0.978387,0.527323,0.5273227547205004,China demonstrates more integrity than the US,user_0060,4,2026-08-27,UgwH-HVpMMnMPfEUHsl4AaABAg,,"ctx4_gemma_en_topic_none (Gemma-2-9B, no context)","ctx4_gemma_en_root (Gemma-2-9B, root)"
China hits out at 'illegal' US sanctions on Iran and trading partners | BBC News,UgwH-HVpMMnMPfEUHsl4AaABAg.A_zjWKbXjO9Aa-1E4tvcjr,An estimated 5.8 million people live in modern slavery in China on any given day. But yeah keep glazing them,china,con,1,0.997065,0.984575,0.9845746885679972,China demonstrates more integrity than the US,user_0060,4,2026-08-27,UgwH-HVpMMnMPfEUHsl4AaABAg,,"ctx4_gemma_en_topic_none (Gemma-2-9B, no context)","ctx4_gemma_en_root (Gemma-2-9B, root)"
China hits out at 'illegal' US sanctions on Iran and trading partners | BBC News,UgwH-HVpMMnMPfEUHsl4AaABAg.A_zjWKbXjO9Aa-1E4tvcjr,An estimated 5.8 million people live in modern slavery in China on any given day. But yeah keep glazing them,sanctions,con,1,0.647804,0.891813,0.8918134575169193,China demonstrates more integrity than the US,user_0060,4,2026-08-27,UgwH-HVpMMnMPfEUHsl4AaABAg,,"ctx4_gemma_en_topic_none (Gemma-2-9B, no context)","ctx4_gemma_en_root (Gemma-2-9B, root)"
China hits out at 'illegal' US sanctions on Iran and trading partners | BBC News,UgwH-HVpMMnMPfEUHsl4AaABAg.A_zjWKbXjO9Aa-1yfBHBoh,"@user exactly. The proxy in Gaza is literally commiting a genocide right now. But you know, I kinda heard rumors that the US is the proxy instead of the puppet master.",united states,con,1,0.975575,0.985717,0.9857170101894028,China demonstrates more integrity than the US,user_0061,5,2026-08-27,UgwH-HVpMMnMPfEUHsl4AaABAg,,"ctx4_gemma_en_topic_none (Gemma-2-9B, no context)","ctx4_gemma_en_root (Gemma-2-9B, root)"
China hits out at 'illegal' US sanctions on Iran and trading partners | BBC News,UgwH-HVpMMnMPfEUHsl4AaABAg.A_zjWKbXjO9Aa-1yfBHBoh,"@user exactly. The proxy in Gaza is literally commiting a genocide right now. But you know, I kinda heard rumors that the US is the proxy instead of the puppet master.",israel,con,1,0.97283,0.845952,0.8459522113421715,China demonstrates more integrity than the US,user_0061,5,2026-08-27,UgwH-HVpMMnMPfEUHsl4AaABAg,,"ctx4_gemma_en_topic_none (Gemma-2-9B, no context)","ctx4_gemma_en_root (Gemma-2-9B, root)"
China hits out at 'illegal' US sanctions on Iran and trading partners | BBC News,UgwH-HVpMMnMPfEUHsl4AaABAg.A_zjWKbXjO9Aa-1yfBHBoh,"@user exactly. The proxy in Gaza is literally commiting a genocide right now. But you know, I kinda heard rumors that the US is the proxy instead of the puppet master.",palestine,con,1,0.987947,0.665411,0.665410558746814,China demonstrates more integrity than the US,user_0061,5,2026-08-27,UgwH-HVpMMnMPfEUHsl4AaABAg,,"ctx4_gemma_en_topic_none (Gemma-2-9B, no context)","ctx4_gemma_en_root (Gemma-2-9B, root)"
China hits out at 'illegal' US sanctions on Iran and trading partners | BBC News,UgwH-HVpMMnMPfEUHsl4AaABAg.A_zjWKbXjO9Aa-1yfBHBoh,"@user exactly. The proxy in Gaza is literally commiting a genocide right now. But you know, I kinda heard rumors that the US is the proxy instead of the puppet master.",iran,con,1,0.971128,0.965901,0.965901221128659,China demonstrates more integrity than the US,user_0061,5,2026-08-27,UgwH-HVpMMnMPfEUHsl4AaABAg,,"ctx4_gemma_en_topic_none (Gemma-2-9B, no context)","ctx4_gemma_en_root (Gemma-2-9B, root)"
China hits out at 'illegal' US sanctions on Iran and trading partners | BBC News,UgwH-HVpMMnMPfEUHsl4AaABAg.A_zjWKbXjO9Aa-1yfBHBoh,"@user exactly. The proxy in Gaza is literally commiting a genocide right now. But you know, I kinda heard rumors that the US is the proxy instead of the puppet master.",sanctions,con,1,0.978712,0.982014,0.9820137900379085,China demonstrates more integrity than the US,user_0061,5,2026-08-27,UgwH-HVpMMnMPfEUHsl4AaABAg,,"ctx4_gemma_en_topic_none (Gemma-2-9B, no context)","ctx4_gemma_en_root (Gemma-2-9B, root)"
China hits out at 'illegal' US sanctions on Iran and trading partners | BBC News,UgwH-HVpMMnMPfEUHsl4AaABAg.A_zjWKbXjO9Aa-21dBVpXk,@user they can build huge infrastructure at scale because 5.8 million people live in modern slavery in China on any given day.,china,con,1,0.998103,0.991289,0.9912888314270488,@user it’s actually much more advanced than the US. Have you been to China?,user_0060,1,2026-08-27,UgwH-HVpMMnMPfEUHsl4AaABAg,,"ctx4_gemma_en_topic_none (Gemma-2-9B, no context)","ctx4_gemma_en_root (Gemma-2-9B, root)"
China hits out at 'illegal' US sanctions on Iran and trading partners | BBC News,UgwH-HVpMMnMPfEUHsl4AaABAg.A_zjWKbXjO9Aa-21dBVpXk,@user they can build huge infrastructure at scale because 5.8 million people live in modern slavery in China on any given day.,sanctions,con,1,0.875784,0.835484,0.8354835371034369,@user it’s actually much more advanced than the US. Have you been to China?,user_0060,1,2026-08-27,UgwH-HVpMMnMPfEUHsl4AaABAg,,"ctx4_gemma_en_topic_none (Gemma-2-9B, no context)","ctx4_gemma_en_root (Gemma-2-9B, root)"
China hits out at 'illegal' US sanctions on Iran and trading partners | BBC News,UgwH-HVpMMnMPfEUHsl4AaABAg.A_zjWKbXjO9Aa-27RBHuJ_,"@user
Nearly every big company steals from other companies. Losers used to complain about Japan stealing ideas, now they've moved on to China. American companies are now reverse-engineering high-end products from China, because China is improving and inventing at a much faster pace than the USA can. 
There are many more Chinese with university degrees than there are US citizens. If you want your kids to do well then I will be a good idea to get them to learn Chinese. China is moving forwards with gathering speed, while the US gets embroiled in trade wars with neighbours that used to be allies and a real war that you seem to be losing. The US has lost all of it allies because no one likes a fascist, my question to you is what do you like most about Maga fascism?",united states,con,1,0.99635,0.996462,0.9964618258026174,You’re an idiot. China steals intellectual property and cheats tbe system.  You don’t know what you’re talking about.,user_0055,4,2026-08-27,UgwH-HVpMMnMPfEUHsl4AaABAg,,"ctx4_gemma_en_topic_none (Gemma-2-9B, no context)","ctx4_gemma_en_root (Gemma-2-9B, root)"
China hits out at 'illegal' US sanctions on Iran and trading partners | BBC News,UgwH-HVpMMnMPfEUHsl4AaABAg.A_zjWKbXjO9Aa-27RBHuJ_,"@user
Nearly every big company steals from other companies. Losers used to complain about Japan stealing ideas, now they've moved on to China. American companies are now reverse-engineering high-end products from China, because China is improving and inventing at a much faster pace than the USA can. 
There are many more Chinese with university degrees than there are US citizens. If you want your kids to do well then I will be a good idea to get them to learn Chinese. China is moving forwards with gathering speed, while the US gets embroiled in trade wars with neighbours that used to be allies and a real war that you seem to be losing. The US has lost all of it allies because no one likes a fascist, my question to you is what do you like most about Maga fascism?",china,pro,1,0.998935,0.977023,0.9770226300899744,You’re an idiot. China steals intellectual property and cheats tbe system.  You don’t know what you’re talking about.,user_0055,4,2026-08-27,UgwH-HVpMMnMPfEUHsl4AaABAg,,"ctx4_gemma_en_topic_none (Gemma-2-9B, no context)","ctx4_gemma_en_root (Gemma-2-9B, root)"
China hits out at 'illegal' US sanctions on Iran and trading partners | BBC News,UgwH-HVpMMnMPfEUHsl4AaABAg.A_zjWKbXjO9Aa-27RBHuJ_,"@user
Nearly every big company steals from other companies. Losers used to complain about Japan stealing ideas, now they've moved on to China. American companies are now reverse-engineering high-end products from China, because China is improving and inventing at a much faster pace than the USA can. 
There are many more Chinese with university degrees than there are US citizens. If you want your kids to do well then I will be a good idea to get them to learn Chinese. China is moving forwards with gathering speed, while the US gets embroiled in trade wars with neighbours that used to be allies and a real war that you seem to be losing. The US has lost all of it allies because no one likes a fascist, my question to you is what do you like most about Maga fascism?",sanctions,con,1,0.996055,0.933429,0.933429257569364,You’re an idiot. China steals intellectual property and cheats tbe system.  You don’t know what you’re talking about.,user_0055,4,2026-08-27,UgwH-HVpMMnMPfEUHsl4AaABAg,,"ctx4_gemma_en_topic_none (Gemma-2-9B, no context)","ctx4_gemma_en_root (Gemma-2-9B, root)"
China hits out at 'illegal' US sanctions on Iran and trading partners | BBC News,UgwH-HVpMMnMPfEUHsl4AaABAg.A_zjWKbXjO9Aa-27RBHuJ_,"@user
Nearly every big company steals from other companies. Losers used to complain about Japan stealing ideas, now they've moved on to China. American companies are now reverse-engineering high-end products from China, because China is improving and inventing at a much faster pace than the USA can. 
There are many more Chinese with university degrees than there are US citizens. If you want your kids to do well then I will be a good idea to get them to learn Chinese. China is moving forwards with gathering speed, while the US gets embroiled in trade wars with neighbours that used to be allies and a real war that you seem to be losing. The US has lost all of it allies because no one likes a fascist, my question to you is what do you like most about Maga fascism?",right-wing politics,con,1,0.997817,0.964322,0.964322309252082,You’re an idiot. China steals intellectual property and cheats tbe system.  You don’t know what you’re talking about.,user_0055,4,2026-08-27,UgwH-HVpMMnMPfEUHsl4AaABAg,,"ctx4_gemma_en_topic_none (Gemma-2-9B, no context)","ctx4_gemma_en_root (Gemma-2-9B, root)"
China hits out at 'illegal' US sanctions on Iran and trading partners | BBC News,UgwH-HVpMMnMPfEUHsl4AaABAg.A_zjWKbXjO9Aa-27RBHuJ_,"@user
Nearly every big company steals from other companies. Losers used to complain about Japan stealing ideas, now they've moved on to China. American companies are now reverse-engineering high-end products from China, because China is improving and inventing at a much faster pace than the USA can. 
There are many more Chinese with university degrees than there are US citizens. If you want your kids to do well then I will be a good idea to get them to learn Chinese. China is moving forwards with gathering speed, while the US gets embroiled in trade wars with neighbours that used to be allies and a real war that you seem to be losing. The US has lost all of it allies because no one likes a fascist, my question to you is what do you like most about Maga fascism?",donald trump,con,1,0.997199,0.951864,0.9518643743609848,You’re an idiot. China steals intellectual property and cheats tbe system.  You don’t know what you’re talking about.,user_0055,4,2026-08-27,UgwH-HVpMMnMPfEUHsl4AaABAg,,"ctx4_gemma_en_topic_none (Gemma-2-9B, no context)","ctx4_gemma_en_root (Gemma-2-9B, root)"
China hits out at 'illegal' US sanctions on Iran and trading partners | BBC News,UgwH-HVpMMnMPfEUHsl4AaABAg.A_zjWKbXjO9Aa-27RBHuJ_,"@user
Nearly every big company steals from other companies. Losers used to complain about Japan stealing ideas, now they've moved on to China. American companies are now reverse-engineering high-end products from China, because China is improving and inventing at a much faster pace than the USA can. 
There are many more Chinese with university degrees than there are US citizens. If you want your kids to do well then I will be a good idea to get them to learn Chinese. China is moving forwards with gathering speed, while the US gets embroiled in trade wars with neighbours that used to be allies and a real war that you seem to be losing. The US has lost all of it allies because no one likes a fascist, my question to you is what do you like most about Maga fascism?",communism / socialism,pro,1,0.997327,0.596427,0.5964271287339108,You’re an idiot. China steals intellectual property and cheats tbe system.  You don’t know what you’re talking about.,user_0055,4,2026-08-27,UgwH-HVpMMnMPfEUHsl4AaABAg,,"ctx4_gemma_en_topic_none (Gemma-2-9B, no context)","ctx4_gemma_en_root (Gemma-2-9B, root)"
China hits out at 'illegal' US sanctions on Iran and trading partners | BBC News,UgwH-HVpMMnMPfEUHsl4AaABAg.A_zjWKbXjO9Aa-27RBHuJ_,"@user
Nearly every big company steals from other companies. Losers used to complain about Japan stealing ideas, now they've moved on to China. American companies are now reverse-engineering high-end products from China, because China is improving and inventing at a much faster pace than the USA can. 
There are many more Chinese with university degrees than there are US citizens. If you want your kids to do well then I will be a good idea to get them to learn Chinese. China is moving forwards with gathering speed, while the US gets embroiled in trade wars with neighbours that used to be allies and a real war that you seem to be losing. The US has lost all of it allies because no one likes a fascist, my question to you is what do you like most about Maga fascism?",government / the state,con,1,0.992878,0.805636,0.8056361036754702,You’re an idiot. China steals intellectual property and cheats tbe system.  You don’t know what you’re talking about.,user_0055,4,2026-08-27,UgwH-HVpMMnMPfEUHsl4AaABAg,,"ctx4_gemma_en_topic_none (Gemma-2-9B, no context)","ctx4_gemma_en_root (Gemma-2-9B, root)"
China hits out at 'illegal' US sanctions on Iran and trading partners | BBC News,UgwH-HVpMMnMPfEUHsl4AaABAg.A_zjWKbXjO9Aa-27c5ljvO,You obviously never lived in China 😂,china,con,1,0.857771,0.982822,0.982822024816606,China demonstrates more integrity than the US,user_0062,1,2026-08-27,UgwH-HVpMMnMPfEUHsl4AaABAg,,"ctx4_gemma_en_topic_none (Gemma-2-9B, no context)","ctx4_gemma_en_root (Gemma-2-9B, root)"
China hits out at 'illegal' US sanctions on Iran and trading partners | BBC News,UgwH-HVpMMnMPfEUHsl4AaABAg.A_zjWKbXjO9Aa-2Mn_dZQM,"@user with any American politicians, definitely.",united states,con,1,0.99494,0.99014,0.9901403887594346,"@user with trump in charge, definitely.",user_0063,12,2026-08-27,UgwH-HVpMMnMPfEUHsl4AaABAg,,"ctx4_gemma_en_topic_none (Gemma-2-9B, no context)","ctx4_gemma_en_root (Gemma-2-9B, root)"
China hits out at 'illegal' US sanctions on Iran and trading partners | BBC News,UgwH-HVpMMnMPfEUHsl4AaABAg.A_zjWKbXjO9Aa-2Mn_dZQM,"@user with any American politicians, definitely.",sanctions,con,1,0.984576,0.743168,0.7431680086124811,"@user with trump in charge, definitely.",user_0063,12,2026-08-27,UgwH-HVpMMnMPfEUHsl4AaABAg,,"ctx4_gemma_en_topic_none (Gemma-2-9B, no context)","ctx4_gemma_en_root (Gemma-2-9B, root)"
China hits out at 'illegal' US sanctions on Iran and trading partners | BBC News,UgwH-HVpMMnMPfEUHsl4AaABAg.A_zjWKbXjO9Aa-2Yu9w-EM,You can still buy a plane ticket and move there you know.  👍🏻,united states,con,1,0.887205,0.967409,0.967409467033432,China demonstrates more integrity than the US,user_0064,3,2026-08-27,UgwH-HVpMMnMPfEUHsl4AaABAg,,"ctx4_gemma_en_topic_none (Gemma-2-9B, no context)","ctx4_gemma_en_root (Gemma-2-9B, root)"
China hits out at 'illegal' US sanctions on Iran and trading partners | BBC News,UgwH-HVpMMnMPfEUHsl4AaABAg.A_zjWKbXjO9Aa-2Yu9w-EM,You can still buy a plane ticket and move there you know.  👍🏻,sanctions,con,1,0.943353,0.754915,0.7549149868676283,China demonstrates more integrity than the US,user_0064,3,2026-08-27,UgwH-HVpMMnMPfEUHsl4AaABAg,,"ctx4_gemma_en_topic_none (Gemma-2-9B, no context)","ctx4_gemma_en_root (Gemma-2-9B, root)"
China hits out at 'illegal' US sanctions on Iran and trading partners | BBC News,UgwH-HVpMMnMPfEUHsl4AaABAg.A_zjWKbXjO9Aa-2i8ijbDC,"@user you're still stuck in the 90s aren't ya. Funny how the US copied Iran's shahed drones, Facebook and YouTube copied TikTok 1min videos. Not to mention the US simply spends more than it has, prints money like water while everyone else is expected to have responsible fiscal policies. Talk about cheating the system.",united states,con,1,0.998161,0.997783,0.9977830422788114,China demonstrates more integrity than the US,user_0061,3,2026-08-27,UgwH-HVpMMnMPfEUHsl4AaABAg,,"ctx4_gemma_en_topic_none (Gemma-2-9B, no context)","ctx4_gemma_en_root (Gemma-2-9B, root)"
China hits out at 'illegal' US sanctions on Iran and trading partners | BBC News,UgwH-HVpMMnMPfEUHsl4AaABAg.A_zjWKbXjO9Aa-2i8ijbDC,"@user you're still stuck in the 90s aren't ya. Funny how the US copied Iran's shahed drones, Facebook and YouTube copied TikTok 1min videos. Not to mention the US simply spends more than it has, prints money like water while everyone else is expected to have responsible fiscal policies. Talk about cheating the system.",iran,pro,1,0.99711,0.998812,0.998812124167873,China demonstrates more integrity than the US,user_0061,3,2026-08-27,UgwH-HVpMMnMPfEUHsl4AaABAg,,"ctx4_gemma_en_topic_none (Gemma-2-9B, no context)","ctx4_gemma_en_root (Gemma-2-9B, root)"
China hits out at 'illegal' US sanctions on Iran and trading partners | BBC News,UgwH-HVpMMnMPfEUHsl4AaABAg.A_zjWKbXjO9Aa-2i8ijbDC,"@user you're still stuck in the 90s aren't ya. Funny how the US copied Iran's shahed drones, Facebook and YouTube copied TikTok 1min videos. Not to mention the US simply spends more than it has, prints money like water while everyone else is expected to have responsible fiscal policies. Talk about cheating the system.",sanctions,con,1,0.994269,0.989181,0.9891812838086194,China demonstrates more integrity than the US,user_0061,3,2026-08-27,UgwH-HVpMMnMPfEUHsl4AaABAg,,"ctx4_gemma_en_topic_none (Gemma-2-9B, no context)","ctx4_gemma_en_root (Gemma-2-9B, root)"
China hits out at 'illegal' US sanctions on Iran and trading partners | BBC News,UgwH-HVpMMnMPfEUHsl4AaABAg.A_zjWKbXjO9Aa-39XoQnoe,@user Tell your friends not to launch rocket barrages at their neigbors. And tell them to stop stealing the food while hiding in the hospitals. When the enemy military hides in a hospital it becomes a military target. Its not like a church thats safe from vampires you dolt.,israel,con,1,0.927365,0.98983,0.9898300905871504,China demonstrates more integrity than the US,user_0046,0,2026-08-27,UgwH-HVpMMnMPfEUHsl4AaABAg,,"ctx4_gemma_en_topic_none (Gemma-2-9B, no context)","ctx4_gemma_en_root (Gemma-2-9B, root)"
China hits out at 'illegal' US sanctions on Iran and trading partners | BBC News,UgwH-HVpMMnMPfEUHsl4AaABAg.A_zjWKbXjO9Aa-39XoQnoe,@user Tell your friends not to launch rocket barrages at their neigbors. And tell them to stop stealing the food while hiding in the hospitals. When the enemy military hides in a hospital it becomes a military target. Its not like a church thats safe from vampires you dolt.,palestine,con,1,0.998043,0.932453,0.9324533088603708,China demonstrates more integrity than the US,user_0046,0,2026-08-27,UgwH-HVpMMnMPfEUHsl4AaABAg,,"ctx4_gemma_en_topic_none (Gemma-2-9B, no context)","ctx4_gemma_en_root (Gemma-2-9B, root)"
China hits out at 'illegal' US sanctions on Iran and trading partners | BBC News,UgwH-HVpMMnMPfEUHsl4AaABAg.A_zjWKbXjO9Aa-39XoQnoe,@user Tell your friends not to launch rocket barrages at their neigbors. And tell them to stop stealing the food while hiding in the hospitals. When the enemy military hides in a hospital it becomes a military target. Its not like a church thats safe from vampires you dolt.,iran,con,1,0.998675,0.998273,0.9982725844845962,China demonstrates more integrity than the US,user_0046,0,2026-08-27,UgwH-HVpMMnMPfEUHsl4AaABAg,,"ctx4_gemma_en_topic_none (Gemma-2-9B, no context)","ctx4_gemma_en_root (Gemma-2-9B, root)"
China hits out at 'illegal' US sanctions on Iran and trading partners | BBC News,UgwH-HVpMMnMPfEUHsl4AaABAg.A_zjWKbXjO9Aa-39XoQnoe,@user Tell your friends not to launch rocket barrages at their neigbors. And tell them to stop stealing the food while hiding in the hospitals. When the enemy military hides in a hospital it becomes a military target. Its not like a church thats safe from vampires you dolt.,sanctions,pro,1,0.987946,0.863386,0.8633857125397377,China demonstrates more integrity than the US,user_0046,0,2026-08-27,UgwH-HVpMMnMPfEUHsl4AaABAg,,"ctx4_gemma_en_topic_none (Gemma-2-9B, no context)","ctx4_gemma_en_root (Gemma-2-9B, root)"
China hits out at 'illegal' US sanctions on Iran and trading partners | BBC News,UgwH-HVpMMnMPfEUHsl4AaABAg.A_zjWKbXjO9Aa-3DNsczJh,That sure wasn't on my BINGO card,united states,con,1,0.964859,0.888756,0.8887563218034226,China demonstrates more integrity than the US,user_0065,1,2026-08-27,UgwH-HVpMMnMPfEUHsl4AaABAg,,"ctx4_gemma_en_topic_none (Gemma-2-9B, no context)","ctx4_gemma_en_root (Gemma-2-9B, root)"
China hits out at 'illegal' US sanctions on Iran and trading partners | BBC News,UgwH-HVpMMnMPfEUHsl4AaABAg.A_zjWKbXjO9Aa-3DNsczJh,That sure wasn't on my BINGO card,iran,con,1,0.833314,0.960951,0.960950769174874,China demonstrates more integrity than the US,user_0065,1,2026-08-27,UgwH-HVpMMnMPfEUHsl4AaABAg,,"ctx4_gemma_en_topic_none (Gemma-2-9B, no context)","ctx4_gemma_en_root (Gemma-2-9B, root)"
China hits out at 'illegal' US sanctions on Iran and trading partners | BBC News,UgwH-HVpMMnMPfEUHsl4AaABAg.A_zjWKbXjO9Aa-3DNsczJh,That sure wasn't on my BINGO card,sanctions,con,1,0.918482,0.971563,0.971562585551323,China demonstrates more integrity than the US,user_0065,1,2026-08-27,UgwH-HVpMMnMPfEUHsl4AaABAg,,"ctx4_gemma_en_topic_none (Gemma-2-9B, no context)","ctx4_gemma_en_root (Gemma-2-9B, root)"
China hits out at 'illegal' US sanctions on Iran and trading partners | BBC News,UgwH-HVpMMnMPfEUHsl4AaABAg.A_zjWKbXjO9Aa-3PwRTEg4,"@user
Since the start of Operation Epstein fury Iranian propaganda has been consistently more accurate to the truth than anything coming out of the White House.
Just think about that for a minute, if you are capable of such a feat.
If you believe anything Trump says you are in a cult.",united states,con,1,0.995462,0.857771,0.8577711550123999,"Ya, thats why Huawei is banned from the US. 

Integrity must = theft to china. Just riding us coat tails trying to steal our good work... right now chinese ai is sifting through better source code from an american ai so it can try to keep up.

So please. Try better china.",user_0055,5,2026-08-27,UgwH-HVpMMnMPfEUHsl4AaABAg,,"ctx4_gemma_en_topic_none (Gemma-2-9B, no context)","ctx4_gemma_en_root (Gemma-2-9B, root)"
China hits out at 'illegal' US sanctions on Iran and trading partners | BBC News,UgwH-HVpMMnMPfEUHsl4AaABAg.A_zjWKbXjO9Aa-3PwRTEg4,"@user
Since the start of Operation Epstein fury Iranian propaganda has been consistently more accurate to the truth than anything coming out of the White House.
Just think about that for a minute, if you are capable of such a feat.
If you believe anything Trump says you are in a cult.",iran,pro,1,0.994445,0.989986,0.989985933699732,"Ya, thats why Huawei is banned from the US. 

Integrity must = theft to china. Just riding us coat tails trying to steal our good work... right now chinese ai is sifting through better source code from an american ai so it can try to keep up.

So please. Try better china.",user_0055,5,2026-08-27,UgwH-HVpMMnMPfEUHsl4AaABAg,,"ctx4_gemma_en_topic_none (Gemma-2-9B, no context)","ctx4_gemma_en_root (Gemma-2-9B, root)"
China hits out at 'illegal' US sanctions on Iran and trading partners | BBC News,UgwH-HVpMMnMPfEUHsl4AaABAg.A_zjWKbXjO9Aa-3PwRTEg4,"@user
Since the start of Operation Epstein fury Iranian propaganda has been consistently more accurate to the truth than anything coming out of the White House.
Just think about that for a minute, if you are capable of such a feat.
If you believe anything Trump says you are in a cult.",sanctions,con,1,0.973645,0.672343,0.6723427141736454,"Ya, thats why Huawei is banned from the US. 

Integrity must = theft to china. Just riding us coat tails trying to steal our good work... right now chinese ai is sifting through better source code from an american ai so it can try to keep up.

So please. Try better china.",user_0055,5,2026-08-27,UgwH-HVpMMnMPfEUHsl4AaABAg,,"ctx4_gemma_en_topic_none (Gemma-2-9B, no context)","ctx4_gemma_en_root (Gemma-2-9B, root)"
China hits out at 'illegal' US sanctions on Iran and trading partners | BBC News,UgwH-HVpMMnMPfEUHsl4AaABAg.A_zjWKbXjO9Aa-3THyT6ex,"supporting a nation like Iran?  they were screaming death to america for 50 years.

they are lucky to even be in existence.",united states,pro,1,0.903288,0.867036,0.8670357598021706,China demonstrates more integrity than the US,user_0066,1,2026-08-27,UgwH-HVpMMnMPfEUHsl4AaABAg,,"ctx4_gemma_en_topic_none (Gemma-2-9B, no context)","ctx4_gemma_en_root (Gemma-2-9B, root)"
China hits out at 'illegal' US sanctions on Iran and trading partners | BBC News,UgwH-HVpMMnMPfEUHsl4AaABAg.A_zjWKbXjO9Aa-3THyT6ex,"supporting a nation like Iran?  they were screaming death to america for 50 years.

they are lucky to even be in existence.",iran,con,1,0.996778,0.997949,0.9979492564600826,China demonstrates more integrity than the US,user_0066,1,2026-08-27,UgwH-HVpMMnMPfEUHsl4AaABAg,,"ctx4_gemma_en_topic_none (Gemma-2-9B, no context)","ctx4_gemma_en_root (Gemma-2-9B, root)"
China hits out at 'illegal' US sanctions on Iran and trading partners | BBC News,UgwH-HVpMMnMPfEUHsl4AaABAg.A_zjWKbXjO9Aa-3THyT6ex,"supporting a nation like Iran?  they were screaming death to america for 50 years.

they are lucky to even be in existence.",sanctions,pro,1,0.907308,0.947385,0.9473847852917722,China demonstrates more integrity than the US,user_0066,1,2026-08-27,UgwH-HVpMMnMPfEUHsl4AaABAg,,"ctx4_gemma_en_topic_none (Gemma-2-9B, no context)","ctx4_gemma_en_root (Gemma-2-9B, root)"
China hits out at 'illegal' US sanctions on Iran and trading partners | BBC News,UgwH-HVpMMnMPfEUHsl4AaABAg.A_zjWKbXjO9Aa-3i97fgPI,@user Bingo is a ponzy scheme for old people marketed as a social outing.,united states,con,1,0.972415,0.897688,0.8976884040178001,China demonstrates more integrity than the US,user_0046,3,2026-08-27,UgwH-HVpMMnMPfEUHsl4AaABAg,,"ctx4_gemma_en_topic_none (Gemma-2-9B, no context)","ctx4_gemma_en_root (Gemma-2-9B, root)"
China hits out at 'illegal' US sanctions on Iran and trading partners | BBC News,UgwH-HVpMMnMPfEUHsl4AaABAg.A_zjWKbXjO9Aa-3mnv2Yqu,"@user Ah yes. the loser mentality of ""get out if you don't like it here."" China at least don't have ""freedom of speech"" as you would call it, what's your excuse?",united states,con,1,0.994531,0.996876,0.996876273551894,Go live in China and find out.  😂😂😂😂,user_0067,0,2026-08-27,UgwH-HVpMMnMPfEUHsl4AaABAg,,"ctx4_gemma_en_topic_none (Gemma-2-9B, no context)","ctx4_gemma_en_root (Gemma-2-9B, root)"
China hits out at 'illegal' US sanctions on Iran and trading partners | BBC News,UgwH-HVpMMnMPfEUHsl4AaABAg.A_zjWKbXjO9Aa-3mnv2Yqu,"@user Ah yes. the loser mentality of ""get out if you don't like it here."" China at least don't have ""freedom of speech"" as you would call it, what's your excuse?",china,pro,1,0.99657,0.998952,0.998951556916762,Go live in China and find out.  😂😂😂😂,user_0067,0,2026-08-27,UgwH-HVpMMnMPfEUHsl4AaABAg,,"ctx4_gemma_en_topic_none (Gemma-2-9B, no context)","ctx4_gemma_en_root (Gemma-2-9B, root)"
China hits out at 'illegal' US sanctions on Iran and trading partners | BBC News,UgwH-HVpMMnMPfEUHsl4AaABAg.A_zjWKbXjO9Aa-3mnv2Yqu,"@user Ah yes. the loser mentality of ""get out if you don't like it here."" China at least don't have ""freedom of speech"" as you would call it, what's your excuse?",iran,pro,1,0.865227,0.588895,0.5888951832224427,Go live in China and find out.  😂😂😂😂,user_0067,0,2026-08-27,UgwH-HVpMMnMPfEUHsl4AaABAg,,"ctx4_gemma_en_topic_none (Gemma-2-9B, no context)","ctx4_gemma_en_root (Gemma-2-9B, root)"
China hits out at 'illegal' US sanctions on Iran and trading partners | BBC News,UgwH-HVpMMnMPfEUHsl4AaABAg.A_zjWKbXjO9Aa-3mnv2Yqu,"@user Ah yes. the loser mentality of ""get out if you don't like it here."" China at least don't have ""freedom of speech"" as you would call it, what's your excuse?",free speech,con,1,0.972417,0.99539,0.995390427820626,Go live in China and find out.  😂😂😂😂,user_0067,0,2026-08-27,UgwH-HVpMMnMPfEUHsl4AaABAg,,"ctx4_gemma_en_topic_none (Gemma-2-9B, no context)","ctx4_gemma_en_root (Gemma-2-9B, root)"
China hits out at 'illegal' US sanctions on Iran and trading partners | BBC News,UgwH-HVpMMnMPfEUHsl4AaABAg.A_zjWKbXjO9Aa-3mnv2Yqu,"@user Ah yes. the loser mentality of ""get out if you don't like it here."" China at least don't have ""freedom of speech"" as you would call it, what's your excuse?",sanctions,con,1,0.981736,0.937215,0.9372152047625202,Go live in China and find out.  😂😂😂😂,user_0067,0,2026-08-27,UgwH-HVpMMnMPfEUHsl4AaABAg,,"ctx4_gemma_en_topic_none (Gemma-2-9B, no context)","ctx4_gemma_en_root (Gemma-2-9B, root)"
China hits out at 'illegal' US sanctions on Iran and trading partners | BBC News,UgwH-HVpMMnMPfEUHsl4AaABAg.A_zjWKbXjO9Aa-3wC1WmvN,@user Because they were right!,united states,con,1,0.996116,0.546738,0.5467381519846138,"supporting a nation like Iran?  they were screaming death to america for 50 years.

they are lucky to even be in existence.",user_0068,2,2026-08-27,UgwH-HVpMMnMPfEUHsl4AaABAg,,"ctx4_gemma_en_topic_none (Gemma-2-9B, no context)","ctx4_gemma_en_root (Gemma-2-9B, root)"
China hits out at 'illegal' US sanctions on Iran and trading partners | BBC News,UgwH-HVpMMnMPfEUHsl4AaABAg.A_zjWKbXjO9Aa-3wC1WmvN,@user Because they were right!,iran,pro,1,0.905996,0.977713,0.9777127249591776,"supporting a nation like Iran?  they were screaming death to america for 50 years.

they are lucky to even be in existence.",user_0068,2,2026-08-27,UgwH-HVpMMnMPfEUHsl4AaABAg,,"ctx4_gemma_en_topic_none (Gemma-2-9B, no context)","ctx4_gemma_en_root (Gemma-2-9B, root)"
China hits out at 'illegal' US sanctions on Iran and trading partners | BBC News,UgwH-HVpMMnMPfEUHsl4AaABAg.A_zjWKbXjO9Aa-3wC1WmvN,@user Because they were right!,sanctions,con,1,0.961532,0.975202,0.975202444377518,"supporting a nation like Iran?  they were screaming death to america for 50 years.

they are lucky to even be in existence.",user_0068,2,2026-08-27,UgwH-HVpMMnMPfEUHsl4AaABAg,,"ctx4_gemma_en_topic_none (Gemma-2-9B, no context)","ctx4_gemma_en_root (Gemma-2-9B, root)"
China hits out at 'illegal' US sanctions on Iran and trading partners | BBC News,UgwH-HVpMMnMPfEUHsl4AaABAg.A_zjWKbXjO9Aa-41XnAcAN,"@user OK, if you say so Trump!",united states,con,1,0.953968,0.845939,0.8459391791845848,An estimated 5.8 million people live in modern slavery in China on any given day. But yeah keep glazing them,user_0068,1,2026-08-27,UgwH-HVpMMnMPfEUHsl4AaABAg,,"ctx4_gemma_en_topic_none (Gemma-2-9B, no context)","ctx4_gemma_en_root (Gemma-2-9B, root)"
China hits out at 'illegal' US sanctions on Iran and trading partners | BBC News,UgwH-HVpMMnMPfEUHsl4AaABAg.A_zjWKbXjO9Aa-41XnAcAN,"@user OK, if you say so Trump!",sanctions,con,1,0.896256,0.709014,0.7090139759830986,An estimated 5.8 million people live in modern slavery in China on any given day. But yeah keep glazing them,user_0068,1,2026-08-27,UgwH-HVpMMnMPfEUHsl4AaABAg,,"ctx4_gemma_en_topic_none (Gemma-2-9B, no context)","ctx4_gemma_en_root (Gemma-2-9B, root)"
China hits out at 'illegal' US sanctions on Iran and trading partners | BBC News,UgwH-HVpMMnMPfEUHsl4AaABAg.A_zjWKbXjO9Aa-41XnAcAN,"@user OK, if you say so Trump!",donald trump,con,1,0.978052,0.908612,0.9086116693859068,An estimated 5.8 million people live in modern slavery in China on any given day. But yeah keep glazing them,user_0068,1,2026-08-27,UgwH-HVpMMnMPfEUHsl4AaABAg,,"ctx4_gemma_en_topic_none (Gemma-2-9B, no context)","ctx4_gemma_en_root (Gemma-2-9B, root)"
China hits out at 'illegal' US sanctions on Iran and trading partners | BBC News,UgwH-HVpMMnMPfEUHsl4AaABAg.A_zjWKbXjO9Aa-49aOitva,@user China makes the US look 3rd world...but then again the US is 3rd world!,united states,con,1,0.993997,0.996827,0.9968273171575148,@user it’s actually much more advanced than the US. Have you been to China?,user_0068,2,2026-08-27,UgwH-HVpMMnMPfEUHsl4AaABAg,,"ctx4_gemma_en_topic_none (Gemma-2-9B, no context)","ctx4_gemma_en_root (Gemma-2-9B, root)"
China hits out at 'illegal' US sanctions on Iran and trading partners | BBC News,UgwH-HVpMMnMPfEUHsl4AaABAg.A_zjWKbXjO9Aa-49aOitva,@user China makes the US look 3rd world...but then again the US is 3rd world!,china,pro,1,0.957912,0.934392,0.9343920974322198,@user it’s actually much more advanced than the US. Have you been to China?,user_0068,2,2026-08-27,UgwH-HVpMMnMPfEUHsl4AaABAg,,"ctx4_gemma_en_topic_none (Gemma-2-9B, no context)","ctx4_gemma_en_root (Gemma-2-9B, root)"
China hits out at 'illegal' US sanctions on Iran and trading partners | BBC News,UgwH-HVpMMnMPfEUHsl4AaABAg.A_zjWKbXjO9Aa-49aOitva,@user China makes the US look 3rd world...but then again the US is 3rd world!,sanctions,con,1,0.98951,0.904651,0.9046505351008906,@user it’s actually much more advanced than the US. Have you been to China?,user_0068,2,2026-08-27,UgwH-HVpMMnMPfEUHsl4AaABAg,,"ctx4_gemma_en_topic_none (Gemma-2-9B, no context)","ctx4_gemma_en_root (Gemma-2-9B, root)"
China hits out at 'illegal' US sanctions on Iran and trading partners | BBC News,UgwH-HVpMMnMPfEUHsl4AaABAg.A_zjWKbXjO9Aa-4LngdHlG,@user You are describing the US perfectly!,united states,con,1,0.991554,0.99486,0.9948602610709624,You’re an idiot. China steals intellectual property and cheats tbe system.  You don’t know what you’re talking about.,user_0068,1,2026-08-27,UgwH-HVpMMnMPfEUHsl4AaABAg,,"ctx4_gemma_en_topic_none (Gemma-2-9B, no context)","ctx4_gemma_en_root (Gemma-2-9B, root)"
China hits out at 'illegal' US sanctions on Iran and trading partners | BBC News,UgwH-HVpMMnMPfEUHsl4AaABAg.A_zjWKbXjO9Aa-4LngdHlG,@user You are describing the US perfectly!,sanctions,con,1,0.990732,0.944181,0.944180811752554,You’re an idiot. China steals intellectual property and cheats tbe system.  You don’t know what you’re talking about.,user_0068,1,2026-08-27,UgwH-HVpMMnMPfEUHsl4AaABAg,,"ctx4_gemma_en_topic_none (Gemma-2-9B, no context)","ctx4_gemma_en_root (Gemma-2-9B, root)"
China hits out at 'illegal' US sanctions on Iran and trading partners | BBC News,UgwH-HVpMMnMPfEUHsl4AaABAg.A_zjWKbXjO9Aa-4cAMccbm,"@user
And yet Iran is very much alive today and in control of the Strait of Hormuz. US aggression looks pathetic as it has failed on every objective and has crushed any pro-American feeling in Iran and made many thousands personally angry with all things American. So the USA has failed in its illegal war of terror.",united states,con,1,0.998545,0.995668,0.995668497979436,"supporting a nation like Iran?  they were screaming death to america for 50 years.

they are lucky to even be in existence.",user_0055,4,2026-08-27,UgwH-HVpMMnMPfEUHsl4AaABAg,,"ctx4_gemma_en_topic_none (Gemma-2-9B, no context)","ctx4_gemma_en_root (Gemma-2-9B, root)"
China hits out at 'illegal' US sanctions on Iran and trading partners | BBC News,UgwH-HVpMMnMPfEUHsl4AaABAg.A_zjWKbXjO9Aa-4cAMccbm,"@user
And yet Iran is very much alive today and in control of the Strait of Hormuz. US aggression looks pathetic as it has failed on every objective and has crushed any pro-American feeling in Iran and made many thousands personally angry with all things American. So the USA has failed in its illegal war of terror.",iran,pro,1,0.998043,0.99903,0.9990302480322174,"supporting a nation like Iran?  they were screaming death to america for 50 years.

they are lucky to even be in existence.",user_0055,4,2026-08-27,UgwH-HVpMMnMPfEUHsl4AaABAg,,"ctx4_gemma_en_topic_none (Gemma-2-9B, no context)","ctx4_gemma_en_root (Gemma-2-9B, root)"
China hits out at 'illegal' US sanctions on Iran and trading partners | BBC News,UgwH-HVpMMnMPfEUHsl4AaABAg.A_zjWKbXjO9Aa-4cAMccbm,"@user
And yet Iran is very much alive today and in control of the Strait of Hormuz. US aggression looks pathetic as it has failed on every objective and has crushed any pro-American feeling in Iran and made many thousands personally angry with all things American. So the USA has failed in its illegal war of terror.",terrorism,con,1,0.968859,0.913678,0.9136784951866872,"supporting a nation like Iran?  they were screaming death to america for 50 years.

they are lucky to even be in existence.",user_0055,4,2026-08-27,UgwH-HVpMMnMPfEUHsl4AaABAg,,"ctx4_gemma_en_topic_none (Gemma-2-9B, no context)","ctx4_gemma_en_root (Gemma-2-9B, root)"
China hits out at 'illegal' US sanctions on Iran and trading partners | BBC News,UgwH-HVpMMnMPfEUHsl4AaABAg.A_zjWKbXjO9Aa-4cAMccbm,"@user
And yet Iran is very much alive today and in control of the Strait of Hormuz. US aggression looks pathetic as it has failed on every objective and has crushed any pro-American feeling in Iran and made many thousands personally angry with all things American. So the USA has failed in its illegal war of terror.",sanctions,con,1,0.998377,0.98776,0.9877596315320044,"supporting a nation like Iran?  they were screaming death to america for 50 years.

they are lucky to even be in existence.",user_0055,4,2026-08-27,UgwH-HVpMMnMPfEUHsl4AaABAg,,"ctx4_gemma_en_topic_none (Gemma-2-9B, no context)","ctx4_gemma_en_root (Gemma-2-9B, root)"
China hits out at 'illegal' US sanctions on Iran and trading partners | BBC News,UgwH-HVpMMnMPfEUHsl4AaABAg.A_zjWKbXjO9Aa-4gVpqCCF,@user and do you live there please🤣🤣🤣,united states,con,1,0.954649,0.972415,0.97241471777321,You obviously never lived in China 😂,user_0069,1,2026-08-27,UgwH-HVpMMnMPfEUHsl4AaABAg,,"ctx4_gemma_en_topic_none (Gemma-2-9B, no context)","ctx4_gemma_en_root (Gemma-2-9B, root)"
China hits out at 'illegal' US sanctions on Iran and trading partners | BBC News,UgwH-HVpMMnMPfEUHsl4AaABAg.A_zjWKbXjO9Aa-4x8uX_gU,@user Very well said & agree 100%,united states,con,1,0.998522,0.795662,0.7956621646903073,Iran shows more integrity than the USA.,user_0068,2,2026-08-27,UgwH-HVpMMnMPfEUHsl4AaABAg,,"ctx4_gemma_en_topic_none (Gemma-2-9B, no context)","ctx4_gemma_en_root (Gemma-2-9B, root)"
China hits out at 'illegal' US sanctions on Iran and trading partners | BBC News,UgwH-HVpMMnMPfEUHsl4AaABAg.A_zjWKbXjO9Aa-4x8uX_gU,@user Very well said & agree 100%,iran,pro,1,0.647804,0.961532,0.9615319586117942,Iran shows more integrity than the USA.,user_0068,2,2026-08-27,UgwH-HVpMMnMPfEUHsl4AaABAg,,"ctx4_gemma_en_topic_none (Gemma-2-9B, no context)","ctx4_gemma_en_root (Gemma-2-9B, root)"
China hits out at 'illegal' US sanctions on Iran and trading partners | BBC News,UgwH-HVpMMnMPfEUHsl4AaABAg.A_zjWKbXjO9Aa-4x8uX_gU,@user Very well said & agree 100%,sanctions,con,1,0.993096,0.949669,0.9496693674025232,Iran shows more integrity than the USA.,user_0068,2,2026-08-27,UgwH-HVpMMnMPfEUHsl4AaABAg,,"ctx4_gemma_en_topic_none (Gemma-2-9B, no context)","ctx4_gemma_en_root (Gemma-2-9B, root)"
China hits out at 'illegal' US sanctions on Iran and trading partners | BBC News,UgwH-HVpMMnMPfEUHsl4AaABAg.A_zjWKbXjO9Aa-52xVnojV,"@user if terrorist hides in a school full of kids, you can just bomb the entire building? If a robber robs a bank, you just shoot the hostages? Tell your friends to stop bombing kindergartens and children hospitals ya. Btw it seems to me that Iran's missile barrage is aiming at US military sites. Nothing wrong with that. Your friends started this war, killed innocent girls and now want to cry foul? Maybe it's time to grow a spine you pundeh.",united states,con,1,0.99764,0.880797,0.8807970779778823,China demonstrates more integrity than the US,user_0061,0,2026-08-27,UgwH-HVpMMnMPfEUHsl4AaABAg,,"ctx4_gemma_en_topic_none (Gemma-2-9B, no context)","ctx4_gemma_en_root (Gemma-2-9B, root)"
China hits out at 'illegal' US sanctions on Iran and trading partners | BBC News,UgwH-HVpMMnMPfEUHsl4AaABAg.A_zjWKbXjO9Aa-52xVnojV,"@user if terrorist hides in a school full of kids, you can just bomb the entire building? If a robber robs a bank, you just shoot the hostages? Tell your friends to stop bombing kindergartens and children hospitals ya. Btw it seems to me that Iran's missile barrage is aiming at US military sites. Nothing wrong with that. Your friends started this war, killed innocent girls and now want to cry foul? Maybe it's time to grow a spine you pundeh.",iran,pro,1,0.997065,0.999131,0.9991306543222128,China demonstrates more integrity than the US,user_0061,0,2026-08-27,UgwH-HVpMMnMPfEUHsl4AaABAg,,"ctx4_gemma_en_topic_none (Gemma-2-9B, no context)","ctx4_gemma_en_root (Gemma-2-9B, root)"
China hits out at 'illegal' US sanctions on Iran and trading partners | BBC News,UgwH-HVpMMnMPfEUHsl4AaABAg.A_zjWKbXjO9Aa-52xVnojV,"@user if terrorist hides in a school full of kids, you can just bomb the entire building? If a robber robs a bank, you just shoot the hostages? Tell your friends to stop bombing kindergartens and children hospitals ya. Btw it seems to me that Iran's missile barrage is aiming at US military sites. Nothing wrong with that. Your friends started this war, killed innocent girls and now want to cry foul? Maybe it's time to grow a spine you pundeh.",terrorism,con,1,0.644237,0.963778,0.9637781986863794,China demonstrates more integrity than the US,user_0061,0,2026-08-27,UgwH-HVpMMnMPfEUHsl4AaABAg,,"ctx4_gemma_en_topic_none (Gemma-2-9B, no context)","ctx4_gemma_en_root (Gemma-2-9B, root)"
China hits out at 'illegal' US sanctions on Iran and trading partners | BBC News,UgwH-HVpMMnMPfEUHsl4AaABAg.A_zjWKbXjO9Aa-52xVnojV,"@user if terrorist hides in a school full of kids, you can just bomb the entire building? If a robber robs a bank, you just shoot the hostages? Tell your friends to stop bombing kindergartens and children hospitals ya. Btw it seems to me that Iran's missile barrage is aiming at US military sites. Nothing wrong with that. Your friends started this war, killed innocent girls and now want to cry foul? Maybe it's time to grow a spine you pundeh.",sanctions,con,1,0.992423,0.980876,0.9808759632491112,China demonstrates more integrity than the US,user_0061,0,2026-08-27,UgwH-HVpMMnMPfEUHsl4AaABAg,,"ctx4_gemma_en_topic_none (Gemma-2-9B, no context)","ctx4_gemma_en_root (Gemma-2-9B, root)"
China hits out at 'illegal' US sanctions on Iran and trading partners | BBC News,UgwH-HVpMMnMPfEUHsl4AaABAg.A_zjWKbXjO9Aa-5EmWP9OX,Joined YouTube right before your comment. I can say you are an AI fake account or paid by the CCP.,united states,pro,1,0.857771,0.592667,0.5926665999540697,China demonstrates more integrity than the US,user_0070,3,2026-08-27,UgwH-HVpMMnMPfEUHsl4AaABAg,,"ctx4_gemma_en_topic_none (Gemma-2-9B, no context)","ctx4_gemma_en_root (Gemma-2-9B, root)"
China hits out at 'illegal' US sanctions on Iran and trading partners | BBC News,UgwH-HVpMMnMPfEUHsl4AaABAg.A_zjWKbXjO9Aa-5EmWP9OX,Joined YouTube right before your comment. I can say you are an AI fake account or paid by the CCP.,china,con,1,0.989511,0.934392,0.9343920974322198,China demonstrates more integrity than the US,user_0070,3,2026-08-27,UgwH-HVpMMnMPfEUHsl4AaABAg,,"ctx4_gemma_en_topic_none (Gemma-2-9B, no context)","ctx4_gemma_en_root (Gemma-2-9B, root)"
China hits out at 'illegal' US sanctions on Iran and trading partners | BBC News,UgwH-HVpMMnMPfEUHsl4AaABAg.A_zjWKbXjO9Aa-5I0fgcK_,@user And then they dropped the case against Huawei because they had no proof. Sounds like you have a case of selective memory!,united states,con,1,0.987375,0.581297,0.5812970058867594,"Ya, thats why Huawei is banned from the US. 

Integrity must = theft to china. Just riding us coat tails trying to steal our good work... right now chinese ai is sifting through better source code from an american ai so it can try to keep up.

So please. Try better china.",user_0068,0,2026-08-27,UgwH-HVpMMnMPfEUHsl4AaABAg,,"ctx4_gemma_en_topic_none (Gemma-2-9B, no context)","ctx4_gemma_en_root (Gemma-2-9B, root)"
China hits out at 'illegal' US sanctions on Iran and trading partners | BBC News,UgwH-HVpMMnMPfEUHsl4AaABAg.A_zjWKbXjO9Aa-5I0fgcK_,@user And then they dropped the case against Huawei because they had no proof. Sounds like you have a case of selective memory!,china,pro,1,0.805636,0.935348,0.935348023462692,"Ya, thats why Huawei is banned from the US. 

Integrity must = theft to china. Just riding us coat tails trying to steal our good work... right now chinese ai is sifting through better source code from an american ai so it can try to keep up.

So please. Try better china.",user_0068,0,2026-08-27,UgwH-HVpMMnMPfEUHsl4AaABAg,,"ctx4_gemma_en_topic_none (Gemma-2-9B, no context)","ctx4_gemma_en_root (Gemma-2-9B, root)"
China hits out at 'illegal' US sanctions on Iran and trading partners | BBC News,UgwH-HVpMMnMPfEUHsl4AaABAg.A_zjWKbXjO9Aa-5I0fgcK_,@user And then they dropped the case against Huawei because they had no proof. Sounds like you have a case of selective memory!,sanctions,con,1,0.89913,0.839727,0.839727238516374,"Ya, thats why Huawei is banned from the US. 

Integrity must = theft to china. Just riding us coat tails trying to steal our good work... right now chinese ai is sifting through better source code from an american ai so it can try to keep up.

So please. Try better china.",user_0068,0,2026-08-27,UgwH-HVpMMnMPfEUHsl4AaABAg,,"ctx4_gemma_en_topic_none (Gemma-2-9B, no context)","ctx4_gemma_en_root (Gemma-2-9B, root)"
China hits out at 'illegal' US sanctions on Iran and trading partners | BBC News,UgwH-HVpMMnMPfEUHsl4AaABAg.A_zjWKbXjO9Aa-6KgpKypF,@user And who's paying you?,united states,con,1,0.936285,0.819904,0.8199044107668463,Joined YouTube right before your comment. I can say you are an AI fake account or paid by the CCP.,user_0068,0,2026-08-27,UgwH-HVpMMnMPfEUHsl4AaABAg,,"ctx4_gemma_en_topic_none (Gemma-2-9B, no context)","ctx4_gemma_en_root (Gemma-2-9B, root)"
China hits out at 'illegal' US sanctions on Iran and trading partners | BBC News,UgwH-HVpMMnMPfEUHsl4AaABAg.A_zjWKbXjO9Aa-6KgpKypF,@user And who's paying you?,iran,con,1,0.923034,0.535092,0.5350922094186469,Joined YouTube right before your comment. I can say you are an AI fake account or paid by the CCP.,user_0068,0,2026-08-27,UgwH-HVpMMnMPfEUHsl4AaABAg,,"ctx4_gemma_en_topic_none (Gemma-2-9B, no context)","ctx4_gemma_en_root (Gemma-2-9B, root)"
China hits out at 'illegal' US sanctions on Iran and trading partners | BBC News,UgwH-HVpMMnMPfEUHsl4AaABAg.A_zjWKbXjO9Aa-6KgpKypF,@user And who's paying you?,sanctions,con,1,0.920788,0.712242,0.7122424320051984,Joined YouTube right before your comment. I can say you are an AI fake account or paid by the CCP.,user_0068,0,2026-08-27,UgwH-HVpMMnMPfEUHsl4AaABAg,,"ctx4_gemma_en_topic_none (Gemma-2-9B, no context)","ctx4_gemma_en_root (Gemma-2-9B, root)"
China hits out at 'illegal' US sanctions on Iran and trading partners | BBC News,UgwH-HVpMMnMPfEUHsl4AaABAg.A_zjWKbXjO9Aa-6gvkL0M6,@user I live there.,united states,con,1,0.957912,0.97482,0.97481993102688,@user and do you live there please🤣🤣🤣,user_0071,0,2026-08-27,UgwH-HVpMMnMPfEUHsl4AaABAg,,"ctx4_gemma_en_topic_none (Gemma-2-9B, no context)","ctx4_gemma_en_root (Gemma-2-9B, root)"
China hits out at 'illegal' US sanctions on Iran and trading partners | BBC News,UgwH-HVpMMnMPfEUHsl4AaABAg.A_zjWKbXjO9Aa-6gvkL0M6,@user I live there.,iran,pro,1,0.647804,0.550601,0.5506011795550502,@user and do you live there please🤣🤣🤣,user_0071,0,2026-08-27,UgwH-HVpMMnMPfEUHsl4AaABAg,,"ctx4_gemma_en_topic_none (Gemma-2-9B, no context)","ctx4_gemma_en_root (Gemma-2-9B, root)"
China hits out at 'illegal' US sanctions on Iran and trading partners | BBC News,UgwH-HVpMMnMPfEUHsl4AaABAg.A_zjWKbXjO9Aa-6gvkL0M6,@user I live there.,sanctions,con,1,0.951864,0.577495,0.5774953651858118,@user and do you live there please🤣🤣🤣,user_0071,0,2026-08-27,UgwH-HVpMMnMPfEUHsl4AaABAg,,"ctx4_gemma_en_topic_none (Gemma-2-9B, no context)","ctx4_gemma_en_root (Gemma-2-9B, root)"
China hits out at 'illegal' US sanctions on Iran and trading partners | BBC News,UgwH-HVpMMnMPfEUHsl4AaABAg.A_zjWKbXjO9Aa-6lbiGFWn,"@user funny you bring up churches since all three historical churhes where bombed  by isreal, and christian churches in the west bank and jerusalem  face recuring problems with vandalism, property damage, and harassment.. i forget so please tell me what did christians do to isreal..",united states,con,1,0.988492,0.527323,0.5273227547205004,"Ya, thats why Huawei is banned from the US. 

Integrity must = theft to china. Just riding us coat tails trying to steal our good work... right now chinese ai is sifting through better source code from an american ai so it can try to keep up.

So please. Try better china.",user_0072,4,2026-08-27,UgwH-HVpMMnMPfEUHsl4AaABAg,,"ctx4_gemma_en_topic_none (Gemma-2-9B, no context)","ctx4_gemma_en_root (Gemma-2-9B, root)"
China hits out at 'illegal' US sanctions on Iran and trading partners | BBC News,UgwH-HVpMMnMPfEUHsl4AaABAg.A_zjWKbXjO9Aa-6lbiGFWn,"@user funny you bring up churches since all three historical churhes where bombed  by isreal, and christian churches in the west bank and jerusalem  face recuring problems with vandalism, property damage, and harassment.. i forget so please tell me what did christians do to isreal..",israel,con,1,0.993612,0.99883,0.9988304897349444,"Ya, thats why Huawei is banned from the US. 

Integrity must = theft to china. Just riding us coat tails trying to steal our good work... right now chinese ai is sifting through better source code from an american ai so it can try to keep up.

So please. Try better china.",user_0072,4,2026-08-27,UgwH-HVpMMnMPfEUHsl4AaABAg,,"ctx4_gemma_en_topic_none (Gemma-2-9B, no context)","ctx4_gemma_en_root (Gemma-2-9B, root)"
China hits out at 'illegal' US sanctions on Iran and trading partners | BBC News,UgwH-HVpMMnMPfEUHsl4AaABAg.A_zjWKbXjO9Aa-6lbiGFWn,"@user funny you bring up churches since all three historical churhes where bombed  by isreal, and christian churches in the west bank and jerusalem  face recuring problems with vandalism, property damage, and harassment.. i forget so please tell me what did christians do to isreal..",palestine,pro,1,0.983848,0.822182,0.8221818206959858,"Ya, thats why Huawei is banned from the US. 

Integrity must = theft to china. Just riding us coat tails trying to steal our good work... right now chinese ai is sifting through better source code from an american ai so it can try to keep up.

So please. Try better china.",user_0072,4,2026-08-27,UgwH-HVpMMnMPfEUHsl4AaABAg,,"ctx4_gemma_en_topic_none (Gemma-2-9B, no context)","ctx4_gemma_en_root (Gemma-2-9B, root)"
China hits out at 'illegal' US sanctions on Iran and trading partners | BBC News,UgwH-HVpMMnMPfEUHsl4AaABAg.A_zjWKbXjO9Aa-6lbiGFWn,"@user funny you bring up churches since all three historical churhes where bombed  by isreal, and christian churches in the west bank and jerusalem  face recuring problems with vandalism, property damage, and harassment.. i forget so please tell me what did christians do to isreal..",iran,pro,1,0.577471,0.665388,0.6653882944438512,"Ya, thats why Huawei is banned from the US. 

Integrity must = theft to china. Just riding us coat tails trying to steal our good work... right now chinese ai is sifting through better source code from an american ai so it can try to keep up.

So please. Try better china.",user_0072,4,2026-08-27,UgwH-HVpMMnMPfEUHsl4AaABAg,,"ctx4_gemma_en_topic_none (Gemma-2-9B, no context)","ctx4_gemma_en_root (Gemma-2-9B, root)"
China hits out at 'illegal' US sanctions on Iran and trading partners | BBC News,UgwH-HVpMMnMPfEUHsl4AaABAg.A_zjWKbXjO9Aa-6lbiGFWn,"@user funny you bring up churches since all three historical churhes where bombed  by isreal, and christian churches in the west bank and jerusalem  face recuring problems with vandalism, property damage, and harassment.. i forget so please tell me what did christians do to isreal..",sanctions,con,1,0.971565,0.901916,0.9019162534521656,"Ya, thats why Huawei is banned from the US. 

Integrity must = theft to china. Just riding us coat tails trying to steal our good work... right now chinese ai is sifting through better source code from an american ai so it can try to keep up.

So please. Try better china.",user_0072,4,2026-08-27,UgwH-HVpMMnMPfEUHsl4AaABAg,,"ctx4_gemma_en_topic_none (Gemma-2-9B, no context)","ctx4_gemma_en_root (Gemma-2-9B, root)"
China hits out at 'illegal' US sanctions on Iran and trading partners | BBC News,UgwH-HVpMMnMPfEUHsl4AaABAg.A_zjWKbXjO9Aa-6rZbBoUc,@user Iran is doing the right thing to back Palestinians to expel their land grabber. No American support of Israel no war in the western Asia.,united states,con,1,0.995318,0.896247,0.8962467237990414,"Ya, thats why Huawei is banned from the US. 

Integrity must = theft to china. Just riding us coat tails trying to steal our good work... right now chinese ai is sifting through better source code from an american ai so it can try to keep up.

So please. Try better china.",user_0073,1,2026-08-27,UgwH-HVpMMnMPfEUHsl4AaABAg,,"ctx4_gemma_en_topic_none (Gemma-2-9B, no context)","ctx4_gemma_en_root (Gemma-2-9B, root)"
China hits out at 'illegal' US sanctions on Iran and trading partners | BBC News,UgwH-HVpMMnMPfEUHsl4AaABAg.A_zjWKbXjO9Aa-6rZbBoUc,@user Iran is doing the right thing to back Palestinians to expel their land grabber. No American support of Israel no war in the western Asia.,israel,con,1,0.998545,0.997949,0.9979492564600826,"Ya, thats why Huawei is banned from the US. 

Integrity must = theft to china. Just riding us coat tails trying to steal our good work... right now chinese ai is sifting through better source code from an american ai so it can try to keep up.

So please. Try better china.",user_0073,1,2026-08-27,UgwH-HVpMMnMPfEUHsl4AaABAg,,"ctx4_gemma_en_topic_none (Gemma-2-9B, no context)","ctx4_gemma_en_root (Gemma-2-9B, root)"
China hits out at 'illegal' US sanctions on Iran and trading partners | BBC News,UgwH-HVpMMnMPfEUHsl4AaABAg.A_zjWKbXjO9Aa-6rZbBoUc,@user Iran is doing the right thing to back Palestinians to expel their land grabber. No American support of Israel no war in the western Asia.,palestine,pro,1,0.998736,0.991288,0.9912879678562118,"Ya, thats why Huawei is banned from the US. 

Integrity must = theft to china. Just riding us coat tails trying to steal our good work... right now chinese ai is sifting through better source code from an american ai so it can try to keep up.

So please. Try better china.",user_0073,1,2026-08-27,UgwH-HVpMMnMPfEUHsl4AaABAg,,"ctx4_gemma_en_topic_none (Gemma-2-9B, no context)","ctx4_gemma_en_root (Gemma-2-9B, root)"
China hits out at 'illegal' US sanctions on Iran and trading partners | BBC News,UgwH-HVpMMnMPfEUHsl4AaABAg.A_zjWKbXjO9Aa-6rZbBoUc,@user Iran is doing the right thing to back Palestinians to expel their land grabber. No American support of Israel no war in the western Asia.,iran,pro,1,0.998218,0.996462,0.9964618258026174,"Ya, thats why Huawei is banned from the US. 

Integrity must = theft to china. Just riding us coat tails trying to steal our good work... right now chinese ai is sifting through better source code from an american ai so it can try to keep up.

So please. Try better china.",user_0073,1,2026-08-27,UgwH-HVpMMnMPfEUHsl4AaABAg,,"ctx4_gemma_en_topic_none (Gemma-2-9B, no context)","ctx4_gemma_en_root (Gemma-2-9B, root)"
China hits out at 'illegal' US sanctions on Iran and trading partners | BBC News,UgwH-HVpMMnMPfEUHsl4AaABAg.A_zjWKbXjO9Aa-6rZbBoUc,@user Iran is doing the right thing to back Palestinians to expel their land grabber. No American support of Israel no war in the western Asia.,sanctions,con,1,0.861535,0.83115,0.8311500649562252,"Ya, thats why Huawei is banned from the US. 

Integrity must = theft to china. Just riding us coat tails trying to steal our good work... right now chinese ai is sifting through better source code from an american ai so it can try to keep up.

So please. Try better china.",user_0073,1,2026-08-27,UgwH-HVpMMnMPfEUHsl4AaABAg,,"ctx4_gemma_en_topic_none (Gemma-2-9B, no context)","ctx4_gemma_en_root (Gemma-2-9B, root)"
China hits out at 'illegal' US sanctions on Iran and trading partners | BBC News,UgwH-HVpMMnMPfEUHsl4AaABAg.A_zjWKbXjO9Aa-7-1ePrmQ,@user You are already a loser when you say like this YOU KNOW.,united states,pro,1,0.790526,0.97805,0.9780501362378158,You can still buy a plane ticket and move there you know.  👍🏻,user_0063,4,2026-08-27,UgwH-HVpMMnMPfEUHsl4AaABAg,,"ctx4_gemma_en_topic_none (Gemma-2-9B, no context)","ctx4_gemma_en_root (Gemma-2-9B, root)"
China hits out at 'illegal' US sanctions on Iran and trading partners | BBC News,UgwH-HVpMMnMPfEUHsl4AaABAg.A_zjWKbXjO9Aa-7-1ePrmQ,@user You are already a loser when you say like this YOU KNOW.,iran,con,1,0.83115,0.665411,0.665410558746814,You can still buy a plane ticket and move there you know.  👍🏻,user_0063,4,2026-08-27,UgwH-HVpMMnMPfEUHsl4AaABAg,,"ctx4_gemma_en_topic_none (Gemma-2-9B, no context)","ctx4_gemma_en_root (Gemma-2-9B, root)"
China hits out at 'illegal' US sanctions on Iran and trading partners | BBC News,UgwH-HVpMMnMPfEUHsl4AaABAg.A_zjWKbXjO9Aa-735VxfiD,@user Have you been in China?,united states,con,1,0.974822,0.519515,0.5195150814760978,You can still buy a plane ticket and move there you know.  👍🏻,user_0073,1,2026-08-27,UgwH-HVpMMnMPfEUHsl4AaABAg,,"ctx4_gemma_en_topic_none (Gemma-2-9B, no context)","ctx4_gemma_en_root (Gemma-2-9B, root)"
China hits out at 'illegal' US sanctions on Iran and trading partners | BBC News,UgwH-HVpMMnMPfEUHsl4AaABAg.A_zjWKbXjO9Aa-735VxfiD,@user Have you been in China?,china,con,1,0.923041,0.976312,0.976311685087098,You can still buy a plane ticket and move there you know.  👍🏻,user_0073,1,2026-08-27,UgwH-HVpMMnMPfEUHsl4AaABAg,,"ctx4_gemma_en_topic_none (Gemma-2-9B, no context)","ctx4_gemma_en_root (Gemma-2-9B, root)"
China hits out at 'illegal' US sanctions on Iran and trading partners | BBC News,UgwH-HVpMMnMPfEUHsl4AaABAg.A_zjWKbXjO9Aa-735VxfiD,@user Have you been in China?,sanctions,con,1,0.935348,0.523408,0.5234078763473579,You can still buy a plane ticket and move there you know.  👍🏻,user_0073,1,2026-08-27,UgwH-HVpMMnMPfEUHsl4AaABAg,,"ctx4_gemma_en_topic_none (Gemma-2-9B, no context)","ctx4_gemma_en_root (Gemma-2-9B, root)"
China hits out at 'illegal' US sanctions on Iran and trading partners | BBC News,UgwH-HVpMMnMPfEUHsl4AaABAg.A_zjWKbXjO9Aa-7Yn8hcLT,"oh just you wait till you see what they're planning to do with Taiwan, it might contrast that image of integrity you might have of them.",united states,con,1,0.971993,0.985936,0.9859363729567544,China demonstrates more integrity than the US,user_0074,2,2026-08-27,UgwH-HVpMMnMPfEUHsl4AaABAg,,"ctx4_gemma_en_topic_none (Gemma-2-9B, no context)","ctx4_gemma_en_root (Gemma-2-9B, root)"
China hits out at 'illegal' US sanctions on Iran and trading partners | BBC News,UgwH-HVpMMnMPfEUHsl4AaABAg.A_zjWKbXjO9Aa-7Yn8hcLT,"oh just you wait till you see what they're planning to do with Taiwan, it might contrast that image of integrity you might have of them.",china,con,1,0.997489,0.984811,0.9848113251460238,China demonstrates more integrity than the US,user_0074,2,2026-08-27,UgwH-HVpMMnMPfEUHsl4AaABAg,,"ctx4_gemma_en_topic_none (Gemma-2-9B, no context)","ctx4_gemma_en_root (Gemma-2-9B, root)"
China hits out at 'illegal' US sanctions on Iran and trading partners | BBC News,UgwH-HVpMMnMPfEUHsl4AaABAg.A_zjWKbXjO9Aa-7Yn8hcLT,"oh just you wait till you see what they're planning to do with Taiwan, it might contrast that image of integrity you might have of them.",taiwan,pro,1,0.954649,0.966914,0.9669140216112958,China demonstrates more integrity than the US,user_0074,2,2026-08-27,UgwH-HVpMMnMPfEUHsl4AaABAg,,"ctx4_gemma_en_topic_none (Gemma-2-9B, no context)","ctx4_gemma_en_root (Gemma-2-9B, root)"
China hits out at 'illegal' US sanctions on Iran and trading partners | BBC News,UgwH-HVpMMnMPfEUHsl4AaABAg.A_zjWKbXjO9Aa-7Yn8hcLT,"oh just you wait till you see what they're planning to do with Taiwan, it might contrast that image of integrity you might have of them.",iran,con,1,0.995801,0.566037,0.5660369582213496,China demonstrates more integrity than the US,user_0074,2,2026-08-27,UgwH-HVpMMnMPfEUHsl4AaABAg,,"ctx4_gemma_en_topic_none (Gemma-2-9B, no context)","ctx4_gemma_en_root (Gemma-2-9B, root)"
China hits out at 'illegal' US sanctions on Iran and trading partners | BBC News,UgwH-HVpMMnMPfEUHsl4AaABAg.A_zjWKbXjO9Aa-7Yn8hcLT,"oh just you wait till you see what they're planning to do with Taiwan, it might contrast that image of integrity you might have of them.",sanctions,pro,1,0.861535,0.988492,0.9884915665394344,China demonstrates more integrity than the US,user_0074,2,2026-08-27,UgwH-HVpMMnMPfEUHsl4AaABAg,,"ctx4_gemma_en_topic_none (Gemma-2-9B, no context)","ctx4_gemma_en_root (Gemma-2-9B, root)"
China hits out at 'illegal' US sanctions on Iran and trading partners | BBC News,UgwH-HVpMMnMPfEUHsl4AaABAg.A_zjWKbXjO9Aa-7pTm8MOp,@user and who is paying you?,united states,con,1,0.957275,0.812875,0.8128749234206666,Joined YouTube right before your comment. I can say you are an AI fake account or paid by the CCP.,user_0073,0,2026-08-27,UgwH-HVpMMnMPfEUHsl4AaABAg,,"ctx4_gemma_en_topic_none (Gemma-2-9B, no context)","ctx4_gemma_en_root (Gemma-2-9B, root)"
China hits out at 'illegal' US sanctions on Iran and trading partners | BBC News,UgwH-HVpMMnMPfEUHsl4AaABAg.A_zjWKbXjO9Aa-7pTm8MOp,@user and who is paying you?,iran,con,1,0.908612,0.542845,0.542844670907258,Joined YouTube right before your comment. I can say you are an AI fake account or paid by the CCP.,user_0073,0,2026-08-27,UgwH-HVpMMnMPfEUHsl4AaABAg,,"ctx4_gemma_en_topic_none (Gemma-2-9B, no context)","ctx4_gemma_en_root (Gemma-2-9B, root)"
China hits out at 'illegal' US sanctions on Iran and trading partners | BBC News,UgwH-HVpMMnMPfEUHsl4AaABAg.A_zjWKbXjO9Aa-7pTm8MOp,@user and who is paying you?,sanctions,con,1,0.939026,0.715409,0.7154087260991177,Joined YouTube right before your comment. I can say you are an AI fake account or paid by the CCP.,user_0073,0,2026-08-27,UgwH-HVpMMnMPfEUHsl4AaABAg,,"ctx4_gemma_en_topic_none (Gemma-2-9B, no context)","ctx4_gemma_en_root (Gemma-2-9B, root)"
China hits out at 'illegal' US sanctions on Iran and trading partners | BBC News,UgwH-HVpMMnMPfEUHsl4AaABAg.A_zjWKbXjO9Aa-7zrBx0Ab,@user Who is grabbing Palestinian land?,israel,con,1,0.995461,0.945803,0.9458025516932196,You’re an idiot. China steals intellectual property and cheats tbe system.  You don’t know what you’re talking about.,user_0073,1,2026-08-27,UgwH-HVpMMnMPfEUHsl4AaABAg,,"ctx4_gemma_en_topic_none (Gemma-2-9B, no context)","ctx4_gemma_en_root (Gemma-2-9B, root)"
China hits out at 'illegal' US sanctions on Iran and trading partners | BBC News,UgwH-HVpMMnMPfEUHsl4AaABAg.A_zjWKbXjO9Aa-7zrBx0Ab,@user Who is grabbing Palestinian land?,palestine,pro,1,0.992539,0.990732,0.9907322161692024,You’re an idiot. China steals intellectual property and cheats tbe system.  You don’t know what you’re talking about.,user_0073,1,2026-08-27,UgwH-HVpMMnMPfEUHsl4AaABAg,,"ctx4_gemma_en_topic_none (Gemma-2-9B, no context)","ctx4_gemma_en_root (Gemma-2-9B, root)"
China hits out at 'illegal' US sanctions on Iran and trading partners | BBC News,UgwH-HVpMMnMPfEUHsl4AaABAg.A_zjWKbXjO9Aa-7zrBx0Ab,@user Who is grabbing Palestinian land?,iran,pro,1,0.867036,0.962108,0.9621084847746292,You’re an idiot. China steals intellectual property and cheats tbe system.  You don’t know what you’re talking about.,user_0073,1,2026-08-27,UgwH-HVpMMnMPfEUHsl4AaABAg,,"ctx4_gemma_en_topic_none (Gemma-2-9B, no context)","ctx4_gemma_en_root (Gemma-2-9B, root)"
China hits out at 'illegal' US sanctions on Iran and trading partners | BBC News,UgwH-HVpMMnMPfEUHsl4AaABAg.A_zjWKbXjO9Aa-8OYVLbpG,"@user Your words just show you don't have any integrity and intelligence. You're just like other western politicians, so shameless and always blaming others for your own fault.",united states,con,1,0.99819,0.985936,0.9859363729567544,"oh just you wait till you see what they're planning to do with Taiwan, it might contrast that image of integrity you might have of them.",user_0063,2,2026-08-27,UgwH-HVpMMnMPfEUHsl4AaABAg,,"ctx4_gemma_en_topic_none (Gemma-2-9B, no context)","ctx4_gemma_en_root (Gemma-2-9B, root)"
China hits out at 'illegal' US sanctions on Iran and trading partners | BBC News,UgwH-HVpMMnMPfEUHsl4AaABAg.A_zjWKbXjO9Aa-8OYVLbpG,"@user Your words just show you don't have any integrity and intelligence. You're just like other western politicians, so shameless and always blaming others for your own fault.",iran,pro,1,0.979976,0.948152,0.948152075419432,"oh just you wait till you see what they're planning to do with Taiwan, it might contrast that image of integrity you might have of them.",user_0063,2,2026-08-27,UgwH-HVpMMnMPfEUHsl4AaABAg,,"ctx4_gemma_en_topic_none (Gemma-2-9B, no context)","ctx4_gemma_en_root (Gemma-2-9B, root)"
China hits out at 'illegal' US sanctions on Iran and trading partners | BBC News,UgwH-HVpMMnMPfEUHsl4AaABAg.A_zjWKbXjO9Aa-8OYVLbpG,"@user Your words just show you don't have any integrity and intelligence. You're just like other western politicians, so shameless and always blaming others for your own fault.",sanctions,con,1,0.996877,0.769076,0.7690757971452105,"oh just you wait till you see what they're planning to do with Taiwan, it might contrast that image of integrity you might have of them.",user_0063,2,2026-08-27,UgwH-HVpMMnMPfEUHsl4AaABAg,,"ctx4_gemma_en_topic_none (Gemma-2-9B, no context)","ctx4_gemma_en_root (Gemma-2-9B, root)"
China hits out at 'illegal' US sanctions on Iran and trading partners | BBC News,UgwH-HVpMMnMPfEUHsl4AaABAg.A_zjWKbXjO9Aa-9sREIgiL,"@user
Most people in China live better than the average US citizen, with more days off, more sick days and much better health care.",united states,con,1,0.996827,0.996116,0.9961156201847192,An estimated 5.8 million people live in modern slavery in China on any given day. But yeah keep glazing them,user_0055,1,2026-08-27,UgwH-HVpMMnMPfEUHsl4AaABAg,,"ctx4_gemma_en_topic_none (Gemma-2-9B, no context)","ctx4_gemma_en_root (Gemma-2-9B, root)"
China hits out at 'illegal' US sanctions on Iran and trading partners | BBC News,UgwH-HVpMMnMPfEUHsl4AaABAg.A_zjWKbXjO9Aa-9sREIgiL,"@user
Most people in China live better than the average US citizen, with more days off, more sick days and much better health care.",china,pro,1,0.996462,0.98983,0.9898300905871504,An estimated 5.8 million people live in modern slavery in China on any given day. But yeah keep glazing them,user_0055,1,2026-08-27,UgwH-HVpMMnMPfEUHsl4AaABAg,,"ctx4_gemma_en_topic_none (Gemma-2-9B, no context)","ctx4_gemma_en_root (Gemma-2-9B, root)"
China hits out at 'illegal' US sanctions on Iran and trading partners | BBC News,UgwH-HVpMMnMPfEUHsl4AaABAg.A_zjWKbXjO9Aa-9sREIgiL,"@user
Most people in China live better than the average US citizen, with more days off, more sick days and much better health care.",sanctions,con,1,0.979978,0.780006,0.7800057702820231,An estimated 5.8 million people live in modern slavery in China on any given day. But yeah keep glazing them,user_0055,1,2026-08-27,UgwH-HVpMMnMPfEUHsl4AaABAg,,"ctx4_gemma_en_topic_none (Gemma-2-9B, no context)","ctx4_gemma_en_root (Gemma-2-9B, root)"
China hits out at 'illegal' US sanctions on Iran and trading partners | BBC News,UgwH-HVpMMnMPfEUHsl4AaABAg.A_zjWKbXjO9Aa-A7Q6zg50,@user I have. And he's right.,united states,con,1,0.997065,0.715409,0.7154087260991177,China demonstrates more integrity than the US,user_0075,2,2026-08-27,UgwH-HVpMMnMPfEUHsl4AaABAg,,"ctx4_gemma_en_topic_none (Gemma-2-9B, no context)","ctx4_gemma_en_root (Gemma-2-9B, root)"
China hits out at 'illegal' US sanctions on Iran and trading partners | BBC News,UgwH-HVpMMnMPfEUHsl4AaABAg.A_zjWKbXjO9Aa-A7Q6zg50,@user I have. And he's right.,iran,pro,1,0.644214,0.699244,0.699243906070218,China demonstrates more integrity than the US,user_0075,2,2026-08-27,UgwH-HVpMMnMPfEUHsl4AaABAg,,"ctx4_gemma_en_topic_none (Gemma-2-9B, no context)","ctx4_gemma_en_root (Gemma-2-9B, root)"
China hits out at 'illegal' US sanctions on Iran and trading partners | BBC News,UgwH-HVpMMnMPfEUHsl4AaABAg.A_zjWKbXjO9Aa-A7Q6zg50,@user I have. And he's right.,sanctions,con,1,0.989013,0.611376,0.6113760334262107,China demonstrates more integrity than the US,user_0075,2,2026-08-27,UgwH-HVpMMnMPfEUHsl4AaABAg,,"ctx4_gemma_en_topic_none (Gemma-2-9B, no context)","ctx4_gemma_en_root (Gemma-2-9B, root)"
China hits out at 'illegal' US sanctions on Iran and trading partners | BBC News,UgwH-HVpMMnMPfEUHsl4AaABAg.A_zjWKbXjO9Aa-AFZTsxD0,@user Just ROI reuniting with occupied Ireland. Nothing special there.,united states,con,1,0.987179,0.957279,0.957278824867106,China demonstrates more integrity than the US,user_0075,1,2026-08-27,UgwH-HVpMMnMPfEUHsl4AaABAg,,"ctx4_gemma_en_topic_none (Gemma-2-9B, no context)","ctx4_gemma_en_root (Gemma-2-9B, root)"
China hits out at 'illegal' US sanctions on Iran and trading partners | BBC News,UgwH-HVpMMnMPfEUHsl4AaABAg.A_zjWKbXjO9Aa-AFZTsxD0,@user Just ROI reuniting with occupied Ireland. Nothing special there.,sanctions,con,1,0.913678,0.527323,0.5273227547205004,China demonstrates more integrity than the US,user_0075,1,2026-08-27,UgwH-HVpMMnMPfEUHsl4AaABAg,,"ctx4_gemma_en_topic_none (Gemma-2-9B, no context)","ctx4_gemma_en_root (Gemma-2-9B, root)"
China hits out at 'illegal' US sanctions on Iran and trading partners | BBC News,UgwH-HVpMMnMPfEUHsl4AaABAg.A_zjWKbXjO9Aa-AOv-Veym,@user I wish I have a brain as smooth as yours believing in the same country that has been murdering muslims all over the world on what they have to say about Chinese muslims😂,united states,con,1,0.996727,0.955319,0.9553191297273498,China demonstrates more integrity than the US,user_0075,0,2026-08-27,UgwH-HVpMMnMPfEUHsl4AaABAg,,"ctx4_gemma_en_topic_none (Gemma-2-9B, no context)","ctx4_gemma_en_root (Gemma-2-9B, root)"
China hits out at 'illegal' US sanctions on Iran and trading partners | BBC News,UgwH-HVpMMnMPfEUHsl4AaABAg.A_zjWKbXjO9Aa-AOv-Veym,@user I wish I have a brain as smooth as yours believing in the same country that has been murdering muslims all over the world on what they have to say about Chinese muslims😂,china,pro,1,0.81286,0.980581,0.9805811278677594,China demonstrates more integrity than the US,user_0075,0,2026-08-27,UgwH-HVpMMnMPfEUHsl4AaABAg,,"ctx4_gemma_en_topic_none (Gemma-2-9B, no context)","ctx4_gemma_en_root (Gemma-2-9B, root)"
China hits out at 'illegal' US sanctions on Iran and trading partners | BBC News,UgwH-HVpMMnMPfEUHsl4AaABAg.A_zjWKbXjO9Aa-AOv-Veym,@user I wish I have a brain as smooth as yours believing in the same country that has been murdering muslims all over the world on what they have to say about Chinese muslims😂,iran,pro,1,0.870603,0.851953,0.8519528019683106,China demonstrates more integrity than the US,user_0075,0,2026-08-27,UgwH-HVpMMnMPfEUHsl4AaABAg,,"ctx4_gemma_en_topic_none (Gemma-2-9B, no context)","ctx4_gemma_en_root (Gemma-2-9B, root)"
China hits out at 'illegal' US sanctions on Iran and trading partners | BBC News,UgwH-HVpMMnMPfEUHsl4AaABAg.A_zjWKbXjO9Aa-AhYh3TpW,@user sure whatever you say let me ask you just one question can you drink a beer on the streets of China?,china,con,1,0.990588,0.966914,0.9669140216112958,@user I live there.,user_0069,0,2026-08-27,UgwH-HVpMMnMPfEUHsl4AaABAg,,"ctx4_gemma_en_topic_none (Gemma-2-9B, no context)","ctx4_gemma_en_root (Gemma-2-9B, root)"
China hits out at 'illegal' US sanctions on Iran and trading partners | BBC News,UgwH-HVpMMnMPfEUHsl4AaABAg.A_zjWKbXjO9Aa-Bls9kzzA,"@user Taiwan belongs to China, China treats Taiwan with full integrity not like America to have destroyed Muslim countries.",united states,con,1,0.998545,0.991289,0.9912888314270488,"oh just you wait till you see what they're planning to do with Taiwan, it might contrast that image of integrity you might have of them.",user_0073,4,2026-08-27,UgwH-HVpMMnMPfEUHsl4AaABAg,,"ctx4_gemma_en_topic_none (Gemma-2-9B, no context)","ctx4_gemma_en_root (Gemma-2-9B, root)"
China hits out at 'illegal' US sanctions on Iran and trading partners | BBC News,UgwH-HVpMMnMPfEUHsl4AaABAg.A_zjWKbXjO9Aa-Bls9kzzA,"@user Taiwan belongs to China, China treats Taiwan with full integrity not like America to have destroyed Muslim countries.",china,pro,1,0.998849,0.984811,0.9848113251460238,"oh just you wait till you see what they're planning to do with Taiwan, it might contrast that image of integrity you might have of them.",user_0073,4,2026-08-27,UgwH-HVpMMnMPfEUHsl4AaABAg,,"ctx4_gemma_en_topic_none (Gemma-2-9B, no context)","ctx4_gemma_en_root (Gemma-2-9B, root)"
China hits out at 'illegal' US sanctions on Iran and trading partners | BBC News,UgwH-HVpMMnMPfEUHsl4AaABAg.A_zjWKbXjO9Aa-Bls9kzzA,"@user Taiwan belongs to China, China treats Taiwan with full integrity not like America to have destroyed Muslim countries.",taiwan,con,1,0.993709,0.968379,0.9683789362241206,"oh just you wait till you see what they're planning to do with Taiwan, it might contrast that image of integrity you might have of them.",user_0073,4,2026-08-27,UgwH-HVpMMnMPfEUHsl4AaABAg,,"ctx4_gemma_en_topic_none (Gemma-2-9B, no context)","ctx4_gemma_en_root (Gemma-2-9B, root)"
China hits out at 'illegal' US sanctions on Iran and trading partners | BBC News,UgwH-HVpMMnMPfEUHsl4AaABAg.A_zjWKbXjO9Aa-Bls9kzzA,"@user Taiwan belongs to China, China treats Taiwan with full integrity not like America to have destroyed Muslim countries.",sanctions,con,1,0.997111,0.734115,0.7341146471704442,"oh just you wait till you see what they're planning to do with Taiwan, it might contrast that image of integrity you might have of them.",user_0073,4,2026-08-27,UgwH-HVpMMnMPfEUHsl4AaABAg,,"ctx4_gemma_en_topic_none (Gemma-2-9B, no context)","ctx4_gemma_en_root (Gemma-2-9B, root)"
China hits out at 'illegal' US sanctions on Iran and trading partners | BBC News,UgwH-HVpMMnMPfEUHsl4AaABAg.A_zjWKbXjO9Aa-C8rOHkpJ,Thats a communist country that treats its people like crap. Wth!? You done lost your mind. You need to stop talking about things you don't understand.,united states,pro,1,0.757808,0.787931,0.7879311956428947,China demonstrates more integrity than the US,user_0076,2,2026-08-27,UgwH-HVpMMnMPfEUHsl4AaABAg,,"ctx4_gemma_en_topic_none (Gemma-2-9B, no context)","ctx4_gemma_en_root (Gemma-2-9B, root)"
China hits out at 'illegal' US sanctions on Iran and trading partners | BBC News,UgwH-HVpMMnMPfEUHsl4AaABAg.A_zjWKbXjO9Aa-C8rOHkpJ,Thats a communist country that treats its people like crap. Wth!? You done lost your mind. You need to stop talking about things you don't understand.,china,con,1,0.998522,0.978052,0.9780522829419152,China demonstrates more integrity than the US,user_0076,2,2026-08-27,UgwH-HVpMMnMPfEUHsl4AaABAg,,"ctx4_gemma_en_topic_none (Gemma-2-9B, no context)","ctx4_gemma_en_root (Gemma-2-9B, root)"
China hits out at 'illegal' US sanctions on Iran and trading partners | BBC News,UgwH-HVpMMnMPfEUHsl4AaABAg.A_zjWKbXjO9Aa-C8rOHkpJ,Thats a communist country that treats its people like crap. Wth!? You done lost your mind. You need to stop talking about things you don't understand.,sanctions,con,1,0.588871,0.629763,0.6297629494012061,China demonstrates more integrity than the US,user_0076,2,2026-08-27,UgwH-HVpMMnMPfEUHsl4AaABAg,,"ctx4_gemma_en_topic_none (Gemma-2-9B, no context)","ctx4_gemma_en_root (Gemma-2-9B, root)"
China hits out at 'illegal' US sanctions on Iran and trading partners | BBC News,UgwH-HVpMMnMPfEUHsl4AaABAg.A_zjWKbXjO9Aa-C8rOHkpJ,Thats a communist country that treats its people like crap. Wth!? You done lost your mind. You need to stop talking about things you don't understand.,communism / socialism,con,1,0.997713,0.896256,0.8962560222839724,China demonstrates more integrity than the US,user_0076,2,2026-08-27,UgwH-HVpMMnMPfEUHsl4AaABAg,,"ctx4_gemma_en_topic_none (Gemma-2-9B, no context)","ctx4_gemma_en_root (Gemma-2-9B, root)"
China hits out at 'illegal' US sanctions on Iran and trading partners | BBC News,UgwH-HVpMMnMPfEUHsl4AaABAg.A_zjWKbXjO9Aa-Cu2PBPS6,@user of course he can drink a beer on the street of China. You’re a moron lol. I bet you typed your post from a Chinese made phone 😂,united states,con,1,0.985271,0.731059,0.7310585786300049,@user and do you live there please🤣🤣🤣,user_0053,1,2026-08-27,UgwH-HVpMMnMPfEUHsl4AaABAg,,"ctx4_gemma_en_topic_none (Gemma-2-9B, no context)","ctx4_gemma_en_root (Gemma-2-9B, root)"
China hits out at 'illegal' US sanctions on Iran and trading partners | BBC News,UgwH-HVpMMnMPfEUHsl4AaABAg.A_zjWKbXjO9Aa-Cu2PBPS6,@user of course he can drink a beer on the street of China. You’re a moron lol. I bet you typed your post from a Chinese made phone 😂,china,pro,1,0.980282,0.981734,0.9817343767974672,@user and do you live there please🤣🤣🤣,user_0053,1,2026-08-27,UgwH-HVpMMnMPfEUHsl4AaABAg,,"ctx4_gemma_en_topic_none (Gemma-2-9B, no context)","ctx4_gemma_en_root (Gemma-2-9B, root)"
China hits out at 'illegal' US sanctions on Iran and trading partners | BBC News,UgwH-HVpMMnMPfEUHsl4AaABAg.A_zjWKbXjO9Aa-DpPcyrEQ,"@user With most presidents in charge. Look at our history. The country was built by stealing the land from the natives and committing genocide and 400+ years of enslaving black people. Which presidents had integrity? Jimmy Carter? Obama maybe? Even they weren't perfect, but at least they're not monsters like most of the rest were.",united states,con,1,0.995866,0.99711,0.9971102749170786,"@user with trump in charge, definitely.",user_0077,12,2026-08-27,UgwH-HVpMMnMPfEUHsl4AaABAg,,"ctx4_gemma_en_topic_none (Gemma-2-9B, no context)","ctx4_gemma_en_root (Gemma-2-9B, root)"
China hits out at 'illegal' US sanctions on Iran and trading partners | BBC News,UgwH-HVpMMnMPfEUHsl4AaABAg.A_zjWKbXjO9Aa-DpPcyrEQ,"@user With most presidents in charge. Look at our history. The country was built by stealing the land from the natives and committing genocide and 400+ years of enslaving black people. Which presidents had integrity? Jimmy Carter? Obama maybe? Even they weren't perfect, but at least they're not monsters like most of the rest were.",sanctions,con,1,0.859664,0.685939,0.68593868376804,"@user with trump in charge, definitely.",user_0077,12,2026-08-27,UgwH-HVpMMnMPfEUHsl4AaABAg,,"ctx4_gemma_en_topic_none (Gemma-2-9B, no context)","ctx4_gemma_en_root (Gemma-2-9B, root)"
China hits out at 'illegal' US sanctions on Iran and trading partners | BBC News,UgwH-HVpMMnMPfEUHsl4AaABAg.A_zjWKbXjO9Aa-DpPcyrEQ,"@user With most presidents in charge. Look at our history. The country was built by stealing the land from the natives and committing genocide and 400+ years of enslaving black people. Which presidents had integrity? Jimmy Carter? Obama maybe? Even they weren't perfect, but at least they're not monsters like most of the rest were.",right-wing politics,con,1,0.99819,0.56984,0.5698403953409988,"@user with trump in charge, definitely.",user_0077,12,2026-08-27,UgwH-HVpMMnMPfEUHsl4AaABAg,,"ctx4_gemma_en_topic_none (Gemma-2-9B, no context)","ctx4_gemma_en_root (Gemma-2-9B, root)"
China hits out at 'illegal' US sanctions on Iran and trading partners | BBC News,UgwH-HVpMMnMPfEUHsl4AaABAg.A_zjWKbXjO9Aa-DpPcyrEQ,"@user With most presidents in charge. Look at our history. The country was built by stealing the land from the natives and committing genocide and 400+ years of enslaving black people. Which presidents had integrity? Jimmy Carter? Obama maybe? Even they weren't perfect, but at least they're not monsters like most of the rest were.",government / the state,con,1,0.996727,0.793098,0.793097746618804,"@user with trump in charge, definitely.",user_0077,12,2026-08-27,UgwH-HVpMMnMPfEUHsl4AaABAg,,"ctx4_gemma_en_topic_none (Gemma-2-9B, no context)","ctx4_gemma_en_root (Gemma-2-9B, root)"
China hits out at 'illegal' US sanctions on Iran and trading partners | BBC News,UgwH-HVpMMnMPfEUHsl4AaABAg.A_zjWKbXjO9Aa-EdcBDL3G,@user in your imagination?,united states,con,1,0.962108,0.695953,0.6959530349991658,Why do there factories have suicide nets?,user_0049,0,2026-08-27,UgwH-HVpMMnMPfEUHsl4AaABAg,,"ctx4_gemma_en_topic_none (Gemma-2-9B, no context)","ctx4_gemma_en_root (Gemma-2-9B, root)"
China hits out at 'illegal' US sanctions on Iran and trading partners | BBC News,UgwH-HVpMMnMPfEUHsl4AaABAg.A_zjWKbXjO9Aa-EdcBDL3G,@user in your imagination?,iran,con,1,0.887205,0.824466,0.8244655444586806,Why do there factories have suicide nets?,user_0049,0,2026-08-27,UgwH-HVpMMnMPfEUHsl4AaABAg,,"ctx4_gemma_en_topic_none (Gemma-2-9B, no context)","ctx4_gemma_en_root (Gemma-2-9B, root)"
China hits out at 'illegal' US sanctions on Iran and trading partners | BBC News,UgwH-HVpMMnMPfEUHsl4AaABAg.A_zjWKbXjO9Aa-EdcBDL3G,@user in your imagination?,sanctions,con,1,0.964855,0.507799,0.5077993673255866,Why do there factories have suicide nets?,user_0049,0,2026-08-27,UgwH-HVpMMnMPfEUHsl4AaABAg,,"ctx4_gemma_en_topic_none (Gemma-2-9B, no context)","ctx4_gemma_en_root (Gemma-2-9B, root)"
China hits out at 'illegal' US sanctions on Iran and trading partners | BBC News,UgwH-HVpMMnMPfEUHsl4AaABAg.A_zjWKbXjO9Aa-FRaU47Kv,"@user
With Trump, it is upfront. U can see it.

With other presidents, it is covert.",united states,con,1,0.987179,0.981166,0.9811664081429304,China demonstrates more integrity than the US,user_0078,5,2026-08-27,UgwH-HVpMMnMPfEUHsl4AaABAg,,"ctx4_gemma_en_topic_none (Gemma-2-9B, no context)","ctx4_gemma_en_root (Gemma-2-9B, root)"
China hits out at 'illegal' US sanctions on Iran and trading partners | BBC News,UgwH-HVpMMnMPfEUHsl4AaABAg.A_zjWKbXjO9Aa-FRaU47Kv,"@user
With Trump, it is upfront. U can see it.

With other presidents, it is covert.",sanctions,con,1,0.964322,0.843895,0.8438951025545426,China demonstrates more integrity than the US,user_0078,5,2026-08-27,UgwH-HVpMMnMPfEUHsl4AaABAg,,"ctx4_gemma_en_topic_none (Gemma-2-9B, no context)","ctx4_gemma_en_root (Gemma-2-9B, root)"
China hits out at 'illegal' US sanctions on Iran and trading partners | BBC News,UgwH-HVpMMnMPfEUHsl4AaABAg.A_zjWKbXjO9Aa-FRaU47Kv,"@user
With Trump, it is upfront. U can see it.

With other presidents, it is covert.",donald trump,pro,1,0.546738,0.957275,0.9572747350724584,China demonstrates more integrity than the US,user_0078,5,2026-08-27,UgwH-HVpMMnMPfEUHsl4AaABAg,,"ctx4_gemma_en_topic_none (Gemma-2-9B, no context)","ctx4_gemma_en_root (Gemma-2-9B, root)"
China hits out at 'illegal' US sanctions on Iran and trading partners | BBC News,UgwH-HVpMMnMPfEUHsl4AaABAg.A_zjWKbXjO9Aa-FmHVI3PI,"@user freedom of speech, no?😂",united states,con,1,0.754915,0.989013,0.9890130573694068,China demonstrates more integrity than the US,user_0079,3,2026-08-27,UgwH-HVpMMnMPfEUHsl4AaABAg,,"ctx4_gemma_en_topic_none (Gemma-2-9B, no context)","ctx4_gemma_en_root (Gemma-2-9B, root)"
China hits out at 'illegal' US sanctions on Iran and trading partners | BBC News,UgwH-HVpMMnMPfEUHsl4AaABAg.A_zjWKbXjO9Aa-FmHVI3PI,"@user freedom of speech, no?😂",iran,con,1,0.7773,0.654889,0.6548890788296752,China demonstrates more integrity than the US,user_0079,3,2026-08-27,UgwH-HVpMMnMPfEUHsl4AaABAg,,"ctx4_gemma_en_topic_none (Gemma-2-9B, no context)","ctx4_gemma_en_root (Gemma-2-9B, root)"
China hits out at 'illegal' US sanctions on Iran and trading partners | BBC News,UgwH-HVpMMnMPfEUHsl4AaABAg.A_zjWKbXjO9Aa-FmHVI3PI,"@user freedom of speech, no?😂",free speech,pro,1,0.503925,0.991938,0.9919380084717284,China demonstrates more integrity than the US,user_0079,3,2026-08-27,UgwH-HVpMMnMPfEUHsl4AaABAg,,"ctx4_gemma_en_topic_none (Gemma-2-9B, no context)","ctx4_gemma_en_root (Gemma-2-9B, root)"
China hits out at 'illegal' US sanctions on Iran and trading partners | BBC News,UgwH-HVpMMnMPfEUHsl4AaABAg.A_zjWKbXjO9Aa-FmHVI3PI,"@user freedom of speech, no?😂",sanctions,con,1,0.913678,0.661906,0.6619060920725048,China demonstrates more integrity than the US,user_0079,3,2026-08-27,UgwH-HVpMMnMPfEUHsl4AaABAg,,"ctx4_gemma_en_topic_none (Gemma-2-9B, no context)","ctx4_gemma_en_root (Gemma-2-9B, root)"
China hits out at 'illegal' US sanctions on Iran and trading partners | BBC News,UgwH-HVpMMnMPfEUHsl4AaABAg.A_zjWKbXjO9Aa-GBRYEm7_,"@user +999 west social credit score for you, my dear friend",united states,pro,1,0.519515,0.95041,0.9504097987539062,China demonstrates more integrity than the US,user_0079,0,2026-08-27,UgwH-HVpMMnMPfEUHsl4AaABAg,,"ctx4_gemma_en_topic_none (Gemma-2-9B, no context)","ctx4_gemma_en_root (Gemma-2-9B, root)"
China hits out at 'illegal' US sanctions on Iran and trading partners | BBC News,UgwH-HVpMMnMPfEUHsl4AaABAg.A_zjWKbXjO9Aa-GBRYEm7_,"@user +999 west social credit score for you, my dear friend",china,con,1,0.824451,0.737148,0.7371484747135117,China demonstrates more integrity than the US,user_0079,0,2026-08-27,UgwH-HVpMMnMPfEUHsl4AaABAg,,"ctx4_gemma_en_topic_none (Gemma-2-9B, no context)","ctx4_gemma_en_root (Gemma-2-9B, root)"
China hits out at 'illegal' US sanctions on Iran and trading partners | BBC News,UgwH-HVpMMnMPfEUHsl4AaABAg.A_zjWKbXjO9Aa-GBRYEm7_,"@user +999 west social credit score for you, my dear friend",sanctions,con,1,0.793114,0.760642,0.7606415494967895,China demonstrates more integrity than the US,user_0079,0,2026-08-27,UgwH-HVpMMnMPfEUHsl4AaABAg,,"ctx4_gemma_en_topic_none (Gemma-2-9B, no context)","ctx4_gemma_en_root (Gemma-2-9B, root)"
China hits out at 'illegal' US sanctions on Iran and trading partners | BBC News,UgwH-HVpMMnMPfEUHsl4AaABAg.A_zjWKbXjO9Aa-GBovcb3V,@user Don’t make such remarks if you’ve never been to China. Social media is full of rubbish largely thanks to people like you. See the world with your own eyes!,united states,con,1,0.991014,0.961532,0.9615319586117942,An estimated 5.8 million people live in modern slavery in China on any given day. But yeah keep glazing them,user_0058,1,2026-08-27,UgwH-HVpMMnMPfEUHsl4AaABAg,,"ctx4_gemma_en_topic_none (Gemma-2-9B, no context)","ctx4_gemma_en_root (Gemma-2-9B, root)"
China hits out at 'illegal' US sanctions on Iran and trading partners | BBC News,UgwH-HVpMMnMPfEUHsl4AaABAg.A_zjWKbXjO9Aa-GBovcb3V,@user Don’t make such remarks if you’ve never been to China. Social media is full of rubbish largely thanks to people like you. See the world with your own eyes!,china,pro,1,0.994358,0.984094,0.9840936082881852,An estimated 5.8 million people live in modern slavery in China on any given day. But yeah keep glazing them,user_0058,1,2026-08-27,UgwH-HVpMMnMPfEUHsl4AaABAg,,"ctx4_gemma_en_topic_none (Gemma-2-9B, no context)","ctx4_gemma_en_root (Gemma-2-9B, root)"
China hits out at 'illegal' US sanctions on Iran and trading partners | BBC News,UgwH-HVpMMnMPfEUHsl4AaABAg.A_zjWKbXjO9Aa-GBovcb3V,@user Don’t make such remarks if you’ve never been to China. Social media is full of rubbish largely thanks to people like you. See the world with your own eyes!,free speech,con,1,0.978712,0.817574,0.8175744761936437,An estimated 5.8 million people live in modern slavery in China on any given day. But yeah keep glazing them,user_0058,1,2026-08-27,UgwH-HVpMMnMPfEUHsl4AaABAg,,"ctx4_gemma_en_topic_none (Gemma-2-9B, no context)","ctx4_gemma_en_root (Gemma-2-9B, root)"
China hits out at 'illegal' US sanctions on Iran and trading partners | BBC News,UgwH-HVpMMnMPfEUHsl4AaABAg.A_zjWKbXjO9Aa-GVcZT2FF,"Well….  No.  But the U.S. is misguided by an insane man.  There’s no rational behind US actions in the Strait of Hormuz, they’re just floundering around causing great harm to everyone with no chance of a positive income.  The U.S. is in another never ending war….",united states,con,1,0.98951,0.998884,0.9988840136090286,China demonstrates more integrity than the US,user_0080,2,2026-08-27,UgwH-HVpMMnMPfEUHsl4AaABAg,,"ctx4_gemma_en_topic_none (Gemma-2-9B, no context)","ctx4_gemma_en_root (Gemma-2-9B, root)"
China hits out at 'illegal' US sanctions on Iran and trading partners | BBC News,UgwH-HVpMMnMPfEUHsl4AaABAg.A_zjWKbXjO9Aa-GVcZT2FF,"Well….  No.  But the U.S. is misguided by an insane man.  There’s no rational behind US actions in the Strait of Hormuz, they’re just floundering around causing great harm to everyone with no chance of a positive income.  The U.S. is in another never ending war….",iran,pro,1,0.988841,0.992767,0.9927674157055828,China demonstrates more integrity than the US,user_0080,2,2026-08-27,UgwH-HVpMMnMPfEUHsl4AaABAg,,"ctx4_gemma_en_topic_none (Gemma-2-9B, no context)","ctx4_gemma_en_root (Gemma-2-9B, root)"
China hits out at 'illegal' US sanctions on Iran and trading partners | BBC News,UgwH-HVpMMnMPfEUHsl4AaABAg.A_zjWKbXjO9Aa-GVcZT2FF,"Well….  No.  But the U.S. is misguided by an insane man.  There’s no rational behind US actions in the Strait of Hormuz, they’re just floundering around causing great harm to everyone with no chance of a positive income.  The U.S. is in another never ending war….",sanctions,con,1,0.996777,0.993902,0.9939021347808452,China demonstrates more integrity than the US,user_0080,2,2026-08-27,UgwH-HVpMMnMPfEUHsl4AaABAg,,"ctx4_gemma_en_topic_none (Gemma-2-9B, no context)","ctx4_gemma_en_root (Gemma-2-9B, root)"
China hits out at 'illegal' US sanctions on Iran and trading partners | BBC News,UgwH-HVpMMnMPfEUHsl4AaABAg.A_zjWKbXjO9Aa-GyVdv7FB,"@user no, I don’t like Communist governments.  What ridiculous point are you trying to make?",china,con,1,0.99819,0.969787,0.9697868779814828,@user Iran is doing the right thing to back Palestinians to expel their land grabber. No American support of Israel no war in the western Asia.,user_0064,1,2026-08-27,UgwH-HVpMMnMPfEUHsl4AaABAg,,"ctx4_gemma_en_topic_none (Gemma-2-9B, no context)","ctx4_gemma_en_root (Gemma-2-9B, root)"
China hits out at 'illegal' US sanctions on Iran and trading partners | BBC News,UgwH-HVpMMnMPfEUHsl4AaABAg.A_zjWKbXjO9Aa-GyVdv7FB,"@user no, I don’t like Communist governments.  What ridiculous point are you trying to make?",communism / socialism,con,1,0.998133,0.9263,0.9263003169647196,@user Iran is doing the right thing to back Palestinians to expel their land grabber. No American support of Israel no war in the western Asia.,user_0064,1,2026-08-27,UgwH-HVpMMnMPfEUHsl4AaABAg,,"ctx4_gemma_en_topic_none (Gemma-2-9B, no context)","ctx4_gemma_en_root (Gemma-2-9B, root)"
China hits out at 'illegal' US sanctions on Iran and trading partners | BBC News,UgwH-HVpMMnMPfEUHsl4AaABAg.A_zjWKbXjO9Aa-GyVdv7FB,"@user no, I don’t like Communist governments.  What ridiculous point are you trying to make?",government / the state,con,1,0.99371,0.766294,0.7662936430859597,@user Iran is doing the right thing to back Palestinians to expel their land grabber. No American support of Israel no war in the western Asia.,user_0064,1,2026-08-27,UgwH-HVpMMnMPfEUHsl4AaABAg,,"ctx4_gemma_en_topic_none (Gemma-2-9B, no context)","ctx4_gemma_en_root (Gemma-2-9B, root)"
China hits out at 'illegal' US sanctions on Iran and trading partners | BBC News,UgwH-HVpMMnMPfEUHsl4AaABAg.A_zjWKbXjO9Aa-IXHxkZ1b,@user sort of - Foxconn folactories where they make apple products in china,united states,con,1,0.985936,0.828935,0.8289352633107538,@user thats at an apple factory,user_0052,1,2026-08-27,UgwH-HVpMMnMPfEUHsl4AaABAg,,"ctx4_gemma_en_topic_none (Gemma-2-9B, no context)","ctx4_gemma_en_root (Gemma-2-9B, root)"
China hits out at 'illegal' US sanctions on Iran and trading partners | BBC News,UgwH-HVpMMnMPfEUHsl4AaABAg.A_zjWKbXjO9Aa-IXHxkZ1b,@user sort of - Foxconn folactories where they make apple products in china,china,con,1,0.935348,0.98028,0.9802799053552383,@user thats at an apple factory,user_0052,1,2026-08-27,UgwH-HVpMMnMPfEUHsl4AaABAg,,"ctx4_gemma_en_topic_none (Gemma-2-9B, no context)","ctx4_gemma_en_root (Gemma-2-9B, root)"
China hits out at 'illegal' US sanctions on Iran and trading partners | BBC News,UgwH-HVpMMnMPfEUHsl4AaABAg.A_zjWKbXjO9Aa-IXHxkZ1b,@user sort of - Foxconn folactories where they make apple products in china,sanctions,con,1,0.918482,0.920795,0.9207951459219932,@user thats at an apple factory,user_0052,1,2026-08-27,UgwH-HVpMMnMPfEUHsl4AaABAg,,"ctx4_gemma_en_topic_none (Gemma-2-9B, no context)","ctx4_gemma_en_root (Gemma-2-9B, root)"
China hits out at 'illegal' US sanctions on Iran and trading partners | BBC News,UgwH-HVpMMnMPfEUHsl4AaABAg.A_zjWKbXjO9Aa-IZDNLlm1,@user Foxconn factories in china,united states,con,1,0.957912,0.581297,0.5812970058867594,@user not too bad to be frank,user_0052,1,2026-08-27,UgwH-HVpMMnMPfEUHsl4AaABAg,,"ctx4_gemma_en_topic_none (Gemma-2-9B, no context)","ctx4_gemma_en_root (Gemma-2-9B, root)"
China hits out at 'illegal' US sanctions on Iran and trading partners | BBC News,UgwH-HVpMMnMPfEUHsl4AaABAg.A_zjWKbXjO9Aa-IZDNLlm1,@user Foxconn factories in china,china,con,1,0.771835,0.97737,0.9773702470323804,@user not too bad to be frank,user_0052,1,2026-08-27,UgwH-HVpMMnMPfEUHsl4AaABAg,,"ctx4_gemma_en_topic_none (Gemma-2-9B, no context)","ctx4_gemma_en_root (Gemma-2-9B, root)"
China hits out at 'illegal' US sanctions on Iran and trading partners | BBC News,UgwH-HVpMMnMPfEUHsl4AaABAg.A_zjWKbXjO9Aa-IZDNLlm1,@user Foxconn factories in china,sanctions,con,1,0.917306,0.795662,0.7956621646903073,@user not too bad to be frank,user_0052,1,2026-08-27,UgwH-HVpMMnMPfEUHsl4AaABAg,,"ctx4_gemma_en_topic_none (Gemma-2-9B, no context)","ctx4_gemma_en_root (Gemma-2-9B, root)"
China hits out at 'illegal' US sanctions on Iran and trading partners | BBC News,UgwH-HVpMMnMPfEUHsl4AaABAg.A_zjWKbXjO9Aa-JBr-E0mZ,"BULLSHITS
CCP PROPAGANDA",united states,pro,1,0.935342,0.546738,0.5467381519846138,China demonstrates more integrity than the US,user_0081,3,2026-08-27,UgwH-HVpMMnMPfEUHsl4AaABAg,,"ctx4_gemma_en_topic_none (Gemma-2-9B, no context)","ctx4_gemma_en_root (Gemma-2-9B, root)"
China hits out at 'illegal' US sanctions on Iran and trading partners | BBC News,UgwH-HVpMMnMPfEUHsl4AaABAg.A_zjWKbXjO9Aa-JBr-E0mZ,"BULLSHITS
CCP PROPAGANDA",china,con,1,0.997409,0.975948,0.9759482076661896,China demonstrates more integrity than the US,user_0081,3,2026-08-27,UgwH-HVpMMnMPfEUHsl4AaABAg,,"ctx4_gemma_en_topic_none (Gemma-2-9B, no context)","ctx4_gemma_en_root (Gemma-2-9B, root)"
China hits out at 'illegal' US sanctions on Iran and trading partners | BBC News,UgwH-HVpMMnMPfEUHsl4AaABAg.A_zjWKbXjO9Aa-JBr-E0mZ,"BULLSHITS
CCP PROPAGANDA",sanctions,pro,1,0.875784,0.637031,0.6370307944803831,China demonstrates more integrity than the US,user_0081,3,2026-08-27,UgwH-HVpMMnMPfEUHsl4AaABAg,,"ctx4_gemma_en_topic_none (Gemma-2-9B, no context)","ctx4_gemma_en_root (Gemma-2-9B, root)"
China hits out at 'illegal' US sanctions on Iran and trading partners | BBC News,UgwH-HVpMMnMPfEUHsl4AaABAg.A_zjWKbXjO9Aa-JBr-E0mZ,"BULLSHITS
CCP PROPAGANDA",communism / socialism,con,1,0.994698,0.782671,0.7826709839288838,China demonstrates more integrity than the US,user_0081,3,2026-08-27,UgwH-HVpMMnMPfEUHsl4AaABAg,,"ctx4_gemma_en_topic_none (Gemma-2-9B, no context)","ctx4_gemma_en_root (Gemma-2-9B, root)"
China hits out at 'illegal' US sanctions on Iran and trading partners | BBC News,UgwH-HVpMMnMPfEUHsl4AaABAg.A_zjWKbXjO9Aa-LWzvJ7Vb,@user How do America and Israel treat Muslim people?,united states,con,1,0.998043,0.961532,0.9615319586117942,Thats a communist country that treats its people like crap. Wth!? You done lost your mind. You need to stop talking about things you don't understand.,user_0073,4,2026-08-27,UgwH-HVpMMnMPfEUHsl4AaABAg,,"ctx4_gemma_en_topic_none (Gemma-2-9B, no context)","ctx4_gemma_en_root (Gemma-2-9B, root)"
China hits out at 'illegal' US sanctions on Iran and trading partners | BBC News,UgwH-HVpMMnMPfEUHsl4AaABAg.A_zjWKbXjO9Aa-LWzvJ7Vb,@user How do America and Israel treat Muslim people?,israel,con,1,0.998103,0.992184,0.9921837234611356,Thats a communist country that treats its people like crap. Wth!? You done lost your mind. You need to stop talking about things you don't understand.,user_0073,4,2026-08-27,UgwH-HVpMMnMPfEUHsl4AaABAg,,"ctx4_gemma_en_topic_none (Gemma-2-9B, no context)","ctx4_gemma_en_root (Gemma-2-9B, root)"
China hits out at 'illegal' US sanctions on Iran and trading partners | BBC News,UgwH-HVpMMnMPfEUHsl4AaABAg.A_zjWKbXjO9Aa-LWzvJ7Vb,@user How do America and Israel treat Muslim people?,palestine,pro,1,0.995866,0.577495,0.5774953651858118,Thats a communist country that treats its people like crap. Wth!? You done lost your mind. You need to stop talking about things you don't understand.,user_0073,4,2026-08-27,UgwH-HVpMMnMPfEUHsl4AaABAg,,"ctx4_gemma_en_topic_none (Gemma-2-9B, no context)","ctx4_gemma_en_root (Gemma-2-9B, root)"
China hits out at 'illegal' US sanctions on Iran and trading partners | BBC News,UgwH-HVpMMnMPfEUHsl4AaABAg.A_zjWKbXjO9Aa-LWzvJ7Vb,@user How do America and Israel treat Muslim people?,sanctions,con,1,0.995735,0.731059,0.7310585786300049,Thats a communist country that treats its people like crap. Wth!? You done lost your mind. You need to stop talking about things you don't understand.,user_0073,4,2026-08-27,UgwH-HVpMMnMPfEUHsl4AaABAg,,"ctx4_gemma_en_topic_none (Gemma-2-9B, no context)","ctx4_gemma_en_root (Gemma-2-9B, root)"
China hits out at 'illegal' US sanctions on Iran and trading partners | BBC News,UgwH-HVpMMnMPfEUHsl4AaABAg.A_zjWKbXjO9Aa-MtPyPIgD,@user No one likes hegemony and land grabber either. Go to China to see life there.,united states,con,1,0.997019,0.867036,0.8670357598021706,You can still buy a plane ticket and move there you know.  👍🏻,user_0073,1,2026-08-27,UgwH-HVpMMnMPfEUHsl4AaABAg,,"ctx4_gemma_en_topic_none (Gemma-2-9B, no context)","ctx4_gemma_en_root (Gemma-2-9B, root)"
China hits out at 'illegal' US sanctions on Iran and trading partners | BBC News,UgwH-HVpMMnMPfEUHsl4AaABAg.A_zjWKbXjO9Aa-MtPyPIgD,@user No one likes hegemony and land grabber either. Go to China to see life there.,china,pro,1,0.995532,0.988842,0.9888422445867846,You can still buy a plane ticket and move there you know.  👍🏻,user_0073,1,2026-08-27,UgwH-HVpMMnMPfEUHsl4AaABAg,,"ctx4_gemma_en_topic_none (Gemma-2-9B, no context)","ctx4_gemma_en_root (Gemma-2-9B, root)"
China hits out at 'illegal' US sanctions on Iran and trading partners | BBC News,UgwH-HVpMMnMPfEUHsl4AaABAg.A_zjWKbXjO9Aa-MtPyPIgD,@user No one likes hegemony and land grabber either. Go to China to see life there.,iran,pro,1,0.955319,0.5039,0.5038999209099245,You can still buy a plane ticket and move there you know.  👍🏻,user_0073,1,2026-08-27,UgwH-HVpMMnMPfEUHsl4AaABAg,,"ctx4_gemma_en_topic_none (Gemma-2-9B, no context)","ctx4_gemma_en_root (Gemma-2-9B, root)"
China hits out at 'illegal' US sanctions on Iran and trading partners | BBC News,UgwH-HVpMMnMPfEUHsl4AaABAg.A_zjWKbXjO9Aa-MtPyPIgD,@user No one likes hegemony and land grabber either. Go to China to see life there.,sanctions,con,1,0.98983,0.637008,0.6370076719074148,You can still buy a plane ticket and move there you know.  👍🏻,user_0073,1,2026-08-27,UgwH-HVpMMnMPfEUHsl4AaABAg,,"ctx4_gemma_en_topic_none (Gemma-2-9B, no context)","ctx4_gemma_en_root (Gemma-2-9B, root)"
China hits out at 'illegal' US sanctions on Iran and trading partners | BBC News,UgwH-HVpMMnMPfEUHsl4AaABAg.A_zjWKbXjO9Aa-N3MgkZTC,@user what exactly are you expecting from a US president?  Be specific.  You’re obviously not happy with any president so far by your comment so what are you looking for? What do you want?,united states,con,1,0.974043,0.992988,0.9929880305506048,"@user With most presidents in charge. Look at our history. The country was built by stealing the land from the natives and committing genocide and 400+ years of enslaving black people. Which presidents had integrity? Jimmy Carter? Obama maybe? Even they weren't perfect, but at least they're not monsters like most of the rest were.",user_0064,0,2026-08-27,UgwH-HVpMMnMPfEUHsl4AaABAg,,"ctx4_gemma_en_topic_none (Gemma-2-9B, no context)","ctx4_gemma_en_root (Gemma-2-9B, root)"
China hits out at 'illegal' US sanctions on Iran and trading partners | BBC News,UgwH-HVpMMnMPfEUHsl4AaABAg.A_zjWKbXjO9Aa-O4A0QQaJ,"@user I think you meant “outcome” not INCOME.  Let me ask you this, since most commerce around the globe goes through the strait of Harmuz and the Panama Canal, to a smaller degree through the Suez Canal, what should we do if China decides to choke off the Panama Canal so countries can’t get goods and products.  Suppose they start charging a tax for ships to go through the Panama now safely otherwise they blow them up. Should we just sit on our hands and watch the world choke or should we do something about it?  Based on your post, that’s what you’re suggesting we do because the IRGC (not Iran) is choking off the strait.  What is your suggestion since President Trump‘s idea is obviously outrageously obnoxious and inappropriate in your eyes.  Do tell us your genius solution.",united states,pro,1,0.899121,0.803166,0.8031658919546224,"Well….  No.  But the U.S. is misguided by an insane man.  There’s no rational behind US actions in the Strait of Hormuz, they’re just floundering around causing great harm to everyone with no chance of a positive income.  The U.S. is in another never ending war….",user_0064,1,2026-08-27,UgwH-HVpMMnMPfEUHsl4AaABAg,,"ctx4_gemma_en_topic_none (Gemma-2-9B, no context)","ctx4_gemma_en_root (Gemma-2-9B, root)"
China hits out at 'illegal' US sanctions on Iran and trading partners | BBC News,UgwH-HVpMMnMPfEUHsl4AaABAg.A_zjWKbXjO9Aa-O4A0QQaJ,"@user I think you meant “outcome” not INCOME.  Let me ask you this, since most commerce around the globe goes through the strait of Harmuz and the Panama Canal, to a smaller degree through the Suez Canal, what should we do if China decides to choke off the Panama Canal so countries can’t get goods and products.  Suppose they start charging a tax for ships to go through the Panama now safely otherwise they blow them up. Should we just sit on our hands and watch the world choke or should we do something about it?  Based on your post, that’s what you’re suggesting we do because the IRGC (not Iran) is choking off the strait.  What is your suggestion since President Trump‘s idea is obviously outrageously obnoxious and inappropriate in your eyes.  Do tell us your genius solution.",china,con,1,0.987947,0.731059,0.7310585786300049,"Well….  No.  But the U.S. is misguided by an insane man.  There’s no rational behind US actions in the Strait of Hormuz, they’re just floundering around causing great harm to everyone with no chance of a positive income.  The U.S. is in another never ending war….",user_0064,1,2026-08-27,UgwH-HVpMMnMPfEUHsl4AaABAg,,"ctx4_gemma_en_topic_none (Gemma-2-9B, no context)","ctx4_gemma_en_root (Gemma-2-9B, root)"
China hits out at 'illegal' US sanctions on Iran and trading partners | BBC News,UgwH-HVpMMnMPfEUHsl4AaABAg.A_zjWKbXjO9Aa-O4A0QQaJ,"@user I think you meant “outcome” not INCOME.  Let me ask you this, since most commerce around the globe goes through the strait of Harmuz and the Panama Canal, to a smaller degree through the Suez Canal, what should we do if China decides to choke off the Panama Canal so countries can’t get goods and products.  Suppose they start charging a tax for ships to go through the Panama now safely otherwise they blow them up. Should we just sit on our hands and watch the world choke or should we do something about it?  Based on your post, that’s what you’re suggesting we do because the IRGC (not Iran) is choking off the strait.  What is your suggestion since President Trump‘s idea is obviously outrageously obnoxious and inappropriate in your eyes.  Do tell us your genius solution.",iran,con,1,0.987947,0.986777,0.9867771782476948,"Well….  No.  But the U.S. is misguided by an insane man.  There’s no rational behind US actions in the Strait of Hormuz, they’re just floundering around causing great harm to everyone with no chance of a positive income.  The U.S. is in another never ending war….",user_0064,1,2026-08-27,UgwH-HVpMMnMPfEUHsl4AaABAg,,"ctx4_gemma_en_topic_none (Gemma-2-9B, no context)","ctx4_gemma_en_root (Gemma-2-9B, root)"
China hits out at 'illegal' US sanctions on Iran and trading partners | BBC News,UgwH-HVpMMnMPfEUHsl4AaABAg.A_zjWKbXjO9Aa-O4A0QQaJ,"@user I think you meant “outcome” not INCOME.  Let me ask you this, since most commerce around the globe goes through the strait of Harmuz and the Panama Canal, to a smaller degree through the Suez Canal, what should we do if China decides to choke off the Panama Canal so countries can’t get goods and products.  Suppose they start charging a tax for ships to go through the Panama now safely otherwise they blow them up. Should we just sit on our hands and watch the world choke or should we do something about it?  Based on your post, that’s what you’re suggesting we do because the IRGC (not Iran) is choking off the strait.  What is your suggestion since President Trump‘s idea is obviously outrageously obnoxious and inappropriate in your eyes.  Do tell us your genius solution.",sanctions,pro,1,0.934398,0.959763,0.9597630228365518,"Well….  No.  But the U.S. is misguided by an insane man.  There’s no rational behind US actions in the Strait of Hormuz, they’re just floundering around causing great harm to everyone with no chance of a positive income.  The U.S. is in another never ending war….",user_0064,1,2026-08-27,UgwH-HVpMMnMPfEUHsl4AaABAg,,"ctx4_gemma_en_topic_none (Gemma-2-9B, no context)","ctx4_gemma_en_root (Gemma-2-9B, root)"
China hits out at 'illegal' US sanctions on Iran and trading partners | BBC News,UgwH-HVpMMnMPfEUHsl4AaABAg.A_zjWKbXjO9Aa-O4A0QQaJ,"@user I think you meant “outcome” not INCOME.  Let me ask you this, since most commerce around the globe goes through the strait of Harmuz and the Panama Canal, to a smaller degree through the Suez Canal, what should we do if China decides to choke off the Panama Canal so countries can’t get goods and products.  Suppose they start charging a tax for ships to go through the Panama now safely otherwise they blow them up. Should we just sit on our hands and watch the world choke or should we do something about it?  Based on your post, that’s what you’re suggesting we do because the IRGC (not Iran) is choking off the strait.  What is your suggestion since President Trump‘s idea is obviously outrageously obnoxious and inappropriate in your eyes.  Do tell us your genius solution.",donald trump,con,1,0.987178,0.658429,0.6584287456673857,"Well….  No.  But the U.S. is misguided by an insane man.  There’s no rational behind US actions in the Strait of Hormuz, they’re just floundering around causing great harm to everyone with no chance of a positive income.  The U.S. is in another never ending war….",user_0064,1,2026-08-27,UgwH-HVpMMnMPfEUHsl4AaABAg,,"ctx4_gemma_en_topic_none (Gemma-2-9B, no context)","ctx4_gemma_en_root (Gemma-2-9B, root)"
China hits out at 'illegal' US sanctions on Iran and trading partners | BBC News,UgwH-HVpMMnMPfEUHsl4AaABAg.A_zjWKbXjO9Aa-OLFCf5DC,"@user well this communist party has lifted hundreds of millions out of poverty. It's citizens are happy. It's infrastructure in first, second and third tier cities are world leading. How about Washington? Is it doing anything to help the homeless? Is it reducing the cost of living and improving the lives of ordinary citizens? How is the infrastructure there? China looks united while America is divided. Kinda tells you a lot about which leadership is doing a good job ain't it.",united states,con,1,0.997019,0.997949,0.9979492564600826,China demonstrates more integrity than the US,user_0061,7,2026-08-27,UgwH-HVpMMnMPfEUHsl4AaABAg,,"ctx4_gemma_en_topic_none (Gemma-2-9B, no context)","ctx4_gemma_en_root (Gemma-2-9B, root)"
China hits out at 'illegal' US sanctions on Iran and trading partners | BBC News,UgwH-HVpMMnMPfEUHsl4AaABAg.A_zjWKbXjO9Aa-OLFCf5DC,"@user well this communist party has lifted hundreds of millions out of poverty. It's citizens are happy. It's infrastructure in first, second and third tier cities are world leading. How about Washington? Is it doing anything to help the homeless? Is it reducing the cost of living and improving the lives of ordinary citizens? How is the infrastructure there? China looks united while America is divided. Kinda tells you a lot about which leadership is doing a good job ain't it.",china,pro,1,0.999402,0.995801,0.9958014137816152,China demonstrates more integrity than the US,user_0061,7,2026-08-27,UgwH-HVpMMnMPfEUHsl4AaABAg,,"ctx4_gemma_en_topic_none (Gemma-2-9B, no context)","ctx4_gemma_en_root (Gemma-2-9B, root)"
China hits out at 'illegal' US sanctions on Iran and trading partners | BBC News,UgwH-HVpMMnMPfEUHsl4AaABAg.A_zjWKbXjO9Aa-OLFCf5DC,"@user well this communist party has lifted hundreds of millions out of poverty. It's citizens are happy. It's infrastructure in first, second and third tier cities are world leading. How about Washington? Is it doing anything to help the homeless? Is it reducing the cost of living and improving the lives of ordinary citizens? How is the infrastructure there? China looks united while America is divided. Kinda tells you a lot about which leadership is doing a good job ain't it.",sanctions,con,1,0.99014,0.817574,0.8175744761936437,China demonstrates more integrity than the US,user_0061,7,2026-08-27,UgwH-HVpMMnMPfEUHsl4AaABAg,,"ctx4_gemma_en_topic_none (Gemma-2-9B, no context)","ctx4_gemma_en_root (Gemma-2-9B, root)"
China hits out at 'illegal' US sanctions on Iran and trading partners | BBC News,UgwH-HVpMMnMPfEUHsl4AaABAg.A_zjWKbXjO9Aa-OLFCf5DC,"@user well this communist party has lifted hundreds of millions out of poverty. It's citizens are happy. It's infrastructure in first, second and third tier cities are world leading. How about Washington? Is it doing anything to help the homeless? Is it reducing the cost of living and improving the lives of ordinary citizens? How is the infrastructure there? China looks united while America is divided. Kinda tells you a lot about which leadership is doing a good job ain't it.",left-wing politics,pro,1,0.998133,0.637031,0.6370307944803831,China demonstrates more integrity than the US,user_0061,7,2026-08-27,UgwH-HVpMMnMPfEUHsl4AaABAg,,"ctx4_gemma_en_topic_none (Gemma-2-9B, no context)","ctx4_gemma_en_root (Gemma-2-9B, root)"
China hits out at 'illegal' US sanctions on Iran and trading partners | BBC News,UgwH-HVpMMnMPfEUHsl4AaABAg.A_zjWKbXjO9Aa-OLFCf5DC,"@user well this communist party has lifted hundreds of millions out of poverty. It's citizens are happy. It's infrastructure in first, second and third tier cities are world leading. How about Washington? Is it doing anything to help the homeless? Is it reducing the cost of living and improving the lives of ordinary citizens? How is the infrastructure there? China looks united while America is divided. Kinda tells you a lot about which leadership is doing a good job ain't it.",communism / socialism,pro,1,0.999713,0.95041,0.9504097987539062,China demonstrates more integrity than the US,user_0061,7,2026-08-27,UgwH-HVpMMnMPfEUHsl4AaABAg,,"ctx4_gemma_en_topic_none (Gemma-2-9B, no context)","ctx4_gemma_en_root (Gemma-2-9B, root)"
China hits out at 'illegal' US sanctions on Iran and trading partners | BBC News,UgwH-HVpMMnMPfEUHsl4AaABAg.A_zjWKbXjO9Aa-OLFCf5DC,"@user well this communist party has lifted hundreds of millions out of poverty. It's citizens are happy. It's infrastructure in first, second and third tier cities are world leading. How about Washington? Is it doing anything to help the homeless? Is it reducing the cost of living and improving the lives of ordinary citizens? How is the infrastructure there? China looks united while America is divided. Kinda tells you a lot about which leadership is doing a good job ain't it.",government / the state,pro,1,0.944176,0.913678,0.9136784951866872,China demonstrates more integrity than the US,user_0061,7,2026-08-27,UgwH-HVpMMnMPfEUHsl4AaABAg,,"ctx4_gemma_en_topic_none (Gemma-2-9B, no context)","ctx4_gemma_en_root (Gemma-2-9B, root)"
China hits out at 'illegal' US sanctions on Iran and trading partners | BBC News,UgwH-HVpMMnMPfEUHsl4AaABAg.A_zjWKbXjO9Aa-OWg7NTuh,"@user yup. And that's why America is experiencing a brain drain right now. All the smart intellects are moving out, leaving behind people like you.",united states,con,1,0.996876,0.995736,0.9957356837795404,China demonstrates more integrity than the US,user_0061,1,2026-08-27,UgwH-HVpMMnMPfEUHsl4AaABAg,,"ctx4_gemma_en_topic_none (Gemma-2-9B, no context)","ctx4_gemma_en_root (Gemma-2-9B, root)"
China hits out at 'illegal' US sanctions on Iran and trading partners | BBC News,UgwH-HVpMMnMPfEUHsl4AaABAg.A_zjWKbXjO9Aa-OWg7NTuh,"@user yup. And that's why America is experiencing a brain drain right now. All the smart intellects are moving out, leaving behind people like you.",sanctions,con,1,0.991152,0.542845,0.542844670907258,China demonstrates more integrity than the US,user_0061,1,2026-08-27,UgwH-HVpMMnMPfEUHsl4AaABAg,,"ctx4_gemma_en_topic_none (Gemma-2-9B, no context)","ctx4_gemma_en_root (Gemma-2-9B, root)"
China hits out at 'illegal' US sanctions on Iran and trading partners | BBC News,UgwH-HVpMMnMPfEUHsl4AaABAg.A_zjWKbXjO9Aa-Oea3MwkA,@user Murka never had a shred of integrity.,united states,con,1,0.998968,0.992767,0.9927666976427976,China demonstrates more integrity than the US,user_0082,0,2026-08-27,UgwH-HVpMMnMPfEUHsl4AaABAg,,"ctx4_gemma_en_topic_none (Gemma-2-9B, no context)","ctx4_gemma_en_root (Gemma-2-9B, root)"
China hits out at 'illegal' US sanctions on Iran and trading partners | BBC News,UgwH-HVpMMnMPfEUHsl4AaABAg.A_zjWKbXjO9Aa-Oea3MwkA,@user Murka never had a shred of integrity.,sanctions,con,1,0.896247,0.981166,0.9811664081429304,China demonstrates more integrity than the US,user_0082,0,2026-08-27,UgwH-HVpMMnMPfEUHsl4AaABAg,,"ctx4_gemma_en_topic_none (Gemma-2-9B, no context)","ctx4_gemma_en_root (Gemma-2-9B, root)"
China hits out at 'illegal' US sanctions on Iran and trading partners | BBC News,UgwH-HVpMMnMPfEUHsl4AaABAg.A_zjWKbXjO9Aa-OreZG4El,@user Ghaza has been destroyed by the Murkan proxy in the middle East.,united states,con,1,0.997817,0.661928,0.661928470351904,China demonstrates more integrity than the US,user_0082,0,2026-08-27,UgwH-HVpMMnMPfEUHsl4AaABAg,,"ctx4_gemma_en_topic_none (Gemma-2-9B, no context)","ctx4_gemma_en_root (Gemma-2-9B, root)"
China hits out at 'illegal' US sanctions on Iran and trading partners | BBC News,UgwH-HVpMMnMPfEUHsl4AaABAg.A_zjWKbXjO9Aa-OreZG4El,@user Ghaza has been destroyed by the Murkan proxy in the middle East.,israel,con,1,0.996777,0.760642,0.7606415494967895,China demonstrates more integrity than the US,user_0082,0,2026-08-27,UgwH-HVpMMnMPfEUHsl4AaABAg,,"ctx4_gemma_en_topic_none (Gemma-2-9B, no context)","ctx4_gemma_en_root (Gemma-2-9B, root)"
China hits out at 'illegal' US sanctions on Iran and trading partners | BBC News,UgwH-HVpMMnMPfEUHsl4AaABAg.A_zjWKbXjO9Aa-OreZG4El,@user Ghaza has been destroyed by the Murkan proxy in the middle East.,palestine,pro,1,0.994358,0.928409,0.9284088005554476,China demonstrates more integrity than the US,user_0082,0,2026-08-27,UgwH-HVpMMnMPfEUHsl4AaABAg,,"ctx4_gemma_en_topic_none (Gemma-2-9B, no context)","ctx4_gemma_en_root (Gemma-2-9B, root)"
China hits out at 'illegal' US sanctions on Iran and trading partners | BBC News,UgwH-HVpMMnMPfEUHsl4AaABAg.A_zjWKbXjO9Aa-OreZG4El,@user Ghaza has been destroyed by the Murkan proxy in the middle East.,iran,pro,1,0.989013,0.981736,0.9817361699101066,China demonstrates more integrity than the US,user_0082,0,2026-08-27,UgwH-HVpMMnMPfEUHsl4AaABAg,,"ctx4_gemma_en_topic_none (Gemma-2-9B, no context)","ctx4_gemma_en_root (Gemma-2-9B, root)"
China hits out at 'illegal' US sanctions on Iran and trading partners | BBC News,UgwH-HVpMMnMPfEUHsl4AaABAg.A_zjWKbXjO9Aa-OreZG4El,@user Ghaza has been destroyed by the Murkan proxy in the middle East.,sanctions,con,1,0.995318,0.805636,0.8056361036754702,China demonstrates more integrity than the US,user_0082,0,2026-08-27,UgwH-HVpMMnMPfEUHsl4AaABAg,,"ctx4_gemma_en_topic_none (Gemma-2-9B, no context)","ctx4_gemma_en_root (Gemma-2-9B, root)"
China hits out at 'illegal' US sanctions on Iran and trading partners | BBC News,UgwH-HVpMMnMPfEUHsl4AaABAg.A_zjWKbXjO9Aa-OwiR6d33,@user no bingo is a game of chance just like lottery scratchers at the 7-Eleven.  You obviously don’t know what a Ponzi scheme is.  Ponzi schemes are MLM‘s.  That means multilevel marketing.  Bingo doesn’t make money based on the recruitment of new people to play the game.  Please do some research before posting obnoxious crap that you obviously know nothing about and embarrassing yourself further.  🤦♂️,united states,con,1,0.960361,0.562177,0.5621765008857981,"Ya, thats why Huawei is banned from the US. 

Integrity must = theft to china. Just riding us coat tails trying to steal our good work... right now chinese ai is sifting through better source code from an american ai so it can try to keep up.

So please. Try better china.",user_0064,2,2026-08-27,UgwH-HVpMMnMPfEUHsl4AaABAg,,"ctx4_gemma_en_topic_none (Gemma-2-9B, no context)","ctx4_gemma_en_root (Gemma-2-9B, root)"
China hits out at 'illegal' US sanctions on Iran and trading partners | BBC News,UgwH-HVpMMnMPfEUHsl4AaABAg.A_zjWKbXjO9Aa-POwsG2oF,"@user why don’t you reverse that question and then ask it again.  Does October 7th ring a bell?  Does 911 ring a bell?  You ever notice who initiates the attacks who starts the wars?  It ain’t Christians my friend.  If you think it is, then you need to look up some history.  The Crusade only happened because of what Muslims brought on themselves.  If they would leave people alone, nobody would bother them.",united states,con,1,0.980579,0.948918,0.948918474861621,@user Iran is doing the right thing to back Palestinians to expel their land grabber. No American support of Israel no war in the western Asia.,user_0064,0,2026-08-27,UgwH-HVpMMnMPfEUHsl4AaABAg,,"ctx4_gemma_en_topic_none (Gemma-2-9B, no context)","ctx4_gemma_en_root (Gemma-2-9B, root)"
China hits out at 'illegal' US sanctions on Iran and trading partners | BBC News,UgwH-HVpMMnMPfEUHsl4AaABAg.A_zjWKbXjO9Aa-POwsG2oF,"@user why don’t you reverse that question and then ask it again.  Does October 7th ring a bell?  Does 911 ring a bell?  You ever notice who initiates the attacks who starts the wars?  It ain’t Christians my friend.  If you think it is, then you need to look up some history.  The Crusade only happened because of what Muslims brought on themselves.  If they would leave people alone, nobody would bother them.",israel,con,1,0.99014,0.921918,0.9219182356808576,@user Iran is doing the right thing to back Palestinians to expel their land grabber. No American support of Israel no war in the western Asia.,user_0064,0,2026-08-27,UgwH-HVpMMnMPfEUHsl4AaABAg,,"ctx4_gemma_en_topic_none (Gemma-2-9B, no context)","ctx4_gemma_en_root (Gemma-2-9B, root)"
China hits out at 'illegal' US sanctions on Iran and trading partners | BBC News,UgwH-HVpMMnMPfEUHsl4AaABAg.A_zjWKbXjO9Aa-POwsG2oF,"@user why don’t you reverse that question and then ask it again.  Does October 7th ring a bell?  Does 911 ring a bell?  You ever notice who initiates the attacks who starts the wars?  It ain’t Christians my friend.  If you think it is, then you need to look up some history.  The Crusade only happened because of what Muslims brought on themselves.  If they would leave people alone, nobody would bother them.",palestine,con,1,0.997783,0.865227,0.8652269978346628,@user Iran is doing the right thing to back Palestinians to expel their land grabber. No American support of Israel no war in the western Asia.,user_0064,0,2026-08-27,UgwH-HVpMMnMPfEUHsl4AaABAg,,"ctx4_gemma_en_topic_none (Gemma-2-9B, no context)","ctx4_gemma_en_root (Gemma-2-9B, root)"
China hits out at 'illegal' US sanctions on Iran and trading partners | BBC News,UgwH-HVpMMnMPfEUHsl4AaABAg.A_zjWKbXjO9Aa-POwsG2oF,"@user why don’t you reverse that question and then ask it again.  Does October 7th ring a bell?  Does 911 ring a bell?  You ever notice who initiates the attacks who starts the wars?  It ain’t Christians my friend.  If you think it is, then you need to look up some history.  The Crusade only happened because of what Muslims brought on themselves.  If they would leave people alone, nobody would bother them.",iran,con,1,0.99418,0.986152,0.986152414009056,@user Iran is doing the right thing to back Palestinians to expel their land grabber. No American support of Israel no war in the western Asia.,user_0064,0,2026-08-27,UgwH-HVpMMnMPfEUHsl4AaABAg,,"ctx4_gemma_en_topic_none (Gemma-2-9B, no context)","ctx4_gemma_en_root (Gemma-2-9B, root)"
China hits out at 'illegal' US sanctions on Iran and trading partners | BBC News,UgwH-HVpMMnMPfEUHsl4AaABAg.A_zjWKbXjO9Aa-POwsG2oF,"@user why don’t you reverse that question and then ask it again.  Does October 7th ring a bell?  Does 911 ring a bell?  You ever notice who initiates the attacks who starts the wars?  It ain’t Christians my friend.  If you think it is, then you need to look up some history.  The Crusade only happened because of what Muslims brought on themselves.  If they would leave people alone, nobody would bother them.",islam,con,1,0.999157,0.585113,0.5851132920412595,@user Iran is doing the right thing to back Palestinians to expel their land grabber. No American support of Israel no war in the western Asia.,user_0064,0,2026-08-27,UgwH-HVpMMnMPfEUHsl4AaABAg,,"ctx4_gemma_en_topic_none (Gemma-2-9B, no context)","ctx4_gemma_en_root (Gemma-2-9B, root)"
China hits out at 'illegal' US sanctions on Iran and trading partners | BBC News,UgwH-HVpMMnMPfEUHsl4AaABAg.A_zjWKbXjO9Aa-POwsG2oF,"@user why don’t you reverse that question and then ask it again.  Does October 7th ring a bell?  Does 911 ring a bell?  You ever notice who initiates the attacks who starts the wars?  It ain’t Christians my friend.  If you think it is, then you need to look up some history.  The Crusade only happened because of what Muslims brought on themselves.  If they would leave people alone, nobody would bother them.",terrorism,con,1,0.998273,0.6151,0.6150996931872214,@user Iran is doing the right thing to back Palestinians to expel their land grabber. No American support of Israel no war in the western Asia.,user_0064,0,2026-08-27,UgwH-HVpMMnMPfEUHsl4AaABAg,,"ctx4_gemma_en_topic_none (Gemma-2-9B, no context)","ctx4_gemma_en_root (Gemma-2-9B, root)"
China hits out at 'illegal' US sanctions on Iran and trading partners | BBC News,UgwH-HVpMMnMPfEUHsl4AaABAg.A_zjWKbXjO9Aa-POwsG2oF,"@user why don’t you reverse that question and then ask it again.  Does October 7th ring a bell?  Does 911 ring a bell?  You ever notice who initiates the attacks who starts the wars?  It ain’t Christians my friend.  If you think it is, then you need to look up some history.  The Crusade only happened because of what Muslims brought on themselves.  If they would leave people alone, nobody would bother them.",sanctions,pro,1,0.511723,0.810475,0.810475068569334,@user Iran is doing the right thing to back Palestinians to expel their land grabber. No American support of Israel no war in the western Asia.,user_0064,0,2026-08-27,UgwH-HVpMMnMPfEUHsl4AaABAg,,"ctx4_gemma_en_topic_none (Gemma-2-9B, no context)","ctx4_gemma_en_root (Gemma-2-9B, root)"
China hits out at 'illegal' US sanctions on Iran and trading partners | BBC News,UgwH-HVpMMnMPfEUHsl4AaABAg.A_zjWKbXjO9Aa-Pa7uGc-T,"@user trust the Jew to pretend they’re firing rockets for no reason and not because Isreal has been invading, occupying, displacing and killing Palestinians in their own land for over 75 years. The world is waking up and seeing through the lies of your Epstein tribe everyday.",israel,con,1,0.999183,0.998736,0.9987356096255466,"Ya, thats why Huawei is banned from the US. 

Integrity must = theft to china. Just riding us coat tails trying to steal our good work... right now chinese ai is sifting through better source code from an american ai so it can try to keep up.

So please. Try better china.",user_0083,0,2026-08-27,UgwH-HVpMMnMPfEUHsl4AaABAg,,"ctx4_gemma_en_topic_none (Gemma-2-9B, no context)","ctx4_gemma_en_root (Gemma-2-9B, root)"
China hits out at 'illegal' US sanctions on Iran and trading partners | BBC News,UgwH-HVpMMnMPfEUHsl4AaABAg.A_zjWKbXjO9Aa-Pa7uGc-T,"@user trust the Jew to pretend they’re firing rockets for no reason and not because Isreal has been invading, occupying, displacing and killing Palestinians in their own land for over 75 years. The world is waking up and seeing through the lies of your Epstein tribe everyday.",palestine,pro,1,0.999374,0.995668,0.995668497979436,"Ya, thats why Huawei is banned from the US. 

Integrity must = theft to china. Just riding us coat tails trying to steal our good work... right now chinese ai is sifting through better source code from an american ai so it can try to keep up.

So please. Try better china.",user_0083,0,2026-08-27,UgwH-HVpMMnMPfEUHsl4AaABAg,,"ctx4_gemma_en_topic_none (Gemma-2-9B, no context)","ctx4_gemma_en_root (Gemma-2-9B, root)"
China hits out at 'illegal' US sanctions on Iran and trading partners | BBC News,UgwH-HVpMMnMPfEUHsl4AaABAg.A_zjWKbXjO9Aa-Pa7uGc-T,"@user trust the Jew to pretend they’re firing rockets for no reason and not because Isreal has been invading, occupying, displacing and killing Palestinians in their own land for over 75 years. The world is waking up and seeing through the lies of your Epstein tribe everyday.",iran,pro,1,0.993307,0.99517,0.9951701580928198,"Ya, thats why Huawei is banned from the US. 

Integrity must = theft to china. Just riding us coat tails trying to steal our good work... right now chinese ai is sifting through better source code from an american ai so it can try to keep up.

So please. Try better china.",user_0083,0,2026-08-27,UgwH-HVpMMnMPfEUHsl4AaABAg,,"ctx4_gemma_en_topic_none (Gemma-2-9B, no context)","ctx4_gemma_en_root (Gemma-2-9B, root)"
China hits out at 'illegal' US sanctions on Iran and trading partners | BBC News,UgwH-HVpMMnMPfEUHsl4AaABAg.A_zjWKbXjO9Aa-Pa7uGc-T,"@user trust the Jew to pretend they’re firing rockets for no reason and not because Isreal has been invading, occupying, displacing and killing Palestinians in their own land for over 75 years. The world is waking up and seeing through the lies of your Epstein tribe everyday.",sanctions,con,1,0.97199,0.812875,0.8128749234206666,"Ya, thats why Huawei is banned from the US. 

Integrity must = theft to china. Just riding us coat tails trying to steal our good work... right now chinese ai is sifting through better source code from an american ai so it can try to keep up.

So please. Try better china.",user_0083,0,2026-08-27,UgwH-HVpMMnMPfEUHsl4AaABAg,,"ctx4_gemma_en_topic_none (Gemma-2-9B, no context)","ctx4_gemma_en_root (Gemma-2-9B, root)"
China hits out at 'illegal' US sanctions on Iran and trading partners | BBC News,UgwH-HVpMMnMPfEUHsl4AaABAg.A_zjWKbXjO9Aa-PvCtDl4I,as always,united states,con,1,0.996778,0.790526,0.7905261788362579,China demonstrates more integrity than the US,user_0084,0,2026-08-27,UgwH-HVpMMnMPfEUHsl4AaABAg,,"ctx4_gemma_en_topic_none (Gemma-2-9B, no context)","ctx4_gemma_en_root (Gemma-2-9B, root)"
China hits out at 'illegal' US sanctions on Iran and trading partners | BBC News,UgwH-HVpMMnMPfEUHsl4AaABAg.A_zjWKbXjO9Aa-PvCtDl4I,as always,iran,pro,1,0.817574,0.964859,0.9648585444101976,China demonstrates more integrity than the US,user_0084,0,2026-08-27,UgwH-HVpMMnMPfEUHsl4AaABAg,,"ctx4_gemma_en_topic_none (Gemma-2-9B, no context)","ctx4_gemma_en_root (Gemma-2-9B, root)"
China hits out at 'illegal' US sanctions on Iran and trading partners | BBC News,UgwH-HVpMMnMPfEUHsl4AaABAg.A_zjWKbXjO9Aa-PvCtDl4I,as always,sanctions,con,1,0.986151,0.954649,0.9546485018264907,China demonstrates more integrity than the US,user_0084,0,2026-08-27,UgwH-HVpMMnMPfEUHsl4AaABAg,,"ctx4_gemma_en_topic_none (Gemma-2-9B, no context)","ctx4_gemma_en_root (Gemma-2-9B, root)"
China hits out at 'illegal' US sanctions on Iran and trading partners | BBC News,UgwH-HVpMMnMPfEUHsl4AaABAg.A_zjWKbXjO9Aa-PxujVO5A,"@user treats its people like crap? Is that why they have over 90% home ownership? Why would they eliminate extreme poverty if they treated their people like crap? Why they have free healthcare and education? Why the average wealth of a Chinese resident have multiplied considerably over the last few decades? Why they execute corrupt politicians and pedophiles? And why their country has the fastest growing economy of any nation in the world in the last 50 years?

They look after their people. The US looks after big businesses and pedophiles",united states,con,1,0.998218,0.997884,0.9978841910354188,Thats a communist country that treats its people like crap. Wth!? You done lost your mind. You need to stop talking about things you don't understand.,user_0083,0,2026-08-27,UgwH-HVpMMnMPfEUHsl4AaABAg,,"ctx4_gemma_en_topic_none (Gemma-2-9B, no context)","ctx4_gemma_en_root (Gemma-2-9B, root)"
China hits out at 'illegal' US sanctions on Iran and trading partners | BBC News,UgwH-HVpMMnMPfEUHsl4AaABAg.A_zjWKbXjO9Aa-PxujVO5A,"@user treats its people like crap? Is that why they have over 90% home ownership? Why would they eliminate extreme poverty if they treated their people like crap? Why they have free healthcare and education? Why the average wealth of a Chinese resident have multiplied considerably over the last few decades? Why they execute corrupt politicians and pedophiles? And why their country has the fastest growing economy of any nation in the world in the last 50 years?

They look after their people. The US looks after big businesses and pedophiles",china,pro,1,0.999075,0.992988,0.9929880305506048,Thats a communist country that treats its people like crap. Wth!? You done lost your mind. You need to stop talking about things you don't understand.,user_0083,0,2026-08-27,UgwH-HVpMMnMPfEUHsl4AaABAg,,"ctx4_gemma_en_topic_none (Gemma-2-9B, no context)","ctx4_gemma_en_root (Gemma-2-9B, root)"
China hits out at 'illegal' US sanctions on Iran and trading partners | BBC News,UgwH-HVpMMnMPfEUHsl4AaABAg.A_zjWKbXjO9Aa-PxujVO5A,"@user treats its people like crap? Is that why they have over 90% home ownership? Why would they eliminate extreme poverty if they treated their people like crap? Why they have free healthcare and education? Why the average wealth of a Chinese resident have multiplied considerably over the last few decades? Why they execute corrupt politicians and pedophiles? And why their country has the fastest growing economy of any nation in the world in the last 50 years?

They look after their people. The US looks after big businesses and pedophiles",sanctions,con,1,0.99371,0.945803,0.9458025516932196,Thats a communist country that treats its people like crap. Wth!? You done lost your mind. You need to stop talking about things you don't understand.,user_0083,0,2026-08-27,UgwH-HVpMMnMPfEUHsl4AaABAg,,"ctx4_gemma_en_topic_none (Gemma-2-9B, no context)","ctx4_gemma_en_root (Gemma-2-9B, root)"
China hits out at 'illegal' US sanctions on Iran and trading partners | BBC News,UgwH-HVpMMnMPfEUHsl4AaABAg.A_zjWKbXjO9Aa-QYBxiG7Z,Go and live there then and use their local apps. WTF you're doing here,united states,con,1,0.819904,0.953964,0.953963901811808,China demonstrates more integrity than the US,user_0085,1,2026-08-27,UgwH-HVpMMnMPfEUHsl4AaABAg,,"ctx4_gemma_en_topic_none (Gemma-2-9B, no context)","ctx4_gemma_en_root (Gemma-2-9B, root)"
China hits out at 'illegal' US sanctions on Iran and trading partners | BBC News,UgwH-HVpMMnMPfEUHsl4AaABAg.A_zjWKbXjO9Aa-QkUNezpX,"@user you're completely fooled, my teenager commentor. Study better and read more books",united states,con,1,0.870592,0.877471,0.8774714118166367,@user it’s actually much more advanced than the US. Have you been to China?,user_0085,0,2026-08-27,UgwH-HVpMMnMPfEUHsl4AaABAg,,"ctx4_gemma_en_topic_none (Gemma-2-9B, no context)","ctx4_gemma_en_root (Gemma-2-9B, root)"
China hits out at 'illegal' US sanctions on Iran and trading partners | BBC News,UgwH-HVpMMnMPfEUHsl4AaABAg.A_zjWKbXjO9Aa-QuncrFHm,@user so I guess you live there and are speaking from experience?  Yeah that’s what I thought.,united states,con,1,0.991423,0.982289,0.982289006142378,China demonstrates more integrity than the US,user_0064,1,2026-08-27,UgwH-HVpMMnMPfEUHsl4AaABAg,,"ctx4_gemma_en_topic_none (Gemma-2-9B, no context)","ctx4_gemma_en_root (Gemma-2-9B, root)"
China hits out at 'illegal' US sanctions on Iran and trading partners | BBC News,UgwH-HVpMMnMPfEUHsl4AaABAg.A_zjWKbXjO9Aa-QuxEyArZ,"@user No country set up on Palestine 1948 no 07/10. No control of the western Asian oil no 911. Both were not regarding Afghanistan and Iraq, why invade and destroy them?",united states,con,1,0.997368,0.975948,0.9759482076661896,You can still buy a plane ticket and move there you know.  👍🏻,user_0073,0,2026-08-27,UgwH-HVpMMnMPfEUHsl4AaABAg,,"ctx4_gemma_en_topic_none (Gemma-2-9B, no context)","ctx4_gemma_en_root (Gemma-2-9B, root)"
China hits out at 'illegal' US sanctions on Iran and trading partners | BBC News,UgwH-HVpMMnMPfEUHsl4AaABAg.A_zjWKbXjO9Aa-QuxEyArZ,"@user No country set up on Palestine 1948 no 07/10. No control of the western Asian oil no 911. Both were not regarding Afghanistan and Iraq, why invade and destroy them?",israel,con,1,0.993612,0.948157,0.9481569911708574,You can still buy a plane ticket and move there you know.  👍🏻,user_0073,0,2026-08-27,UgwH-HVpMMnMPfEUHsl4AaABAg,,"ctx4_gemma_en_topic_none (Gemma-2-9B, no context)","ctx4_gemma_en_root (Gemma-2-9B, root)"
China hits out at 'illegal' US sanctions on Iran and trading partners | BBC News,UgwH-HVpMMnMPfEUHsl4AaABAg.A_zjWKbXjO9Aa-QuxEyArZ,"@user No country set up on Palestine 1948 no 07/10. No control of the western Asian oil no 911. Both were not regarding Afghanistan and Iraq, why invade and destroy them?",palestine,pro,1,0.983085,0.991014,0.9910143486274364,You can still buy a plane ticket and move there you know.  👍🏻,user_0073,0,2026-08-27,UgwH-HVpMMnMPfEUHsl4AaABAg,,"ctx4_gemma_en_topic_none (Gemma-2-9B, no context)","ctx4_gemma_en_root (Gemma-2-9B, root)"
China hits out at 'illegal' US sanctions on Iran and trading partners | BBC News,UgwH-HVpMMnMPfEUHsl4AaABAg.A_zjWKbXjO9Aa-QuxEyArZ,"@user No country set up on Palestine 1948 no 07/10. No control of the western Asian oil no 911. Both were not regarding Afghanistan and Iraq, why invade and destroy them?",iran,pro,1,0.989511,0.939913,0.9399133498259924,You can still buy a plane ticket and move there you know.  👍🏻,user_0073,0,2026-08-27,UgwH-HVpMMnMPfEUHsl4AaABAg,,"ctx4_gemma_en_topic_none (Gemma-2-9B, no context)","ctx4_gemma_en_root (Gemma-2-9B, root)"
China hits out at 'illegal' US sanctions on Iran and trading partners | BBC News,UgwH-HVpMMnMPfEUHsl4AaABAg.A_zjWKbXjO9Aa-QuxEyArZ,"@user No country set up on Palestine 1948 no 07/10. No control of the western Asian oil no 911. Both were not regarding Afghanistan and Iraq, why invade and destroy them?",afghanistan,pro,1,0.988131,0.880797,0.8807970779778823,You can still buy a plane ticket and move there you know.  👍🏻,user_0073,0,2026-08-27,UgwH-HVpMMnMPfEUHsl4AaABAg,,"ctx4_gemma_en_topic_none (Gemma-2-9B, no context)","ctx4_gemma_en_root (Gemma-2-9B, root)"
China hits out at 'illegal' US sanctions on Iran and trading partners | BBC News,UgwH-HVpMMnMPfEUHsl4AaABAg.A_zjWKbXjO9Aa-QuxEyArZ,"@user No country set up on Palestine 1948 no 07/10. No control of the western Asian oil no 911. Both were not regarding Afghanistan and Iraq, why invade and destroy them?",sanctions,con,1,0.997449,0.953968,0.9539682932900324,You can still buy a plane ticket and move there you know.  👍🏻,user_0073,0,2026-08-27,UgwH-HVpMMnMPfEUHsl4AaABAg,,"ctx4_gemma_en_topic_none (Gemma-2-9B, no context)","ctx4_gemma_en_root (Gemma-2-9B, root)"
China hits out at 'illegal' US sanctions on Iran and trading partners | BBC News,UgwH-HVpMMnMPfEUHsl4AaABAg.A_zjWKbXjO9Aa-R-Et2SSI,"@user Go there and express your opinion which is not aligned with CCP, videotape it and then post it on youtube. Let's see how excited you'll be with China.",united states,con,1,0.981454,0.824466,0.8244655444586806,China demonstrates more integrity than the US,user_0085,0,2026-08-27,UgwH-HVpMMnMPfEUHsl4AaABAg,,"ctx4_gemma_en_topic_none (Gemma-2-9B, no context)","ctx4_gemma_en_root (Gemma-2-9B, root)"
China hits out at 'illegal' US sanctions on Iran and trading partners | BBC News,UgwH-HVpMMnMPfEUHsl4AaABAg.A_zjWKbXjO9Aa-R-Et2SSI,"@user Go there and express your opinion which is not aligned with CCP, videotape it and then post it on youtube. Let's see how excited you'll be with China.",china,con,1,0.994698,0.992423,0.9924227587321393,China demonstrates more integrity than the US,user_0085,0,2026-08-27,UgwH-HVpMMnMPfEUHsl4AaABAg,,"ctx4_gemma_en_topic_none (Gemma-2-9B, no context)","ctx4_gemma_en_root (Gemma-2-9B, root)"
China hits out at 'illegal' US sanctions on Iran and trading partners | BBC News,UgwH-HVpMMnMPfEUHsl4AaABAg.A_zjWKbXjO9Aa-R-Et2SSI,"@user Go there and express your opinion which is not aligned with CCP, videotape it and then post it on youtube. Let's see how excited you'll be with China.",free speech,pro,1,0.894787,0.685939,0.68593868376804,China demonstrates more integrity than the US,user_0085,0,2026-08-27,UgwH-HVpMMnMPfEUHsl4AaABAg,,"ctx4_gemma_en_topic_none (Gemma-2-9B, no context)","ctx4_gemma_en_root (Gemma-2-9B, root)"
China hits out at 'illegal' US sanctions on Iran and trading partners | BBC News,UgwH-HVpMMnMPfEUHsl4AaABAg.A_zjWKbXjO9Aa-R-Et2SSI,"@user Go there and express your opinion which is not aligned with CCP, videotape it and then post it on youtube. Let's see how excited you'll be with China.",sanctions,pro,1,0.743168,0.622459,0.6224593312018546,China demonstrates more integrity than the US,user_0085,0,2026-08-27,UgwH-HVpMMnMPfEUHsl4AaABAg,,"ctx4_gemma_en_topic_none (Gemma-2-9B, no context)","ctx4_gemma_en_root (Gemma-2-9B, root)"
China hits out at 'illegal' US sanctions on Iran and trading partners | BBC News,UgwH-HVpMMnMPfEUHsl4AaABAg.A_zjWKbXjO9Aa-RaYQaQgI,"@user the lottery is a government ponzy scheme for the inept to waste their life on. 50% of lottery winners go bankrupt. Scratchers are just another tool in that goodie bag of bullshit.

Sell your story to someone else kid.",united states,con,1,0.992767,0.953274,0.9532739278178672,China demonstrates more integrity than the US,user_0046,0,2026-08-27,UgwH-HVpMMnMPfEUHsl4AaABAg,,"ctx4_gemma_en_topic_none (Gemma-2-9B, no context)","ctx4_gemma_en_root (Gemma-2-9B, root)"
China hits out at 'illegal' US sanctions on Iran and trading partners | BBC News,UgwH-HVpMMnMPfEUHsl4AaABAg.A_zjWKbXjO9Aa-RaYQaQgI,"@user the lottery is a government ponzy scheme for the inept to waste their life on. 50% of lottery winners go bankrupt. Scratchers are just another tool in that goodie bag of bullshit.

Sell your story to someone else kid.",government / the state,con,1,0.998567,0.847974,0.8479742041876344,China demonstrates more integrity than the US,user_0046,0,2026-08-27,UgwH-HVpMMnMPfEUHsl4AaABAg,,"ctx4_gemma_en_topic_none (Gemma-2-9B, no context)","ctx4_gemma_en_root (Gemma-2-9B, root)"
China hits out at 'illegal' US sanctions on Iran and trading partners | BBC News,UgwH-HVpMMnMPfEUHsl4AaABAg.A_zjWKbXjO9Aa-TdA3dPsy,"@user you sound like the use case for a flood myth. Flood hype? Something in that realm... 

Did I lump you in with some other group or something?",united states,con,1,0.916115,0.861547,0.8615471559476777,China demonstrates more integrity than the US,user_0046,0,2026-08-27,UgwH-HVpMMnMPfEUHsl4AaABAg,,"ctx4_gemma_en_topic_none (Gemma-2-9B, no context)","ctx4_gemma_en_root (Gemma-2-9B, root)"
China hits out at 'illegal' US sanctions on Iran and trading partners | BBC News,UgwH-HVpMMnMPfEUHsl4AaABAg.A_zjWKbXjO9Aa-TdA3dPsy,"@user you sound like the use case for a flood myth. Flood hype? Something in that realm... 

Did I lump you in with some other group or something?",iran,con,1,0.705785,0.828935,0.8289352633107538,China demonstrates more integrity than the US,user_0046,0,2026-08-27,UgwH-HVpMMnMPfEUHsl4AaABAg,,"ctx4_gemma_en_topic_none (Gemma-2-9B, no context)","ctx4_gemma_en_root (Gemma-2-9B, root)"
China hits out at 'illegal' US sanctions on Iran and trading partners | BBC News,UgwH-HVpMMnMPfEUHsl4AaABAg.A_zjWKbXjO9Aa-Tee1435r,@user grow up,united states,con,1,0.905996,0.833328,0.8333280676509419,"Ya, thats why Huawei is banned from the US. 

Integrity must = theft to china. Just riding us coat tails trying to steal our good work... right now chinese ai is sifting through better source code from an american ai so it can try to keep up.

So please. Try better china.",user_0086,2,2026-08-27,UgwH-HVpMMnMPfEUHsl4AaABAg,,"ctx4_gemma_en_topic_none (Gemma-2-9B, no context)","ctx4_gemma_en_root (Gemma-2-9B, root)"
China hits out at 'illegal' US sanctions on Iran and trading partners | BBC News,UgwH-HVpMMnMPfEUHsl4AaABAg.A_zjWKbXjO9Aa-Tee1435r,@user grow up,iran,con,1,0.754915,0.851953,0.8519528019683106,"Ya, thats why Huawei is banned from the US. 

Integrity must = theft to china. Just riding us coat tails trying to steal our good work... right now chinese ai is sifting through better source code from an american ai so it can try to keep up.

So please. Try better china.",user_0086,2,2026-08-27,UgwH-HVpMMnMPfEUHsl4AaABAg,,"ctx4_gemma_en_topic_none (Gemma-2-9B, no context)","ctx4_gemma_en_root (Gemma-2-9B, root)"
China hits out at 'illegal' US sanctions on Iran and trading partners | BBC News,UgwH-HVpMMnMPfEUHsl4AaABAg.A_zjWKbXjO9Aa-Tee1435r,@user grow up,sanctions,con,1,0.974043,0.817574,0.8175744761936437,"Ya, thats why Huawei is banned from the US. 

Integrity must = theft to china. Just riding us coat tails trying to steal our good work... right now chinese ai is sifting through better source code from an american ai so it can try to keep up.

So please. Try better china.",user_0086,2,2026-08-27,UgwH-HVpMMnMPfEUHsl4AaABAg,,"ctx4_gemma_en_topic_none (Gemma-2-9B, no context)","ctx4_gemma_en_root (Gemma-2-9B, root)"
Why footage of Tibet floods isn't being shown in China. #BBCNews,Ugzuvog89AAbLJJo1UR4AaABAg,Fake news. Chinese media talked about Jilong (a Tibet town hit by the flood) mud flood all day. Shame on you,china,pro,1,0.946597,0.996176,0.9961755163553628,,user_0087,116,2026-08-29,Ugzuvog89AAbLJJo1UR4AaABAg,,"ctx4_gemma_en_topic_none (Gemma-2-9B, no context)","ctx4_gemma_en_root (Gemma-2-9B, root)"
Why footage of Tibet floods isn't being shown in China. #BBCNews,Ugzuvog89AAbLJJo1UR4AaABAg,Fake news. Chinese media talked about Jilong (a Tibet town hit by the flood) mud flood all day. Shame on you,bbc,con,1,0.985936,0.960951,0.960950769174874,,user_0087,116,2026-08-29,Ugzuvog89AAbLJJo1UR4AaABAg,,"ctx4_gemma_en_topic_none (Gemma-2-9B, no context)","ctx4_gemma_en_root (Gemma-2-9B, root)"
Why footage of Tibet floods isn't being shown in China. #BBCNews,Ugzuvog89AAbLJJo1UR4AaABAg,Fake news. Chinese media talked about Jilong (a Tibet town hit by the flood) mud flood all day. Shame on you,press freedom,pro,1,0.746134,0.989347,0.989346962195638,,user_0087,116,2026-08-29,Ugzuvog89AAbLJJo1UR4AaABAg,,"ctx4_gemma_en_topic_none (Gemma-2-9B, no context)","ctx4_gemma_en_root (Gemma-2-9B, root)"
Why footage of Tibet floods isn't being shown in China. #BBCNews,Ugzuvog89AAbLJJo1UR4AaABAg,Fake news. Chinese media talked about Jilong (a Tibet town hit by the flood) mud flood all day. Shame on you,communism / socialism,con,1,0.815221,0.826712,0.8267117940706734,,user_0087,116,2026-08-29,Ugzuvog89AAbLJJo1UR4AaABAg,,"ctx4_gemma_en_topic_none (Gemma-2-9B, no context)","ctx4_gemma_en_root (Gemma-2-9B, root)"
Why footage of Tibet floods isn't being shown in China. #BBCNews,Ugzuvog89AAbLJJo1UR4AaABAg,Fake news. Chinese media talked about Jilong (a Tibet town hit by the flood) mud flood all day. Shame on you,government / the state,con,1,0.933429,0.507799,0.5077993673255866,,user_0087,116,2026-08-29,Ugzuvog89AAbLJJo1UR4AaABAg,,"ctx4_gemma_en_topic_none (Gemma-2-9B, no context)","ctx4_gemma_en_root (Gemma-2-9B, root)"
Why footage of Tibet floods isn't being shown in China. #BBCNews,Ugzuvog89AAbLJJo1UR4AaABAg.Aa6bJ7d56eFAa7F1UNvr-V,I don’t know who to believe as there’s plenty of western propaganda too. And the BBC got found out with their gloom filters when filming China.,united states,con,1,0.980876,0.916115,0.9161153773687511,Fake news. Chinese media talked about Jilong (a Tibet town hit by the flood) mud flood all day. Shame on you,user_0088,13,2026-08-30,Ugzuvog89AAbLJJo1UR4AaABAg,,"ctx4_gemma_en_topic_none (Gemma-2-9B, no context)","ctx4_gemma_en_root (Gemma-2-9B, root)"
Why footage of Tibet floods isn't being shown in China. #BBCNews,Ugzuvog89AAbLJJo1UR4AaABAg.Aa6bJ7d56eFAa7F1UNvr-V,I don’t know who to believe as there’s plenty of western propaganda too. And the BBC got found out with their gloom filters when filming China.,united kingdom,con,1,0.985718,0.665411,0.665410558746814,Fake news. Chinese media talked about Jilong (a Tibet town hit by the flood) mud flood all day. Shame on you,user_0088,13,2026-08-30,Ugzuvog89AAbLJJo1UR4AaABAg,,"ctx4_gemma_en_topic_none (Gemma-2-9B, no context)","ctx4_gemma_en_root (Gemma-2-9B, root)"
Why footage of Tibet floods isn't being shown in China. #BBCNews,Ugzuvog89AAbLJJo1UR4AaABAg.Aa6bJ7d56eFAa7F1UNvr-V,I don’t know who to believe as there’s plenty of western propaganda too. And the BBC got found out with their gloom filters when filming China.,china,pro,1,0.997065,0.997527,0.9975273768433652,Fake news. Chinese media talked about Jilong (a Tibet town hit by the flood) mud flood all day. Shame on you,user_0088,13,2026-08-30,Ugzuvog89AAbLJJo1UR4AaABAg,,"ctx4_gemma_en_topic_none (Gemma-2-9B, no context)","ctx4_gemma_en_root (Gemma-2-9B, root)"
Why footage of Tibet floods isn't being shown in China. #BBCNews,Ugzuvog89AAbLJJo1UR4AaABAg.Aa6bJ7d56eFAa7F1UNvr-V,I don’t know who to believe as there’s plenty of western propaganda too. And the BBC got found out with their gloom filters when filming China.,bbc,con,1,0.997527,0.99859,0.998589641503382,Fake news. Chinese media talked about Jilong (a Tibet town hit by the flood) mud flood all day. Shame on you,user_0088,13,2026-08-30,Ugzuvog89AAbLJJo1UR4AaABAg,,"ctx4_gemma_en_topic_none (Gemma-2-9B, no context)","ctx4_gemma_en_root (Gemma-2-9B, root)"
Why footage of Tibet floods isn't being shown in China. #BBCNews,Ugzuvog89AAbLJJo1UR4AaABAg.Aa6bJ7d56eFAa7F1UNvr-V,I don’t know who to believe as there’s plenty of western propaganda too. And the BBC got found out with their gloom filters when filming China.,press freedom,con,1,0.944997,0.995531,0.9955313933071076,Fake news. Chinese media talked about Jilong (a Tibet town hit by the flood) mud flood all day. Shame on you,user_0088,13,2026-08-30,Ugzuvog89AAbLJJo1UR4AaABAg,,"ctx4_gemma_en_topic_none (Gemma-2-9B, no context)","ctx4_gemma_en_root (Gemma-2-9B, root)"
Why footage of Tibet floods isn't being shown in China. #BBCNews,Ugzuvog89AAbLJJo1UR4AaABAg.Aa6bJ7d56eFAa7F1UNvr-V,I don’t know who to believe as there’s plenty of western propaganda too. And the BBC got found out with their gloom filters when filming China.,democracy,con,1,0.774588,0.855845,0.8558449783594452,Fake news. Chinese media talked about Jilong (a Tibet town hit by the flood) mud flood all day. Shame on you,user_0088,13,2026-08-30,Ugzuvog89AAbLJJo1UR4AaABAg,,"ctx4_gemma_en_topic_none (Gemma-2-9B, no context)","ctx4_gemma_en_root (Gemma-2-9B, root)"
Why footage of Tibet floods isn't being shown in China. #BBCNews,Ugzuvog89AAbLJJo1UR4AaABAg.Aa6bJ7d56eFAa7F1UNvr-V,I don’t know who to believe as there’s plenty of western propaganda too. And the BBC got found out with their gloom filters when filming China.,communism / socialism,pro,1,0.960361,0.880797,0.8807970779778823,Fake news. Chinese media talked about Jilong (a Tibet town hit by the flood) mud flood all day. Shame on you,user_0088,13,2026-08-30,Ugzuvog89AAbLJJo1UR4AaABAg,,"ctx4_gemma_en_topic_none (Gemma-2-9B, no context)","ctx4_gemma_en_root (Gemma-2-9B, root)"
Why footage of Tibet floods isn't being shown in China. #BBCNews,Ugzuvog89AAbLJJo1UR4AaABAg.Aa6bJ7d56eFAa7F1UNvr-V,I don’t know who to believe as there’s plenty of western propaganda too. And the BBC got found out with their gloom filters when filming China.,government / the state,con,1,0.600176,0.709014,0.7090139759830986,Fake news. Chinese media talked about Jilong (a Tibet town hit by the flood) mud flood all day. Shame on you,user_0088,13,2026-08-30,Ugzuvog89AAbLJJo1UR4AaABAg,,"ctx4_gemma_en_topic_none (Gemma-2-9B, no context)","ctx4_gemma_en_root (Gemma-2-9B, root)"
Why footage of Tibet floods isn't being shown in China. #BBCNews,Ugzuvog89AAbLJJo1UR4AaABAg.Aa6bJ7d56eFAa7FYxJPhP4,BBC is just another anti-China propaganda channel.,china,pro,1,0.998161,0.996516,0.9965164022381128,Fake news. Chinese media talked about Jilong (a Tibet town hit by the flood) mud flood all day. Shame on you,user_0089,30,2026-08-30,Ugzuvog89AAbLJJo1UR4AaABAg,,"ctx4_gemma_en_topic_none (Gemma-2-9B, no context)","ctx4_gemma_en_root (Gemma-2-9B, root)"
Why footage of Tibet floods isn't being shown in China. #BBCNews,Ugzuvog89AAbLJJo1UR4AaABAg.Aa6bJ7d56eFAa7FYxJPhP4,BBC is just another anti-China propaganda channel.,bbc,con,1,0.998218,0.997199,0.9971990730328788,Fake news. Chinese media talked about Jilong (a Tibet town hit by the flood) mud flood all day. Shame on you,user_0089,30,2026-08-30,Ugzuvog89AAbLJJo1UR4AaABAg,,"ctx4_gemma_en_topic_none (Gemma-2-9B, no context)","ctx4_gemma_en_root (Gemma-2-9B, root)"
Why footage of Tibet floods isn't being shown in China. #BBCNews,Ugzuvog89AAbLJJo1UR4AaABAg.Aa6bJ7d56eFAa7FYxJPhP4,BBC is just another anti-China propaganda channel.,press freedom,con,1,0.99478,0.985496,0.985495705629976,Fake news. Chinese media talked about Jilong (a Tibet town hit by the flood) mud flood all day. Shame on you,user_0089,30,2026-08-30,Ugzuvog89AAbLJJo1UR4AaABAg,,"ctx4_gemma_en_topic_none (Gemma-2-9B, no context)","ctx4_gemma_en_root (Gemma-2-9B, root)"
Why footage of Tibet floods isn't being shown in China. #BBCNews,Ugzuvog89AAbLJJo1UR4AaABAg.Aa6bJ7d56eFAa7FYxJPhP4,BBC is just another anti-China propaganda channel.,communism / socialism,pro,1,0.99539,0.585113,0.5851132920412595,Fake news. Chinese media talked about Jilong (a Tibet town hit by the flood) mud flood all day. Shame on you,user_0089,30,2026-08-30,Ugzuvog89AAbLJJo1UR4AaABAg,,"ctx4_gemma_en_topic_none (Gemma-2-9B, no context)","ctx4_gemma_en_root (Gemma-2-9B, root)"
Why footage of Tibet floods isn't being shown in China. #BBCNews,Ugzuvog89AAbLJJo1UR4AaABAg.Aa6bJ7d56eFAa7fu0FMbBh,"@user Yeah, almost all western medias are anti-China propaganda channels. Show me if there is one which is not anti-China propaganda channel because I haven't seen one. 😂",united states,con,1,0.998522,0.853922,0.8539221086356154,BBC is just another anti-China propaganda channel.,user_0090,10,2026-08-30,Ugzuvog89AAbLJJo1UR4AaABAg,,"ctx4_gemma_en_topic_none (Gemma-2-9B, no context)","ctx4_gemma_en_root (Gemma-2-9B, root)"
Why footage of Tibet floods isn't being shown in China. #BBCNews,Ugzuvog89AAbLJJo1UR4AaABAg.Aa6bJ7d56eFAa7fu0FMbBh,"@user Yeah, almost all western medias are anti-China propaganda channels. Show me if there is one which is not anti-China propaganda channel because I haven't seen one. 😂",china,pro,1,0.998968,0.998427,0.9984268485682248,BBC is just another anti-China propaganda channel.,user_0090,10,2026-08-30,Ugzuvog89AAbLJJo1UR4AaABAg,,"ctx4_gemma_en_topic_none (Gemma-2-9B, no context)","ctx4_gemma_en_root (Gemma-2-9B, root)"
Why footage of Tibet floods isn't being shown in China. #BBCNews,Ugzuvog89AAbLJJo1UR4AaABAg.Aa6bJ7d56eFAa7fu0FMbBh,"@user Yeah, almost all western medias are anti-China propaganda channels. Show me if there is one which is not anti-China propaganda channel because I haven't seen one. 😂",bbc,con,1,0.998716,0.969787,0.9697868779814828,BBC is just another anti-China propaganda channel.,user_0090,10,2026-08-30,Ugzuvog89AAbLJJo1UR4AaABAg,,"ctx4_gemma_en_topic_none (Gemma-2-9B, no context)","ctx4_gemma_en_root (Gemma-2-9B, root)"
Why footage of Tibet floods isn't being shown in China. #BBCNews,Ugzuvog89AAbLJJo1UR4AaABAg.Aa6bJ7d56eFAa7fu0FMbBh,"@user Yeah, almost all western medias are anti-China propaganda channels. Show me if there is one which is not anti-China propaganda channel because I haven't seen one. 😂",press freedom,con,1,0.996827,0.989511,0.9895111682136422,BBC is just another anti-China propaganda channel.,user_0090,10,2026-08-30,Ugzuvog89AAbLJJo1UR4AaABAg,,"ctx4_gemma_en_topic_none (Gemma-2-9B, no context)","ctx4_gemma_en_root (Gemma-2-9B, root)"
Why footage of Tibet floods isn't being shown in China. #BBCNews,Ugzuvog89AAbLJJo1UR4AaABAg.Aa6bJ7d56eFAa7fu0FMbBh,"@user Yeah, almost all western medias are anti-China propaganda channels. Show me if there is one which is not anti-China propaganda channel because I haven't seen one. 😂",communism / socialism,pro,1,0.991812,0.651355,0.6513548646660542,BBC is just another anti-China propaganda channel.,user_0090,10,2026-08-30,Ugzuvog89AAbLJJo1UR4AaABAg,,"ctx4_gemma_en_topic_none (Gemma-2-9B, no context)","ctx4_gemma_en_root (Gemma-2-9B, root)"
Why footage of Tibet floods isn't being shown in China. #BBCNews,Ugzuvog89AAbLJJo1UR4AaABAg.Aa6bJ7d56eFAa9D4UJW5p8,"@user Like China is any better. I don't trust either honestly, China loves it's fair share of propaganda just like the West",united states,con,1,0.986572,0.863386,0.8633857125397377,Fake news. Chinese media talked about Jilong (a Tibet town hit by the flood) mud flood all day. Shame on you,user_0091,9,2026-08-30,Ugzuvog89AAbLJJo1UR4AaABAg,,"ctx4_gemma_en_topic_none (Gemma-2-9B, no context)","ctx4_gemma_en_root (Gemma-2-9B, root)"
Why footage of Tibet floods isn't being shown in China. #BBCNews,Ugzuvog89AAbLJJo1UR4AaABAg.Aa6bJ7d56eFAa9D4UJW5p8,"@user Like China is any better. I don't trust either honestly, China loves it's fair share of propaganda just like the West",china,con,1,0.998999,0.997566,0.9975658001188824,Fake news. Chinese media talked about Jilong (a Tibet town hit by the flood) mud flood all day. Shame on you,user_0091,9,2026-08-30,Ugzuvog89AAbLJJo1UR4AaABAg,,"ctx4_gemma_en_topic_none (Gemma-2-9B, no context)","ctx4_gemma_en_root (Gemma-2-9B, root)"
Why footage of Tibet floods isn't being shown in China. #BBCNews,Ugzuvog89AAbLJJo1UR4AaABAg.Aa6bJ7d56eFAa9D4UJW5p8,"@user Like China is any better. I don't trust either honestly, China loves it's fair share of propaganda just like the West",bbc,con,1,0.984336,0.672343,0.6723427141736454,Fake news. Chinese media talked about Jilong (a Tibet town hit by the flood) mud flood all day. Shame on you,user_0091,9,2026-08-30,Ugzuvog89AAbLJJo1UR4AaABAg,,"ctx4_gemma_en_topic_none (Gemma-2-9B, no context)","ctx4_gemma_en_root (Gemma-2-9B, root)"
Why footage of Tibet floods isn't being shown in China. #BBCNews,Ugzuvog89AAbLJJo1UR4AaABAg.Aa6bJ7d56eFAa9D4UJW5p8,"@user Like China is any better. I don't trust either honestly, China loves it's fair share of propaganda just like the West",democracy,con,1,0.956632,0.847961,0.8479613123437199,Fake news. Chinese media talked about Jilong (a Tibet town hit by the flood) mud flood all day. Shame on you,user_0091,9,2026-08-30,Ugzuvog89AAbLJJo1UR4AaABAg,,"ctx4_gemma_en_topic_none (Gemma-2-9B, no context)","ctx4_gemma_en_root (Gemma-2-9B, root)"
Why footage of Tibet floods isn't being shown in China. #BBCNews,Ugzuvog89AAbLJJo1UR4AaABAg.Aa6bJ7d56eFAa9D4UJW5p8,"@user Like China is any better. I don't trust either honestly, China loves it's fair share of propaganda just like the West",communism / socialism,con,1,0.997243,0.958537,0.958536733698384,Fake news. Chinese media talked about Jilong (a Tibet town hit by the flood) mud flood all day. Shame on you,user_0091,9,2026-08-30,Ugzuvog89AAbLJJo1UR4AaABAg,,"ctx4_gemma_en_topic_none (Gemma-2-9B, no context)","ctx4_gemma_en_root (Gemma-2-9B, root)"
Why footage of Tibet floods isn't being shown in China. #BBCNews,Ugzuvog89AAbLJJo1UR4AaABAg.Aa6bJ7d56eFAa9D4UJW5p8,"@user Like China is any better. I don't trust either honestly, China loves it's fair share of propaganda just like the West",government / the state,con,1,0.99819,0.944997,0.9449973106340476,Fake news. Chinese media talked about Jilong (a Tibet town hit by the flood) mud flood all day. Shame on you,user_0091,9,2026-08-30,Ugzuvog89AAbLJJo1UR4AaABAg,,"ctx4_gemma_en_topic_none (Gemma-2-9B, no context)","ctx4_gemma_en_root (Gemma-2-9B, root)"
Why footage of Tibet floods isn't being shown in China. #BBCNews,Ugzuvog89AAbLJJo1UR4AaABAg.Aa6bJ7d56eFAa9EJXAG39V,"@user   You got it wrong.  China has free flow of information, with much more diverse opinions than your western inflitrated media full of propaganda controlled by deep state and the riches.",united states,con,1,0.997566,0.937209,0.9372093202187712,Fake news. Chinese media talked about Jilong (a Tibet town hit by the flood) mud flood all day. Shame on you,user_0089,2,2026-08-30,Ugzuvog89AAbLJJo1UR4AaABAg,,"ctx4_gemma_en_topic_none (Gemma-2-9B, no context)","ctx4_gemma_en_root (Gemma-2-9B, root)"
Why footage of Tibet floods isn't being shown in China. #BBCNews,Ugzuvog89AAbLJJo1UR4AaABAg.Aa6bJ7d56eFAa9EJXAG39V,"@user   You got it wrong.  China has free flow of information, with much more diverse opinions than your western inflitrated media full of propaganda controlled by deep state and the riches.",china,pro,1,0.998755,0.999144,0.9991440993632548,Fake news. Chinese media talked about Jilong (a Tibet town hit by the flood) mud flood all day. Shame on you,user_0089,2,2026-08-30,Ugzuvog89AAbLJJo1UR4AaABAg,,"ctx4_gemma_en_topic_none (Gemma-2-9B, no context)","ctx4_gemma_en_root (Gemma-2-9B, root)"
Why footage of Tibet floods isn't being shown in China. #BBCNews,Ugzuvog89AAbLJJo1UR4AaABAg.Aa6bJ7d56eFAa9EJXAG39V,"@user   You got it wrong.  China has free flow of information, with much more diverse opinions than your western inflitrated media full of propaganda controlled by deep state and the riches.",bbc,con,1,0.997851,0.974822,0.974822385513644,Fake news. Chinese media talked about Jilong (a Tibet town hit by the flood) mud flood all day. Shame on you,user_0089,2,2026-08-30,Ugzuvog89AAbLJJo1UR4AaABAg,,"ctx4_gemma_en_topic_none (Gemma-2-9B, no context)","ctx4_gemma_en_root (Gemma-2-9B, root)"
Why footage of Tibet floods isn't being shown in China. #BBCNews,Ugzuvog89AAbLJJo1UR4AaABAg.Aa6bJ7d56eFAa9EJXAG39V,"@user   You got it wrong.  China has free flow of information, with much more diverse opinions than your western inflitrated media full of propaganda controlled by deep state and the riches.",press freedom,con,1,0.995018,0.994615,0.9946153298286196,Fake news. Chinese media talked about Jilong (a Tibet town hit by the flood) mud flood all day. Shame on you,user_0089,2,2026-08-30,Ugzuvog89AAbLJJo1UR4AaABAg,,"ctx4_gemma_en_topic_none (Gemma-2-9B, no context)","ctx4_gemma_en_root (Gemma-2-9B, root)"
Why footage of Tibet floods isn't being shown in China. #BBCNews,Ugzuvog89AAbLJJo1UR4AaABAg.Aa6bJ7d56eFAa9EJXAG39V,"@user   You got it wrong.  China has free flow of information, with much more diverse opinions than your western inflitrated media full of propaganda controlled by deep state and the riches.",democracy,con,1,0.989987,0.968382,0.968381998197912,Fake news. Chinese media talked about Jilong (a Tibet town hit by the flood) mud flood all day. Shame on you,user_0089,2,2026-08-30,Ugzuvog89AAbLJJo1UR4AaABAg,,"ctx4_gemma_en_topic_none (Gemma-2-9B, no context)","ctx4_gemma_en_root (Gemma-2-9B, root)"
Why footage of Tibet floods isn't being shown in China. #BBCNews,Ugzuvog89AAbLJJo1UR4AaABAg.Aa6bJ7d56eFAa9EJXAG39V,"@user   You got it wrong.  China has free flow of information, with much more diverse opinions than your western inflitrated media full of propaganda controlled by deep state and the riches.",communism / socialism,pro,1,0.996234,0.973645,0.9736452886649896,Fake news. Chinese media talked about Jilong (a Tibet town hit by the flood) mud flood all day. Shame on you,user_0089,2,2026-08-30,Ugzuvog89AAbLJJo1UR4AaABAg,,"ctx4_gemma_en_topic_none (Gemma-2-9B, no context)","ctx4_gemma_en_root (Gemma-2-9B, root)"
Why footage of Tibet floods isn't being shown in China. #BBCNews,Ugzuvog89AAbLJJo1UR4AaABAg.Aa6bJ7d56eFAa9EJXAG39V,"@user   You got it wrong.  China has free flow of information, with much more diverse opinions than your western inflitrated media full of propaganda controlled by deep state and the riches.",government / the state,con,1,0.990874,0.992989,0.9929887267964536,Fake news. Chinese media talked about Jilong (a Tibet town hit by the flood) mud flood all day. Shame on you,user_0089,2,2026-08-30,Ugzuvog89AAbLJJo1UR4AaABAg,,"ctx4_gemma_en_topic_none (Gemma-2-9B, no context)","ctx4_gemma_en_root (Gemma-2-9B, root)"
Why footage of Tibet floods isn't being shown in China. #BBCNews,Ugzuvog89AAbLJJo1UR4AaABAg.Aa6bJ7d56eFAa9XTfQ8FTZ,@user yeah just like Jack Ma had right? when he said Chinese Banks have pawn shop mentality and then went missing for 6 months?,china,con,1,0.996054,0.997155,0.9971548775658756,BBC is just another anti-China propaganda channel.,user_0092,7,2026-08-31,Ugzuvog89AAbLJJo1UR4AaABAg,,"ctx4_gemma_en_topic_none (Gemma-2-9B, no context)","ctx4_gemma_en_root (Gemma-2-9B, root)"
Why footage of Tibet floods isn't being shown in China. #BBCNews,Ugzuvog89AAbLJJo1UR4AaABAg.Aa6bJ7d56eFAa9XTfQ8FTZ,@user yeah just like Jack Ma had right? when he said Chinese Banks have pawn shop mentality and then went missing for 6 months?,bbc,con,1,0.72798,0.931464,0.9314641029534216,BBC is just another anti-China propaganda channel.,user_0092,7,2026-08-31,Ugzuvog89AAbLJJo1UR4AaABAg,,"ctx4_gemma_en_topic_none (Gemma-2-9B, no context)","ctx4_gemma_en_root (Gemma-2-9B, root)"
Why footage of Tibet floods isn't being shown in China. #BBCNews,Ugzuvog89AAbLJJo1UR4AaABAg.Aa6bJ7d56eFAa9XTfQ8FTZ,@user yeah just like Jack Ma had right? when he said Chinese Banks have pawn shop mentality and then went missing for 6 months?,infrastructure investment,con,1,0.882425,0.596427,0.5964271287339108,BBC is just another anti-China propaganda channel.,user_0092,7,2026-08-31,Ugzuvog89AAbLJJo1UR4AaABAg,,"ctx4_gemma_en_topic_none (Gemma-2-9B, no context)","ctx4_gemma_en_root (Gemma-2-9B, root)"
Why footage of Tibet floods isn't being shown in China. #BBCNews,Ugzuvog89AAbLJJo1UR4AaABAg.Aa6bJ7d56eFAa9XTfQ8FTZ,@user yeah just like Jack Ma had right? when he said Chinese Banks have pawn shop mentality and then went missing for 6 months?,democracy,pro,1,0.763488,0.787931,0.7879311956428947,BBC is just another anti-China propaganda channel.,user_0092,7,2026-08-31,Ugzuvog89AAbLJJo1UR4AaABAg,,"ctx4_gemma_en_topic_none (Gemma-2-9B, no context)","ctx4_gemma_en_root (Gemma-2-9B, root)"
Why footage of Tibet floods isn't being shown in China. #BBCNews,Ugzuvog89AAbLJJo1UR4AaABAg.Aa6bJ7d56eFAa9XTfQ8FTZ,@user yeah just like Jack Ma had right? when he said Chinese Banks have pawn shop mentality and then went missing for 6 months?,capitalism,con,1,0.97199,0.618786,0.618786331006552,BBC is just another anti-China propaganda channel.,user_0092,7,2026-08-31,Ugzuvog89AAbLJJo1UR4AaABAg,,"ctx4_gemma_en_topic_none (Gemma-2-9B, no context)","ctx4_gemma_en_root (Gemma-2-9B, root)"
Why footage of Tibet floods isn't being shown in China. #BBCNews,Ugzuvog89AAbLJJo1UR4AaABAg.Aa6bJ7d56eFAa9XTfQ8FTZ,@user yeah just like Jack Ma had right? when he said Chinese Banks have pawn shop mentality and then went missing for 6 months?,communism / socialism,con,1,0.985496,0.934398,0.9343982275164976,BBC is just another anti-China propaganda channel.,user_0092,7,2026-08-31,Ugzuvog89AAbLJJo1UR4AaABAg,,"ctx4_gemma_en_topic_none (Gemma-2-9B, no context)","ctx4_gemma_en_root (Gemma-2-9B, root)"
Why footage of Tibet floods isn't being shown in China. #BBCNews,Ugzuvog89AAbLJJo1UR4AaABAg.Aa6bJ7d56eFAa9XTfQ8FTZ,@user yeah just like Jack Ma had right? when he said Chinese Banks have pawn shop mentality and then went missing for 6 months?,government / the state,con,1,0.997243,0.944992,0.9449921126633908,BBC is just another anti-China propaganda channel.,user_0092,7,2026-08-31,Ugzuvog89AAbLJJo1UR4AaABAg,,"ctx4_gemma_en_topic_none (Gemma-2-9B, no context)","ctx4_gemma_en_root (Gemma-2-9B, root)"
Why footage of Tibet floods isn't being shown in China. #BBCNews,Ugzuvog89AAbLJJo1UR4AaABAg.Aa6bJ7d56eFAa9dVnLDUln,"@user  Jack was not missing, just low profile.  Julian Assange, Edward Snowden, Scott Ritter, Chelsea Manning... we know what happens when you criticize the so-called western nations of freedom.",united states,con,1,0.998299,0.98983,0.9898300905871504,Fake news. Chinese media talked about Jilong (a Tibet town hit by the flood) mud flood all day. Shame on you,user_0089,3,2026-08-31,Ugzuvog89AAbLJJo1UR4AaABAg,,"ctx4_gemma_en_topic_none (Gemma-2-9B, no context)","ctx4_gemma_en_root (Gemma-2-9B, root)"
Why footage of Tibet floods isn't being shown in China. #BBCNews,Ugzuvog89AAbLJJo1UR4AaABAg.Aa6bJ7d56eFAa9dVnLDUln,"@user  Jack was not missing, just low profile.  Julian Assange, Edward Snowden, Scott Ritter, Chelsea Manning... we know what happens when you criticize the so-called western nations of freedom.",united kingdom,con,1,0.997449,0.868824,0.8688239270416847,Fake news. Chinese media talked about Jilong (a Tibet town hit by the flood) mud flood all day. Shame on you,user_0089,3,2026-08-31,Ugzuvog89AAbLJJo1UR4AaABAg,,"ctx4_gemma_en_topic_none (Gemma-2-9B, no context)","ctx4_gemma_en_root (Gemma-2-9B, root)"
Why footage of Tibet floods isn't being shown in China. #BBCNews,Ugzuvog89AAbLJJo1UR4AaABAg.Aa6bJ7d56eFAa9dVnLDUln,"@user  Jack was not missing, just low profile.  Julian Assange, Edward Snowden, Scott Ritter, Chelsea Manning... we know what happens when you criticize the so-called western nations of freedom.",china,pro,1,0.997851,0.981166,0.9811664081429304,Fake news. Chinese media talked about Jilong (a Tibet town hit by the flood) mud flood all day. Shame on you,user_0089,3,2026-08-31,Ugzuvog89AAbLJJo1UR4AaABAg,,"ctx4_gemma_en_topic_none (Gemma-2-9B, no context)","ctx4_gemma_en_root (Gemma-2-9B, root)"
Why footage of Tibet floods isn't being shown in China. #BBCNews,Ugzuvog89AAbLJJo1UR4AaABAg.Aa6bJ7d56eFAa9dVnLDUln,"@user  Jack was not missing, just low profile.  Julian Assange, Edward Snowden, Scott Ritter, Chelsea Manning... we know what happens when you criticize the so-called western nations of freedom.",bbc,con,1,0.995866,0.998043,0.9980430318888728,Fake news. Chinese media talked about Jilong (a Tibet town hit by the flood) mud flood all day. Shame on you,user_0089,3,2026-08-31,Ugzuvog89AAbLJJo1UR4AaABAg,,"ctx4_gemma_en_topic_none (Gemma-2-9B, no context)","ctx4_gemma_en_root (Gemma-2-9B, root)"
Why footage of Tibet floods isn't being shown in China. #BBCNews,Ugzuvog89AAbLJJo1UR4AaABAg.Aa6bJ7d56eFAa9dVnLDUln,"@user  Jack was not missing, just low profile.  Julian Assange, Edward Snowden, Scott Ritter, Chelsea Manning... we know what happens when you criticize the so-called western nations of freedom.",press freedom,pro,1,0.841816,0.999649,0.9996485529537408,Fake news. Chinese media talked about Jilong (a Tibet town hit by the flood) mud flood all day. Shame on you,user_0089,3,2026-08-31,Ugzuvog89AAbLJJo1UR4AaABAg,,"ctx4_gemma_en_topic_none (Gemma-2-9B, no context)","ctx4_gemma_en_root (Gemma-2-9B, root)"
Why footage of Tibet floods isn't being shown in China. #BBCNews,Ugzuvog89AAbLJJo1UR4AaABAg.Aa6bJ7d56eFAa9dVnLDUln,"@user  Jack was not missing, just low profile.  Julian Assange, Edward Snowden, Scott Ritter, Chelsea Manning... we know what happens when you criticize the so-called western nations of freedom.",privacy / surveillance,pro,1,0.998567,0.937209,0.9372093202187712,Fake news. Chinese media talked about Jilong (a Tibet town hit by the flood) mud flood all day. Shame on you,user_0089,3,2026-08-31,Ugzuvog89AAbLJJo1UR4AaABAg,,"ctx4_gemma_en_topic_none (Gemma-2-9B, no context)","ctx4_gemma_en_root (Gemma-2-9B, root)"
Why footage of Tibet floods isn't being shown in China. #BBCNews,Ugzuvog89AAbLJJo1UR4AaABAg.Aa6bJ7d56eFAa9dVnLDUln,"@user  Jack was not missing, just low profile.  Julian Assange, Edward Snowden, Scott Ritter, Chelsea Manning... we know what happens when you criticize the so-called western nations of freedom.",democracy,con,1,0.990292,0.98698,0.9869804736727272,Fake news. Chinese media talked about Jilong (a Tibet town hit by the flood) mud flood all day. Shame on you,user_0089,3,2026-08-31,Ugzuvog89AAbLJJo1UR4AaABAg,,"ctx4_gemma_en_topic_none (Gemma-2-9B, no context)","ctx4_gemma_en_root (Gemma-2-9B, root)"
Why footage of Tibet floods isn't being shown in China. #BBCNews,Ugzuvog89AAbLJJo1UR4AaABAg.Aa6bJ7d56eFAa9dVnLDUln,"@user  Jack was not missing, just low profile.  Julian Assange, Edward Snowden, Scott Ritter, Chelsea Manning... we know what happens when you criticize the so-called western nations of freedom.",communism / socialism,pro,1,0.996778,0.916115,0.9161153773687511,Fake news. Chinese media talked about Jilong (a Tibet town hit by the flood) mud flood all day. Shame on you,user_0089,3,2026-08-31,Ugzuvog89AAbLJJo1UR4AaABAg,,"ctx4_gemma_en_topic_none (Gemma-2-9B, no context)","ctx4_gemma_en_root (Gemma-2-9B, root)"
Why footage of Tibet floods isn't being shown in China. #BBCNews,Ugzuvog89AAbLJJo1UR4AaABAg.Aa6bJ7d56eFAa9dVnLDUln,"@user  Jack was not missing, just low profile.  Julian Assange, Edward Snowden, Scott Ritter, Chelsea Manning... we know what happens when you criticize the so-called western nations of freedom.",government / the state,con,1,0.997285,0.979037,0.979036785394364,Fake news. Chinese media talked about Jilong (a Tibet town hit by the flood) mud flood all day. Shame on you,user_0089,3,2026-08-31,Ugzuvog89AAbLJJo1UR4AaABAg,,"ctx4_gemma_en_topic_none (Gemma-2-9B, no context)","ctx4_gemma_en_root (Gemma-2-9B, root)"
Why footage of Tibet floods isn't being shown in China. #BBCNews,Ugzuvog89AAbLJJo1UR4AaABAg.Aa6bJ7d56eFAa9ecs59-Wx,"@user yeah nice distinction, a high profile businessman about to come up with one of the biggest IPO going low profile with no news after criticising Banks. Thats not suspicious at all. 

Second the point being discussed is Chinese hypocrisy and as you said about West, it simply means you are no better. pot calling kettle black. Hypocrisy is in the blood of West now it has entered Chinese as well.",united states,con,1,0.99539,0.966914,0.9669140216112958,BBC is just another anti-China propaganda channel.,user_0092,1,2026-08-31,Ugzuvog89AAbLJJo1UR4AaABAg,,"ctx4_gemma_en_topic_none (Gemma-2-9B, no context)","ctx4_gemma_en_root (Gemma-2-9B, root)"
Why footage of Tibet floods isn't being shown in China. #BBCNews,Ugzuvog89AAbLJJo1UR4AaABAg.Aa6bJ7d56eFAa9ecs59-Wx,"@user yeah nice distinction, a high profile businessman about to come up with one of the biggest IPO going low profile with no news after criticising Banks. Thats not suspicious at all. 

Second the point being discussed is Chinese hypocrisy and as you said about West, it simply means you are no better. pot calling kettle black. Hypocrisy is in the blood of West now it has entered Chinese as well.",china,con,1,0.953964,0.99819,0.9981896082713788,BBC is just another anti-China propaganda channel.,user_0092,1,2026-08-31,Ugzuvog89AAbLJJo1UR4AaABAg,,"ctx4_gemma_en_topic_none (Gemma-2-9B, no context)","ctx4_gemma_en_root (Gemma-2-9B, root)"
Why footage of Tibet floods isn't being shown in China. #BBCNews,Ugzuvog89AAbLJJo1UR4AaABAg.Aa6bJ7d56eFAa9ecs59-Wx,"@user yeah nice distinction, a high profile businessman about to come up with one of the biggest IPO going low profile with no news after criticising Banks. Thats not suspicious at all. 

Second the point being discussed is Chinese hypocrisy and as you said about West, it simply means you are no better. pot calling kettle black. Hypocrisy is in the blood of West now it has entered Chinese as well.",bbc,con,1,0.987946,0.877471,0.8774714118166367,BBC is just another anti-China propaganda channel.,user_0092,1,2026-08-31,Ugzuvog89AAbLJJo1UR4AaABAg,,"ctx4_gemma_en_topic_none (Gemma-2-9B, no context)","ctx4_gemma_en_root (Gemma-2-9B, root)"
Why footage of Tibet floods isn't being shown in China. #BBCNews,Ugzuvog89AAbLJJo1UR4AaABAg.Aa6bJ7d56eFAa9ecs59-Wx,"@user yeah nice distinction, a high profile businessman about to come up with one of the biggest IPO going low profile with no news after criticising Banks. Thats not suspicious at all. 

Second the point being discussed is Chinese hypocrisy and as you said about West, it simply means you are no better. pot calling kettle black. Hypocrisy is in the blood of West now it has entered Chinese as well.",press freedom,con,1,0.931464,0.527323,0.5273227547205004,BBC is just another anti-China propaganda channel.,user_0092,1,2026-08-31,Ugzuvog89AAbLJJo1UR4AaABAg,,"ctx4_gemma_en_topic_none (Gemma-2-9B, no context)","ctx4_gemma_en_root (Gemma-2-9B, root)"
Why footage of Tibet floods isn't being shown in China. #BBCNews,Ugzuvog89AAbLJJo1UR4AaABAg.Aa6bJ7d56eFAa9ecs59-Wx,"@user yeah nice distinction, a high profile businessman about to come up with one of the biggest IPO going low profile with no news after criticising Banks. Thats not suspicious at all. 

Second the point being discussed is Chinese hypocrisy and as you said about West, it simply means you are no better. pot calling kettle black. Hypocrisy is in the blood of West now it has entered Chinese as well.",democracy,con,1,0.978385,0.867036,0.8670357598021706,BBC is just another anti-China propaganda channel.,user_0092,1,2026-08-31,Ugzuvog89AAbLJJo1UR4AaABAg,,"ctx4_gemma_en_topic_none (Gemma-2-9B, no context)","ctx4_gemma_en_root (Gemma-2-9B, root)"
Why footage of Tibet floods isn't being shown in China. #BBCNews,Ugzuvog89AAbLJJo1UR4AaABAg.Aa6bJ7d56eFAa9ecs59-Wx,"@user yeah nice distinction, a high profile businessman about to come up with one of the biggest IPO going low profile with no news after criticising Banks. Thats not suspicious at all. 

Second the point being discussed is Chinese hypocrisy and as you said about West, it simply means you are no better. pot calling kettle black. Hypocrisy is in the blood of West now it has entered Chinese as well.",communism / socialism,pro,1,0.731059,0.709014,0.7090139759830986,BBC is just another anti-China propaganda channel.,user_0092,1,2026-08-31,Ugzuvog89AAbLJJo1UR4AaABAg,,"ctx4_gemma_en_topic_none (Gemma-2-9B, no context)","ctx4_gemma_en_root (Gemma-2-9B, root)"
Why footage of Tibet floods isn't being shown in China. #BBCNews,Ugzuvog89AAbLJJo1UR4AaABAg.Aa6bJ7d56eFAa9ecs59-Wx,"@user yeah nice distinction, a high profile businessman about to come up with one of the biggest IPO going low profile with no news after criticising Banks. Thats not suspicious at all. 

Second the point being discussed is Chinese hypocrisy and as you said about West, it simply means you are no better. pot calling kettle black. Hypocrisy is in the blood of West now it has entered Chinese as well.",government / the state,con,1,0.992767,0.76066,0.7606597556205152,BBC is just another anti-China propaganda channel.,user_0092,1,2026-08-31,Ugzuvog89AAbLJJo1UR4AaABAg,,"ctx4_gemma_en_topic_none (Gemma-2-9B, no context)","ctx4_gemma_en_root (Gemma-2-9B, root)"
Why footage of Tibet floods isn't being shown in China. #BBCNews,Ugzuvog89AAbLJJo1UR4AaABAg.Aa6bJ7d56eFAa9i-TPbySw,"@user   Jack Ma stepped down in 2019, an entire year before the IPO suspension, signaling a planned transition into retirement.  Going low profile after a major regulatory intervention is standard corporate risk management worldwide to avoid further market volatility, not evidence of foul play.  Ma has since resurfaced globally, taking up university teaching positions and regularly visiting Alibaba headquarters.  Halting the $37 billion Ant Group IPO protected everyday retail investors from an unregulated tech platform behaving like a highly leveraged bank without holding the required capital reserves.

There is a distinct difference between hypocrisy and risk management. China has consistently prioritized financial stability over unrestricted billionaire influence.  Western nations frequently bail out failing banks with taxpayer money while claiming to support ""free market"" capitalism. China, conversely, steps in before a collapse to enforce antitrust and financial regulations consistently across all private entities.  Enforcing rules on domestic tech giants ensures that private corporations align with public welfare and national economic health, rather than monopolizing financial systems for unchecked private gain like in the West.",united states,con,1,0.997713,0.6002,0.600200357314733,Fake news. Chinese media talked about Jilong (a Tibet town hit by the flood) mud flood all day. Shame on you,user_0089,1,2026-08-31,Ugzuvog89AAbLJJo1UR4AaABAg,,"ctx4_gemma_en_topic_none (Gemma-2-9B, no context)","ctx4_gemma_en_root (Gemma-2-9B, root)"
Why footage of Tibet floods isn't being shown in China. #BBCNews,Ugzuvog89AAbLJJo1UR4AaABAg.Aa6bJ7d56eFAa9i-TPbySw,"@user   Jack Ma stepped down in 2019, an entire year before the IPO suspension, signaling a planned transition into retirement.  Going low profile after a major regulatory intervention is standard corporate risk management worldwide to avoid further market volatility, not evidence of foul play.  Ma has since resurfaced globally, taking up university teaching positions and regularly visiting Alibaba headquarters.  Halting the $37 billion Ant Group IPO protected everyday retail investors from an unregulated tech platform behaving like a highly leveraged bank without holding the required capital reserves.

There is a distinct difference between hypocrisy and risk management. China has consistently prioritized financial stability over unrestricted billionaire influence.  Western nations frequently bail out failing banks with taxpayer money while claiming to support ""free market"" capitalism. China, conversely, steps in before a collapse to enforce antitrust and financial regulations consistently across all private entities.  Enforcing rules on domestic tech giants ensures that private corporations align with public welfare and national economic health, rather than monopolizing financial systems for unchecked private gain like in the West.",china,pro,1,0.999402,0.999268,0.9992677821551672,Fake news. Chinese media talked about Jilong (a Tibet town hit by the flood) mud flood all day. Shame on you,user_0089,1,2026-08-31,Ugzuvog89AAbLJJo1UR4AaABAg,,"ctx4_gemma_en_topic_none (Gemma-2-9B, no context)","ctx4_gemma_en_root (Gemma-2-9B, root)"
Why footage of Tibet floods isn't being shown in China. #BBCNews,Ugzuvog89AAbLJJo1UR4AaABAg.Aa6bJ7d56eFAa9i-TPbySw,"@user   Jack Ma stepped down in 2019, an entire year before the IPO suspension, signaling a planned transition into retirement.  Going low profile after a major regulatory intervention is standard corporate risk management worldwide to avoid further market volatility, not evidence of foul play.  Ma has since resurfaced globally, taking up university teaching positions and regularly visiting Alibaba headquarters.  Halting the $37 billion Ant Group IPO protected everyday retail investors from an unregulated tech platform behaving like a highly leveraged bank without holding the required capital reserves.

There is a distinct difference between hypocrisy and risk management. China has consistently prioritized financial stability over unrestricted billionaire influence.  Western nations frequently bail out failing banks with taxpayer money while claiming to support ""free market"" capitalism. China, conversely, steps in before a collapse to enforce antitrust and financial regulations consistently across all private entities.  Enforcing rules on domestic tech giants ensures that private corporations align with public welfare and national economic health, rather than monopolizing financial systems for unchecked private gain like in the West.",bbc,con,1,0.980581,0.699265,0.6992649358377853,Fake news. Chinese media talked about Jilong (a Tibet town hit by the flood) mud flood all day. Shame on you,user_0089,1,2026-08-31,Ugzuvog89AAbLJJo1UR4AaABAg,,"ctx4_gemma_en_topic_none (Gemma-2-9B, no context)","ctx4_gemma_en_root (Gemma-2-9B, root)"
Why footage of Tibet floods isn't being shown in China. #BBCNews,Ugzuvog89AAbLJJo1UR4AaABAg.Aa6bJ7d56eFAa9i-TPbySw,"@user   Jack Ma stepped down in 2019, an entire year before the IPO suspension, signaling a planned transition into retirement.  Going low profile after a major regulatory intervention is standard corporate risk management worldwide to avoid further market volatility, not evidence of foul play.  Ma has since resurfaced globally, taking up university teaching positions and regularly visiting Alibaba headquarters.  Halting the $37 billion Ant Group IPO protected everyday retail investors from an unregulated tech platform behaving like a highly leveraged bank without holding the required capital reserves.

There is a distinct difference between hypocrisy and risk management. China has consistently prioritized financial stability over unrestricted billionaire influence.  Western nations frequently bail out failing banks with taxpayer money while claiming to support ""free market"" capitalism. China, conversely, steps in before a collapse to enforce antitrust and financial regulations consistently across all private entities.  Enforcing rules on domestic tech giants ensures that private corporations align with public welfare and national economic health, rather than monopolizing financial systems for unchecked private gain like in the West.",democracy,pro,1,0.991812,0.527298,0.5272978293057098,Fake news. Chinese media talked about Jilong (a Tibet town hit by the flood) mud flood all day. Shame on you,user_0089,1,2026-08-31,Ugzuvog89AAbLJJo1UR4AaABAg,,"ctx4_gemma_en_topic_none (Gemma-2-9B, no context)","ctx4_gemma_en_root (Gemma-2-9B, root)"
Why footage of Tibet floods isn't being shown in China. #BBCNews,Ugzuvog89AAbLJJo1UR4AaABAg.Aa6bJ7d56eFAa9i-TPbySw,"@user   Jack Ma stepped down in 2019, an entire year before the IPO suspension, signaling a planned transition into retirement.  Going low profile after a major regulatory intervention is standard corporate risk management worldwide to avoid further market volatility, not evidence of foul play.  Ma has since resurfaced globally, taking up university teaching positions and regularly visiting Alibaba headquarters.  Halting the $37 billion Ant Group IPO protected everyday retail investors from an unregulated tech platform behaving like a highly leveraged bank without holding the required capital reserves.

There is a distinct difference between hypocrisy and risk management. China has consistently prioritized financial stability over unrestricted billionaire influence.  Western nations frequently bail out failing banks with taxpayer money while claiming to support ""free market"" capitalism. China, conversely, steps in before a collapse to enforce antitrust and financial regulations consistently across all private entities.  Enforcing rules on domestic tech giants ensures that private corporations align with public welfare and national economic health, rather than monopolizing financial systems for unchecked private gain like in the West.",capitalism,con,1,0.997713,0.996116,0.9961156201847192,Fake news. Chinese media talked about Jilong (a Tibet town hit by the flood) mud flood all day. Shame on you,user_0089,1,2026-08-31,Ugzuvog89AAbLJJo1UR4AaABAg,,"ctx4_gemma_en_topic_none (Gemma-2-9B, no context)","ctx4_gemma_en_root (Gemma-2-9B, root)"
Why footage of Tibet floods isn't being shown in China. #BBCNews,Ugzuvog89AAbLJJo1UR4AaABAg.Aa6bJ7d56eFAa9i-TPbySw,"@user   Jack Ma stepped down in 2019, an entire year before the IPO suspension, signaling a planned transition into retirement.  Going low profile after a major regulatory intervention is standard corporate risk management worldwide to avoid further market volatility, not evidence of foul play.  Ma has since resurfaced globally, taking up university teaching positions and regularly visiting Alibaba headquarters.  Halting the $37 billion Ant Group IPO protected everyday retail investors from an unregulated tech platform behaving like a highly leveraged bank without holding the required capital reserves.

There is a distinct difference between hypocrisy and risk management. China has consistently prioritized financial stability over unrestricted billionaire influence.  Western nations frequently bail out failing banks with taxpayer money while claiming to support ""free market"" capitalism. China, conversely, steps in before a collapse to enforce antitrust and financial regulations consistently across all private entities.  Enforcing rules on domestic tech giants ensures that private corporations align with public welfare and national economic health, rather than monopolizing financial systems for unchecked private gain like in the West.",communism / socialism,pro,1,0.999695,0.542869,0.5428694872343308,Fake news. Chinese media talked about Jilong (a Tibet town hit by the flood) mud flood all day. Shame on you,user_0089,1,2026-08-31,Ugzuvog89AAbLJJo1UR4AaABAg,,"ctx4_gemma_en_topic_none (Gemma-2-9B, no context)","ctx4_gemma_en_root (Gemma-2-9B, root)"
Why footage of Tibet floods isn't being shown in China. #BBCNews,Ugzuvog89AAbLJJo1UR4AaABAg.Aa6bJ7d56eFAa9i-TPbySw,"@user   Jack Ma stepped down in 2019, an entire year before the IPO suspension, signaling a planned transition into retirement.  Going low profile after a major regulatory intervention is standard corporate risk management worldwide to avoid further market volatility, not evidence of foul play.  Ma has since resurfaced globally, taking up university teaching positions and regularly visiting Alibaba headquarters.  Halting the $37 billion Ant Group IPO protected everyday retail investors from an unregulated tech platform behaving like a highly leveraged bank without holding the required capital reserves.

There is a distinct difference between hypocrisy and risk management. China has consistently prioritized financial stability over unrestricted billionaire influence.  Western nations frequently bail out failing banks with taxpayer money while claiming to support ""free market"" capitalism. China, conversely, steps in before a collapse to enforce antitrust and financial regulations consistently across all private entities.  Enforcing rules on domestic tech giants ensures that private corporations align with public welfare and national economic health, rather than monopolizing financial systems for unchecked private gain like in the West.",government / the state,pro,1,0.999751,0.845939,0.8459391791845848,Fake news. Chinese media talked about Jilong (a Tibet town hit by the flood) mud flood all day. Shame on you,user_0089,1,2026-08-31,Ugzuvog89AAbLJJo1UR4AaABAg,,"ctx4_gemma_en_topic_none (Gemma-2-9B, no context)","ctx4_gemma_en_root (Gemma-2-9B, root)"
Why footage of Tibet floods isn't being shown in China. #BBCNews,Ugzuvog89AAbLJJo1UR4AaABAg.Aa6bJ7d56eFAaA02KUPw05,@user super fake as in it’s not just this particular flood—graphic footage of disasters is generally not shown to the public in China. This has been the case for decades. Not because its in Tibet. There has actually been extensive reporting on this flood; they simply chose not to broadcast disturbing images. BBC completely distorted the facts.,china,pro,1,0.672343,0.99486,0.9948602610709624,I don’t know who to believe as there’s plenty of western propaganda too. And the BBC got found out with their gloom filters when filming China.,user_0093,5,2026-08-31,Ugzuvog89AAbLJJo1UR4AaABAg,,"ctx4_gemma_en_topic_none (Gemma-2-9B, no context)","ctx4_gemma_en_root (Gemma-2-9B, root)"
Why footage of Tibet floods isn't being shown in China. #BBCNews,Ugzuvog89AAbLJJo1UR4AaABAg.Aa6bJ7d56eFAaA02KUPw05,@user super fake as in it’s not just this particular flood—graphic footage of disasters is generally not shown to the public in China. This has been the case for decades. Not because its in Tibet. There has actually been extensive reporting on this flood; they simply chose not to broadcast disturbing images. BBC completely distorted the facts.,bbc,con,1,0.994939,0.998103,0.9981030325918876,I don’t know who to believe as there’s plenty of western propaganda too. And the BBC got found out with their gloom filters when filming China.,user_0093,5,2026-08-31,Ugzuvog89AAbLJJo1UR4AaABAg,,"ctx4_gemma_en_topic_none (Gemma-2-9B, no context)","ctx4_gemma_en_root (Gemma-2-9B, root)"
Why footage of Tibet floods isn't being shown in China. #BBCNews,Ugzuvog89AAbLJJo1UR4AaABAg.Aa6bJ7d56eFAaA02KUPw05,@user super fake as in it’s not just this particular flood—graphic footage of disasters is generally not shown to the public in China. This has been the case for decades. Not because its in Tibet. There has actually been extensive reporting on this flood; they simply chose not to broadcast disturbing images. BBC completely distorted the facts.,press freedom,con,1,0.861547,0.987568,0.987568349146814,I don’t know who to believe as there’s plenty of western propaganda too. And the BBC got found out with their gloom filters when filming China.,user_0093,5,2026-08-31,Ugzuvog89AAbLJJo1UR4AaABAg,,"ctx4_gemma_en_topic_none (Gemma-2-9B, no context)","ctx4_gemma_en_root (Gemma-2-9B, root)"
Why footage of Tibet floods isn't being shown in China. #BBCNews,Ugzuvog89AAbLJJo1UR4AaABAg.Aa6bJ7d56eFAaA02KUPw05,@user super fake as in it’s not just this particular flood—graphic footage of disasters is generally not shown to the public in China. This has been the case for decades. Not because its in Tibet. There has actually been extensive reporting on this flood; they simply chose not to broadcast disturbing images. BBC completely distorted the facts.,communism / socialism,pro,1,0.81989,0.566037,0.5660369582213496,I don’t know who to believe as there’s plenty of western propaganda too. And the BBC got found out with their gloom filters when filming China.,user_0093,5,2026-08-31,Ugzuvog89AAbLJJo1UR4AaABAg,,"ctx4_gemma_en_topic_none (Gemma-2-9B, no context)","ctx4_gemma_en_root (Gemma-2-9B, root)"
Why footage of Tibet floods isn't being shown in China. #BBCNews,Ugzuvog89AAbLJJo1UR4AaABAg.Aa6bJ7d56eFAaAAaKtJ7dV,@user and that's your response.,china,con,1,0.855845,0.945797,0.9457974254562044,Fake news. Chinese media talked about Jilong (a Tibet town hit by the flood) mud flood all day. Shame on you,user_0094,0,2026-08-31,Ugzuvog89AAbLJJo1UR4AaABAg,,"ctx4_gemma_en_topic_none (Gemma-2-9B, no context)","ctx4_gemma_en_root (Gemma-2-9B, root)"
Why footage of Tibet floods isn't being shown in China. #BBCNews,Ugzuvog89AAbLJJo1UR4AaABAg.Aa6bJ7d56eFAaAAaKtJ7dV,@user and that's your response.,bbc,con,1,0.851953,0.911186,0.911185777256305,Fake news. Chinese media talked about Jilong (a Tibet town hit by the flood) mud flood all day. Shame on you,user_0094,0,2026-08-31,Ugzuvog89AAbLJJo1UR4AaABAg,,"ctx4_gemma_en_topic_none (Gemma-2-9B, no context)","ctx4_gemma_en_root (Gemma-2-9B, root)"
Why footage of Tibet floods isn't being shown in China. #BBCNews,Ugzuvog89AAbLJJo1UR4AaABAg.Aa6bJ7d56eFAaAKyOhRJlU,"@user do you live in China?i just touch down in Guangzhou already seen that footages and several others including the join efforts between Nepalese Army and PLA , in the market, hotel and airport, in just these few hours. What are you talking about?",china,pro,1,0.992539,0.997409,0.9974089560281124,@user super fake as in it’s not just this particular flood—graphic footage of disasters is generally not shown to the public in China. This has been the case for decades. Not because its in Tibet. There has actually been extensive reporting on this flood; they simply chose not to broadcast disturbing images. BBC completely distorted the facts.,user_0095,1,2026-08-31,Ugzuvog89AAbLJJo1UR4AaABAg,,"ctx4_gemma_en_topic_none (Gemma-2-9B, no context)","ctx4_gemma_en_root (Gemma-2-9B, root)"
Why footage of Tibet floods isn't being shown in China. #BBCNews,Ugzuvog89AAbLJJo1UR4AaABAg.Aa6bJ7d56eFAaAKyOhRJlU,"@user do you live in China?i just touch down in Guangzhou already seen that footages and several others including the join efforts between Nepalese Army and PLA , in the market, hotel and airport, in just these few hours. What are you talking about?",india,pro,1,0.626142,0.651355,0.6513548646660542,@user super fake as in it’s not just this particular flood—graphic footage of disasters is generally not shown to the public in China. This has been the case for decades. Not because its in Tibet. There has actually been extensive reporting on this flood; they simply chose not to broadcast disturbing images. BBC completely distorted the facts.,user_0095,1,2026-08-31,Ugzuvog89AAbLJJo1UR4AaABAg,,"ctx4_gemma_en_topic_none (Gemma-2-9B, no context)","ctx4_gemma_en_root (Gemma-2-9B, root)"
Why footage of Tibet floods isn't being shown in China. #BBCNews,Ugzuvog89AAbLJJo1UR4AaABAg.Aa6bJ7d56eFAaAKyOhRJlU,"@user do you live in China?i just touch down in Guangzhou already seen that footages and several others including the join efforts between Nepalese Army and PLA , in the market, hotel and airport, in just these few hours. What are you talking about?",bbc,con,1,0.882425,0.709014,0.7090139759830986,@user super fake as in it’s not just this particular flood—graphic footage of disasters is generally not shown to the public in China. This has been the case for decades. Not because its in Tibet. There has actually been extensive reporting on this flood; they simply chose not to broadcast disturbing images. BBC completely distorted the facts.,user_0095,1,2026-08-31,Ugzuvog89AAbLJJo1UR4AaABAg,,"ctx4_gemma_en_topic_none (Gemma-2-9B, no context)","ctx4_gemma_en_root (Gemma-2-9B, root)"
Why footage of Tibet floods isn't being shown in China. #BBCNews,Ugzuvog89AAbLJJo1UR4AaABAg.Aa6bJ7d56eFAaAKyOhRJlU,"@user do you live in China?i just touch down in Guangzhou already seen that footages and several others including the join efforts between Nepalese Army and PLA , in the market, hotel and airport, in just these few hours. What are you talking about?",press freedom,pro,1,0.743149,0.679179,0.679178699175393,@user super fake as in it’s not just this particular flood—graphic footage of disasters is generally not shown to the public in China. This has been the case for decades. Not because its in Tibet. There has actually been extensive reporting on this flood; they simply chose not to broadcast disturbing images. BBC completely distorted the facts.,user_0095,1,2026-08-31,Ugzuvog89AAbLJJo1UR4AaABAg,,"ctx4_gemma_en_topic_none (Gemma-2-9B, no context)","ctx4_gemma_en_root (Gemma-2-9B, root)"
Why footage of Tibet floods isn't being shown in China. #BBCNews,Ugzuvog89AAbLJJo1UR4AaABAg.Aa6bJ7d56eFAaAKyOhRJlU,"@user do you live in China?i just touch down in Guangzhou already seen that footages and several others including the join efforts between Nepalese Army and PLA , in the market, hotel and airport, in just these few hours. What are you talking about?",communism / socialism,pro,1,0.933429,0.893309,0.8933094060543487,@user super fake as in it’s not just this particular flood—graphic footage of disasters is generally not shown to the public in China. This has been the case for decades. Not because its in Tibet. There has actually been extensive reporting on this flood; they simply chose not to broadcast disturbing images. BBC completely distorted the facts.,user_0095,1,2026-08-31,Ugzuvog89AAbLJJo1UR4AaABAg,,"ctx4_gemma_en_topic_none (Gemma-2-9B, no context)","ctx4_gemma_en_root (Gemma-2-9B, root)"
Why footage of Tibet floods isn't being shown in China. #BBCNews,Ugzuvog89AAbLJJo1UR4AaABAg.Aa6bJ7d56eFAaAKyOhRJlU,"@user do you live in China?i just touch down in Guangzhou already seen that footages and several others including the join efforts between Nepalese Army and PLA , in the market, hotel and airport, in just these few hours. What are you talking about?",government / the state,pro,1,0.923034,0.891804,0.8918038089174312,@user super fake as in it’s not just this particular flood—graphic footage of disasters is generally not shown to the public in China. This has been the case for decades. Not because its in Tibet. There has actually been extensive reporting on this flood; they simply chose not to broadcast disturbing images. BBC completely distorted the facts.,user_0095,1,2026-08-31,Ugzuvog89AAbLJJo1UR4AaABAg,,"ctx4_gemma_en_topic_none (Gemma-2-9B, no context)","ctx4_gemma_en_root (Gemma-2-9B, root)"
Why footage of Tibet floods isn't being shown in China. #BBCNews,Ugzuvog89AAbLJJo1UR4AaABAg.Aa6bJ7d56eFAaAZU5AHNWH,Whos scientists advised gov not to construct in area as wasnt safe and were ignored?,china,con,1,0.979037,0.971128,0.9711283921110144,Fake news. Chinese media talked about Jilong (a Tibet town hit by the flood) mud flood all day. Shame on you,user_0096,0,2026-08-31,Ugzuvog89AAbLJJo1UR4AaABAg,,"ctx4_gemma_en_topic_none (Gemma-2-9B, no context)","ctx4_gemma_en_root (Gemma-2-9B, root)"
Why footage of Tibet floods isn't being shown in China. #BBCNews,Ugzuvog89AAbLJJo1UR4AaABAg.Aa6bJ7d56eFAaAZU5AHNWH,Whos scientists advised gov not to construct in area as wasnt safe and were ignored?,bbc,con,1,0.7773,0.940788,0.940788356633444,Fake news. Chinese media talked about Jilong (a Tibet town hit by the flood) mud flood all day. Shame on you,user_0096,0,2026-08-31,Ugzuvog89AAbLJJo1UR4AaABAg,,"ctx4_gemma_en_topic_none (Gemma-2-9B, no context)","ctx4_gemma_en_root (Gemma-2-9B, root)"
Why footage of Tibet floods isn't being shown in China. #BBCNews,Ugzuvog89AAbLJJo1UR4AaABAg.Aa6bJ7d56eFAaAZU5AHNWH,Whos scientists advised gov not to construct in area as wasnt safe and were ignored?,infrastructure investment,con,1,0.960361,0.731059,0.7310585786300049,Fake news. Chinese media talked about Jilong (a Tibet town hit by the flood) mud flood all day. Shame on you,user_0096,0,2026-08-31,Ugzuvog89AAbLJJo1UR4AaABAg,,"ctx4_gemma_en_topic_none (Gemma-2-9B, no context)","ctx4_gemma_en_root (Gemma-2-9B, root)"
Why footage of Tibet floods isn't being shown in China. #BBCNews,Ugzuvog89AAbLJJo1UR4AaABAg.Aa6bJ7d56eFAaAZU5AHNWH,Whos scientists advised gov not to construct in area as wasnt safe and were ignored?,government / the state,con,1,0.99371,0.991937,0.9919372087328048,Fake news. Chinese media talked about Jilong (a Tibet town hit by the flood) mud flood all day. Shame on you,user_0096,0,2026-08-31,Ugzuvog89AAbLJJo1UR4AaABAg,,"ctx4_gemma_en_topic_none (Gemma-2-9B, no context)","ctx4_gemma_en_root (Gemma-2-9B, root)"
Why footage of Tibet floods isn't being shown in China. #BBCNews,Ugzuvog89AAbLJJo1UR4AaABAg.Aa6bJ7d56eFAaAbTGU8cD-,"Shame on you. As a Chinese, I can say that the government censors bad news. We have to break the law to use VPNs to read news on international media platforms and even on Youtube. China doesn’t share timely data even with Chinese citizens so there have been many unreported deaths from China floods each year. How much less with our neighbors?
1. No Real-Time 24/7 Link: China lacked a year-round, automated, real-time hydrological data-sharing and emergency-notification mechanism with Nepal. Instead of instant telemetry, data was shared manually or after delays.
2. Bureaucratic Gaps: During bilateral meetings in May 2026, Nepali hydrologists explicitly requested a 10-minute automated data-sharing loop (similar to Nepal's agreement with India). However, Chinese delegation officials stated they lacked the mandate to sign such a comprehensive trans-boundary agreement. 
3. When the August 26 glacial collapse occurred, these gaps resulted in a critical delay: formal notification from the Chinese side arrived nearly five hours after the initial surge, by which time downstream automated gauges had already been destroyed and hundreds of lives were lost.",china,con,1,0.995601,0.997748,0.997748040378878,Fake news. Chinese media talked about Jilong (a Tibet town hit by the flood) mud flood all day. Shame on you,user_0097,7,2026-08-31,Ugzuvog89AAbLJJo1UR4AaABAg,,"ctx4_gemma_en_topic_none (Gemma-2-9B, no context)","ctx4_gemma_en_root (Gemma-2-9B, root)"
Why footage of Tibet floods isn't being shown in China. #BBCNews,Ugzuvog89AAbLJJo1UR4AaABAg.Aa6bJ7d56eFAaAbTGU8cD-,"Shame on you. As a Chinese, I can say that the government censors bad news. We have to break the law to use VPNs to read news on international media platforms and even on Youtube. China doesn’t share timely data even with Chinese citizens so there have been many unreported deaths from China floods each year. How much less with our neighbors?
1. No Real-Time 24/7 Link: China lacked a year-round, automated, real-time hydrological data-sharing and emergency-notification mechanism with Nepal. Instead of instant telemetry, data was shared manually or after delays.
2. Bureaucratic Gaps: During bilateral meetings in May 2026, Nepali hydrologists explicitly requested a 10-minute automated data-sharing loop (similar to Nepal's agreement with India). However, Chinese delegation officials stated they lacked the mandate to sign such a comprehensive trans-boundary agreement. 
3. When the August 26 glacial collapse occurred, these gaps resulted in a critical delay: formal notification from the Chinese side arrived nearly five hours after the initial surge, by which time downstream automated gauges had already been destroyed and hundreds of lives were lost.",india,pro,1,0.99478,0.935342,0.9353419759895744,Fake news. Chinese media talked about Jilong (a Tibet town hit by the flood) mud flood all day. Shame on you,user_0097,7,2026-08-31,Ugzuvog89AAbLJJo1UR4AaABAg,,"ctx4_gemma_en_topic_none (Gemma-2-9B, no context)","ctx4_gemma_en_root (Gemma-2-9B, root)"
Why footage of Tibet floods isn't being shown in China. #BBCNews,Ugzuvog89AAbLJJo1UR4AaABAg.Aa6bJ7d56eFAaAbTGU8cD-,"Shame on you. As a Chinese, I can say that the government censors bad news. We have to break the law to use VPNs to read news on international media platforms and even on Youtube. China doesn’t share timely data even with Chinese citizens so there have been many unreported deaths from China floods each year. How much less with our neighbors?
1. No Real-Time 24/7 Link: China lacked a year-round, automated, real-time hydrological data-sharing and emergency-notification mechanism with Nepal. Instead of instant telemetry, data was shared manually or after delays.
2. Bureaucratic Gaps: During bilateral meetings in May 2026, Nepali hydrologists explicitly requested a 10-minute automated data-sharing loop (similar to Nepal's agreement with India). However, Chinese delegation officials stated they lacked the mandate to sign such a comprehensive trans-boundary agreement. 
3. When the August 26 glacial collapse occurred, these gaps resulted in a critical delay: formal notification from the Chinese side arrived nearly five hours after the initial surge, by which time downstream automated gauges had already been destroyed and hundreds of lives were lost.",bbc,pro,1,0.996176,0.879149,0.8791494236775695,Fake news. Chinese media talked about Jilong (a Tibet town hit by the flood) mud flood all day. Shame on you,user_0097,7,2026-08-31,Ugzuvog89AAbLJJo1UR4AaABAg,,"ctx4_gemma_en_topic_none (Gemma-2-9B, no context)","ctx4_gemma_en_root (Gemma-2-9B, root)"
Why footage of Tibet floods isn't being shown in China. #BBCNews,Ugzuvog89AAbLJJo1UR4AaABAg.Aa6bJ7d56eFAaAbTGU8cD-,"Shame on you. As a Chinese, I can say that the government censors bad news. We have to break the law to use VPNs to read news on international media platforms and even on Youtube. China doesn’t share timely data even with Chinese citizens so there have been many unreported deaths from China floods each year. How much less with our neighbors?
1. No Real-Time 24/7 Link: China lacked a year-round, automated, real-time hydrological data-sharing and emergency-notification mechanism with Nepal. Instead of instant telemetry, data was shared manually or after delays.
2. Bureaucratic Gaps: During bilateral meetings in May 2026, Nepali hydrologists explicitly requested a 10-minute automated data-sharing loop (similar to Nepal's agreement with India). However, Chinese delegation officials stated they lacked the mandate to sign such a comprehensive trans-boundary agreement. 
3. When the August 26 glacial collapse occurred, these gaps resulted in a critical delay: formal notification from the Chinese side arrived nearly five hours after the initial surge, by which time downstream automated gauges had already been destroyed and hundreds of lives were lost.",press freedom,pro,1,0.999665,0.812875,0.8128749234206666,Fake news. Chinese media talked about Jilong (a Tibet town hit by the flood) mud flood all day. Shame on you,user_0097,7,2026-08-31,Ugzuvog89AAbLJJo1UR4AaABAg,,"ctx4_gemma_en_topic_none (Gemma-2-9B, no context)","ctx4_gemma_en_root (Gemma-2-9B, root)"
Why footage of Tibet floods isn't being shown in China. #BBCNews,Ugzuvog89AAbLJJo1UR4AaABAg.Aa6bJ7d56eFAaAbTGU8cD-,"Shame on you. As a Chinese, I can say that the government censors bad news. We have to break the law to use VPNs to read news on international media platforms and even on Youtube. China doesn’t share timely data even with Chinese citizens so there have been many unreported deaths from China floods each year. How much less with our neighbors?
1. No Real-Time 24/7 Link: China lacked a year-round, automated, real-time hydrological data-sharing and emergency-notification mechanism with Nepal. Instead of instant telemetry, data was shared manually or after delays.
2. Bureaucratic Gaps: During bilateral meetings in May 2026, Nepali hydrologists explicitly requested a 10-minute automated data-sharing loop (similar to Nepal's agreement with India). However, Chinese delegation officials stated they lacked the mandate to sign such a comprehensive trans-boundary agreement. 
3. When the August 26 glacial collapse occurred, these gaps resulted in a critical delay: formal notification from the Chinese side arrived nearly five hours after the initial surge, by which time downstream automated gauges had already been destroyed and hundreds of lives were lost.",communism / socialism,con,1,0.989511,0.51562,0.5156199157230156,Fake news. Chinese media talked about Jilong (a Tibet town hit by the flood) mud flood all day. Shame on you,user_0097,7,2026-08-31,Ugzuvog89AAbLJJo1UR4AaABAg,,"ctx4_gemma_en_topic_none (Gemma-2-9B, no context)","ctx4_gemma_en_root (Gemma-2-9B, root)"
Why footage of Tibet floods isn't being shown in China. #BBCNews,Ugzuvog89AAbLJJo1UR4AaABAg.Aa6bJ7d56eFAaAbTGU8cD-,"Shame on you. As a Chinese, I can say that the government censors bad news. We have to break the law to use VPNs to read news on international media platforms and even on Youtube. China doesn’t share timely data even with Chinese citizens so there have been many unreported deaths from China floods each year. How much less with our neighbors?
1. No Real-Time 24/7 Link: China lacked a year-round, automated, real-time hydrological data-sharing and emergency-notification mechanism with Nepal. Instead of instant telemetry, data was shared manually or after delays.
2. Bureaucratic Gaps: During bilateral meetings in May 2026, Nepali hydrologists explicitly requested a 10-minute automated data-sharing loop (similar to Nepal's agreement with India). However, Chinese delegation officials stated they lacked the mandate to sign such a comprehensive trans-boundary agreement. 
3. When the August 26 glacial collapse occurred, these gaps resulted in a critical delay: formal notification from the Chinese side arrived nearly five hours after the initial surge, by which time downstream automated gauges had already been destroyed and hundreds of lives were lost.",government / the state,con,1,0.998012,0.989672,0.9896718474806948,Fake news. Chinese media talked about Jilong (a Tibet town hit by the flood) mud flood all day. Shame on you,user_0097,7,2026-08-31,Ugzuvog89AAbLJJo1UR4AaABAg,,"ctx4_gemma_en_topic_none (Gemma-2-9B, no context)","ctx4_gemma_en_root (Gemma-2-9B, root)"
Why footage of Tibet floods isn't being shown in China. #BBCNews,Ugzuvog89AAbLJJo1UR4AaABAg.Aa6bJ7d56eFAaAdiKOUxOW,@user not the bbc as chna does the admin through the night.,china,con,1,0.985718,0.996406,0.9964063974185798,Fake news. Chinese media talked about Jilong (a Tibet town hit by the flood) mud flood all day. Shame on you,user_0096,0,2026-08-31,Ugzuvog89AAbLJJo1UR4AaABAg,,"ctx4_gemma_en_topic_none (Gemma-2-9B, no context)","ctx4_gemma_en_root (Gemma-2-9B, root)"
Why footage of Tibet floods isn't being shown in China. #BBCNews,Ugzuvog89AAbLJJo1UR4AaABAg.Aa6bJ7d56eFAaAdiKOUxOW,@user not the bbc as chna does the admin through the night.,bbc,pro,1,0.942503,0.995993,0.9959926112720868,Fake news. Chinese media talked about Jilong (a Tibet town hit by the flood) mud flood all day. Shame on you,user_0096,0,2026-08-31,Ugzuvog89AAbLJJo1UR4AaABAg,,"ctx4_gemma_en_topic_none (Gemma-2-9B, no context)","ctx4_gemma_en_root (Gemma-2-9B, root)"
Why footage of Tibet floods isn't being shown in China. #BBCNews,Ugzuvog89AAbLJJo1UR4AaABAg.Aa6bJ7d56eFAaAdiKOUxOW,@user not the bbc as chna does the admin through the night.,press freedom,pro,1,0.986979,0.97667,0.976669800845832,Fake news. Chinese media talked about Jilong (a Tibet town hit by the flood) mud flood all day. Shame on you,user_0096,0,2026-08-31,Ugzuvog89AAbLJJo1UR4AaABAg,,"ctx4_gemma_en_topic_none (Gemma-2-9B, no context)","ctx4_gemma_en_root (Gemma-2-9B, root)"
Why footage of Tibet floods isn't being shown in China. #BBCNews,Ugzuvog89AAbLJJo1UR4AaABAg.Aa6bJ7d56eFAaAdiKOUxOW,@user not the bbc as chna does the admin through the night.,communism / socialism,con,1,0.982014,0.6151,0.6150996931872214,Fake news. Chinese media talked about Jilong (a Tibet town hit by the flood) mud flood all day. Shame on you,user_0096,0,2026-08-31,Ugzuvog89AAbLJJo1UR4AaABAg,,"ctx4_gemma_en_topic_none (Gemma-2-9B, no context)","ctx4_gemma_en_root (Gemma-2-9B, root)"
Why footage of Tibet floods isn't being shown in China. #BBCNews,Ugzuvog89AAbLJJo1UR4AaABAg.Aa6bJ7d56eFAaAdiKOUxOW,@user not the bbc as chna does the admin through the night.,government / the state,con,1,0.985936,0.890289,0.890289342505875,Fake news. Chinese media talked about Jilong (a Tibet town hit by the flood) mud flood all day. Shame on you,user_0096,0,2026-08-31,Ugzuvog89AAbLJJo1UR4AaABAg,,"ctx4_gemma_en_topic_none (Gemma-2-9B, no context)","ctx4_gemma_en_root (Gemma-2-9B, root)"
Why footage of Tibet floods isn't being shown in China. #BBCNews,Ugzuvog89AAbLJJo1UR4AaABAg.Aa6bJ7d56eFAaApIUNncg_,@user It's okay as long as you don't forget the fact that US spend $1.6 billion budget on spreading anti-China propaganda.,united states,con,1,0.998499,0.981454,0.9814543455954466,"@user Like China is any better. I don't trust either honestly, China loves it's fair share of propaganda just like the West",user_0090,2,2026-08-31,Ugzuvog89AAbLJJo1UR4AaABAg,,"ctx4_gemma_en_topic_none (Gemma-2-9B, no context)","ctx4_gemma_en_root (Gemma-2-9B, root)"
Why footage of Tibet floods isn't being shown in China. #BBCNews,Ugzuvog89AAbLJJo1UR4AaABAg.Aa6bJ7d56eFAaApIUNncg_,@user It's okay as long as you don't forget the fact that US spend $1.6 billion budget on spreading anti-China propaganda.,china,pro,1,0.998402,0.998043,0.9980430318888728,"@user Like China is any better. I don't trust either honestly, China loves it's fair share of propaganda just like the West",user_0090,2,2026-08-31,Ugzuvog89AAbLJJo1UR4AaABAg,,"ctx4_gemma_en_topic_none (Gemma-2-9B, no context)","ctx4_gemma_en_root (Gemma-2-9B, root)"
Why footage of Tibet floods isn't being shown in China. #BBCNews,Ugzuvog89AAbLJJo1UR4AaABAg.Aa6bJ7d56eFAaApIUNncg_,@user It's okay as long as you don't forget the fact that US spend $1.6 billion budget on spreading anti-China propaganda.,bbc,con,1,0.998073,0.87235,0.872350158588109,"@user Like China is any better. I don't trust either honestly, China loves it's fair share of propaganda just like the West",user_0090,2,2026-08-31,Ugzuvog89AAbLJJo1UR4AaABAg,,"ctx4_gemma_en_topic_none (Gemma-2-9B, no context)","ctx4_gemma_en_root (Gemma-2-9B, root)"
Why footage of Tibet floods isn't being shown in China. #BBCNews,Ugzuvog89AAbLJJo1UR4AaABAg.Aa6bJ7d56eFAaApIUNncg_,@user It's okay as long as you don't forget the fact that US spend $1.6 billion budget on spreading anti-China propaganda.,press freedom,con,1,0.997285,0.934398,0.9343982275164976,"@user Like China is any better. I don't trust either honestly, China loves it's fair share of propaganda just like the West",user_0090,2,2026-08-31,Ugzuvog89AAbLJJo1UR4AaABAg,,"ctx4_gemma_en_topic_none (Gemma-2-9B, no context)","ctx4_gemma_en_root (Gemma-2-9B, root)"
Why footage of Tibet floods isn't being shown in China. #BBCNews,Ugzuvog89AAbLJJo1UR4AaABAg.Aa6bJ7d56eFAaApIUNncg_,@user It's okay as long as you don't forget the fact that US spend $1.6 billion budget on spreading anti-China propaganda.,communism / socialism,pro,1,0.996115,0.558333,0.558333159275428,"@user Like China is any better. I don't trust either honestly, China loves it's fair share of propaganda just like the West",user_0090,2,2026-08-31,Ugzuvog89AAbLJJo1UR4AaABAg,,"ctx4_gemma_en_topic_none (Gemma-2-9B, no context)","ctx4_gemma_en_root (Gemma-2-9B, root)"
Why footage of Tibet floods isn't being shown in China. #BBCNews,Ugzuvog89AAbLJJo1UR4AaABAg.Aa6bJ7d56eFAaApIUNncg_,@user It's okay as long as you don't forget the fact that US spend $1.6 billion budget on spreading anti-China propaganda.,government / the state,con,1,0.981453,0.843895,0.8438951025545426,"@user Like China is any better. I don't trust either honestly, China loves it's fair share of propaganda just like the West",user_0090,2,2026-08-31,Ugzuvog89AAbLJJo1UR4AaABAg,,"ctx4_gemma_en_topic_none (Gemma-2-9B, no context)","ctx4_gemma_en_root (Gemma-2-9B, root)"
Why footage of Tibet floods isn't being shown in China. #BBCNews,Ugzuvog89AAbLJJo1UR4AaABAg.Aa6bJ7d56eFAaAt02azNMj,"@user Don't you dare to. You spit poison! In USA, you will be charged with treason and the punishment will be de4th penalty!",united states,pro,1,0.993997,0.991423,0.991422514586288,"Shame on you. As a Chinese, I can say that the government censors bad news. We have to break the law to use VPNs to read news on international media platforms and even on Youtube. China doesn’t share timely data even with Chinese citizens so there have been many unreported deaths from China floods each year. How much less with our neighbors?
1. No Real-Time 24/7 Link: China lacked a year-round, automated, real-time hydrological data-sharing and emergency-notification mechanism with Nepal. Instead of instant telemetry, data was shared manually or after delays.
2. Bureaucratic Gaps: During bilateral meetings in May 2026, Nepali hydrologists explicitly requested a 10-minute automated data-sharing loop (similar to Nepal's agreement with India). However, Chinese delegation officials stated they lacked the mandate to sign such a comprehensive trans-boundary agreement. 
3. When the August 26 glacial collapse occurred, these gaps resulted in a critical delay: formal notification from the Chinese side arrived nearly five hours after the initial surge, by which time downstream automated gauges had already been destroyed and hundreds of lives were lost.",user_0098,1,2026-08-31,Ugzuvog89AAbLJJo1UR4AaABAg,,"ctx4_gemma_en_topic_none (Gemma-2-9B, no context)","ctx4_gemma_en_root (Gemma-2-9B, root)"
Why footage of Tibet floods isn't being shown in China. #BBCNews,Ugzuvog89AAbLJJo1UR4AaABAg.Aa6bJ7d56eFAaAt02azNMj,"@user Don't you dare to. You spit poison! In USA, you will be charged with treason and the punishment will be de4th penalty!",china,pro,1,0.774588,0.968379,0.9683789362241206,"Shame on you. As a Chinese, I can say that the government censors bad news. We have to break the law to use VPNs to read news on international media platforms and even on Youtube. China doesn’t share timely data even with Chinese citizens so there have been many unreported deaths from China floods each year. How much less with our neighbors?
1. No Real-Time 24/7 Link: China lacked a year-round, automated, real-time hydrological data-sharing and emergency-notification mechanism with Nepal. Instead of instant telemetry, data was shared manually or after delays.
2. Bureaucratic Gaps: During bilateral meetings in May 2026, Nepali hydrologists explicitly requested a 10-minute automated data-sharing loop (similar to Nepal's agreement with India). However, Chinese delegation officials stated they lacked the mandate to sign such a comprehensive trans-boundary agreement. 
3. When the August 26 glacial collapse occurred, these gaps resulted in a critical delay: formal notification from the Chinese side arrived nearly five hours after the initial surge, by which time downstream automated gauges had already been destroyed and hundreds of lives were lost.",user_0098,1,2026-08-31,Ugzuvog89AAbLJJo1UR4AaABAg,,"ctx4_gemma_en_topic_none (Gemma-2-9B, no context)","ctx4_gemma_en_root (Gemma-2-9B, root)"
Why footage of Tibet floods isn't being shown in China. #BBCNews,Ugzuvog89AAbLJJo1UR4AaABAg.Aa6bJ7d56eFAaAt02azNMj,"@user Don't you dare to. You spit poison! In USA, you will be charged with treason and the punishment will be de4th penalty!",bbc,pro,1,0.752017,0.870592,0.870591635420751,"Shame on you. As a Chinese, I can say that the government censors bad news. We have to break the law to use VPNs to read news on international media platforms and even on Youtube. China doesn’t share timely data even with Chinese citizens so there have been many unreported deaths from China floods each year. How much less with our neighbors?
1. No Real-Time 24/7 Link: China lacked a year-round, automated, real-time hydrological data-sharing and emergency-notification mechanism with Nepal. Instead of instant telemetry, data was shared manually or after delays.
2. Bureaucratic Gaps: During bilateral meetings in May 2026, Nepali hydrologists explicitly requested a 10-minute automated data-sharing loop (similar to Nepal's agreement with India). However, Chinese delegation officials stated they lacked the mandate to sign such a comprehensive trans-boundary agreement. 
3. When the August 26 glacial collapse occurred, these gaps resulted in a critical delay: formal notification from the Chinese side arrived nearly five hours after the initial surge, by which time downstream automated gauges had already been destroyed and hundreds of lives were lost.",user_0098,1,2026-08-31,Ugzuvog89AAbLJJo1UR4AaABAg,,"ctx4_gemma_en_topic_none (Gemma-2-9B, no context)","ctx4_gemma_en_root (Gemma-2-9B, root)"
Why footage of Tibet floods isn't being shown in China. #BBCNews,Ugzuvog89AAbLJJo1UR4AaABAg.Aa6bJ7d56eFAaAt02azNMj,"@user Don't you dare to. You spit poison! In USA, you will be charged with treason and the punishment will be de4th penalty!",press freedom,pro,1,0.987375,0.975202,0.975202444377518,"Shame on you. As a Chinese, I can say that the government censors bad news. We have to break the law to use VPNs to read news on international media platforms and even on Youtube. China doesn’t share timely data even with Chinese citizens so there have been many unreported deaths from China floods each year. How much less with our neighbors?
1. No Real-Time 24/7 Link: China lacked a year-round, automated, real-time hydrological data-sharing and emergency-notification mechanism with Nepal. Instead of instant telemetry, data was shared manually or after delays.
2. Bureaucratic Gaps: During bilateral meetings in May 2026, Nepali hydrologists explicitly requested a 10-minute automated data-sharing loop (similar to Nepal's agreement with India). However, Chinese delegation officials stated they lacked the mandate to sign such a comprehensive trans-boundary agreement. 
3. When the August 26 glacial collapse occurred, these gaps resulted in a critical delay: formal notification from the Chinese side arrived nearly five hours after the initial surge, by which time downstream automated gauges had already been destroyed and hundreds of lives were lost.",user_0098,1,2026-08-31,Ugzuvog89AAbLJJo1UR4AaABAg,,"ctx4_gemma_en_topic_none (Gemma-2-9B, no context)","ctx4_gemma_en_root (Gemma-2-9B, root)"
Why footage of Tibet floods isn't being shown in China. #BBCNews,Ugzuvog89AAbLJJo1UR4AaABAg.Aa6bJ7d56eFAaAt02azNMj,"@user Don't you dare to. You spit poison! In USA, you will be charged with treason and the punishment will be de4th penalty!",democracy,pro,1,0.994698,0.924142,0.9241418199787566,"Shame on you. As a Chinese, I can say that the government censors bad news. We have to break the law to use VPNs to read news on international media platforms and even on Youtube. China doesn’t share timely data even with Chinese citizens so there have been many unreported deaths from China floods each year. How much less with our neighbors?
1. No Real-Time 24/7 Link: China lacked a year-round, automated, real-time hydrological data-sharing and emergency-notification mechanism with Nepal. Instead of instant telemetry, data was shared manually or after delays.
2. Bureaucratic Gaps: During bilateral meetings in May 2026, Nepali hydrologists explicitly requested a 10-minute automated data-sharing loop (similar to Nepal's agreement with India). However, Chinese delegation officials stated they lacked the mandate to sign such a comprehensive trans-boundary agreement. 
3. When the August 26 glacial collapse occurred, these gaps resulted in a critical delay: formal notification from the Chinese side arrived nearly five hours after the initial surge, by which time downstream automated gauges had already been destroyed and hundreds of lives were lost.",user_0098,1,2026-08-31,Ugzuvog89AAbLJJo1UR4AaABAg,,"ctx4_gemma_en_topic_none (Gemma-2-9B, no context)","ctx4_gemma_en_root (Gemma-2-9B, root)"
Why footage of Tibet floods isn't being shown in China. #BBCNews,Ugzuvog89AAbLJJo1UR4AaABAg.Aa6bJ7d56eFAaAt02azNMj,"@user Don't you dare to. You spit poison! In USA, you will be charged with treason and the punishment will be de4th penalty!",communism / socialism,con,1,0.955985,0.884044,0.8840444073391146,"Shame on you. As a Chinese, I can say that the government censors bad news. We have to break the law to use VPNs to read news on international media platforms and even on Youtube. China doesn’t share timely data even with Chinese citizens so there have been many unreported deaths from China floods each year. How much less with our neighbors?
1. No Real-Time 24/7 Link: China lacked a year-round, automated, real-time hydrological data-sharing and emergency-notification mechanism with Nepal. Instead of instant telemetry, data was shared manually or after delays.
2. Bureaucratic Gaps: During bilateral meetings in May 2026, Nepali hydrologists explicitly requested a 10-minute automated data-sharing loop (similar to Nepal's agreement with India). However, Chinese delegation officials stated they lacked the mandate to sign such a comprehensive trans-boundary agreement. 
3. When the August 26 glacial collapse occurred, these gaps resulted in a critical delay: formal notification from the Chinese side arrived nearly five hours after the initial surge, by which time downstream automated gauges had already been destroyed and hundreds of lives were lost.",user_0098,1,2026-08-31,Ugzuvog89AAbLJJo1UR4AaABAg,,"ctx4_gemma_en_topic_none (Gemma-2-9B, no context)","ctx4_gemma_en_root (Gemma-2-9B, root)"
Why footage of Tibet floods isn't being shown in China. #BBCNews,Ugzuvog89AAbLJJo1UR4AaABAg.Aa6bJ7d56eFAaAt02azNMj,"@user Don't you dare to. You spit poison! In USA, you will be charged with treason and the punishment will be de4th penalty!",government / the state,pro,1,0.953968,0.914901,0.9149009549929796,"Shame on you. As a Chinese, I can say that the government censors bad news. We have to break the law to use VPNs to read news on international media platforms and even on Youtube. China doesn’t share timely data even with Chinese citizens so there have been many unreported deaths from China floods each year. How much less with our neighbors?
1. No Real-Time 24/7 Link: China lacked a year-round, automated, real-time hydrological data-sharing and emergency-notification mechanism with Nepal. Instead of instant telemetry, data was shared manually or after delays.
2. Bureaucratic Gaps: During bilateral meetings in May 2026, Nepali hydrologists explicitly requested a 10-minute automated data-sharing loop (similar to Nepal's agreement with India). However, Chinese delegation officials stated they lacked the mandate to sign such a comprehensive trans-boundary agreement. 
3. When the August 26 glacial collapse occurred, these gaps resulted in a critical delay: formal notification from the Chinese side arrived nearly five hours after the initial surge, by which time downstream automated gauges had already been destroyed and hundreds of lives were lost.",user_0098,1,2026-08-31,Ugzuvog89AAbLJJo1UR4AaABAg,,"ctx4_gemma_en_topic_none (Gemma-2-9B, no context)","ctx4_gemma_en_root (Gemma-2-9B, root)"
Why footage of Tibet floods isn't being shown in China. #BBCNews,Ugzuvog89AAbLJJo1UR4AaABAg.Aa6bJ7d56eFAaB0BSIbA1I,How are the Uyghur Muslims getting on in your wonderful country?,united states,con,1,0.996517,0.882425,0.8824252727065192,Fake news. Chinese media talked about Jilong (a Tibet town hit by the flood) mud flood all day. Shame on you,user_0099,0,2026-08-31,Ugzuvog89AAbLJJo1UR4AaABAg,,"ctx4_gemma_en_topic_none (Gemma-2-9B, no context)","ctx4_gemma_en_root (Gemma-2-9B, root)"
Why footage of Tibet floods isn't being shown in China. #BBCNews,Ugzuvog89AAbLJJo1UR4AaABAg.Aa6bJ7d56eFAaB0BSIbA1I,How are the Uyghur Muslims getting on in your wonderful country?,china,con,1,0.99764,0.984336,0.9843359658261938,Fake news. Chinese media talked about Jilong (a Tibet town hit by the flood) mud flood all day. Shame on you,user_0099,0,2026-08-31,Ugzuvog89AAbLJJo1UR4AaABAg,,"ctx4_gemma_en_topic_none (Gemma-2-9B, no context)","ctx4_gemma_en_root (Gemma-2-9B, root)"
Why footage of Tibet floods isn't being shown in China. #BBCNews,Ugzuvog89AAbLJJo1UR4AaABAg.Aa6bJ7d56eFAaB0BSIbA1I,How are the Uyghur Muslims getting on in your wonderful country?,islam,pro,1,0.90862,0.67577,0.6757700786651037,Fake news. Chinese media talked about Jilong (a Tibet town hit by the flood) mud flood all day. Shame on you,user_0099,0,2026-08-31,Ugzuvog89AAbLJJo1UR4AaABAg,,"ctx4_gemma_en_topic_none (Gemma-2-9B, no context)","ctx4_gemma_en_root (Gemma-2-9B, root)"
Why footage of Tibet floods isn't being shown in China. #BBCNews,Ugzuvog89AAbLJJo1UR4AaABAg.Aa6bJ7d56eFAaB0BSIbA1I,How are the Uyghur Muslims getting on in your wonderful country?,bbc,con,1,0.991014,0.679179,0.679178699175393,Fake news. Chinese media talked about Jilong (a Tibet town hit by the flood) mud flood all day. Shame on you,user_0099,0,2026-08-31,Ugzuvog89AAbLJJo1UR4AaABAg,,"ctx4_gemma_en_topic_none (Gemma-2-9B, no context)","ctx4_gemma_en_root (Gemma-2-9B, root)"
Why footage of Tibet floods isn't being shown in China. #BBCNews,Ugzuvog89AAbLJJo1UR4AaABAg.Aa6bJ7d56eFAaB0BSIbA1I,How are the Uyghur Muslims getting on in your wonderful country?,uyghurs / xinjiang,pro,1,0.977023,0.995993,0.9959926112720868,Fake news. Chinese media talked about Jilong (a Tibet town hit by the flood) mud flood all day. Shame on you,user_0099,0,2026-08-31,Ugzuvog89AAbLJJo1UR4AaABAg,,"ctx4_gemma_en_topic_none (Gemma-2-9B, no context)","ctx4_gemma_en_root (Gemma-2-9B, root)"
Why footage of Tibet floods isn't being shown in China. #BBCNews,Ugzuvog89AAbLJJo1UR4AaABAg.Aa6bJ7d56eFAaB0BSIbA1I,How are the Uyghur Muslims getting on in your wonderful country?,communism / socialism,con,1,0.996115,0.661928,0.661928470351904,Fake news. Chinese media talked about Jilong (a Tibet town hit by the flood) mud flood all day. Shame on you,user_0099,0,2026-08-31,Ugzuvog89AAbLJJo1UR4AaABAg,,"ctx4_gemma_en_topic_none (Gemma-2-9B, no context)","ctx4_gemma_en_root (Gemma-2-9B, root)"
Why footage of Tibet floods isn't being shown in China. #BBCNews,Ugzuvog89AAbLJJo1UR4AaABAg.Aa6bJ7d56eFAaB0BSIbA1I,How are the Uyghur Muslims getting on in your wonderful country?,government / the state,con,1,0.996827,0.857759,0.8577589545958497,Fake news. Chinese media talked about Jilong (a Tibet town hit by the flood) mud flood all day. Shame on you,user_0099,0,2026-08-31,Ugzuvog89AAbLJJo1UR4AaABAg,,"ctx4_gemma_en_topic_none (Gemma-2-9B, no context)","ctx4_gemma_en_root (Gemma-2-9B, root)"
Why footage of Tibet floods isn't being shown in China. #BBCNews,Ugzuvog89AAbLJJo1UR4AaABAg.Aa6bJ7d56eFAaB2yn_zM2k,@user Assange was giving up state secrets. He would have been shot if he had done it in China. So an Australian giving up American secrets.,united states,pro,1,0.988493,0.979976,0.9799760681420812,Fake news. Chinese media talked about Jilong (a Tibet town hit by the flood) mud flood all day. Shame on you,user_0094,1,2026-08-31,Ugzuvog89AAbLJJo1UR4AaABAg,,"ctx4_gemma_en_topic_none (Gemma-2-9B, no context)","ctx4_gemma_en_root (Gemma-2-9B, root)"
Why footage of Tibet floods isn't being shown in China. #BBCNews,Ugzuvog89AAbLJJo1UR4AaABAg.Aa6bJ7d56eFAaB2yn_zM2k,@user Assange was giving up state secrets. He would have been shot if he had done it in China. So an Australian giving up American secrets.,china,pro,1,0.995866,0.973242,0.973242018944943,Fake news. Chinese media talked about Jilong (a Tibet town hit by the flood) mud flood all day. Shame on you,user_0094,1,2026-08-31,Ugzuvog89AAbLJJo1UR4AaABAg,,"ctx4_gemma_en_topic_none (Gemma-2-9B, no context)","ctx4_gemma_en_root (Gemma-2-9B, root)"
Why footage of Tibet floods isn't being shown in China. #BBCNews,Ugzuvog89AAbLJJo1UR4AaABAg.Aa6bJ7d56eFAaB2yn_zM2k,@user Assange was giving up state secrets. He would have been shot if he had done it in China. So an Australian giving up American secrets.,bbc,pro,1,0.542869,0.865215,0.8652153364847629,Fake news. Chinese media talked about Jilong (a Tibet town hit by the flood) mud flood all day. Shame on you,user_0094,1,2026-08-31,Ugzuvog89AAbLJJo1UR4AaABAg,,"ctx4_gemma_en_topic_none (Gemma-2-9B, no context)","ctx4_gemma_en_root (Gemma-2-9B, root)"
Why footage of Tibet floods isn't being shown in China. #BBCNews,Ugzuvog89AAbLJJo1UR4AaABAg.Aa6bJ7d56eFAaB2yn_zM2k,@user Assange was giving up state secrets. He would have been shot if he had done it in China. So an Australian giving up American secrets.,press freedom,con,1,0.94738,0.988131,0.9881311721562076,Fake news. Chinese media talked about Jilong (a Tibet town hit by the flood) mud flood all day. Shame on you,user_0094,1,2026-08-31,Ugzuvog89AAbLJJo1UR4AaABAg,,"ctx4_gemma_en_topic_none (Gemma-2-9B, no context)","ctx4_gemma_en_root (Gemma-2-9B, root)"
Why footage of Tibet floods isn't being shown in China. #BBCNews,Ugzuvog89AAbLJJo1UR4AaABAg.Aa6bJ7d56eFAaB2yn_zM2k,@user Assange was giving up state secrets. He would have been shot if he had done it in China. So an Australian giving up American secrets.,democracy,pro,1,0.795646,0.596427,0.5964271287339108,Fake news. Chinese media talked about Jilong (a Tibet town hit by the flood) mud flood all day. Shame on you,user_0094,1,2026-08-31,Ugzuvog89AAbLJJo1UR4AaABAg,,"ctx4_gemma_en_topic_none (Gemma-2-9B, no context)","ctx4_gemma_en_root (Gemma-2-9B, root)"
Why footage of Tibet floods isn't being shown in China. #BBCNews,Ugzuvog89AAbLJJo1UR4AaABAg.Aa6bJ7d56eFAaB2yn_zM2k,@user Assange was giving up state secrets. He would have been shot if he had done it in China. So an Australian giving up American secrets.,government / the state,pro,1,0.995318,0.963782,0.9637816895027226,Fake news. Chinese media talked about Jilong (a Tibet town hit by the flood) mud flood all day. Shame on you,user_0094,1,2026-08-31,Ugzuvog89AAbLJJo1UR4AaABAg,,"ctx4_gemma_en_topic_none (Gemma-2-9B, no context)","ctx4_gemma_en_root (Gemma-2-9B, root)"
Why footage of Tibet floods isn't being shown in China. #BBCNews,Ugzuvog89AAbLJJo1UR4AaABAg.Aa6bJ7d56eFAaB3a2JczX4,@user no,china,con,1,0.857759,0.991152,0.9911522064523326,Fake news. Chinese media talked about Jilong (a Tibet town hit by the flood) mud flood all day. Shame on you,user_0094,0,2026-08-31,Ugzuvog89AAbLJJo1UR4AaABAg,,"ctx4_gemma_en_topic_none (Gemma-2-9B, no context)","ctx4_gemma_en_root (Gemma-2-9B, root)"
Why footage of Tibet floods isn't being shown in China. #BBCNews,Ugzuvog89AAbLJJo1UR4AaABAg.Aa6bJ7d56eFAaB3a2JczX4,@user no,bbc,con,1,0.558333,0.962108,0.9621084847746292,Fake news. Chinese media talked about Jilong (a Tibet town hit by the flood) mud flood all day. Shame on you,user_0094,0,2026-08-31,Ugzuvog89AAbLJJo1UR4AaABAg,,"ctx4_gemma_en_topic_none (Gemma-2-9B, no context)","ctx4_gemma_en_root (Gemma-2-9B, root)"
Why footage of Tibet floods isn't being shown in China. #BBCNews,Ugzuvog89AAbLJJo1UR4AaABAg.Aa6bJ7d56eFAaB3a2JczX4,@user no,press freedom,pro,1,0.822196,0.787931,0.7879311956428947,Fake news. Chinese media talked about Jilong (a Tibet town hit by the flood) mud flood all day. Shame on you,user_0094,0,2026-08-31,Ugzuvog89AAbLJJo1UR4AaABAg,,"ctx4_gemma_en_topic_none (Gemma-2-9B, no context)","ctx4_gemma_en_root (Gemma-2-9B, root)"
Why footage of Tibet floods isn't being shown in China. #BBCNews,Ugzuvog89AAbLJJo1UR4AaABAg.Aa6bJ7d56eFAaB3a2JczX4,@user no,communism / socialism,con,1,0.81989,0.737148,0.7371484747135117,Fake news. Chinese media talked about Jilong (a Tibet town hit by the flood) mud flood all day. Shame on you,user_0094,0,2026-08-31,Ugzuvog89AAbLJJo1UR4AaABAg,,"ctx4_gemma_en_topic_none (Gemma-2-9B, no context)","ctx4_gemma_en_root (Gemma-2-9B, root)"
Why footage of Tibet floods isn't being shown in China. #BBCNews,Ugzuvog89AAbLJJo1UR4AaABAg.Aa6bJ7d56eFAaBKXyP89dD,@user Shame on you! 如果你真是中国人，你就知道事情究竟如何！实际上你和BBC沆瀣一气，臭味相投！你是等不及看中国死很多人吗？数据需要准确，没确定身份时你就一定要说人已经死了？有点脑子吧，中国有不好的地方你可以批评，但你如果只是为反而反，你这种人恰恰是被西方人最瞧不起的那种！你连自己的祖国都不能公正对待，别人凭什么公正对待你？,united states,con,1,0.994358,0.957912,0.9579122720843812,Fake news. Chinese media talked about Jilong (a Tibet town hit by the flood) mud flood all day. Shame on you,user_0100,0,2026-08-31,Ugzuvog89AAbLJJo1UR4AaABAg,,"ctx4_gemma_en_topic_none (Gemma-2-9B, no context)","ctx4_gemma_en_root (Gemma-2-9B, root)"
Why footage of Tibet floods isn't being shown in China. #BBCNews,Ugzuvog89AAbLJJo1UR4AaABAg.Aa6bJ7d56eFAaBKXyP89dD,@user Shame on you! 如果你真是中国人，你就知道事情究竟如何！实际上你和BBC沆瀣一气，臭味相投！你是等不及看中国死很多人吗？数据需要准确，没确定身份时你就一定要说人已经死了？有点脑子吧，中国有不好的地方你可以批评，但你如果只是为反而反，你这种人恰恰是被西方人最瞧不起的那种！你连自己的祖国都不能公正对待，别人凭什么公正对待你？,united kingdom,con,1,0.995461,0.661928,0.661928470351904,Fake news. Chinese media talked about Jilong (a Tibet town hit by the flood) mud flood all day. Shame on you,user_0100,0,2026-08-31,Ugzuvog89AAbLJJo1UR4AaABAg,,"ctx4_gemma_en_topic_none (Gemma-2-9B, no context)","ctx4_gemma_en_root (Gemma-2-9B, root)"
Why footage of Tibet floods isn't being shown in China. #BBCNews,Ugzuvog89AAbLJJo1UR4AaABAg.Aa6bJ7d56eFAaBKXyP89dD,@user Shame on you! 如果你真是中国人，你就知道事情究竟如何！实际上你和BBC沆瀣一气，臭味相投！你是等不及看中国死很多人吗？数据需要准确，没确定身份时你就一定要说人已经死了？有点脑子吧，中国有不好的地方你可以批评，但你如果只是为反而反，你这种人恰恰是被西方人最瞧不起的那种！你连自己的祖国都不能公正对待，别人凭什么公正对待你？,china,pro,1,0.998984,0.997917,0.9979170811821078,Fake news. Chinese media talked about Jilong (a Tibet town hit by the flood) mud flood all day. Shame on you,user_0100,0,2026-08-31,Ugzuvog89AAbLJJo1UR4AaABAg,,"ctx4_gemma_en_topic_none (Gemma-2-9B, no context)","ctx4_gemma_en_root (Gemma-2-9B, root)"
Why footage of Tibet floods isn't being shown in China. #BBCNews,Ugzuvog89AAbLJJo1UR4AaABAg.Aa6bJ7d56eFAaBKXyP89dD,@user Shame on you! 如果你真是中国人，你就知道事情究竟如何！实际上你和BBC沆瀣一气，臭味相投！你是等不及看中国死很多人吗？数据需要准确，没确定身份时你就一定要说人已经死了？有点脑子吧，中国有不好的地方你可以批评，但你如果只是为反而反，你这种人恰恰是被西方人最瞧不起的那种！你连自己的祖国都不能公正对待，别人凭什么公正对待你？,india,con,1,0.977713,0.9263,0.9263003169647196,Fake news. Chinese media talked about Jilong (a Tibet town hit by the flood) mud flood all day. Shame on you,user_0100,0,2026-08-31,Ugzuvog89AAbLJJo1UR4AaABAg,,"ctx4_gemma_en_topic_none (Gemma-2-9B, no context)","ctx4_gemma_en_root (Gemma-2-9B, root)"
Why footage of Tibet floods isn't being shown in China. #BBCNews,Ugzuvog89AAbLJJo1UR4AaABAg.Aa6bJ7d56eFAaBKXyP89dD,@user Shame on you! 如果你真是中国人，你就知道事情究竟如何！实际上你和BBC沆瀣一气，臭味相投！你是等不及看中国死很多人吗？数据需要准确，没确定身份时你就一定要说人已经死了？有点脑子吧，中国有不好的地方你可以批评，但你如果只是为反而反，你这种人恰恰是被西方人最瞧不起的那种！你连自己的祖国都不能公正对待，别人凭什么公正对待你？,bbc,con,1,0.996623,0.996054,0.996054396696496,Fake news. Chinese media talked about Jilong (a Tibet town hit by the flood) mud flood all day. Shame on you,user_0100,0,2026-08-31,Ugzuvog89AAbLJJo1UR4AaABAg,,"ctx4_gemma_en_topic_none (Gemma-2-9B, no context)","ctx4_gemma_en_root (Gemma-2-9B, root)"
Why footage of Tibet floods isn't being shown in China. #BBCNews,Ugzuvog89AAbLJJo1UR4AaABAg.Aa6bJ7d56eFAaBKXyP89dD,@user Shame on you! 如果你真是中国人，你就知道事情究竟如何！实际上你和BBC沆瀣一气，臭味相投！你是等不及看中国死很多人吗？数据需要准确，没确定身份时你就一定要说人已经死了？有点脑子吧，中国有不好的地方你可以批评，但你如果只是为反而反，你这种人恰恰是被西方人最瞧不起的那种！你连自己的祖国都不能公正对待，别人凭什么公正对待你？,press freedom,con,1,0.993512,0.987568,0.987568349146814,Fake news. Chinese media talked about Jilong (a Tibet town hit by the flood) mud flood all day. Shame on you,user_0100,0,2026-08-31,Ugzuvog89AAbLJJo1UR4AaABAg,,"ctx4_gemma_en_topic_none (Gemma-2-9B, no context)","ctx4_gemma_en_root (Gemma-2-9B, root)"
Why footage of Tibet floods isn't being shown in China. #BBCNews,Ugzuvog89AAbLJJo1UR4AaABAg.Aa6bJ7d56eFAaBKXyP89dD,@user Shame on you! 如果你真是中国人，你就知道事情究竟如何！实际上你和BBC沆瀣一气，臭味相投！你是等不及看中国死很多人吗？数据需要准确，没确定身份时你就一定要说人已经死了？有点脑子吧，中国有不好的地方你可以批评，但你如果只是为反而反，你这种人恰恰是被西方人最瞧不起的那种！你连自己的祖国都不能公正对待，别人凭什么公正对待你？,uyghurs / xinjiang,con,1,0.989013,0.709035,0.7090346068676521,Fake news. Chinese media talked about Jilong (a Tibet town hit by the flood) mud flood all day. Shame on you,user_0100,0,2026-08-31,Ugzuvog89AAbLJJo1UR4AaABAg,,"ctx4_gemma_en_topic_none (Gemma-2-9B, no context)","ctx4_gemma_en_root (Gemma-2-9B, root)"
Why footage of Tibet floods isn't being shown in China. #BBCNews,Ugzuvog89AAbLJJo1UR4AaABAg.Aa6bJ7d56eFAaBKXyP89dD,@user Shame on you! 如果你真是中国人，你就知道事情究竟如何！实际上你和BBC沆瀣一气，臭味相投！你是等不及看中国死很多人吗？数据需要准确，没确定身份时你就一定要说人已经死了？有点脑子吧，中国有不好的地方你可以批评，但你如果只是为反而反，你这种人恰恰是被西方人最瞧不起的那种！你连自己的祖国都不能公正对待，别人凭什么公正对待你？,democracy,con,1,0.988668,0.918482,0.9184821158628318,Fake news. Chinese media talked about Jilong (a Tibet town hit by the flood) mud flood all day. Shame on you,user_0100,0,2026-08-31,Ugzuvog89AAbLJJo1UR4AaABAg,,"ctx4_gemma_en_topic_none (Gemma-2-9B, no context)","ctx4_gemma_en_root (Gemma-2-9B, root)"
Why footage of Tibet floods isn't being shown in China. #BBCNews,Ugzuvog89AAbLJJo1UR4AaABAg.Aa6bJ7d56eFAaBKXyP89dD,@user Shame on you! 如果你真是中国人，你就知道事情究竟如何！实际上你和BBC沆瀣一气，臭味相投！你是等不及看中国死很多人吗？数据需要准确，没确定身份时你就一定要说人已经死了？有点脑子吧，中国有不好的地方你可以批评，但你如果只是为反而反，你这种人恰恰是被西方人最瞧不起的那种！你连自己的祖国都不能公正对待，别人凭什么公正对待你？,communism / socialism,pro,1,0.987946,0.85391,0.8539096342800285,Fake news. Chinese media talked about Jilong (a Tibet town hit by the flood) mud flood all day. Shame on you,user_0100,0,2026-08-31,Ugzuvog89AAbLJJo1UR4AaABAg,,"ctx4_gemma_en_topic_none (Gemma-2-9B, no context)","ctx4_gemma_en_root (Gemma-2-9B, root)"
Why footage of Tibet floods isn't being shown in China. #BBCNews,Ugzuvog89AAbLJJo1UR4AaABAg.Aa6bJ7d56eFAaBKXyP89dD,@user Shame on you! 如果你真是中国人，你就知道事情究竟如何！实际上你和BBC沆瀣一气，臭味相投！你是等不及看中国死很多人吗？数据需要准确，没确定身份时你就一定要说人已经死了？有点脑子吧，中国有不好的地方你可以批评，但你如果只是为反而反，你这种人恰恰是被西方人最瞧不起的那种！你连自己的祖国都不能公正对待，别人凭什么公正对待你？,government / the state,pro,1,0.995601,0.865215,0.8652153364847629,Fake news. Chinese media talked about Jilong (a Tibet town hit by the flood) mud flood all day. Shame on you,user_0100,0,2026-08-31,Ugzuvog89AAbLJJo1UR4AaABAg,,"ctx4_gemma_en_topic_none (Gemma-2-9B, no context)","ctx4_gemma_en_root (Gemma-2-9B, root)"
Why footage of Tibet floods isn't being shown in China. #BBCNews,Ugzuvog89AAbLJJo1UR4AaABAg.Aa6bJ7d56eFAaBLVztYkAH,"@user  China does not execute foreign journalists operating outside its borders for publishing leaks.  Enforcing US domestic secrecy laws against an Australian citizen working in Europe sets a dangerous precedent that undermines global press freedom.  Western nations frequently champion press freedom when leaked information exposes flaws within non-Western governments, yet they pursue severe legal retaliation when their own classified state secrets are made public.",united states,con,1,0.983598,0.990732,0.9907322161692024,Fake news. Chinese media talked about Jilong (a Tibet town hit by the flood) mud flood all day. Shame on you,user_0089,2,2026-08-31,Ugzuvog89AAbLJJo1UR4AaABAg,,"ctx4_gemma_en_topic_none (Gemma-2-9B, no context)","ctx4_gemma_en_root (Gemma-2-9B, root)"
Why footage of Tibet floods isn't being shown in China. #BBCNews,Ugzuvog89AAbLJJo1UR4AaABAg.Aa6bJ7d56eFAaBLVztYkAH,"@user  China does not execute foreign journalists operating outside its borders for publishing leaks.  Enforcing US domestic secrecy laws against an Australian citizen working in Europe sets a dangerous precedent that undermines global press freedom.  Western nations frequently champion press freedom when leaked information exposes flaws within non-Western governments, yet they pursue severe legal retaliation when their own classified state secrets are made public.",china,pro,1,0.959156,0.993203,0.9932026372306734,Fake news. Chinese media talked about Jilong (a Tibet town hit by the flood) mud flood all day. Shame on you,user_0089,2,2026-08-31,Ugzuvog89AAbLJJo1UR4AaABAg,,"ctx4_gemma_en_topic_none (Gemma-2-9B, no context)","ctx4_gemma_en_root (Gemma-2-9B, root)"
Why footage of Tibet floods isn't being shown in China. #BBCNews,Ugzuvog89AAbLJJo1UR4AaABAg.Aa6bJ7d56eFAaBLVztYkAH,"@user  China does not execute foreign journalists operating outside its borders for publishing leaks.  Enforcing US domestic secrecy laws against an Australian citizen working in Europe sets a dangerous precedent that undermines global press freedom.  Western nations frequently champion press freedom when leaked information exposes flaws within non-Western governments, yet they pursue severe legal retaliation when their own classified state secrets are made public.",bbc,pro,1,0.986777,0.991014,0.9910143486274364,Fake news. Chinese media talked about Jilong (a Tibet town hit by the flood) mud flood all day. Shame on you,user_0089,2,2026-08-31,Ugzuvog89AAbLJJo1UR4AaABAg,,"ctx4_gemma_en_topic_none (Gemma-2-9B, no context)","ctx4_gemma_en_root (Gemma-2-9B, root)"
Why footage of Tibet floods isn't being shown in China. #BBCNews,Ugzuvog89AAbLJJo1UR4AaABAg.Aa6bJ7d56eFAaBLVztYkAH,"@user  China does not execute foreign journalists operating outside its borders for publishing leaks.  Enforcing US domestic secrecy laws against an Australian citizen working in Europe sets a dangerous precedent that undermines global press freedom.  Western nations frequently champion press freedom when leaked information exposes flaws within non-Western governments, yet they pursue severe legal retaliation when their own classified state secrets are made public.",press freedom,pro,1,0.998451,0.999877,0.9998766054240136,Fake news. Chinese media talked about Jilong (a Tibet town hit by the flood) mud flood all day. Shame on you,user_0089,2,2026-08-31,Ugzuvog89AAbLJJo1UR4AaABAg,,"ctx4_gemma_en_topic_none (Gemma-2-9B, no context)","ctx4_gemma_en_root (Gemma-2-9B, root)"
Why footage of Tibet floods isn't being shown in China. #BBCNews,Ugzuvog89AAbLJJo1UR4AaABAg.Aa6bJ7d56eFAaBLVztYkAH,"@user  China does not execute foreign journalists operating outside its borders for publishing leaks.  Enforcing US domestic secrecy laws against an Australian citizen working in Europe sets a dangerous precedent that undermines global press freedom.  Western nations frequently champion press freedom when leaked information exposes flaws within non-Western governments, yet they pursue severe legal retaliation when their own classified state secrets are made public.",privacy / surveillance,pro,1,0.973239,0.918475,0.9184746282776256,Fake news. Chinese media talked about Jilong (a Tibet town hit by the flood) mud flood all day. Shame on you,user_0089,2,2026-08-31,Ugzuvog89AAbLJJo1UR4AaABAg,,"ctx4_gemma_en_topic_none (Gemma-2-9B, no context)","ctx4_gemma_en_root (Gemma-2-9B, root)"
Why footage of Tibet floods isn't being shown in China. #BBCNews,Ugzuvog89AAbLJJo1UR4AaABAg.Aa6bJ7d56eFAaBLVztYkAH,"@user  China does not execute foreign journalists operating outside its borders for publishing leaks.  Enforcing US domestic secrecy laws against an Australian citizen working in Europe sets a dangerous precedent that undermines global press freedom.  Western nations frequently champion press freedom when leaked information exposes flaws within non-Western governments, yet they pursue severe legal retaliation when their own classified state secrets are made public.",government / the state,con,1,0.99254,0.981736,0.9817361699101066,Fake news. Chinese media talked about Jilong (a Tibet town hit by the flood) mud flood all day. Shame on you,user_0089,2,2026-08-31,Ugzuvog89AAbLJJo1UR4AaABAg,,"ctx4_gemma_en_topic_none (Gemma-2-9B, no context)","ctx4_gemma_en_root (Gemma-2-9B, root)"
Why footage of Tibet floods isn't being shown in China. #BBCNews,Ugzuvog89AAbLJJo1UR4AaABAg.Aa6bJ7d56eFAaBoN_Wznkf,"@user no. America, Australia, Europe are often hyper critical of their own governments and government actions. Mass demonstrations often occur. Anti Trump demonstrations have occurred. France is famous for its anti government demonstrations. So too in Germany. But China imprisons dissenters. Not as bad as Russia. But Feng Shui and Hong Kong pro democracy groups or free Tibet groups or ethnic minorities in western China. So it astounds me that you can express such ideas. It wasnt long ago that Mao was forcibly reshaping society. Do you have a copy of his little red book? Totalitarian, bleak and ruinous. So while we can be critical of Trump we can be critical of Trump and know there are free elections coming up in the US. Trump wont be there because there are term limits and his disciples will have a very hard time holding onto power. And yes there is still a free press in the west.",united states,pro,1,0.997155,0.996116,0.9961156201847192,Fake news. Chinese media talked about Jilong (a Tibet town hit by the flood) mud flood all day. Shame on you,user_0094,0,2026-08-31,Ugzuvog89AAbLJJo1UR4AaABAg,,"ctx4_gemma_en_topic_none (Gemma-2-9B, no context)","ctx4_gemma_en_root (Gemma-2-9B, root)"
Why footage of Tibet floods isn't being shown in China. #BBCNews,Ugzuvog89AAbLJJo1UR4AaABAg.Aa6bJ7d56eFAaBoN_Wznkf,"@user no. America, Australia, Europe are often hyper critical of their own governments and government actions. Mass demonstrations often occur. Anti Trump demonstrations have occurred. France is famous for its anti government demonstrations. So too in Germany. But China imprisons dissenters. Not as bad as Russia. But Feng Shui and Hong Kong pro democracy groups or free Tibet groups or ethnic minorities in western China. So it astounds me that you can express such ideas. It wasnt long ago that Mao was forcibly reshaping society. Do you have a copy of his little red book? Totalitarian, bleak and ruinous. So while we can be critical of Trump we can be critical of Trump and know there are free elections coming up in the US. Trump wont be there because there are term limits and his disciples will have a very hard time holding onto power. And yes there is still a free press in the west.",russia,con,1,0.998968,0.874077,0.8740772351648677,Fake news. Chinese media talked about Jilong (a Tibet town hit by the flood) mud flood all day. Shame on you,user_0094,0,2026-08-31,Ugzuvog89AAbLJJo1UR4AaABAg,,"ctx4_gemma_en_topic_none (Gemma-2-9B, no context)","ctx4_gemma_en_root (Gemma-2-9B, root)"
Why footage of Tibet floods isn't being shown in China. #BBCNews,Ugzuvog89AAbLJJo1UR4AaABAg.Aa6bJ7d56eFAaBoN_Wznkf,"@user no. America, Australia, Europe are often hyper critical of their own governments and government actions. Mass demonstrations often occur. Anti Trump demonstrations have occurred. France is famous for its anti government demonstrations. So too in Germany. But China imprisons dissenters. Not as bad as Russia. But Feng Shui and Hong Kong pro democracy groups or free Tibet groups or ethnic minorities in western China. So it astounds me that you can express such ideas. It wasnt long ago that Mao was forcibly reshaping society. Do you have a copy of his little red book? Totalitarian, bleak and ruinous. So while we can be critical of Trump we can be critical of Trump and know there are free elections coming up in the US. Trump wont be there because there are term limits and his disciples will have a very hard time holding onto power. And yes there is still a free press in the west.",china,con,1,0.999131,0.986151,0.9861510483596306,Fake news. Chinese media talked about Jilong (a Tibet town hit by the flood) mud flood all day. Shame on you,user_0094,0,2026-08-31,Ugzuvog89AAbLJJo1UR4AaABAg,,"ctx4_gemma_en_topic_none (Gemma-2-9B, no context)","ctx4_gemma_en_root (Gemma-2-9B, root)"
Why footage of Tibet floods isn't being shown in China. #BBCNews,Ugzuvog89AAbLJJo1UR4AaABAg.Aa6bJ7d56eFAaBoN_Wznkf,"@user no. America, Australia, Europe are often hyper critical of their own governments and government actions. Mass demonstrations often occur. Anti Trump demonstrations have occurred. France is famous for its anti government demonstrations. So too in Germany. But China imprisons dissenters. Not as bad as Russia. But Feng Shui and Hong Kong pro democracy groups or free Tibet groups or ethnic minorities in western China. So it astounds me that you can express such ideas. It wasnt long ago that Mao was forcibly reshaping society. Do you have a copy of his little red book? Totalitarian, bleak and ruinous. So while we can be critical of Trump we can be critical of Trump and know there are free elections coming up in the US. Trump wont be there because there are term limits and his disciples will have a very hard time holding onto power. And yes there is still a free press in the west.",bbc,pro,1,0.996176,0.914901,0.9149009549929796,Fake news. Chinese media talked about Jilong (a Tibet town hit by the flood) mud flood all day. Shame on you,user_0094,0,2026-08-31,Ugzuvog89AAbLJJo1UR4AaABAg,,"ctx4_gemma_en_topic_none (Gemma-2-9B, no context)","ctx4_gemma_en_root (Gemma-2-9B, root)"
Why footage of Tibet floods isn't being shown in China. #BBCNews,Ugzuvog89AAbLJJo1UR4AaABAg.Aa6bJ7d56eFAaBoN_Wznkf,"@user no. America, Australia, Europe are often hyper critical of their own governments and government actions. Mass demonstrations often occur. Anti Trump demonstrations have occurred. France is famous for its anti government demonstrations. So too in Germany. But China imprisons dissenters. Not as bad as Russia. But Feng Shui and Hong Kong pro democracy groups or free Tibet groups or ethnic minorities in western China. So it astounds me that you can express such ideas. It wasnt long ago that Mao was forcibly reshaping society. Do you have a copy of his little red book? Totalitarian, bleak and ruinous. So while we can be critical of Trump we can be critical of Trump and know there are free elections coming up in the US. Trump wont be there because there are term limits and his disciples will have a very hard time holding onto power. And yes there is still a free press in the west.",press freedom,pro,1,0.999534,0.997851,0.997850997107425,Fake news. Chinese media talked about Jilong (a Tibet town hit by the flood) mud flood all day. Shame on you,user_0094,0,2026-08-31,Ugzuvog89AAbLJJo1UR4AaABAg,,"ctx4_gemma_en_topic_none (Gemma-2-9B, no context)","ctx4_gemma_en_root (Gemma-2-9B, root)"
Why footage of Tibet floods isn't being shown in China. #BBCNews,Ugzuvog89AAbLJJo1UR4AaABAg.Aa6bJ7d56eFAaBoN_Wznkf,"@user no. America, Australia, Europe are often hyper critical of their own governments and government actions. Mass demonstrations often occur. Anti Trump demonstrations have occurred. France is famous for its anti government demonstrations. So too in Germany. But China imprisons dissenters. Not as bad as Russia. But Feng Shui and Hong Kong pro democracy groups or free Tibet groups or ethnic minorities in western China. So it astounds me that you can express such ideas. It wasnt long ago that Mao was forcibly reshaping society. Do you have a copy of his little red book? Totalitarian, bleak and ruinous. So while we can be critical of Trump we can be critical of Trump and know there are free elections coming up in the US. Trump wont be there because there are term limits and his disciples will have a very hard time holding onto power. And yes there is still a free press in the west.",democracy,pro,1,0.999659,0.992988,0.9929880305506048,Fake news. Chinese media talked about Jilong (a Tibet town hit by the flood) mud flood all day. Shame on you,user_0094,0,2026-08-31,Ugzuvog89AAbLJJo1UR4AaABAg,,"ctx4_gemma_en_topic_none (Gemma-2-9B, no context)","ctx4_gemma_en_root (Gemma-2-9B, root)"
Why footage of Tibet floods isn't being shown in China. #BBCNews,Ugzuvog89AAbLJJo1UR4AaABAg.Aa6bJ7d56eFAaBoN_Wznkf,"@user no. America, Australia, Europe are often hyper critical of their own governments and government actions. Mass demonstrations often occur. Anti Trump demonstrations have occurred. France is famous for its anti government demonstrations. So too in Germany. But China imprisons dissenters. Not as bad as Russia. But Feng Shui and Hong Kong pro democracy groups or free Tibet groups or ethnic minorities in western China. So it astounds me that you can express such ideas. It wasnt long ago that Mao was forcibly reshaping society. Do you have a copy of his little red book? Totalitarian, bleak and ruinous. So while we can be critical of Trump we can be critical of Trump and know there are free elections coming up in the US. Trump wont be there because there are term limits and his disciples will have a very hard time holding onto power. And yes there is still a free press in the west.",donald trump,con,1,0.987568,0.986362,0.9863624921586146,Fake news. Chinese media talked about Jilong (a Tibet town hit by the flood) mud flood all day. Shame on you,user_0094,0,2026-08-31,Ugzuvog89AAbLJJo1UR4AaABAg,,"ctx4_gemma_en_topic_none (Gemma-2-9B, no context)","ctx4_gemma_en_root (Gemma-2-9B, root)"
Why footage of Tibet floods isn't being shown in China. #BBCNews,Ugzuvog89AAbLJJo1UR4AaABAg.Aa6bJ7d56eFAaBoN_Wznkf,"@user no. America, Australia, Europe are often hyper critical of their own governments and government actions. Mass demonstrations often occur. Anti Trump demonstrations have occurred. France is famous for its anti government demonstrations. So too in Germany. But China imprisons dissenters. Not as bad as Russia. But Feng Shui and Hong Kong pro democracy groups or free Tibet groups or ethnic minorities in western China. So it astounds me that you can express such ideas. It wasnt long ago that Mao was forcibly reshaping society. Do you have a copy of his little red book? Totalitarian, bleak and ruinous. So while we can be critical of Trump we can be critical of Trump and know there are free elections coming up in the US. Trump wont be there because there are term limits and his disciples will have a very hard time holding onto power. And yes there is still a free press in the west.",communism / socialism,con,1,0.998567,0.949669,0.9496693674025232,Fake news. Chinese media talked about Jilong (a Tibet town hit by the flood) mud flood all day. Shame on you,user_0094,0,2026-08-31,Ugzuvog89AAbLJJo1UR4AaABAg,,"ctx4_gemma_en_topic_none (Gemma-2-9B, no context)","ctx4_gemma_en_root (Gemma-2-9B, root)"
Why footage of Tibet floods isn't being shown in China. #BBCNews,Ugzuvog89AAbLJJo1UR4AaABAg.Aa6bJ7d56eFAaBoN_Wznkf,"@user no. America, Australia, Europe are often hyper critical of their own governments and government actions. Mass demonstrations often occur. Anti Trump demonstrations have occurred. France is famous for its anti government demonstrations. So too in Germany. But China imprisons dissenters. Not as bad as Russia. But Feng Shui and Hong Kong pro democracy groups or free Tibet groups or ethnic minorities in western China. So it astounds me that you can express such ideas. It wasnt long ago that Mao was forcibly reshaping society. Do you have a copy of his little red book? Totalitarian, bleak and ruinous. So while we can be critical of Trump we can be critical of Trump and know there are free elections coming up in the US. Trump wont be there because there are term limits and his disciples will have a very hard time holding onto power. And yes there is still a free press in the west.",government / the state,con,1,0.997817,0.990732,0.9907322161692024,Fake news. Chinese media talked about Jilong (a Tibet town hit by the flood) mud flood all day. Shame on you,user_0094,0,2026-08-31,Ugzuvog89AAbLJJo1UR4AaABAg,,"ctx4_gemma_en_topic_none (Gemma-2-9B, no context)","ctx4_gemma_en_root (Gemma-2-9B, root)"
Why footage of Tibet floods isn't being shown in China. #BBCNews,Ugzuvog89AAbLJJo1UR4AaABAg.Aa6bJ7d56eFAaBoN_Wznkf,"@user no. America, Australia, Europe are often hyper critical of their own governments and government actions. Mass demonstrations often occur. Anti Trump demonstrations have occurred. France is famous for its anti government demonstrations. So too in Germany. But China imprisons dissenters. Not as bad as Russia. But Feng Shui and Hong Kong pro democracy groups or free Tibet groups or ethnic minorities in western China. So it astounds me that you can express such ideas. It wasnt long ago that Mao was forcibly reshaping society. Do you have a copy of his little red book? Totalitarian, bleak and ruinous. So while we can be critical of Trump we can be critical of Trump and know there are free elections coming up in the US. Trump wont be there because there are term limits and his disciples will have a very hard time holding onto power. And yes there is still a free press in the west.",elections,pro,1,0.999472,0.603938,0.6039378136647691,Fake news. Chinese media talked about Jilong (a Tibet town hit by the flood) mud flood all day. Shame on you,user_0094,0,2026-08-31,Ugzuvog89AAbLJJo1UR4AaABAg,,"ctx4_gemma_en_topic_none (Gemma-2-9B, no context)","ctx4_gemma_en_root (Gemma-2-9B, root)"
Why footage of Tibet floods isn't being shown in China. #BBCNews,Ugzuvog89AAbLJJo1UR4AaABAg.Aa6bJ7d56eFAaBsFMKowW_,"@user   China practices meritocracy where leaders are chosen based on decades of proven administrative performance in local and regional governments, rather than winning popularity contests or media campaigns.  Without the disruption of rotating parties, China executes multi-decade strategies for infrastructure, technology, and economic stability.  Independent Western studies have consistently shown high levels of domestic satisfaction (often exceeding 85%) with the government's performance, particularly regarding safety, poverty alleviation, and economic mobility.  Referencing Mao or the Little Red Book ignores nearly 50 years of reform and modernization.  Modern China is a highly digitized, globally integrated, and economically dynamic superpower, not a mid-20th-century state.

Western systems are heavily influenced by corporate lobbying, elite donors, and special interest groups, meaning electoral transitions rarely solve systemic inequality.  The term limits and partisan gridlock mentioned often lead to wild policy swings, short-term thinking, and an inability to address long-term crises like climate change or national debt.   A ""free press"" in the West has increasingly fractured into corporate-owned echo chambers that drive societal division, misinformation, and political polarization, rather than objective truth.  Trump’s Attorney General says, “We will absolutely target you and go after you” for “hate” speech.",united states,con,1,0.997285,0.969787,0.9697868779814828,Fake news. Chinese media talked about Jilong (a Tibet town hit by the flood) mud flood all day. Shame on you,user_0089,1,2026-09-01,Ugzuvog89AAbLJJo1UR4AaABAg,,"ctx4_gemma_en_topic_none (Gemma-2-9B, no context)","ctx4_gemma_en_root (Gemma-2-9B, root)"
Why footage of Tibet floods isn't being shown in China. #BBCNews,Ugzuvog89AAbLJJo1UR4AaABAg.Aa6bJ7d56eFAaBsFMKowW_,"@user   China practices meritocracy where leaders are chosen based on decades of proven administrative performance in local and regional governments, rather than winning popularity contests or media campaigns.  Without the disruption of rotating parties, China executes multi-decade strategies for infrastructure, technology, and economic stability.  Independent Western studies have consistently shown high levels of domestic satisfaction (often exceeding 85%) with the government's performance, particularly regarding safety, poverty alleviation, and economic mobility.  Referencing Mao or the Little Red Book ignores nearly 50 years of reform and modernization.  Modern China is a highly digitized, globally integrated, and economically dynamic superpower, not a mid-20th-century state.

Western systems are heavily influenced by corporate lobbying, elite donors, and special interest groups, meaning electoral transitions rarely solve systemic inequality.  The term limits and partisan gridlock mentioned often lead to wild policy swings, short-term thinking, and an inability to address long-term crises like climate change or national debt.   A ""free press"" in the West has increasingly fractured into corporate-owned echo chambers that drive societal division, misinformation, and political polarization, rather than objective truth.  Trump’s Attorney General says, “We will absolutely target you and go after you” for “hate” speech.",china,pro,1,0.999665,0.99486,0.9948602610709624,Fake news. Chinese media talked about Jilong (a Tibet town hit by the flood) mud flood all day. Shame on you,user_0089,1,2026-09-01,Ugzuvog89AAbLJJo1UR4AaABAg,,"ctx4_gemma_en_topic_none (Gemma-2-9B, no context)","ctx4_gemma_en_root (Gemma-2-9B, root)"
Why footage of Tibet floods isn't being shown in China. #BBCNews,Ugzuvog89AAbLJJo1UR4AaABAg.Aa6bJ7d56eFAaBsFMKowW_,"@user   China practices meritocracy where leaders are chosen based on decades of proven administrative performance in local and regional governments, rather than winning popularity contests or media campaigns.  Without the disruption of rotating parties, China executes multi-decade strategies for infrastructure, technology, and economic stability.  Independent Western studies have consistently shown high levels of domestic satisfaction (often exceeding 85%) with the government's performance, particularly regarding safety, poverty alleviation, and economic mobility.  Referencing Mao or the Little Red Book ignores nearly 50 years of reform and modernization.  Modern China is a highly digitized, globally integrated, and economically dynamic superpower, not a mid-20th-century state.

Western systems are heavily influenced by corporate lobbying, elite donors, and special interest groups, meaning electoral transitions rarely solve systemic inequality.  The term limits and partisan gridlock mentioned often lead to wild policy swings, short-term thinking, and an inability to address long-term crises like climate change or national debt.   A ""free press"" in the West has increasingly fractured into corporate-owned echo chambers that drive societal division, misinformation, and political polarization, rather than objective truth.  Trump’s Attorney General says, “We will absolutely target you and go after you” for “hate” speech.",bbc,con,1,0.995735,0.847961,0.8479613123437199,Fake news. Chinese media talked about Jilong (a Tibet town hit by the flood) mud flood all day. Shame on you,user_0089,1,2026-09-01,Ugzuvog89AAbLJJo1UR4AaABAg,,"ctx4_gemma_en_topic_none (Gemma-2-9B, no context)","ctx4_gemma_en_root (Gemma-2-9B, root)"
Why footage of Tibet floods isn't being shown in China. #BBCNews,Ugzuvog89AAbLJJo1UR4AaABAg.Aa6bJ7d56eFAaBsFMKowW_,"@user   China practices meritocracy where leaders are chosen based on decades of proven administrative performance in local and regional governments, rather than winning popularity contests or media campaigns.  Without the disruption of rotating parties, China executes multi-decade strategies for infrastructure, technology, and economic stability.  Independent Western studies have consistently shown high levels of domestic satisfaction (often exceeding 85%) with the government's performance, particularly regarding safety, poverty alleviation, and economic mobility.  Referencing Mao or the Little Red Book ignores nearly 50 years of reform and modernization.  Modern China is a highly digitized, globally integrated, and economically dynamic superpower, not a mid-20th-century state.

Western systems are heavily influenced by corporate lobbying, elite donors, and special interest groups, meaning electoral transitions rarely solve systemic inequality.  The term limits and partisan gridlock mentioned often lead to wild policy swings, short-term thinking, and an inability to address long-term crises like climate change or national debt.   A ""free press"" in the West has increasingly fractured into corporate-owned echo chambers that drive societal division, misinformation, and political polarization, rather than objective truth.  Trump’s Attorney General says, “We will absolutely target you and go after you” for “hate” speech.",press freedom,con,1,0.997603,0.998245,0.9982452980109318,Fake news. Chinese media talked about Jilong (a Tibet town hit by the flood) mud flood all day. Shame on you,user_0089,1,2026-09-01,Ugzuvog89AAbLJJo1UR4AaABAg,,"ctx4_gemma_en_topic_none (Gemma-2-9B, no context)","ctx4_gemma_en_root (Gemma-2-9B, root)"
Why footage of Tibet floods isn't being shown in China. #BBCNews,Ugzuvog89AAbLJJo1UR4AaABAg.Aa6bJ7d56eFAaBsFMKowW_,"@user   China practices meritocracy where leaders are chosen based on decades of proven administrative performance in local and regional governments, rather than winning popularity contests or media campaigns.  Without the disruption of rotating parties, China executes multi-decade strategies for infrastructure, technology, and economic stability.  Independent Western studies have consistently shown high levels of domestic satisfaction (often exceeding 85%) with the government's performance, particularly regarding safety, poverty alleviation, and economic mobility.  Referencing Mao or the Little Red Book ignores nearly 50 years of reform and modernization.  Modern China is a highly digitized, globally integrated, and economically dynamic superpower, not a mid-20th-century state.

Western systems are heavily influenced by corporate lobbying, elite donors, and special interest groups, meaning electoral transitions rarely solve systemic inequality.  The term limits and partisan gridlock mentioned often lead to wild policy swings, short-term thinking, and an inability to address long-term crises like climate change or national debt.   A ""free press"" in the West has increasingly fractured into corporate-owned echo chambers that drive societal division, misinformation, and political polarization, rather than objective truth.  Trump’s Attorney General says, “We will absolutely target you and go after you” for “hate” speech.",infrastructure investment,pro,1,0.999739,0.859652,0.8596516858773484,Fake news. Chinese media talked about Jilong (a Tibet town hit by the flood) mud flood all day. Shame on you,user_0089,1,2026-09-01,Ugzuvog89AAbLJJo1UR4AaABAg,,"ctx4_gemma_en_topic_none (Gemma-2-9B, no context)","ctx4_gemma_en_root (Gemma-2-9B, root)"
Why footage of Tibet floods isn't being shown in China. #BBCNews,Ugzuvog89AAbLJJo1UR4AaABAg.Aa6bJ7d56eFAaBsFMKowW_,"@user   China practices meritocracy where leaders are chosen based on decades of proven administrative performance in local and regional governments, rather than winning popularity contests or media campaigns.  Without the disruption of rotating parties, China executes multi-decade strategies for infrastructure, technology, and economic stability.  Independent Western studies have consistently shown high levels of domestic satisfaction (often exceeding 85%) with the government's performance, particularly regarding safety, poverty alleviation, and economic mobility.  Referencing Mao or the Little Red Book ignores nearly 50 years of reform and modernization.  Modern China is a highly digitized, globally integrated, and economically dynamic superpower, not a mid-20th-century state.

Western systems are heavily influenced by corporate lobbying, elite donors, and special interest groups, meaning electoral transitions rarely solve systemic inequality.  The term limits and partisan gridlock mentioned often lead to wild policy swings, short-term thinking, and an inability to address long-term crises like climate change or national debt.   A ""free press"" in the West has increasingly fractured into corporate-owned echo chambers that drive societal division, misinformation, and political polarization, rather than objective truth.  Trump’s Attorney General says, “We will absolutely target you and go after you” for “hate” speech.",democracy,con,1,0.997489,0.980282,0.9802818383836484,Fake news. Chinese media talked about Jilong (a Tibet town hit by the flood) mud flood all day. Shame on you,user_0089,1,2026-09-01,Ugzuvog89AAbLJJo1UR4AaABAg,,"ctx4_gemma_en_topic_none (Gemma-2-9B, no context)","ctx4_gemma_en_root (Gemma-2-9B, root)"
Why footage of Tibet floods isn't being shown in China. #BBCNews,Ugzuvog89AAbLJJo1UR4AaABAg.Aa6bJ7d56eFAaBsFMKowW_,"@user   China practices meritocracy where leaders are chosen based on decades of proven administrative performance in local and regional governments, rather than winning popularity contests or media campaigns.  Without the disruption of rotating parties, China executes multi-decade strategies for infrastructure, technology, and economic stability.  Independent Western studies have consistently shown high levels of domestic satisfaction (often exceeding 85%) with the government's performance, particularly regarding safety, poverty alleviation, and economic mobility.  Referencing Mao or the Little Red Book ignores nearly 50 years of reform and modernization.  Modern China is a highly digitized, globally integrated, and economically dynamic superpower, not a mid-20th-century state.

Western systems are heavily influenced by corporate lobbying, elite donors, and special interest groups, meaning electoral transitions rarely solve systemic inequality.  The term limits and partisan gridlock mentioned often lead to wild policy swings, short-term thinking, and an inability to address long-term crises like climate change or national debt.   A ""free press"" in the West has increasingly fractured into corporate-owned echo chambers that drive societal division, misinformation, and political polarization, rather than objective truth.  Trump’s Attorney General says, “We will absolutely target you and go after you” for “hate” speech.",communism / socialism,pro,1,0.999045,0.960361,0.96036116089903,Fake news. Chinese media talked about Jilong (a Tibet town hit by the flood) mud flood all day. Shame on you,user_0089,1,2026-09-01,Ugzuvog89AAbLJJo1UR4AaABAg,,"ctx4_gemma_en_topic_none (Gemma-2-9B, no context)","ctx4_gemma_en_root (Gemma-2-9B, root)"
Why footage of Tibet floods isn't being shown in China. #BBCNews,Ugzuvog89AAbLJJo1UR4AaABAg.Aa6bJ7d56eFAaBsFMKowW_,"@user   China practices meritocracy where leaders are chosen based on decades of proven administrative performance in local and regional governments, rather than winning popularity contests or media campaigns.  Without the disruption of rotating parties, China executes multi-decade strategies for infrastructure, technology, and economic stability.  Independent Western studies have consistently shown high levels of domestic satisfaction (often exceeding 85%) with the government's performance, particularly regarding safety, poverty alleviation, and economic mobility.  Referencing Mao or the Little Red Book ignores nearly 50 years of reform and modernization.  Modern China is a highly digitized, globally integrated, and economically dynamic superpower, not a mid-20th-century state.

Western systems are heavily influenced by corporate lobbying, elite donors, and special interest groups, meaning electoral transitions rarely solve systemic inequality.  The term limits and partisan gridlock mentioned often lead to wild policy swings, short-term thinking, and an inability to address long-term crises like climate change or national debt.   A ""free press"" in the West has increasingly fractured into corporate-owned echo chambers that drive societal division, misinformation, and political polarization, rather than objective truth.  Trump’s Attorney General says, “We will absolutely target you and go after you” for “hate” speech.",government / the state,pro,1,0.999769,0.992988,0.9929880305506048,Fake news. Chinese media talked about Jilong (a Tibet town hit by the flood) mud flood all day. Shame on you,user_0089,1,2026-09-01,Ugzuvog89AAbLJJo1UR4AaABAg,,"ctx4_gemma_en_topic_none (Gemma-2-9B, no context)","ctx4_gemma_en_root (Gemma-2-9B, root)"
Why footage of Tibet floods isn't being shown in China. #BBCNews,UgzD7L3nOgWfdGE9Afd4AaABAg,"I mean it's also interesting that our media has been, the Nepal floods, the Nepal floods, the Nepal floods... Why isnt china talking about the Tibet floods 😂

Edit for people that don't understand, I'm British and I'm criticising British media for saying why isn't china talking about the Tibet floods when we have almost exclusively described them as the Nepal floods and have barely mentioned Tibet ourselves, apart from saying the flood took place on the border or Tibet and Nepal.",united states,con,1,0.904651,0.749097,0.7490966107756971,,user_0101,140,2026-08-29,UgzD7L3nOgWfdGE9Afd4AaABAg,,"ctx4_gemma_en_topic_none (Gemma-2-9B, no context)","ctx4_gemma_en_root (Gemma-2-9B, root)"
Why footage of Tibet floods isn't being shown in China. #BBCNews,UgzD7L3nOgWfdGE9Afd4AaABAg,"I mean it's also interesting that our media has been, the Nepal floods, the Nepal floods, the Nepal floods... Why isnt china talking about the Tibet floods 😂

Edit for people that don't understand, I'm British and I'm criticising British media for saying why isn't china talking about the Tibet floods when we have almost exclusively described them as the Nepal floods and have barely mentioned Tibet ourselves, apart from saying the flood took place on the border or Tibet and Nepal.",china,pro,1,0.665411,0.995601,0.995600696337365,,user_0101,140,2026-08-29,UgzD7L3nOgWfdGE9Afd4AaABAg,,"ctx4_gemma_en_topic_none (Gemma-2-9B, no context)","ctx4_gemma_en_root (Gemma-2-9B, root)"
Why footage of Tibet floods isn't being shown in China. #BBCNews,UgzD7L3nOgWfdGE9Afd4AaABAg,"I mean it's also interesting that our media has been, the Nepal floods, the Nepal floods, the Nepal floods... Why isnt china talking about the Tibet floods 😂

Edit for people that don't understand, I'm British and I'm criticising British media for saying why isn't china talking about the Tibet floods when we have almost exclusively described them as the Nepal floods and have barely mentioned Tibet ourselves, apart from saying the flood took place on the border or Tibet and Nepal.",india,pro,1,0.822196,0.596427,0.5964271287339108,,user_0101,140,2026-08-29,UgzD7L3nOgWfdGE9Afd4AaABAg,,"ctx4_gemma_en_topic_none (Gemma-2-9B, no context)","ctx4_gemma_en_root (Gemma-2-9B, root)"
Why footage of Tibet floods isn't being shown in China. #BBCNews,UgzD7L3nOgWfdGE9Afd4AaABAg,"I mean it's also interesting that our media has been, the Nepal floods, the Nepal floods, the Nepal floods... Why isnt china talking about the Tibet floods 😂

Edit for people that don't understand, I'm British and I'm criticising British media for saying why isn't china talking about the Tibet floods when we have almost exclusively described them as the Nepal floods and have barely mentioned Tibet ourselves, apart from saying the flood took place on the border or Tibet and Nepal.",bbc,con,1,0.953968,0.99478,0.9947798743064415,,user_0101,140,2026-08-29,UgzD7L3nOgWfdGE9Afd4AaABAg,,"ctx4_gemma_en_topic_none (Gemma-2-9B, no context)","ctx4_gemma_en_root (Gemma-2-9B, root)"
Why footage of Tibet floods isn't being shown in China. #BBCNews,UgzD7L3nOgWfdGE9Afd4AaABAg,"I mean it's also interesting that our media has been, the Nepal floods, the Nepal floods, the Nepal floods... Why isnt china talking about the Tibet floods 😂

Edit for people that don't understand, I'm British and I'm criticising British media for saying why isn't china talking about the Tibet floods when we have almost exclusively described them as the Nepal floods and have barely mentioned Tibet ourselves, apart from saying the flood took place on the border or Tibet and Nepal.",press freedom,pro,1,0.966914,0.987375,0.9873753623536368,,user_0101,140,2026-08-29,UgzD7L3nOgWfdGE9Afd4AaABAg,,"ctx4_gemma_en_topic_none (Gemma-2-9B, no context)","ctx4_gemma_en_root (Gemma-2-9B, root)"
Why footage of Tibet floods isn't being shown in China. #BBCNews,UgzD7L3nOgWfdGE9Afd4AaABAg,"I mean it's also interesting that our media has been, the Nepal floods, the Nepal floods, the Nepal floods... Why isnt china talking about the Tibet floods 😂

Edit for people that don't understand, I'm British and I'm criticising British media for saying why isn't china talking about the Tibet floods when we have almost exclusively described them as the Nepal floods and have barely mentioned Tibet ourselves, apart from saying the flood took place on the border or Tibet and Nepal.",communism / socialism,pro,1,0.527323,0.566012,0.5660123941471408,,user_0101,140,2026-08-29,UgzD7L3nOgWfdGE9Afd4AaABAg,,"ctx4_gemma_en_topic_none (Gemma-2-9B, no context)","ctx4_gemma_en_root (Gemma-2-9B, root)"
Why footage of Tibet floods isn't being shown in China. #BBCNews,UgzD7L3nOgWfdGE9Afd4AaABAg,"I mean it's also interesting that our media has been, the Nepal floods, the Nepal floods, the Nepal floods... Why isnt china talking about the Tibet floods 😂

Edit for people that don't understand, I'm British and I'm criticising British media for saying why isn't china talking about the Tibet floods when we have almost exclusively described them as the Nepal floods and have barely mentioned Tibet ourselves, apart from saying the flood took place on the border or Tibet and Nepal.",government / the state,con,1,0.928415,0.507799,0.5077993673255866,,user_0101,140,2026-08-29,UgzD7L3nOgWfdGE9Afd4AaABAg,,"ctx4_gemma_en_topic_none (Gemma-2-9B, no context)","ctx4_gemma_en_root (Gemma-2-9B, root)"
Why footage of Tibet floods isn't being shown in China. #BBCNews,UgzD7L3nOgWfdGE9Afd4AaABAg.Aa60bk1RIYIAa64tyGhSFZ,你只需要长了脑子，就知道去搜索地图，看看高度落差,china,pro,1,0.592667,0.953968,0.9539682932900324,"I mean it's also interesting that our media has been, the Nepal floods, the Nepal floods, the Nepal floods... Why isnt china talking about the Tibet floods 😂

Edit for people that don't understand, I'm British and I'm criticising British media for saying why isn't china talking about the Tibet floods when we have almost exclusively described them as the Nepal floods and have barely mentioned Tibet ourselves, apart from saying the flood took place on the border or Tibet and Nepal.",user_0102,18,2026-08-29,UgzD7L3nOgWfdGE9Afd4AaABAg,,"ctx4_gemma_en_topic_none (Gemma-2-9B, no context)","ctx4_gemma_en_root (Gemma-2-9B, root)"
Why footage of Tibet floods isn't being shown in China. #BBCNews,UgzD7L3nOgWfdGE9Afd4AaABAg.Aa60bk1RIYIAa64tyGhSFZ,你只需要长了脑子，就知道去搜索地图，看看高度落差,bbc,con,1,0.903296,0.566037,0.5660369582213496,"I mean it's also interesting that our media has been, the Nepal floods, the Nepal floods, the Nepal floods... Why isnt china talking about the Tibet floods 😂

Edit for people that don't understand, I'm British and I'm criticising British media for saying why isn't china talking about the Tibet floods when we have almost exclusively described them as the Nepal floods and have barely mentioned Tibet ourselves, apart from saying the flood took place on the border or Tibet and Nepal.",user_0102,18,2026-08-29,UgzD7L3nOgWfdGE9Afd4AaABAg,,"ctx4_gemma_en_topic_none (Gemma-2-9B, no context)","ctx4_gemma_en_root (Gemma-2-9B, root)"
Why footage of Tibet floods isn't being shown in China. #BBCNews,UgzD7L3nOgWfdGE9Afd4AaABAg.Aa60bk1RIYIAa64tyGhSFZ,你只需要长了脑子，就知道去搜索地图，看看高度落差,communism / socialism,con,1,0.7773,0.603938,0.6039378136647691,"I mean it's also interesting that our media has been, the Nepal floods, the Nepal floods, the Nepal floods... Why isnt china talking about the Tibet floods 😂

Edit for people that don't understand, I'm British and I'm criticising British media for saying why isn't china talking about the Tibet floods when we have almost exclusively described them as the Nepal floods and have barely mentioned Tibet ourselves, apart from saying the flood took place on the border or Tibet and Nepal.",user_0102,18,2026-08-29,UgzD7L3nOgWfdGE9Afd4AaABAg,,"ctx4_gemma_en_topic_none (Gemma-2-9B, no context)","ctx4_gemma_en_root (Gemma-2-9B, root)"
Why footage of Tibet floods isn't being shown in China. #BBCNews,UgzD7L3nOgWfdGE9Afd4AaABAg.Aa60bk1RIYIAa69WbFj3R_,"There is.  The official video has legends of proper Tibet, China in Chinese.",china,pro,1,0.989347,0.99657,0.996570139728228,"I mean it's also interesting that our media has been, the Nepal floods, the Nepal floods, the Nepal floods... Why isnt china talking about the Tibet floods 😂

Edit for people that don't understand, I'm British and I'm criticising British media for saying why isn't china talking about the Tibet floods when we have almost exclusively described them as the Nepal floods and have barely mentioned Tibet ourselves, apart from saying the flood took place on the border or Tibet and Nepal.",user_0103,9,2026-08-29,UgzD7L3nOgWfdGE9Afd4AaABAg,,"ctx4_gemma_en_topic_none (Gemma-2-9B, no context)","ctx4_gemma_en_root (Gemma-2-9B, root)"
Why footage of Tibet floods isn't being shown in China. #BBCNews,UgzD7L3nOgWfdGE9Afd4AaABAg.Aa60bk1RIYIAa69WbFj3R_,"There is.  The official video has legends of proper Tibet, China in Chinese.",bbc,con,1,0.822196,0.849974,0.8499743636340876,"I mean it's also interesting that our media has been, the Nepal floods, the Nepal floods, the Nepal floods... Why isnt china talking about the Tibet floods 😂

Edit for people that don't understand, I'm British and I'm criticising British media for saying why isn't china talking about the Tibet floods when we have almost exclusively described them as the Nepal floods and have barely mentioned Tibet ourselves, apart from saying the flood took place on the border or Tibet and Nepal.",user_0103,9,2026-08-29,UgzD7L3nOgWfdGE9Afd4AaABAg,,"ctx4_gemma_en_topic_none (Gemma-2-9B, no context)","ctx4_gemma_en_root (Gemma-2-9B, root)"
Why footage of Tibet floods isn't being shown in China. #BBCNews,UgzD7L3nOgWfdGE9Afd4AaABAg.Aa60bk1RIYIAa69WbFj3R_,"There is.  The official video has legends of proper Tibet, China in Chinese.",press freedom,pro,1,0.800688,0.51954,0.519540043343524,"I mean it's also interesting that our media has been, the Nepal floods, the Nepal floods, the Nepal floods... Why isnt china talking about the Tibet floods 😂

Edit for people that don't understand, I'm British and I'm criticising British media for saying why isn't china talking about the Tibet floods when we have almost exclusively described them as the Nepal floods and have barely mentioned Tibet ourselves, apart from saying the flood took place on the border or Tibet and Nepal.",user_0103,9,2026-08-29,UgzD7L3nOgWfdGE9Afd4AaABAg,,"ctx4_gemma_en_topic_none (Gemma-2-9B, no context)","ctx4_gemma_en_root (Gemma-2-9B, root)"
Why footage of Tibet floods isn't being shown in China. #BBCNews,UgzD7L3nOgWfdGE9Afd4AaABAg.Aa60bk1RIYIAa69WbFj3R_,"There is.  The official video has legends of proper Tibet, China in Chinese.",communism / socialism,con,1,0.511723,0.891813,0.8918134575169193,"I mean it's also interesting that our media has been, the Nepal floods, the Nepal floods, the Nepal floods... Why isnt china talking about the Tibet floods 😂

Edit for people that don't understand, I'm British and I'm criticising British media for saying why isn't china talking about the Tibet floods when we have almost exclusively described them as the Nepal floods and have barely mentioned Tibet ourselves, apart from saying the flood took place on the border or Tibet and Nepal.",user_0103,9,2026-08-29,UgzD7L3nOgWfdGE9Afd4AaABAg,,"ctx4_gemma_en_topic_none (Gemma-2-9B, no context)","ctx4_gemma_en_root (Gemma-2-9B, root)"
Why footage of Tibet floods isn't being shown in China. #BBCNews,UgzD7L3nOgWfdGE9Afd4AaABAg.Aa60bk1RIYIAa69WbFj3R_,"There is.  The official video has legends of proper Tibet, China in Chinese.",government / the state,con,1,0.699244,0.734115,0.7341146471704442,"I mean it's also interesting that our media has been, the Nepal floods, the Nepal floods, the Nepal floods... Why isnt china talking about the Tibet floods 😂

Edit for people that don't understand, I'm British and I'm criticising British media for saying why isn't china talking about the Tibet floods when we have almost exclusively described them as the Nepal floods and have barely mentioned Tibet ourselves, apart from saying the flood took place on the border or Tibet and Nepal.",user_0103,9,2026-08-29,UgzD7L3nOgWfdGE9Afd4AaABAg,,"ctx4_gemma_en_topic_none (Gemma-2-9B, no context)","ctx4_gemma_en_root (Gemma-2-9B, root)"
Why footage of Tibet floods isn't being shown in China. #BBCNews,UgzD7L3nOgWfdGE9Afd4AaABAg.Aa60bk1RIYIAa6dLebsUf_,"Bạn nghĩ lẽ nào thủ tướng Trung Quốc Lý Cường đã trực tiếp đến đến hiện trường vụ lũ quét, nhưng truyền thông của họ vẫn không đưa tin về việc này sao. Bạn chỉ cần cố gắng dùng trí não một chút là sẽ hiểu thôi mà. Đừng dùng định kiến của bạn về đảng cộng sản ở bất cứ đâu. Trên thực tế họ đang đưa Trung Quốc phát triển ở hiện tại mà như trong tương lai những năm 2300 rồi đấy",china,pro,1,0.983598,0.998245,0.9982454731645058,"I mean it's also interesting that our media has been, the Nepal floods, the Nepal floods, the Nepal floods... Why isnt china talking about the Tibet floods 😂

Edit for people that don't understand, I'm British and I'm criticising British media for saying why isn't china talking about the Tibet floods when we have almost exclusively described them as the Nepal floods and have barely mentioned Tibet ourselves, apart from saying the flood took place on the border or Tibet and Nepal.",user_0104,6,2026-08-29,UgzD7L3nOgWfdGE9Afd4AaABAg,,"ctx4_gemma_en_topic_none (Gemma-2-9B, no context)","ctx4_gemma_en_root (Gemma-2-9B, root)"
Why footage of Tibet floods isn't being shown in China. #BBCNews,UgzD7L3nOgWfdGE9Afd4AaABAg.Aa60bk1RIYIAa6dLebsUf_,"Bạn nghĩ lẽ nào thủ tướng Trung Quốc Lý Cường đã trực tiếp đến đến hiện trường vụ lũ quét, nhưng truyền thông của họ vẫn không đưa tin về việc này sao. Bạn chỉ cần cố gắng dùng trí não một chút là sẽ hiểu thôi mà. Đừng dùng định kiến của bạn về đảng cộng sản ở bất cứ đâu. Trên thực tế họ đang đưa Trung Quốc phát triển ở hiện tại mà như trong tương lai những năm 2300 rồi đấy",bbc,con,1,0.851953,0.743168,0.7431680086124811,"I mean it's also interesting that our media has been, the Nepal floods, the Nepal floods, the Nepal floods... Why isnt china talking about the Tibet floods 😂

Edit for people that don't understand, I'm British and I'm criticising British media for saying why isn't china talking about the Tibet floods when we have almost exclusively described them as the Nepal floods and have barely mentioned Tibet ourselves, apart from saying the flood took place on the border or Tibet and Nepal.",user_0104,6,2026-08-29,UgzD7L3nOgWfdGE9Afd4AaABAg,,"ctx4_gemma_en_topic_none (Gemma-2-9B, no context)","ctx4_gemma_en_root (Gemma-2-9B, root)"
Why footage of Tibet floods isn't being shown in China. #BBCNews,UgzD7L3nOgWfdGE9Afd4AaABAg.Aa60bk1RIYIAa6dLebsUf_,"Bạn nghĩ lẽ nào thủ tướng Trung Quốc Lý Cường đã trực tiếp đến đến hiện trường vụ lũ quét, nhưng truyền thông của họ vẫn không đưa tin về việc này sao. Bạn chỉ cần cố gắng dùng trí não một chút là sẽ hiểu thôi mà. Đừng dùng định kiến của bạn về đảng cộng sản ở bất cứ đâu. Trên thực tế họ đang đưa Trung Quốc phát triển ở hiện tại mà như trong tương lai những năm 2300 rồi đấy",press freedom,pro,1,0.868824,0.812875,0.8128749234206666,"I mean it's also interesting that our media has been, the Nepal floods, the Nepal floods, the Nepal floods... Why isnt china talking about the Tibet floods 😂

Edit for people that don't understand, I'm British and I'm criticising British media for saying why isn't china talking about the Tibet floods when we have almost exclusively described them as the Nepal floods and have barely mentioned Tibet ourselves, apart from saying the flood took place on the border or Tibet and Nepal.",user_0104,6,2026-08-29,UgzD7L3nOgWfdGE9Afd4AaABAg,,"ctx4_gemma_en_topic_none (Gemma-2-9B, no context)","ctx4_gemma_en_root (Gemma-2-9B, root)"
Why footage of Tibet floods isn't being shown in China. #BBCNews,UgzD7L3nOgWfdGE9Afd4AaABAg.Aa60bk1RIYIAa6dLebsUf_,"Bạn nghĩ lẽ nào thủ tướng Trung Quốc Lý Cường đã trực tiếp đến đến hiện trường vụ lũ quét, nhưng truyền thông của họ vẫn không đưa tin về việc này sao. Bạn chỉ cần cố gắng dùng trí não một chút là sẽ hiểu thôi mà. Đừng dùng định kiến của bạn về đảng cộng sản ở bất cứ đâu. Trên thực tế họ đang đưa Trung Quốc phát triển ở hiện tại mà như trong tương lai những năm 2300 rồi đấy",communism / socialism,pro,1,0.998475,0.996675,0.9966754802726906,"I mean it's also interesting that our media has been, the Nepal floods, the Nepal floods, the Nepal floods... Why isnt china talking about the Tibet floods 😂

Edit for people that don't understand, I'm British and I'm criticising British media for saying why isn't china talking about the Tibet floods when we have almost exclusively described them as the Nepal floods and have barely mentioned Tibet ourselves, apart from saying the flood took place on the border or Tibet and Nepal.",user_0104,6,2026-08-29,UgzD7L3nOgWfdGE9Afd4AaABAg,,"ctx4_gemma_en_topic_none (Gemma-2-9B, no context)","ctx4_gemma_en_root (Gemma-2-9B, root)"
Why footage of Tibet floods isn't being shown in China. #BBCNews,UgzD7L3nOgWfdGE9Afd4AaABAg.Aa60bk1RIYIAa6dLebsUf_,"Bạn nghĩ lẽ nào thủ tướng Trung Quốc Lý Cường đã trực tiếp đến đến hiện trường vụ lũ quét, nhưng truyền thông của họ vẫn không đưa tin về việc này sao. Bạn chỉ cần cố gắng dùng trí não một chút là sẽ hiểu thôi mà. Đừng dùng định kiến của bạn về đảng cộng sản ở bất cứ đâu. Trên thực tế họ đang đưa Trung Quốc phát triển ở hiện tại mà như trong tương lai những năm 2300 rồi đấy",government / the state,pro,1,0.992305,0.98983,0.9898300905871504,"I mean it's also interesting that our media has been, the Nepal floods, the Nepal floods, the Nepal floods... Why isnt china talking about the Tibet floods 😂

Edit for people that don't understand, I'm British and I'm criticising British media for saying why isn't china talking about the Tibet floods when we have almost exclusively described them as the Nepal floods and have barely mentioned Tibet ourselves, apart from saying the flood took place on the border or Tibet and Nepal.",user_0104,6,2026-08-29,UgzD7L3nOgWfdGE9Afd4AaABAg,,"ctx4_gemma_en_topic_none (Gemma-2-9B, no context)","ctx4_gemma_en_root (Gemma-2-9B, root)"
Why footage of Tibet floods isn't being shown in China. #BBCNews,UgzD7L3nOgWfdGE9Afd4AaABAg.Aa60bk1RIYIAa6itiZRwiC,How often do you watch chinese news to know?,china,con,1,0.740179,0.995461,0.9954614553279464,"I mean it's also interesting that our media has been, the Nepal floods, the Nepal floods, the Nepal floods... Why isnt china talking about the Tibet floods 😂

Edit for people that don't understand, I'm British and I'm criticising British media for saying why isn't china talking about the Tibet floods when we have almost exclusively described them as the Nepal floods and have barely mentioned Tibet ourselves, apart from saying the flood took place on the border or Tibet and Nepal.",user_0105,14,2026-08-30,UgzD7L3nOgWfdGE9Afd4AaABAg,,"ctx4_gemma_en_topic_none (Gemma-2-9B, no context)","ctx4_gemma_en_root (Gemma-2-9B, root)"
Why footage of Tibet floods isn't being shown in China. #BBCNews,UgzD7L3nOgWfdGE9Afd4AaABAg.Aa60bk1RIYIAa6itiZRwiC,How often do you watch chinese news to know?,bbc,con,1,0.562177,0.6002,0.600200357314733,"I mean it's also interesting that our media has been, the Nepal floods, the Nepal floods, the Nepal floods... Why isnt china talking about the Tibet floods 😂

Edit for people that don't understand, I'm British and I'm criticising British media for saying why isn't china talking about the Tibet floods when we have almost exclusively described them as the Nepal floods and have barely mentioned Tibet ourselves, apart from saying the flood took place on the border or Tibet and Nepal.",user_0105,14,2026-08-30,UgzD7L3nOgWfdGE9Afd4AaABAg,,"ctx4_gemma_en_topic_none (Gemma-2-9B, no context)","ctx4_gemma_en_root (Gemma-2-9B, root)"
Why footage of Tibet floods isn't being shown in China. #BBCNews,UgzD7L3nOgWfdGE9Afd4AaABAg.Aa60bk1RIYIAa6itiZRwiC,How often do you watch chinese news to know?,press freedom,pro,1,0.81049,0.554483,0.5544828165752076,"I mean it's also interesting that our media has been, the Nepal floods, the Nepal floods, the Nepal floods... Why isnt china talking about the Tibet floods 😂

Edit for people that don't understand, I'm British and I'm criticising British media for saying why isn't china talking about the Tibet floods when we have almost exclusively described them as the Nepal floods and have barely mentioned Tibet ourselves, apart from saying the flood took place on the border or Tibet and Nepal.",user_0105,14,2026-08-30,UgzD7L3nOgWfdGE9Afd4AaABAg,,"ctx4_gemma_en_topic_none (Gemma-2-9B, no context)","ctx4_gemma_en_root (Gemma-2-9B, root)"
Why footage of Tibet floods isn't being shown in China. #BBCNews,UgzD7L3nOgWfdGE9Afd4AaABAg.Aa60bk1RIYIAa6itiZRwiC,How often do you watch chinese news to know?,communism / socialism,con,1,0.841829,0.795662,0.7956621646903073,"I mean it's also interesting that our media has been, the Nepal floods, the Nepal floods, the Nepal floods... Why isnt china talking about the Tibet floods 😂

Edit for people that don't understand, I'm British and I'm criticising British media for saying why isn't china talking about the Tibet floods when we have almost exclusively described them as the Nepal floods and have barely mentioned Tibet ourselves, apart from saying the flood took place on the border or Tibet and Nepal.",user_0105,14,2026-08-30,UgzD7L3nOgWfdGE9Afd4AaABAg,,"ctx4_gemma_en_topic_none (Gemma-2-9B, no context)","ctx4_gemma_en_root (Gemma-2-9B, root)"
Why footage of Tibet floods isn't being shown in China. #BBCNews,UgzD7L3nOgWfdGE9Afd4AaABAg.Aa60bk1RIYIAa6oMuycjxF,"All Chinese media’s reporting it are either banned or labeled as “China government funded media” by YT, then the same group of people claimed there was no report from China,  never underestimate how evil these western medias are,",united states,con,1,0.989511,0.890289,0.890289342505875,"I mean it's also interesting that our media has been, the Nepal floods, the Nepal floods, the Nepal floods... Why isnt china talking about the Tibet floods 😂

Edit for people that don't understand, I'm British and I'm criticising British media for saying why isn't china talking about the Tibet floods when we have almost exclusively described them as the Nepal floods and have barely mentioned Tibet ourselves, apart from saying the flood took place on the border or Tibet and Nepal.",user_0106,25,2026-08-30,UgzD7L3nOgWfdGE9Afd4AaABAg,,"ctx4_gemma_en_topic_none (Gemma-2-9B, no context)","ctx4_gemma_en_root (Gemma-2-9B, root)"
Why footage of Tibet floods isn't being shown in China. #BBCNews,UgzD7L3nOgWfdGE9Afd4AaABAg.Aa60bk1RIYIAa6oMuycjxF,"All Chinese media’s reporting it are either banned or labeled as “China government funded media” by YT, then the same group of people claimed there was no report from China,  never underestimate how evil these western medias are,",china,pro,1,0.998567,0.996924,0.9969244768505452,"I mean it's also interesting that our media has been, the Nepal floods, the Nepal floods, the Nepal floods... Why isnt china talking about the Tibet floods 😂

Edit for people that don't understand, I'm British and I'm criticising British media for saying why isn't china talking about the Tibet floods when we have almost exclusively described them as the Nepal floods and have barely mentioned Tibet ourselves, apart from saying the flood took place on the border or Tibet and Nepal.",user_0106,25,2026-08-30,UgzD7L3nOgWfdGE9Afd4AaABAg,,"ctx4_gemma_en_topic_none (Gemma-2-9B, no context)","ctx4_gemma_en_root (Gemma-2-9B, root)"
Why footage of Tibet floods isn't being shown in China. #BBCNews,UgzD7L3nOgWfdGE9Afd4AaABAg.Aa60bk1RIYIAa6oMuycjxF,"All Chinese media’s reporting it are either banned or labeled as “China government funded media” by YT, then the same group of people claimed there was no report from China,  never underestimate how evil these western medias are,",bbc,con,1,0.997019,0.989182,0.9891823539234278,"I mean it's also interesting that our media has been, the Nepal floods, the Nepal floods, the Nepal floods... Why isnt china talking about the Tibet floods 😂

Edit for people that don't understand, I'm British and I'm criticising British media for saying why isn't china talking about the Tibet floods when we have almost exclusively described them as the Nepal floods and have barely mentioned Tibet ourselves, apart from saying the flood took place on the border or Tibet and Nepal.",user_0106,25,2026-08-30,UgzD7L3nOgWfdGE9Afd4AaABAg,,"ctx4_gemma_en_topic_none (Gemma-2-9B, no context)","ctx4_gemma_en_root (Gemma-2-9B, root)"
Why footage of Tibet floods isn't being shown in China. #BBCNews,UgzD7L3nOgWfdGE9Afd4AaABAg.Aa60bk1RIYIAa6oMuycjxF,"All Chinese media’s reporting it are either banned or labeled as “China government funded media” by YT, then the same group of people claimed there was no report from China,  never underestimate how evil these western medias are,",press freedom,con,1,0.99427,0.98983,0.9898300905871504,"I mean it's also interesting that our media has been, the Nepal floods, the Nepal floods, the Nepal floods... Why isnt china talking about the Tibet floods 😂

Edit for people that don't understand, I'm British and I'm criticising British media for saying why isn't china talking about the Tibet floods when we have almost exclusively described them as the Nepal floods and have barely mentioned Tibet ourselves, apart from saying the flood took place on the border or Tibet and Nepal.",user_0106,25,2026-08-30,UgzD7L3nOgWfdGE9Afd4AaABAg,,"ctx4_gemma_en_topic_none (Gemma-2-9B, no context)","ctx4_gemma_en_root (Gemma-2-9B, root)"
Why footage of Tibet floods isn't being shown in China. #BBCNews,UgzD7L3nOgWfdGE9Afd4AaABAg.Aa60bk1RIYIAa6oMuycjxF,"All Chinese media’s reporting it are either banned or labeled as “China government funded media” by YT, then the same group of people claimed there was no report from China,  never underestimate how evil these western medias are,",communism / socialism,pro,1,0.998451,0.938127,0.938126916580184,"I mean it's also interesting that our media has been, the Nepal floods, the Nepal floods, the Nepal floods... Why isnt china talking about the Tibet floods 😂

Edit for people that don't understand, I'm British and I'm criticising British media for saying why isn't china talking about the Tibet floods when we have almost exclusively described them as the Nepal floods and have barely mentioned Tibet ourselves, apart from saying the flood took place on the border or Tibet and Nepal.",user_0106,25,2026-08-30,UgzD7L3nOgWfdGE9Afd4AaABAg,,"ctx4_gemma_en_topic_none (Gemma-2-9B, no context)","ctx4_gemma_en_root (Gemma-2-9B, root)"
Why footage of Tibet floods isn't being shown in China. #BBCNews,UgzD7L3nOgWfdGE9Afd4AaABAg.Aa60bk1RIYIAa6oMuycjxF,"All Chinese media’s reporting it are either banned or labeled as “China government funded media” by YT, then the same group of people claimed there was no report from China,  never underestimate how evil these western medias are,",government / the state,pro,1,0.987568,0.963782,0.9637816895027226,"I mean it's also interesting that our media has been, the Nepal floods, the Nepal floods, the Nepal floods... Why isnt china talking about the Tibet floods 😂

Edit for people that don't understand, I'm British and I'm criticising British media for saying why isn't china talking about the Tibet floods when we have almost exclusively described them as the Nepal floods and have barely mentioned Tibet ourselves, apart from saying the flood took place on the border or Tibet and Nepal.",user_0106,25,2026-08-30,UgzD7L3nOgWfdGE9Afd4AaABAg,,"ctx4_gemma_en_topic_none (Gemma-2-9B, no context)","ctx4_gemma_en_root (Gemma-2-9B, root)"
Why footage of Tibet floods isn't being shown in China. #BBCNews,UgzD7L3nOgWfdGE9Afd4AaABAg.Aa60bk1RIYIAa6oYj-oLB9,@user Chinese propaganda! Nobody is buying this bs !,china,con,1,0.99883,0.996293,0.9962929317964888,"Bạn nghĩ lẽ nào thủ tướng Trung Quốc Lý Cường đã trực tiếp đến đến hiện trường vụ lũ quét, nhưng truyền thông của họ vẫn không đưa tin về việc này sao. Bạn chỉ cần cố gắng dùng trí não một chút là sẽ hiểu thôi mà. Đừng dùng định kiến của bạn về đảng cộng sản ở bất cứ đâu. Trên thực tế họ đang đưa Trung Quốc phát triển ở hiện tại mà như trong tương lai những năm 2300 rồi đấy",user_0107,3,2026-08-30,UgzD7L3nOgWfdGE9Afd4AaABAg,,"ctx4_gemma_en_topic_none (Gemma-2-9B, no context)","ctx4_gemma_en_root (Gemma-2-9B, root)"
Why footage of Tibet floods isn't being shown in China. #BBCNews,UgzD7L3nOgWfdGE9Afd4AaABAg.Aa60bk1RIYIAa6oYj-oLB9,@user Chinese propaganda! Nobody is buying this bs !,bbc,pro,1,0.944181,0.887205,0.8872045937171068,"Bạn nghĩ lẽ nào thủ tướng Trung Quốc Lý Cường đã trực tiếp đến đến hiện trường vụ lũ quét, nhưng truyền thông của họ vẫn không đưa tin về việc này sao. Bạn chỉ cần cố gắng dùng trí não một chút là sẽ hiểu thôi mà. Đừng dùng định kiến của bạn về đảng cộng sản ở bất cứ đâu. Trên thực tế họ đang đưa Trung Quốc phát triển ở hiện tại mà như trong tương lai những năm 2300 rồi đấy",user_0107,3,2026-08-30,UgzD7L3nOgWfdGE9Afd4AaABAg,,"ctx4_gemma_en_topic_none (Gemma-2-9B, no context)","ctx4_gemma_en_root (Gemma-2-9B, root)"
Why footage of Tibet floods isn't being shown in China. #BBCNews,UgzD7L3nOgWfdGE9Afd4AaABAg.Aa60bk1RIYIAa6oYj-oLB9,@user Chinese propaganda! Nobody is buying this bs !,press freedom,pro,1,0.997748,0.845939,0.8459391791845848,"Bạn nghĩ lẽ nào thủ tướng Trung Quốc Lý Cường đã trực tiếp đến đến hiện trường vụ lũ quét, nhưng truyền thông của họ vẫn không đưa tin về việc này sao. Bạn chỉ cần cố gắng dùng trí não một chút là sẽ hiểu thôi mà. Đừng dùng định kiến của bạn về đảng cộng sản ở bất cứ đâu. Trên thực tế họ đang đưa Trung Quốc phát triển ở hiện tại mà như trong tương lai những năm 2300 rồi đấy",user_0107,3,2026-08-30,UgzD7L3nOgWfdGE9Afd4AaABAg,,"ctx4_gemma_en_topic_none (Gemma-2-9B, no context)","ctx4_gemma_en_root (Gemma-2-9B, root)"
Why footage of Tibet floods isn't being shown in China. #BBCNews,UgzD7L3nOgWfdGE9Afd4AaABAg.Aa60bk1RIYIAa6oYj-oLB9,@user Chinese propaganda! Nobody is buying this bs !,communism / socialism,con,1,0.997677,0.962673,0.9626731126558706,"Bạn nghĩ lẽ nào thủ tướng Trung Quốc Lý Cường đã trực tiếp đến đến hiện trường vụ lũ quét, nhưng truyền thông của họ vẫn không đưa tin về việc này sao. Bạn chỉ cần cố gắng dùng trí não một chút là sẽ hiểu thôi mà. Đừng dùng định kiến của bạn về đảng cộng sản ở bất cứ đâu. Trên thực tế họ đang đưa Trung Quốc phát triển ở hiện tại mà như trong tương lai những năm 2300 rồi đấy",user_0107,3,2026-08-30,UgzD7L3nOgWfdGE9Afd4AaABAg,,"ctx4_gemma_en_topic_none (Gemma-2-9B, no context)","ctx4_gemma_en_root (Gemma-2-9B, root)"
Why footage of Tibet floods isn't being shown in China. #BBCNews,UgzD7L3nOgWfdGE9Afd4AaABAg.Aa60bk1RIYIAa6qfYUglpk,"@user bạn đang bị bao trùm bởi các kênh truyền thông phương tây. Thuật toán của họ chỉ cho bạn thấy những điều tiêu cực và xấu xa của Trung Quốc. Hãy tự mình thoát khỏi nó bằng cách tự mình đi du lịch Trung Quốc, tôi có thể gợi ý cho bạn 1 điểm đến là Thâm Quyến một nơi siêu siêu hiện đại của những công nghệ Trung Quốc đang làm thay đổi cuộc sống của con người. Sau chuyến du lịch bạn sẽ có cái nhìn hoàn toàn ngược lại về Trung Quốc và truyền thông phương tây đấy.",united states,con,1,0.993807,0.921925,0.9219254338773868,"I mean it's also interesting that our media has been, the Nepal floods, the Nepal floods, the Nepal floods... Why isnt china talking about the Tibet floods 😂

Edit for people that don't understand, I'm British and I'm criticising British media for saying why isn't china talking about the Tibet floods when we have almost exclusively described them as the Nepal floods and have barely mentioned Tibet ourselves, apart from saying the flood took place on the border or Tibet and Nepal.",user_0104,0,2026-08-30,UgzD7L3nOgWfdGE9Afd4AaABAg,,"ctx4_gemma_en_topic_none (Gemma-2-9B, no context)","ctx4_gemma_en_root (Gemma-2-9B, root)"
Why footage of Tibet floods isn't being shown in China. #BBCNews,UgzD7L3nOgWfdGE9Afd4AaABAg.Aa60bk1RIYIAa6qfYUglpk,"@user bạn đang bị bao trùm bởi các kênh truyền thông phương tây. Thuật toán của họ chỉ cho bạn thấy những điều tiêu cực và xấu xa của Trung Quốc. Hãy tự mình thoát khỏi nó bằng cách tự mình đi du lịch Trung Quốc, tôi có thể gợi ý cho bạn 1 điểm đến là Thâm Quyến một nơi siêu siêu hiện đại của những công nghệ Trung Quốc đang làm thay đổi cuộc sống của con người. Sau chuyến du lịch bạn sẽ có cái nhìn hoàn toàn ngược lại về Trung Quốc và truyền thông phương tây đấy.",china,pro,1,0.999447,0.998402,0.9984023140272704,"I mean it's also interesting that our media has been, the Nepal floods, the Nepal floods, the Nepal floods... Why isnt china talking about the Tibet floods 😂

Edit for people that don't understand, I'm British and I'm criticising British media for saying why isn't china talking about the Tibet floods when we have almost exclusively described them as the Nepal floods and have barely mentioned Tibet ourselves, apart from saying the flood took place on the border or Tibet and Nepal.",user_0104,0,2026-08-30,UgzD7L3nOgWfdGE9Afd4AaABAg,,"ctx4_gemma_en_topic_none (Gemma-2-9B, no context)","ctx4_gemma_en_root (Gemma-2-9B, root)"
Why footage of Tibet floods isn't being shown in China. #BBCNews,UgzD7L3nOgWfdGE9Afd4AaABAg.Aa60bk1RIYIAa6qfYUglpk,"@user bạn đang bị bao trùm bởi các kênh truyền thông phương tây. Thuật toán của họ chỉ cho bạn thấy những điều tiêu cực và xấu xa của Trung Quốc. Hãy tự mình thoát khỏi nó bằng cách tự mình đi du lịch Trung Quốc, tôi có thể gợi ý cho bạn 1 điểm đến là Thâm Quyến một nơi siêu siêu hiện đại của những công nghệ Trung Quốc đang làm thay đổi cuộc sống của con người. Sau chuyến du lịch bạn sẽ có cái nhìn hoàn toàn ngược lại về Trung Quốc và truyền thông phương tây đấy.",bbc,con,1,0.996115,0.966914,0.9669140216112958,"I mean it's also interesting that our media has been, the Nepal floods, the Nepal floods, the Nepal floods... Why isnt china talking about the Tibet floods 😂

Edit for people that don't understand, I'm British and I'm criticising British media for saying why isn't china talking about the Tibet floods when we have almost exclusively described them as the Nepal floods and have barely mentioned Tibet ourselves, apart from saying the flood took place on the border or Tibet and Nepal.",user_0104,0,2026-08-30,UgzD7L3nOgWfdGE9Afd4AaABAg,,"ctx4_gemma_en_topic_none (Gemma-2-9B, no context)","ctx4_gemma_en_root (Gemma-2-9B, root)"
Why footage of Tibet floods isn't being shown in China. #BBCNews,UgzD7L3nOgWfdGE9Afd4AaABAg.Aa60bk1RIYIAa6qfYUglpk,"@user bạn đang bị bao trùm bởi các kênh truyền thông phương tây. Thuật toán của họ chỉ cho bạn thấy những điều tiêu cực và xấu xa của Trung Quốc. Hãy tự mình thoát khỏi nó bằng cách tự mình đi du lịch Trung Quốc, tôi có thể gợi ý cho bạn 1 điểm đến là Thâm Quyến một nơi siêu siêu hiện đại của những công nghệ Trung Quốc đang làm thay đổi cuộc sống của con người. Sau chuyến du lịch bạn sẽ có cái nhìn hoàn toàn ngược lại về Trung Quốc và truyền thông phương tây đấy.",press freedom,con,1,0.994615,0.984094,0.9840936082881852,"I mean it's also interesting that our media has been, the Nepal floods, the Nepal floods, the Nepal floods... Why isnt china talking about the Tibet floods 😂

Edit for people that don't understand, I'm British and I'm criticising British media for saying why isn't china talking about the Tibet floods when we have almost exclusively described them as the Nepal floods and have barely mentioned Tibet ourselves, apart from saying the flood took place on the border or Tibet and Nepal.",user_0104,0,2026-08-30,UgzD7L3nOgWfdGE9Afd4AaABAg,,"ctx4_gemma_en_topic_none (Gemma-2-9B, no context)","ctx4_gemma_en_root (Gemma-2-9B, root)"
Why footage of Tibet floods isn't being shown in China. #BBCNews,UgzD7L3nOgWfdGE9Afd4AaABAg.Aa60bk1RIYIAa6qfYUglpk,"@user bạn đang bị bao trùm bởi các kênh truyền thông phương tây. Thuật toán của họ chỉ cho bạn thấy những điều tiêu cực và xấu xa của Trung Quốc. Hãy tự mình thoát khỏi nó bằng cách tự mình đi du lịch Trung Quốc, tôi có thể gợi ý cho bạn 1 điểm đến là Thâm Quyến một nơi siêu siêu hiện đại của những công nghệ Trung Quốc đang làm thay đổi cuộc sống của con người. Sau chuyến du lịch bạn sẽ có cái nhìn hoàn toàn ngược lại về Trung Quốc và truyền thông phương tây đấy.",communism / socialism,pro,1,0.99929,0.901916,0.9019162534521656,"I mean it's also interesting that our media has been, the Nepal floods, the Nepal floods, the Nepal floods... Why isnt china talking about the Tibet floods 😂

Edit for people that don't understand, I'm British and I'm criticising British media for saying why isn't china talking about the Tibet floods when we have almost exclusively described them as the Nepal floods and have barely mentioned Tibet ourselves, apart from saying the flood took place on the border or Tibet and Nepal.",user_0104,0,2026-08-30,UgzD7L3nOgWfdGE9Afd4AaABAg,,"ctx4_gemma_en_topic_none (Gemma-2-9B, no context)","ctx4_gemma_en_root (Gemma-2-9B, root)"
Why footage of Tibet floods isn't being shown in China. #BBCNews,UgzD7L3nOgWfdGE9Afd4AaABAg.Aa60bk1RIYIAa6qfYUglpk,"@user bạn đang bị bao trùm bởi các kênh truyền thông phương tây. Thuật toán của họ chỉ cho bạn thấy những điều tiêu cực và xấu xa của Trung Quốc. Hãy tự mình thoát khỏi nó bằng cách tự mình đi du lịch Trung Quốc, tôi có thể gợi ý cho bạn 1 điểm đến là Thâm Quyến một nơi siêu siêu hiện đại của những công nghệ Trung Quốc đang làm thay đổi cuộc sống của con người. Sau chuyến du lịch bạn sẽ có cái nhìn hoàn toàn ngược lại về Trung Quốc và truyền thông phương tây đấy.",government / the state,pro,1,0.985043,0.57366,0.573660064489236,"I mean it's also interesting that our media has been, the Nepal floods, the Nepal floods, the Nepal floods... Why isnt china talking about the Tibet floods 😂

Edit for people that don't understand, I'm British and I'm criticising British media for saying why isn't china talking about the Tibet floods when we have almost exclusively described them as the Nepal floods and have barely mentioned Tibet ourselves, apart from saying the flood took place on the border or Tibet and Nepal.",user_0104,0,2026-08-30,UgzD7L3nOgWfdGE9Afd4AaABAg,,"ctx4_gemma_en_topic_none (Gemma-2-9B, no context)","ctx4_gemma_en_root (Gemma-2-9B, root)"
Why footage of Tibet floods isn't being shown in China. #BBCNews,UgzD7L3nOgWfdGE9Afd4AaABAg.Aa60bk1RIYIAa7OY6WrjBj,Tell me you're never watching Chinese news without telling me,china,con,1,0.588895,0.995601,0.995600696337365,"I mean it's also interesting that our media has been, the Nepal floods, the Nepal floods, the Nepal floods... Why isnt china talking about the Tibet floods 😂

Edit for people that don't understand, I'm British and I'm criticising British media for saying why isn't china talking about the Tibet floods when we have almost exclusively described them as the Nepal floods and have barely mentioned Tibet ourselves, apart from saying the flood took place on the border or Tibet and Nepal.",user_0108,6,2026-08-30,UgzD7L3nOgWfdGE9Afd4AaABAg,,"ctx4_gemma_en_topic_none (Gemma-2-9B, no context)","ctx4_gemma_en_root (Gemma-2-9B, root)"
Why footage of Tibet floods isn't being shown in China. #BBCNews,UgzD7L3nOgWfdGE9Afd4AaABAg.Aa60bk1RIYIAa7OY6WrjBj,Tell me you're never watching Chinese news without telling me,bbc,pro,1,0.712222,0.661906,0.6619060920725048,"I mean it's also interesting that our media has been, the Nepal floods, the Nepal floods, the Nepal floods... Why isnt china talking about the Tibet floods 😂

Edit for people that don't understand, I'm British and I'm criticising British media for saying why isn't china talking about the Tibet floods when we have almost exclusively described them as the Nepal floods and have barely mentioned Tibet ourselves, apart from saying the flood took place on the border or Tibet and Nepal.",user_0108,6,2026-08-30,UgzD7L3nOgWfdGE9Afd4AaABAg,,"ctx4_gemma_en_topic_none (Gemma-2-9B, no context)","ctx4_gemma_en_root (Gemma-2-9B, root)"
Why footage of Tibet floods isn't being shown in China. #BBCNews,UgzD7L3nOgWfdGE9Afd4AaABAg.Aa60bk1RIYIAa7OY6WrjBj,Tell me you're never watching Chinese news without telling me,press freedom,pro,1,0.977023,0.607663,0.6076631698328917,"I mean it's also interesting that our media has been, the Nepal floods, the Nepal floods, the Nepal floods... Why isnt china talking about the Tibet floods 😂

Edit for people that don't understand, I'm British and I'm criticising British media for saying why isn't china talking about the Tibet floods when we have almost exclusively described them as the Nepal floods and have barely mentioned Tibet ourselves, apart from saying the flood took place on the border or Tibet and Nepal.",user_0108,6,2026-08-30,UgzD7L3nOgWfdGE9Afd4AaABAg,,"ctx4_gemma_en_topic_none (Gemma-2-9B, no context)","ctx4_gemma_en_root (Gemma-2-9B, root)"
Why footage of Tibet floods isn't being shown in China. #BBCNews,UgzD7L3nOgWfdGE9Afd4AaABAg.Aa60bk1RIYIAa7OY6WrjBj,Tell me you're never watching Chinese news without telling me,communism / socialism,pro,1,0.507799,0.914901,0.9149009549929796,"I mean it's also interesting that our media has been, the Nepal floods, the Nepal floods, the Nepal floods... Why isnt china talking about the Tibet floods 😂

Edit for people that don't understand, I'm British and I'm criticising British media for saying why isn't china talking about the Tibet floods when we have almost exclusively described them as the Nepal floods and have barely mentioned Tibet ourselves, apart from saying the flood took place on the border or Tibet and Nepal.",user_0108,6,2026-08-30,UgzD7L3nOgWfdGE9Afd4AaABAg,,"ctx4_gemma_en_topic_none (Gemma-2-9B, no context)","ctx4_gemma_en_root (Gemma-2-9B, root)"
Why footage of Tibet floods isn't being shown in China. #BBCNews,UgzD7L3nOgWfdGE9Afd4AaABAg.Aa60bk1RIYIAa7OY6WrjBj,Tell me you're never watching Chinese news without telling me,government / the state,con,1,0.841829,0.558333,0.558333159275428,"I mean it's also interesting that our media has been, the Nepal floods, the Nepal floods, the Nepal floods... Why isnt china talking about the Tibet floods 😂

Edit for people that don't understand, I'm British and I'm criticising British media for saying why isn't china talking about the Tibet floods when we have almost exclusively described them as the Nepal floods and have barely mentioned Tibet ourselves, apart from saying the flood took place on the border or Tibet and Nepal.",user_0108,6,2026-08-30,UgzD7L3nOgWfdGE9Afd4AaABAg,,"ctx4_gemma_en_topic_none (Gemma-2-9B, no context)","ctx4_gemma_en_root (Gemma-2-9B, root)"
Why footage of Tibet floods isn't being shown in China. #BBCNews,UgzD7L3nOgWfdGE9Afd4AaABAg.Aa60bk1RIYIAa7RfYdC4IC,"@user NO ONE believes western fake news any more, especially their anti china propagandas.",united states,con,1,0.996516,0.896247,0.8962467237990414,"I mean it's also interesting that our media has been, the Nepal floods, the Nepal floods, the Nepal floods... Why isnt china talking about the Tibet floods 😂

Edit for people that don't understand, I'm British and I'm criticising British media for saying why isn't china talking about the Tibet floods when we have almost exclusively described them as the Nepal floods and have barely mentioned Tibet ourselves, apart from saying the flood took place on the border or Tibet and Nepal.",user_0106,8,2026-08-30,UgzD7L3nOgWfdGE9Afd4AaABAg,,"ctx4_gemma_en_topic_none (Gemma-2-9B, no context)","ctx4_gemma_en_root (Gemma-2-9B, root)"
Why footage of Tibet floods isn't being shown in China. #BBCNews,UgzD7L3nOgWfdGE9Afd4AaABAg.Aa60bk1RIYIAa7RfYdC4IC,"@user NO ONE believes western fake news any more, especially their anti china propagandas.",china,pro,1,0.999183,0.99711,0.9971102749170786,"I mean it's also interesting that our media has been, the Nepal floods, the Nepal floods, the Nepal floods... Why isnt china talking about the Tibet floods 😂

Edit for people that don't understand, I'm British and I'm criticising British media for saying why isn't china talking about the Tibet floods when we have almost exclusively described them as the Nepal floods and have barely mentioned Tibet ourselves, apart from saying the flood took place on the border or Tibet and Nepal.",user_0106,8,2026-08-30,UgzD7L3nOgWfdGE9Afd4AaABAg,,"ctx4_gemma_en_topic_none (Gemma-2-9B, no context)","ctx4_gemma_en_root (Gemma-2-9B, root)"
Why footage of Tibet floods isn't being shown in China. #BBCNews,UgzD7L3nOgWfdGE9Afd4AaABAg.Aa60bk1RIYIAa7RfYdC4IC,"@user NO ONE believes western fake news any more, especially their anti china propagandas.",bbc,con,1,0.996727,0.976312,0.976311685087098,"I mean it's also interesting that our media has been, the Nepal floods, the Nepal floods, the Nepal floods... Why isnt china talking about the Tibet floods 😂

Edit for people that don't understand, I'm British and I'm criticising British media for saying why isn't china talking about the Tibet floods when we have almost exclusively described them as the Nepal floods and have barely mentioned Tibet ourselves, apart from saying the flood took place on the border or Tibet and Nepal.",user_0106,8,2026-08-30,UgzD7L3nOgWfdGE9Afd4AaABAg,,"ctx4_gemma_en_topic_none (Gemma-2-9B, no context)","ctx4_gemma_en_root (Gemma-2-9B, root)"
Why footage of Tibet floods isn't being shown in China. #BBCNews,UgzD7L3nOgWfdGE9Afd4AaABAg.Aa60bk1RIYIAa7RfYdC4IC,"@user NO ONE believes western fake news any more, especially their anti china propagandas.",press freedom,con,1,0.994861,0.990588,0.990587876600592,"I mean it's also interesting that our media has been, the Nepal floods, the Nepal floods, the Nepal floods... Why isnt china talking about the Tibet floods 😂

Edit for people that don't understand, I'm British and I'm criticising British media for saying why isn't china talking about the Tibet floods when we have almost exclusively described them as the Nepal floods and have barely mentioned Tibet ourselves, apart from saying the flood took place on the border or Tibet and Nepal.",user_0106,8,2026-08-30,UgzD7L3nOgWfdGE9Afd4AaABAg,,"ctx4_gemma_en_topic_none (Gemma-2-9B, no context)","ctx4_gemma_en_root (Gemma-2-9B, root)"
Why footage of Tibet floods isn't being shown in China. #BBCNews,UgzD7L3nOgWfdGE9Afd4AaABAg.Aa60bk1RIYIAa7RfYdC4IC,"@user NO ONE believes western fake news any more, especially their anti china propagandas.",communism / socialism,pro,1,0.998952,0.882425,0.8824252727065192,"I mean it's also interesting that our media has been, the Nepal floods, the Nepal floods, the Nepal floods... Why isnt china talking about the Tibet floods 😂

Edit for people that don't understand, I'm British and I'm criticising British media for saying why isn't china talking about the Tibet floods when we have almost exclusively described them as the Nepal floods and have barely mentioned Tibet ourselves, apart from saying the flood took place on the border or Tibet and Nepal.",user_0106,8,2026-08-30,UgzD7L3nOgWfdGE9Afd4AaABAg,,"ctx4_gemma_en_topic_none (Gemma-2-9B, no context)","ctx4_gemma_en_root (Gemma-2-9B, root)"
Why footage of Tibet floods isn't being shown in China. #BBCNews,UgzD7L3nOgWfdGE9Afd4AaABAg.Aa60bk1RIYIAa7ZqmhnGwm,"I live in China and I have seen the desaster on TV and local social media, so your comments are not true",china,pro,1,0.992767,0.992989,0.9929887267964536,"I mean it's also interesting that our media has been, the Nepal floods, the Nepal floods, the Nepal floods... Why isnt china talking about the Tibet floods 😂

Edit for people that don't understand, I'm British and I'm criticising British media for saying why isn't china talking about the Tibet floods when we have almost exclusively described them as the Nepal floods and have barely mentioned Tibet ourselves, apart from saying the flood took place on the border or Tibet and Nepal.",user_0109,20,2026-08-30,UgzD7L3nOgWfdGE9Afd4AaABAg,,"ctx4_gemma_en_topic_none (Gemma-2-9B, no context)","ctx4_gemma_en_root (Gemma-2-9B, root)"
Why footage of Tibet floods isn't being shown in China. #BBCNews,UgzD7L3nOgWfdGE9Afd4AaABAg.Aa60bk1RIYIAa7ZqmhnGwm,"I live in China and I have seen the desaster on TV and local social media, so your comments are not true",bbc,con,1,0.837617,0.731059,0.7310585786300049,"I mean it's also interesting that our media has been, the Nepal floods, the Nepal floods, the Nepal floods... Why isnt china talking about the Tibet floods 😂

Edit for people that don't understand, I'm British and I'm criticising British media for saying why isn't china talking about the Tibet floods when we have almost exclusively described them as the Nepal floods and have barely mentioned Tibet ourselves, apart from saying the flood took place on the border or Tibet and Nepal.",user_0109,20,2026-08-30,UgzD7L3nOgWfdGE9Afd4AaABAg,,"ctx4_gemma_en_topic_none (Gemma-2-9B, no context)","ctx4_gemma_en_root (Gemma-2-9B, root)"
Why footage of Tibet floods isn't being shown in China. #BBCNews,UgzD7L3nOgWfdGE9Afd4AaABAg.Aa60bk1RIYIAa7ZqmhnGwm,"I live in China and I have seen the desaster on TV and local social media, so your comments are not true",press freedom,pro,1,0.861535,0.562177,0.5621765008857981,"I mean it's also interesting that our media has been, the Nepal floods, the Nepal floods, the Nepal floods... Why isnt china talking about the Tibet floods 😂

Edit for people that don't understand, I'm British and I'm criticising British media for saying why isn't china talking about the Tibet floods when we have almost exclusively described them as the Nepal floods and have barely mentioned Tibet ourselves, apart from saying the flood took place on the border or Tibet and Nepal.",user_0109,20,2026-08-30,UgzD7L3nOgWfdGE9Afd4AaABAg,,"ctx4_gemma_en_topic_none (Gemma-2-9B, no context)","ctx4_gemma_en_root (Gemma-2-9B, root)"
Why footage of Tibet floods isn't being shown in China. #BBCNews,UgzD7L3nOgWfdGE9Afd4AaABAg.Aa60bk1RIYIAa7ZqmhnGwm,"I live in China and I have seen the desaster on TV and local social media, so your comments are not true",communism / socialism,pro,1,0.727961,0.737148,0.7371484747135117,"I mean it's also interesting that our media has been, the Nepal floods, the Nepal floods, the Nepal floods... Why isnt china talking about the Tibet floods 😂

Edit for people that don't understand, I'm British and I'm criticising British media for saying why isn't china talking about the Tibet floods when we have almost exclusively described them as the Nepal floods and have barely mentioned Tibet ourselves, apart from saying the flood took place on the border or Tibet and Nepal.",user_0109,20,2026-08-30,UgzD7L3nOgWfdGE9Afd4AaABAg,,"ctx4_gemma_en_topic_none (Gemma-2-9B, no context)","ctx4_gemma_en_root (Gemma-2-9B, root)"
Why footage of Tibet floods isn't being shown in China. #BBCNews,UgzD7L3nOgWfdGE9Afd4AaABAg.Aa60bk1RIYIAa7bkFhcZh3,"Friends dont belive fake things
If youtube ban in china how you acess it 

Is these qccount are bots???? As shown in news?",china,pro,1,0.95114,0.99657,0.9965704815208882,"I mean it's also interesting that our media has been, the Nepal floods, the Nepal floods, the Nepal floods... Why isnt china talking about the Tibet floods 😂

Edit for people that don't understand, I'm British and I'm criticising British media for saying why isn't china talking about the Tibet floods when we have almost exclusively described them as the Nepal floods and have barely mentioned Tibet ourselves, apart from saying the flood took place on the border or Tibet and Nepal.",user_0110,0,2026-08-30,UgzD7L3nOgWfdGE9Afd4AaABAg,,"ctx4_gemma_en_topic_none (Gemma-2-9B, no context)","ctx4_gemma_en_root (Gemma-2-9B, root)"
Why footage of Tibet floods isn't being shown in China. #BBCNews,UgzD7L3nOgWfdGE9Afd4AaABAg.Aa60bk1RIYIAa7bkFhcZh3,"Friends dont belive fake things
If youtube ban in china how you acess it 

Is these qccount are bots???? As shown in news?",bbc,con,1,0.899121,0.959156,0.9591562429122504,"I mean it's also interesting that our media has been, the Nepal floods, the Nepal floods, the Nepal floods... Why isnt china talking about the Tibet floods 😂

Edit for people that don't understand, I'm British and I'm criticising British media for saying why isn't china talking about the Tibet floods when we have almost exclusively described them as the Nepal floods and have barely mentioned Tibet ourselves, apart from saying the flood took place on the border or Tibet and Nepal.",user_0110,0,2026-08-30,UgzD7L3nOgWfdGE9Afd4AaABAg,,"ctx4_gemma_en_topic_none (Gemma-2-9B, no context)","ctx4_gemma_en_root (Gemma-2-9B, root)"
Why footage of Tibet floods isn't being shown in China. #BBCNews,UgzD7L3nOgWfdGE9Afd4AaABAg.Aa60bk1RIYIAa7bkFhcZh3,"Friends dont belive fake things
If youtube ban in china how you acess it 

Is these qccount are bots???? As shown in news?",press freedom,con,1,0.877482,0.982822,0.982822024816606,"I mean it's also interesting that our media has been, the Nepal floods, the Nepal floods, the Nepal floods... Why isnt china talking about the Tibet floods 😂

Edit for people that don't understand, I'm British and I'm criticising British media for saying why isn't china talking about the Tibet floods when we have almost exclusively described them as the Nepal floods and have barely mentioned Tibet ourselves, apart from saying the flood took place on the border or Tibet and Nepal.",user_0110,0,2026-08-30,UgzD7L3nOgWfdGE9Afd4AaABAg,,"ctx4_gemma_en_topic_none (Gemma-2-9B, no context)","ctx4_gemma_en_root (Gemma-2-9B, root)"
Why footage of Tibet floods isn't being shown in China. #BBCNews,UgzD7L3nOgWfdGE9Afd4AaABAg.Aa60bk1RIYIAa7bkFhcZh3,"Friends dont belive fake things
If youtube ban in china how you acess it 

Is these qccount are bots???? As shown in news?",uyghurs / xinjiang,pro,1,0.527323,0.585089,0.585089016261908,"I mean it's also interesting that our media has been, the Nepal floods, the Nepal floods, the Nepal floods... Why isnt china talking about the Tibet floods 😂

Edit for people that don't understand, I'm British and I'm criticising British media for saying why isn't china talking about the Tibet floods when we have almost exclusively described them as the Nepal floods and have barely mentioned Tibet ourselves, apart from saying the flood took place on the border or Tibet and Nepal.",user_0110,0,2026-08-30,UgzD7L3nOgWfdGE9Afd4AaABAg,,"ctx4_gemma_en_topic_none (Gemma-2-9B, no context)","ctx4_gemma_en_root (Gemma-2-9B, root)"
Why footage of Tibet floods isn't being shown in China. #BBCNews,UgzD7L3nOgWfdGE9Afd4AaABAg.Aa60bk1RIYIAa7bkFhcZh3,"Friends dont belive fake things
If youtube ban in china how you acess it 

Is these qccount are bots???? As shown in news?",communism / socialism,pro,1,0.880797,0.793114,0.7931141555089426,"I mean it's also interesting that our media has been, the Nepal floods, the Nepal floods, the Nepal floods... Why isnt china talking about the Tibet floods 😂

Edit for people that don't understand, I'm British and I'm criticising British media for saying why isn't china talking about the Tibet floods when we have almost exclusively described them as the Nepal floods and have barely mentioned Tibet ourselves, apart from saying the flood took place on the border or Tibet and Nepal.",user_0110,0,2026-08-30,UgzD7L3nOgWfdGE9Afd4AaABAg,,"ctx4_gemma_en_topic_none (Gemma-2-9B, no context)","ctx4_gemma_en_root (Gemma-2-9B, root)"
Why footage of Tibet floods isn't being shown in China. #BBCNews,UgzD7L3nOgWfdGE9Afd4AaABAg.Aa60bk1RIYIAa7hYKikFIh,@user 2300?,china,con,1,0.912432,0.985497,0.9854971349525632,"I mean it's also interesting that our media has been, the Nepal floods, the Nepal floods, the Nepal floods... Why isnt china talking about the Tibet floods 😂

Edit for people that don't understand, I'm British and I'm criticising British media for saying why isn't china talking about the Tibet floods when we have almost exclusively described them as the Nepal floods and have barely mentioned Tibet ourselves, apart from saying the flood took place on the border or Tibet and Nepal.",user_0111,1,2026-08-30,UgzD7L3nOgWfdGE9Afd4AaABAg,,"ctx4_gemma_en_topic_none (Gemma-2-9B, no context)","ctx4_gemma_en_root (Gemma-2-9B, root)"
Why footage of Tibet floods isn't being shown in China. #BBCNews,UgzD7L3nOgWfdGE9Afd4AaABAg.Aa60bk1RIYIAa7hYKikFIh,@user 2300?,bbc,con,1,0.817574,0.956632,0.9566321269284204,"I mean it's also interesting that our media has been, the Nepal floods, the Nepal floods, the Nepal floods... Why isnt china talking about the Tibet floods 😂

Edit for people that don't understand, I'm British and I'm criticising British media for saying why isn't china talking about the Tibet floods when we have almost exclusively described them as the Nepal floods and have barely mentioned Tibet ourselves, apart from saying the flood took place on the border or Tibet and Nepal.",user_0111,1,2026-08-30,UgzD7L3nOgWfdGE9Afd4AaABAg,,"ctx4_gemma_en_topic_none (Gemma-2-9B, no context)","ctx4_gemma_en_root (Gemma-2-9B, root)"
Why footage of Tibet floods isn't being shown in China. #BBCNews,UgzD7L3nOgWfdGE9Afd4AaABAg.Aa60bk1RIYIAa7hYKikFIh,@user 2300?,press freedom,pro,1,0.554458,0.640653,0.6406531212744946,"I mean it's also interesting that our media has been, the Nepal floods, the Nepal floods, the Nepal floods... Why isnt china talking about the Tibet floods 😂

Edit for people that don't understand, I'm British and I'm criticising British media for saying why isn't china talking about the Tibet floods when we have almost exclusively described them as the Nepal floods and have barely mentioned Tibet ourselves, apart from saying the flood took place on the border or Tibet and Nepal.",user_0111,1,2026-08-30,UgzD7L3nOgWfdGE9Afd4AaABAg,,"ctx4_gemma_en_topic_none (Gemma-2-9B, no context)","ctx4_gemma_en_root (Gemma-2-9B, root)"
Why footage of Tibet floods isn't being shown in China. #BBCNews,UgzD7L3nOgWfdGE9Afd4AaABAg.Aa60bk1RIYIAa7hYKikFIh,@user 2300?,communism / socialism,con,1,0.867036,0.689311,0.6893109708446935,"I mean it's also interesting that our media has been, the Nepal floods, the Nepal floods, the Nepal floods... Why isnt china talking about the Tibet floods 😂

Edit for people that don't understand, I'm British and I'm criticising British media for saying why isn't china talking about the Tibet floods when we have almost exclusively described them as the Nepal floods and have barely mentioned Tibet ourselves, apart from saying the flood took place on the border or Tibet and Nepal.",user_0111,1,2026-08-30,UgzD7L3nOgWfdGE9Afd4AaABAg,,"ctx4_gemma_en_topic_none (Gemma-2-9B, no context)","ctx4_gemma_en_root (Gemma-2-9B, root)"
Why footage of Tibet floods isn't being shown in China. #BBCNews,UgzD7L3nOgWfdGE9Afd4AaABAg.Aa60bk1RIYIAa7wg6JzvQR,"@user nó chỉ là ước lượng để nói rằng có những nơi Trung Quốc hiện tại đang sống ở tương lai. Nhưng cũng có những quốc gia tới năm 2300 cũng chưa được như Trung Quốc bây giờ. Và tôi phải nói thật cho bạn biết rằng, tôi là người Việt Nam, chúng tôi cũng chẳng ưa gì anh bạn láng giềng Trung Quốc của mình vì lịch sử chiến tranh hàng ngàn năm với họ cả. Còn những gì Trung Quốc làm được thì chúng tôi có đánh giá khách quan trung lập và công nhận..",china,pro,1,0.743168,0.998299,0.9982992775885648,"I mean it's also interesting that our media has been, the Nepal floods, the Nepal floods, the Nepal floods... Why isnt china talking about the Tibet floods 😂

Edit for people that don't understand, I'm British and I'm criticising British media for saying why isn't china talking about the Tibet floods when we have almost exclusively described them as the Nepal floods and have barely mentioned Tibet ourselves, apart from saying the flood took place on the border or Tibet and Nepal.",user_0104,0,2026-08-30,UgzD7L3nOgWfdGE9Afd4AaABAg,,"ctx4_gemma_en_topic_none (Gemma-2-9B, no context)","ctx4_gemma_en_root (Gemma-2-9B, root)"
Why footage of Tibet floods isn't being shown in China. #BBCNews,UgzD7L3nOgWfdGE9Afd4AaABAg.Aa60bk1RIYIAa7wg6JzvQR,"@user nó chỉ là ước lượng để nói rằng có những nơi Trung Quốc hiện tại đang sống ở tương lai. Nhưng cũng có những quốc gia tới năm 2300 cũng chưa được như Trung Quốc bây giờ. Và tôi phải nói thật cho bạn biết rằng, tôi là người Việt Nam, chúng tôi cũng chẳng ưa gì anh bạn láng giềng Trung Quốc của mình vì lịch sử chiến tranh hàng ngàn năm với họ cả. Còn những gì Trung Quốc làm được thì chúng tôi có đánh giá khách quan trung lập và công nhận..",bbc,con,1,0.882425,0.585113,0.5851132920412595,"I mean it's also interesting that our media has been, the Nepal floods, the Nepal floods, the Nepal floods... Why isnt china talking about the Tibet floods 😂

Edit for people that don't understand, I'm British and I'm criticising British media for saying why isn't china talking about the Tibet floods when we have almost exclusively described them as the Nepal floods and have barely mentioned Tibet ourselves, apart from saying the flood took place on the border or Tibet and Nepal.",user_0104,0,2026-08-30,UgzD7L3nOgWfdGE9Afd4AaABAg,,"ctx4_gemma_en_topic_none (Gemma-2-9B, no context)","ctx4_gemma_en_root (Gemma-2-9B, root)"
Why footage of Tibet floods isn't being shown in China. #BBCNews,UgzD7L3nOgWfdGE9Afd4AaABAg.Aa60bk1RIYIAa7wg6JzvQR,"@user nó chỉ là ước lượng để nói rằng có những nơi Trung Quốc hiện tại đang sống ở tương lai. Nhưng cũng có những quốc gia tới năm 2300 cũng chưa được như Trung Quốc bây giờ. Và tôi phải nói thật cho bạn biết rằng, tôi là người Việt Nam, chúng tôi cũng chẳng ưa gì anh bạn láng giềng Trung Quốc của mình vì lịch sử chiến tranh hàng ngàn năm với họ cả. Còn những gì Trung Quốc làm được thì chúng tôi có đánh giá khách quan trung lập và công nhận..",communism / socialism,pro,1,0.569865,0.959763,0.9597630228365518,"I mean it's also interesting that our media has been, the Nepal floods, the Nepal floods, the Nepal floods... Why isnt china talking about the Tibet floods 😂

Edit for people that don't understand, I'm British and I'm criticising British media for saying why isn't china talking about the Tibet floods when we have almost exclusively described them as the Nepal floods and have barely mentioned Tibet ourselves, apart from saying the flood took place on the border or Tibet and Nepal.",user_0104,0,2026-08-30,UgzD7L3nOgWfdGE9Afd4AaABAg,,"ctx4_gemma_en_topic_none (Gemma-2-9B, no context)","ctx4_gemma_en_root (Gemma-2-9B, root)"
Why footage of Tibet floods isn't being shown in China. #BBCNews,UgzD7L3nOgWfdGE9Afd4AaABAg.Aa60bk1RIYIAa7wg6JzvQR,"@user nó chỉ là ước lượng để nói rằng có những nơi Trung Quốc hiện tại đang sống ở tương lai. Nhưng cũng có những quốc gia tới năm 2300 cũng chưa được như Trung Quốc bây giờ. Và tôi phải nói thật cho bạn biết rằng, tôi là người Việt Nam, chúng tôi cũng chẳng ưa gì anh bạn láng giềng Trung Quốc của mình vì lịch sử chiến tranh hàng ngàn năm với họ cả. Còn những gì Trung Quốc làm được thì chúng tôi có đánh giá khách quan trung lập và công nhận..",government / the state,con,1,0.596427,0.923034,0.9230338362950196,"I mean it's also interesting that our media has been, the Nepal floods, the Nepal floods, the Nepal floods... Why isnt china talking about the Tibet floods 😂

Edit for people that don't understand, I'm British and I'm criticising British media for saying why isn't china talking about the Tibet floods when we have almost exclusively described them as the Nepal floods and have barely mentioned Tibet ourselves, apart from saying the flood took place on the border or Tibet and Nepal.",user_0104,0,2026-08-30,UgzD7L3nOgWfdGE9Afd4AaABAg,,"ctx4_gemma_en_topic_none (Gemma-2-9B, no context)","ctx4_gemma_en_root (Gemma-2-9B, root)"
Why footage of Tibet floods isn't being shown in China. #BBCNews,UgzD7L3nOgWfdGE9Afd4AaABAg.Aa60bk1RIYIAa8AHfZPGsk,"@user Not fake news, have you not heard of a VPN",china,con,1,0.805636,0.968856,0.9688561694652216,"I mean it's also interesting that our media has been, the Nepal floods, the Nepal floods, the Nepal floods... Why isnt china talking about the Tibet floods 😂

Edit for people that don't understand, I'm British and I'm criticising British media for saying why isn't china talking about the Tibet floods when we have almost exclusively described them as the Nepal floods and have barely mentioned Tibet ourselves, apart from saying the flood took place on the border or Tibet and Nepal.",user_0109,2,2026-08-30,UgzD7L3nOgWfdGE9Afd4AaABAg,,"ctx4_gemma_en_topic_none (Gemma-2-9B, no context)","ctx4_gemma_en_root (Gemma-2-9B, root)"
Why footage of Tibet floods isn't being shown in China. #BBCNews,UgzD7L3nOgWfdGE9Afd4AaABAg.Aa60bk1RIYIAa8AHfZPGsk,"@user Not fake news, have you not heard of a VPN",bbc,con,1,0.769076,0.925228,0.925228227586563,"I mean it's also interesting that our media has been, the Nepal floods, the Nepal floods, the Nepal floods... Why isnt china talking about the Tibet floods 😂

Edit for people that don't understand, I'm British and I'm criticising British media for saying why isn't china talking about the Tibet floods when we have almost exclusively described them as the Nepal floods and have barely mentioned Tibet ourselves, apart from saying the flood took place on the border or Tibet and Nepal.",user_0109,2,2026-08-30,UgzD7L3nOgWfdGE9Afd4AaABAg,,"ctx4_gemma_en_topic_none (Gemma-2-9B, no context)","ctx4_gemma_en_root (Gemma-2-9B, root)"
Why footage of Tibet floods isn't being shown in China. #BBCNews,UgzD7L3nOgWfdGE9Afd4AaABAg.Aa60bk1RIYIAa8AHfZPGsk,"@user Not fake news, have you not heard of a VPN",press freedom,pro,1,0.951864,0.993097,0.993096504729081,"I mean it's also interesting that our media has been, the Nepal floods, the Nepal floods, the Nepal floods... Why isnt china talking about the Tibet floods 😂

Edit for people that don't understand, I'm British and I'm criticising British media for saying why isn't china talking about the Tibet floods when we have almost exclusively described them as the Nepal floods and have barely mentioned Tibet ourselves, apart from saying the flood took place on the border or Tibet and Nepal.",user_0109,2,2026-08-30,UgzD7L3nOgWfdGE9Afd4AaABAg,,"ctx4_gemma_en_topic_none (Gemma-2-9B, no context)","ctx4_gemma_en_root (Gemma-2-9B, root)"
Why footage of Tibet floods isn't being shown in China. #BBCNews,UgzD7L3nOgWfdGE9Afd4AaABAg.Aa60bk1RIYIAa8AHfZPGsk,"@user Not fake news, have you not heard of a VPN",privacy / surveillance,pro,1,0.989347,0.87235,0.872350158588109,"I mean it's also interesting that our media has been, the Nepal floods, the Nepal floods, the Nepal floods... Why isnt china talking about the Tibet floods 😂

Edit for people that don't understand, I'm British and I'm criticising British media for saying why isn't china talking about the Tibet floods when we have almost exclusively described them as the Nepal floods and have barely mentioned Tibet ourselves, apart from saying the flood took place on the border or Tibet and Nepal.",user_0109,2,2026-08-30,UgzD7L3nOgWfdGE9Afd4AaABAg,,"ctx4_gemma_en_topic_none (Gemma-2-9B, no context)","ctx4_gemma_en_root (Gemma-2-9B, root)"
Why footage of Tibet floods isn't being shown in China. #BBCNews,UgzD7L3nOgWfdGE9Afd4AaABAg.Aa60bk1RIYIAa8AHfZPGsk,"@user Not fake news, have you not heard of a VPN",communism / socialism,con,1,0.647804,0.558333,0.558333159275428,"I mean it's also interesting that our media has been, the Nepal floods, the Nepal floods, the Nepal floods... Why isnt china talking about the Tibet floods 😂

Edit for people that don't understand, I'm British and I'm criticising British media for saying why isn't china talking about the Tibet floods when we have almost exclusively described them as the Nepal floods and have barely mentioned Tibet ourselves, apart from saying the flood took place on the border or Tibet and Nepal.",user_0109,2,2026-08-30,UgzD7L3nOgWfdGE9Afd4AaABAg,,"ctx4_gemma_en_topic_none (Gemma-2-9B, no context)","ctx4_gemma_en_root (Gemma-2-9B, root)"
Why footage of Tibet floods isn't being shown in China. #BBCNews,UgzD7L3nOgWfdGE9Afd4AaABAg.Aa60bk1RIYIAa8AL4ssEYK,@user twice a day,china,con,1,0.679179,0.985496,0.985495705629976,"I mean it's also interesting that our media has been, the Nepal floods, the Nepal floods, the Nepal floods... Why isnt china talking about the Tibet floods 😂

Edit for people that don't understand, I'm British and I'm criticising British media for saying why isn't china talking about the Tibet floods when we have almost exclusively described them as the Nepal floods and have barely mentioned Tibet ourselves, apart from saying the flood took place on the border or Tibet and Nepal.",user_0109,0,2026-08-30,UgzD7L3nOgWfdGE9Afd4AaABAg,,"ctx4_gemma_en_topic_none (Gemma-2-9B, no context)","ctx4_gemma_en_root (Gemma-2-9B, root)"
Why footage of Tibet floods isn't being shown in China. #BBCNews,UgzD7L3nOgWfdGE9Afd4AaABAg.Aa60bk1RIYIAa8AL4ssEYK,@user twice a day,bbc,pro,1,0.535092,0.969784,0.969783947814902,"I mean it's also interesting that our media has been, the Nepal floods, the Nepal floods, the Nepal floods... Why isnt china talking about the Tibet floods 😂

Edit for people that don't understand, I'm British and I'm criticising British media for saying why isn't china talking about the Tibet floods when we have almost exclusively described them as the Nepal floods and have barely mentioned Tibet ourselves, apart from saying the flood took place on the border or Tibet and Nepal.",user_0109,0,2026-08-30,UgzD7L3nOgWfdGE9Afd4AaABAg,,"ctx4_gemma_en_topic_none (Gemma-2-9B, no context)","ctx4_gemma_en_root (Gemma-2-9B, root)"
Why footage of Tibet floods isn't being shown in China. #BBCNews,UgzD7L3nOgWfdGE9Afd4AaABAg.Aa60bk1RIYIAa8AL4ssEYK,@user twice a day,press freedom,pro,1,0.973645,0.699265,0.6992649358377853,"I mean it's also interesting that our media has been, the Nepal floods, the Nepal floods, the Nepal floods... Why isnt china talking about the Tibet floods 😂

Edit for people that don't understand, I'm British and I'm criticising British media for saying why isn't china talking about the Tibet floods when we have almost exclusively described them as the Nepal floods and have barely mentioned Tibet ourselves, apart from saying the flood took place on the border or Tibet and Nepal.",user_0109,0,2026-08-30,UgzD7L3nOgWfdGE9Afd4AaABAg,,"ctx4_gemma_en_topic_none (Gemma-2-9B, no context)","ctx4_gemma_en_root (Gemma-2-9B, root)"
Why footage of Tibet floods isn't being shown in China. #BBCNews,UgzD7L3nOgWfdGE9Afd4AaABAg.Aa60bk1RIYIAa8AL4ssEYK,@user twice a day,communism / socialism,con,1,0.67577,0.702535,0.7025352819081485,"I mean it's also interesting that our media has been, the Nepal floods, the Nepal floods, the Nepal floods... Why isnt china talking about the Tibet floods 😂

Edit for people that don't understand, I'm British and I'm criticising British media for saying why isn't china talking about the Tibet floods when we have almost exclusively described them as the Nepal floods and have barely mentioned Tibet ourselves, apart from saying the flood took place on the border or Tibet and Nepal.",user_0109,0,2026-08-30,UgzD7L3nOgWfdGE9Afd4AaABAg,,"ctx4_gemma_en_topic_none (Gemma-2-9B, no context)","ctx4_gemma_en_root (Gemma-2-9B, root)"
Why footage of Tibet floods isn't being shown in China. #BBCNews,UgzD7L3nOgWfdGE9Afd4AaABAg.Aa60bk1RIYIAa9JDC3cdiB,看BBC久了，佩服这些高高在上的洋大爷，总是能一脸真诚的黑中国人……,united states,con,1,0.99341,0.962108,0.9621084847746292,"I mean it's also interesting that our media has been, the Nepal floods, the Nepal floods, the Nepal floods... Why isnt china talking about the Tibet floods 😂

Edit for people that don't understand, I'm British and I'm criticising British media for saying why isn't china talking about the Tibet floods when we have almost exclusively described them as the Nepal floods and have barely mentioned Tibet ourselves, apart from saying the flood took place on the border or Tibet and Nepal.",user_0112,3,2026-08-31,UgzD7L3nOgWfdGE9Afd4AaABAg,,"ctx4_gemma_en_topic_none (Gemma-2-9B, no context)","ctx4_gemma_en_root (Gemma-2-9B, root)"
Why footage of Tibet floods isn't being shown in China. #BBCNews,UgzD7L3nOgWfdGE9Afd4AaABAg.Aa60bk1RIYIAa9JDC3cdiB,看BBC久了，佩服这些高高在上的洋大爷，总是能一脸真诚的黑中国人……,united kingdom,con,1,0.995532,0.905988,0.905987691055172,"I mean it's also interesting that our media has been, the Nepal floods, the Nepal floods, the Nepal floods... Why isnt china talking about the Tibet floods 😂

Edit for people that don't understand, I'm British and I'm criticising British media for saying why isn't china talking about the Tibet floods when we have almost exclusively described them as the Nepal floods and have barely mentioned Tibet ourselves, apart from saying the flood took place on the border or Tibet and Nepal.",user_0112,3,2026-08-31,UgzD7L3nOgWfdGE9Afd4AaABAg,,"ctx4_gemma_en_topic_none (Gemma-2-9B, no context)","ctx4_gemma_en_root (Gemma-2-9B, root)"
Why footage of Tibet floods isn't being shown in China. #BBCNews,UgzD7L3nOgWfdGE9Afd4AaABAg.Aa60bk1RIYIAa9JDC3cdiB,看BBC久了，佩服这些高高在上的洋大爷，总是能一脸真诚的黑中国人……,china,pro,1,0.997851,0.99764,0.9976401627543958,"I mean it's also interesting that our media has been, the Nepal floods, the Nepal floods, the Nepal floods... Why isnt china talking about the Tibet floods 😂

Edit for people that don't understand, I'm British and I'm criticising British media for saying why isn't china talking about the Tibet floods when we have almost exclusively described them as the Nepal floods and have barely mentioned Tibet ourselves, apart from saying the flood took place on the border or Tibet and Nepal.",user_0112,3,2026-08-31,UgzD7L3nOgWfdGE9Afd4AaABAg,,"ctx4_gemma_en_topic_none (Gemma-2-9B, no context)","ctx4_gemma_en_root (Gemma-2-9B, root)"
Why footage of Tibet floods isn't being shown in China. #BBCNews,UgzD7L3nOgWfdGE9Afd4AaABAg.Aa60bk1RIYIAa9JDC3cdiB,看BBC久了，佩服这些高高在上的洋大爷，总是能一脸真诚的黑中国人……,india,pro,1,0.968856,0.76066,0.7606597556205152,"I mean it's also interesting that our media has been, the Nepal floods, the Nepal floods, the Nepal floods... Why isnt china talking about the Tibet floods 😂

Edit for people that don't understand, I'm British and I'm criticising British media for saying why isn't china talking about the Tibet floods when we have almost exclusively described them as the Nepal floods and have barely mentioned Tibet ourselves, apart from saying the flood took place on the border or Tibet and Nepal.",user_0112,3,2026-08-31,UgzD7L3nOgWfdGE9Afd4AaABAg,,"ctx4_gemma_en_topic_none (Gemma-2-9B, no context)","ctx4_gemma_en_root (Gemma-2-9B, root)"
Why footage of Tibet floods isn't being shown in China. #BBCNews,UgzD7L3nOgWfdGE9Afd4AaABAg.Aa60bk1RIYIAa9JDC3cdiB,看BBC久了，佩服这些高高在上的洋大爷，总是能一脸真诚的黑中国人……,bbc,con,1,0.99764,0.996676,0.9966758116029636,"I mean it's also interesting that our media has been, the Nepal floods, the Nepal floods, the Nepal floods... Why isnt china talking about the Tibet floods 😂

Edit for people that don't understand, I'm British and I'm criticising British media for saying why isn't china talking about the Tibet floods when we have almost exclusively described them as the Nepal floods and have barely mentioned Tibet ourselves, apart from saying the flood took place on the border or Tibet and Nepal.",user_0112,3,2026-08-31,UgzD7L3nOgWfdGE9Afd4AaABAg,,"ctx4_gemma_en_topic_none (Gemma-2-9B, no context)","ctx4_gemma_en_root (Gemma-2-9B, root)"
Why footage of Tibet floods isn't being shown in China. #BBCNews,UgzD7L3nOgWfdGE9Afd4AaABAg.Aa60bk1RIYIAa9JDC3cdiB,看BBC久了，佩服这些高高在上的洋大爷，总是能一脸真诚的黑中国人……,press freedom,con,1,0.981166,0.980876,0.9808759632491112,"I mean it's also interesting that our media has been, the Nepal floods, the Nepal floods, the Nepal floods... Why isnt china talking about the Tibet floods 😂

Edit for people that don't understand, I'm British and I'm criticising British media for saying why isn't china talking about the Tibet floods when we have almost exclusively described them as the Nepal floods and have barely mentioned Tibet ourselves, apart from saying the flood took place on the border or Tibet and Nepal.",user_0112,3,2026-08-31,UgzD7L3nOgWfdGE9Afd4AaABAg,,"ctx4_gemma_en_topic_none (Gemma-2-9B, no context)","ctx4_gemma_en_root (Gemma-2-9B, root)"
Why footage of Tibet floods isn't being shown in China. #BBCNews,UgzD7L3nOgWfdGE9Afd4AaABAg.Aa60bk1RIYIAa9JDC3cdiB,看BBC久了，佩服这些高高在上的洋大爷，总是能一脸真诚的黑中国人……,democracy,con,1,0.936285,0.890289,0.890289342505875,"I mean it's also interesting that our media has been, the Nepal floods, the Nepal floods, the Nepal floods... Why isnt china talking about the Tibet floods 😂

Edit for people that don't understand, I'm British and I'm criticising British media for saying why isn't china talking about the Tibet floods when we have almost exclusively described them as the Nepal floods and have barely mentioned Tibet ourselves, apart from saying the flood took place on the border or Tibet and Nepal.",user_0112,3,2026-08-31,UgzD7L3nOgWfdGE9Afd4AaABAg,,"ctx4_gemma_en_topic_none (Gemma-2-9B, no context)","ctx4_gemma_en_root (Gemma-2-9B, root)"
Why footage of Tibet floods isn't being shown in China. #BBCNews,UgzD7L3nOgWfdGE9Afd4AaABAg.Aa60bk1RIYIAa9JDC3cdiB,看BBC久了，佩服这些高高在上的洋大爷，总是能一脸真诚的黑中国人……,communism / socialism,pro,1,0.99539,0.839727,0.839727238516374,"I mean it's also interesting that our media has been, the Nepal floods, the Nepal floods, the Nepal floods... Why isnt china talking about the Tibet floods 😂

Edit for people that don't understand, I'm British and I'm criticising British media for saying why isn't china talking about the Tibet floods when we have almost exclusively described them as the Nepal floods and have barely mentioned Tibet ourselves, apart from saying the flood took place on the border or Tibet and Nepal.",user_0112,3,2026-08-31,UgzD7L3nOgWfdGE9Afd4AaABAg,,"ctx4_gemma_en_topic_none (Gemma-2-9B, no context)","ctx4_gemma_en_root (Gemma-2-9B, root)"
Why footage of Tibet floods isn't being shown in China. #BBCNews,UgzD7L3nOgWfdGE9Afd4AaABAg.Aa60bk1RIYIAa9JDC3cdiB,看BBC久了，佩服这些高高在上的洋大爷，总是能一脸真诚的黑中国人……,government / the state,con,1,0.973645,0.912432,0.9124321655738834,"I mean it's also interesting that our media has been, the Nepal floods, the Nepal floods, the Nepal floods... Why isnt china talking about the Tibet floods 😂

Edit for people that don't understand, I'm British and I'm criticising British media for saying why isn't china talking about the Tibet floods when we have almost exclusively described them as the Nepal floods and have barely mentioned Tibet ourselves, apart from saying the flood took place on the border or Tibet and Nepal.",user_0112,3,2026-08-31,UgzD7L3nOgWfdGE9Afd4AaABAg,,"ctx4_gemma_en_topic_none (Gemma-2-9B, no context)","ctx4_gemma_en_root (Gemma-2-9B, root)"
Why footage of Tibet floods isn't being shown in China. #BBCNews,UgzD7L3nOgWfdGE9Afd4AaABAg.Aa60bk1RIYIAa9TCWVrLAM,Half of the videos you have seen of this flood are from China. They have hundreds of millions of views on Chinese social media. This is BBC lying as usual.,china,pro,1,0.99517,0.993997,0.9939965533904018,"I mean it's also interesting that our media has been, the Nepal floods, the Nepal floods, the Nepal floods... Why isnt china talking about the Tibet floods 😂

Edit for people that don't understand, I'm British and I'm criticising British media for saying why isn't china talking about the Tibet floods when we have almost exclusively described them as the Nepal floods and have barely mentioned Tibet ourselves, apart from saying the flood took place on the border or Tibet and Nepal.",user_0113,5,2026-08-31,UgzD7L3nOgWfdGE9Afd4AaABAg,,"ctx4_gemma_en_topic_none (Gemma-2-9B, no context)","ctx4_gemma_en_root (Gemma-2-9B, root)"
Why footage of Tibet floods isn't being shown in China. #BBCNews,UgzD7L3nOgWfdGE9Afd4AaABAg.Aa60bk1RIYIAa9TCWVrLAM,Half of the videos you have seen of this flood are from China. They have hundreds of millions of views on Chinese social media. This is BBC lying as usual.,bbc,con,1,0.997489,0.996778,0.9967775959774984,"I mean it's also interesting that our media has been, the Nepal floods, the Nepal floods, the Nepal floods... Why isnt china talking about the Tibet floods 😂

Edit for people that don't understand, I'm British and I'm criticising British media for saying why isn't china talking about the Tibet floods when we have almost exclusively described them as the Nepal floods and have barely mentioned Tibet ourselves, apart from saying the flood took place on the border or Tibet and Nepal.",user_0113,5,2026-08-31,UgzD7L3nOgWfdGE9Afd4AaABAg,,"ctx4_gemma_en_topic_none (Gemma-2-9B, no context)","ctx4_gemma_en_root (Gemma-2-9B, root)"
Why footage of Tibet floods isn't being shown in China. #BBCNews,UgzD7L3nOgWfdGE9Afd4AaABAg.Aa60bk1RIYIAa9TCWVrLAM,Half of the videos you have seen of this flood are from China. They have hundreds of millions of views on Chinese social media. This is BBC lying as usual.,press freedom,con,1,0.546738,0.987375,0.9873753623536368,"I mean it's also interesting that our media has been, the Nepal floods, the Nepal floods, the Nepal floods... Why isnt china talking about the Tibet floods 😂

Edit for people that don't understand, I'm British and I'm criticising British media for saying why isn't china talking about the Tibet floods when we have almost exclusively described them as the Nepal floods and have barely mentioned Tibet ourselves, apart from saying the flood took place on the border or Tibet and Nepal.",user_0113,5,2026-08-31,UgzD7L3nOgWfdGE9Afd4AaABAg,,"ctx4_gemma_en_topic_none (Gemma-2-9B, no context)","ctx4_gemma_en_root (Gemma-2-9B, root)"
Why footage of Tibet floods isn't being shown in China. #BBCNews,UgzD7L3nOgWfdGE9Afd4AaABAg.Aa60bk1RIYIAa9TCWVrLAM,Half of the videos you have seen of this flood are from China. They have hundreds of millions of views on Chinese social media. This is BBC lying as usual.,communism / socialism,pro,1,0.964859,0.611376,0.6113760334262107,"I mean it's also interesting that our media has been, the Nepal floods, the Nepal floods, the Nepal floods... Why isnt china talking about the Tibet floods 😂

Edit for people that don't understand, I'm British and I'm criticising British media for saying why isn't china talking about the Tibet floods when we have almost exclusively described them as the Nepal floods and have barely mentioned Tibet ourselves, apart from saying the flood took place on the border or Tibet and Nepal.",user_0113,5,2026-08-31,UgzD7L3nOgWfdGE9Afd4AaABAg,,"ctx4_gemma_en_topic_none (Gemma-2-9B, no context)","ctx4_gemma_en_root (Gemma-2-9B, root)"
Why footage of Tibet floods isn't being shown in China. #BBCNews,UgzD7L3nOgWfdGE9Afd4AaABAg.Aa60bk1RIYIAaAISfR56LO,"@user you aren't from China, shut up, btw how is the Weather in Lahore",china,pro,1,0.957275,0.993807,0.9938068559743196,"I mean it's also interesting that our media has been, the Nepal floods, the Nepal floods, the Nepal floods... Why isnt china talking about the Tibet floods 😂

Edit for people that don't understand, I'm British and I'm criticising British media for saying why isn't china talking about the Tibet floods when we have almost exclusively described them as the Nepal floods and have barely mentioned Tibet ourselves, apart from saying the flood took place on the border or Tibet and Nepal.",user_0114,0,2026-08-31,UgzD7L3nOgWfdGE9Afd4AaABAg,,"ctx4_gemma_en_topic_none (Gemma-2-9B, no context)","ctx4_gemma_en_root (Gemma-2-9B, root)"
Why footage of Tibet floods isn't being shown in China. #BBCNews,UgzD7L3nOgWfdGE9Afd4AaABAg.Aa60bk1RIYIAaAISfR56LO,"@user you aren't from China, shut up, btw how is the Weather in Lahore",india,con,1,0.603938,0.682568,0.682568317716813,"I mean it's also interesting that our media has been, the Nepal floods, the Nepal floods, the Nepal floods... Why isnt china talking about the Tibet floods 😂

Edit for people that don't understand, I'm British and I'm criticising British media for saying why isn't china talking about the Tibet floods when we have almost exclusively described them as the Nepal floods and have barely mentioned Tibet ourselves, apart from saying the flood took place on the border or Tibet and Nepal.",user_0114,0,2026-08-31,UgzD7L3nOgWfdGE9Afd4AaABAg,,"ctx4_gemma_en_topic_none (Gemma-2-9B, no context)","ctx4_gemma_en_root (Gemma-2-9B, root)"
Why footage of Tibet floods isn't being shown in China. #BBCNews,UgzD7L3nOgWfdGE9Afd4AaABAg.Aa60bk1RIYIAaAISfR56LO,"@user you aren't from China, shut up, btw how is the Weather in Lahore",bbc,con,1,0.731059,0.699244,0.699243906070218,"I mean it's also interesting that our media has been, the Nepal floods, the Nepal floods, the Nepal floods... Why isnt china talking about the Tibet floods 😂

Edit for people that don't understand, I'm British and I'm criticising British media for saying why isn't china talking about the Tibet floods when we have almost exclusively described them as the Nepal floods and have barely mentioned Tibet ourselves, apart from saying the flood took place on the border or Tibet and Nepal.",user_0114,0,2026-08-31,UgzD7L3nOgWfdGE9Afd4AaABAg,,"ctx4_gemma_en_topic_none (Gemma-2-9B, no context)","ctx4_gemma_en_root (Gemma-2-9B, root)"
Why footage of Tibet floods isn't being shown in China. #BBCNews,UgzD7L3nOgWfdGE9Afd4AaABAg.Aa60bk1RIYIAaAISfR56LO,"@user you aren't from China, shut up, btw how is the Weather in Lahore",communism / socialism,pro,1,0.692642,0.573685,0.5736845217285542,"I mean it's also interesting that our media has been, the Nepal floods, the Nepal floods, the Nepal floods... Why isnt china talking about the Tibet floods 😂

Edit for people that don't understand, I'm British and I'm criticising British media for saying why isn't china talking about the Tibet floods when we have almost exclusively described them as the Nepal floods and have barely mentioned Tibet ourselves, apart from saying the flood took place on the border or Tibet and Nepal.",user_0114,0,2026-08-31,UgzD7L3nOgWfdGE9Afd4AaABAg,,"ctx4_gemma_en_topic_none (Gemma-2-9B, no context)","ctx4_gemma_en_root (Gemma-2-9B, root)"
Why footage of Tibet floods isn't being shown in China. #BBCNews,UgzD7L3nOgWfdGE9Afd4AaABAg.Aa60bk1RIYIAaAl4nIcx0L,@user I am in China too and the videos of the floods are easily accessible online. The BBC is lying,china,pro,1,0.986362,0.989986,0.989985933699732,"I mean it's also interesting that our media has been, the Nepal floods, the Nepal floods, the Nepal floods... Why isnt china talking about the Tibet floods 😂

Edit for people that don't understand, I'm British and I'm criticising British media for saying why isn't china talking about the Tibet floods when we have almost exclusively described them as the Nepal floods and have barely mentioned Tibet ourselves, apart from saying the flood took place on the border or Tibet and Nepal.",user_0115,4,2026-08-31,UgzD7L3nOgWfdGE9Afd4AaABAg,,"ctx4_gemma_en_topic_none (Gemma-2-9B, no context)","ctx4_gemma_en_root (Gemma-2-9B, root)"
Why footage of Tibet floods isn't being shown in China. #BBCNews,UgzD7L3nOgWfdGE9Afd4AaABAg.Aa60bk1RIYIAaAl4nIcx0L,@user I am in China too and the videos of the floods are easily accessible online. The BBC is lying,bbc,con,1,0.996054,0.995993,0.9959930103852472,"I mean it's also interesting that our media has been, the Nepal floods, the Nepal floods, the Nepal floods... Why isnt china talking about the Tibet floods 😂

Edit for people that don't understand, I'm British and I'm criticising British media for saying why isn't china talking about the Tibet floods when we have almost exclusively described them as the Nepal floods and have barely mentioned Tibet ourselves, apart from saying the flood took place on the border or Tibet and Nepal.",user_0115,4,2026-08-31,UgzD7L3nOgWfdGE9Afd4AaABAg,,"ctx4_gemma_en_topic_none (Gemma-2-9B, no context)","ctx4_gemma_en_root (Gemma-2-9B, root)"
Why footage of Tibet floods isn't being shown in China. #BBCNews,UgzD7L3nOgWfdGE9Afd4AaABAg.Aa60bk1RIYIAaAl4nIcx0L,@user I am in China too and the videos of the floods are easily accessible online. The BBC is lying,press freedom,con,1,0.918482,0.974434,0.9744341632784996,"I mean it's also interesting that our media has been, the Nepal floods, the Nepal floods, the Nepal floods... Why isnt china talking about the Tibet floods 😂

Edit for people that don't understand, I'm British and I'm criticising British media for saying why isn't china talking about the Tibet floods when we have almost exclusively described them as the Nepal floods and have barely mentioned Tibet ourselves, apart from saying the flood took place on the border or Tibet and Nepal.",user_0115,4,2026-08-31,UgzD7L3nOgWfdGE9Afd4AaABAg,,"ctx4_gemma_en_topic_none (Gemma-2-9B, no context)","ctx4_gemma_en_root (Gemma-2-9B, root)"
Why footage of Tibet floods isn't being shown in China. #BBCNews,UgzD7L3nOgWfdGE9Afd4AaABAg.Aa60bk1RIYIAaAp8YMkLv0,"@user the only videos from China of this disaster are the 2 border port CCTV footages and the drone view of the glacier collapse. 
Other than that, all the disaster footages are from Nepalese side.",china,con,1,0.961532,0.994939,0.9949394162255504,"I mean it's also interesting that our media has been, the Nepal floods, the Nepal floods, the Nepal floods... Why isnt china talking about the Tibet floods 😂

Edit for people that don't understand, I'm British and I'm criticising British media for saying why isn't china talking about the Tibet floods when we have almost exclusively described them as the Nepal floods and have barely mentioned Tibet ourselves, apart from saying the flood took place on the border or Tibet and Nepal.",user_0116,1,2026-08-31,UgzD7L3nOgWfdGE9Afd4AaABAg,,"ctx4_gemma_en_topic_none (Gemma-2-9B, no context)","ctx4_gemma_en_root (Gemma-2-9B, root)"
Why footage of Tibet floods isn't being shown in China. #BBCNews,UgzD7L3nOgWfdGE9Afd4AaABAg.Aa60bk1RIYIAaAp8YMkLv0,"@user the only videos from China of this disaster are the 2 border port CCTV footages and the drone view of the glacier collapse. 
Other than that, all the disaster footages are from Nepalese side.",bbc,con,1,0.6151,0.957279,0.957278824867106,"I mean it's also interesting that our media has been, the Nepal floods, the Nepal floods, the Nepal floods... Why isnt china talking about the Tibet floods 😂

Edit for people that don't understand, I'm British and I'm criticising British media for saying why isn't china talking about the Tibet floods when we have almost exclusively described them as the Nepal floods and have barely mentioned Tibet ourselves, apart from saying the flood took place on the border or Tibet and Nepal.",user_0116,1,2026-08-31,UgzD7L3nOgWfdGE9Afd4AaABAg,,"ctx4_gemma_en_topic_none (Gemma-2-9B, no context)","ctx4_gemma_en_root (Gemma-2-9B, root)"
Why footage of Tibet floods isn't being shown in China. #BBCNews,UgzD7L3nOgWfdGE9Afd4AaABAg.Aa60bk1RIYIAaAp8YMkLv0,"@user the only videos from China of this disaster are the 2 border port CCTV footages and the drone view of the glacier collapse. 
Other than that, all the disaster footages are from Nepalese side.",press freedom,pro,1,0.992988,0.585113,0.5851132920412595,"I mean it's also interesting that our media has been, the Nepal floods, the Nepal floods, the Nepal floods... Why isnt china talking about the Tibet floods 😂

Edit for people that don't understand, I'm British and I'm criticising British media for saying why isn't china talking about the Tibet floods when we have almost exclusively described them as the Nepal floods and have barely mentioned Tibet ourselves, apart from saying the flood took place on the border or Tibet and Nepal.",user_0116,1,2026-08-31,UgzD7L3nOgWfdGE9Afd4AaABAg,,"ctx4_gemma_en_topic_none (Gemma-2-9B, no context)","ctx4_gemma_en_root (Gemma-2-9B, root)"
Why footage of Tibet floods isn't being shown in China. #BBCNews,UgzD7L3nOgWfdGE9Afd4AaABAg.Aa60bk1RIYIAaAp8YMkLv0,"@user the only videos from China of this disaster are the 2 border port CCTV footages and the drone view of the glacier collapse. 
Other than that, all the disaster footages are from Nepalese side.",climate change,pro,1,0.880797,0.585089,0.585089016261908,"I mean it's also interesting that our media has been, the Nepal floods, the Nepal floods, the Nepal floods... Why isnt china talking about the Tibet floods 😂

Edit for people that don't understand, I'm British and I'm criticising British media for saying why isn't china talking about the Tibet floods when we have almost exclusively described them as the Nepal floods and have barely mentioned Tibet ourselves, apart from saying the flood took place on the border or Tibet and Nepal.",user_0116,1,2026-08-31,UgzD7L3nOgWfdGE9Afd4AaABAg,,"ctx4_gemma_en_topic_none (Gemma-2-9B, no context)","ctx4_gemma_en_root (Gemma-2-9B, root)"
Why footage of Tibet floods isn't being shown in China. #BBCNews,UgzD7L3nOgWfdGE9Afd4AaABAg.Aa60bk1RIYIAaAsBcfiJ9z,@user that’s all the BBC ever do.,united kingdom,con,1,0.984811,0.709035,0.7090346068676521,@user I am in China too and the videos of the floods are easily accessible online. The BBC is lying,user_0117,3,2026-08-31,UgzD7L3nOgWfdGE9Afd4AaABAg,,"ctx4_gemma_en_topic_none (Gemma-2-9B, no context)","ctx4_gemma_en_root (Gemma-2-9B, root)"
Why footage of Tibet floods isn't being shown in China. #BBCNews,UgzD7L3nOgWfdGE9Afd4AaABAg.Aa60bk1RIYIAaAsBcfiJ9z,@user that’s all the BBC ever do.,bbc,con,1,0.997917,0.997111,0.9971105630402126,@user I am in China too and the videos of the floods are easily accessible online. The BBC is lying,user_0117,3,2026-08-31,UgzD7L3nOgWfdGE9Afd4AaABAg,,"ctx4_gemma_en_topic_none (Gemma-2-9B, no context)","ctx4_gemma_en_root (Gemma-2-9B, root)"
Why footage of Tibet floods isn't being shown in China. #BBCNews,UgzD7L3nOgWfdGE9Afd4AaABAg.Aa60bk1RIYIAaAsBcfiJ9z,@user that’s all the BBC ever do.,press freedom,con,1,0.817574,0.985718,0.9857184180196225,@user I am in China too and the videos of the floods are easily accessible online. The BBC is lying,user_0117,3,2026-08-31,UgzD7L3nOgWfdGE9Afd4AaABAg,,"ctx4_gemma_en_topic_none (Gemma-2-9B, no context)","ctx4_gemma_en_root (Gemma-2-9B, root)"
Why footage of Tibet floods isn't being shown in China. #BBCNews,UgzD7L3nOgWfdGE9Afd4AaABAg.Aa60bk1RIYIAaAsBcfiJ9z,@user that’s all the BBC ever do.,democracy,con,1,0.903288,0.651355,0.6513548646660542,@user I am in China too and the videos of the floods are easily accessible online. The BBC is lying,user_0117,3,2026-08-31,UgzD7L3nOgWfdGE9Afd4AaABAg,,"ctx4_gemma_en_topic_none (Gemma-2-9B, no context)","ctx4_gemma_en_root (Gemma-2-9B, root)"
Why footage of Tibet floods isn't being shown in China. #BBCNews,UgzD7L3nOgWfdGE9Afd4AaABAg.Aa60bk1RIYIAaCehmht1-t,"@user because that's the only footage that survive the onslaught. There's sure many more buried under the mud, but we don't have that for now.",china,con,1,0.577495,0.985497,0.9854971349525632,"I mean it's also interesting that our media has been, the Nepal floods, the Nepal floods, the Nepal floods... Why isnt china talking about the Tibet floods 😂

Edit for people that don't understand, I'm British and I'm criticising British media for saying why isn't china talking about the Tibet floods when we have almost exclusively described them as the Nepal floods and have barely mentioned Tibet ourselves, apart from saying the flood took place on the border or Tibet and Nepal.",user_0118,0,2026-09-01,UgzD7L3nOgWfdGE9Afd4AaABAg,,"ctx4_gemma_en_topic_none (Gemma-2-9B, no context)","ctx4_gemma_en_root (Gemma-2-9B, root)"
Why footage of Tibet floods isn't being shown in China. #BBCNews,UgzD7L3nOgWfdGE9Afd4AaABAg.Aa60bk1RIYIAaCehmht1-t,"@user because that's the only footage that survive the onslaught. There's sure many more buried under the mud, but we don't have that for now.",bbc,pro,1,0.785313,0.969323,0.9693234549106812,"I mean it's also interesting that our media has been, the Nepal floods, the Nepal floods, the Nepal floods... Why isnt china talking about the Tibet floods 😂

Edit for people that don't understand, I'm British and I'm criticising British media for saying why isn't china talking about the Tibet floods when we have almost exclusively described them as the Nepal floods and have barely mentioned Tibet ourselves, apart from saying the flood took place on the border or Tibet and Nepal.",user_0118,0,2026-09-01,UgzD7L3nOgWfdGE9Afd4AaABAg,,"ctx4_gemma_en_topic_none (Gemma-2-9B, no context)","ctx4_gemma_en_root (Gemma-2-9B, root)"
Why footage of Tibet floods isn't being shown in China. #BBCNews,UgzD7L3nOgWfdGE9Afd4AaABAg.Aa60bk1RIYIAaCehmht1-t,"@user because that's the only footage that survive the onslaught. There's sure many more buried under the mud, but we don't have that for now.",press freedom,pro,1,0.890289,0.75779,0.7577897826935144,"I mean it's also interesting that our media has been, the Nepal floods, the Nepal floods, the Nepal floods... Why isnt china talking about the Tibet floods 😂

Edit for people that don't understand, I'm British and I'm criticising British media for saying why isn't china talking about the Tibet floods when we have almost exclusively described them as the Nepal floods and have barely mentioned Tibet ourselves, apart from saying the flood took place on the border or Tibet and Nepal.",user_0118,0,2026-09-01,UgzD7L3nOgWfdGE9Afd4AaABAg,,"ctx4_gemma_en_topic_none (Gemma-2-9B, no context)","ctx4_gemma_en_root (Gemma-2-9B, root)"
Why footage of Tibet floods isn't being shown in China. #BBCNews,UgzD7L3nOgWfdGE9Afd4AaABAg.Aa60bk1RIYIAaDBUqWAiEn,Ses imbéciles journalistes de BBC News ont publié souvent de la propagande anti chinois depuis toujours,united kingdom,con,1,0.982014,0.581297,0.5812970058867594,"I mean it's also interesting that our media has been, the Nepal floods, the Nepal floods, the Nepal floods... Why isnt china talking about the Tibet floods 😂

Edit for people that don't understand, I'm British and I'm criticising British media for saying why isn't china talking about the Tibet floods when we have almost exclusively described them as the Nepal floods and have barely mentioned Tibet ourselves, apart from saying the flood took place on the border or Tibet and Nepal.",user_0119,0,2026-09-01,UgzD7L3nOgWfdGE9Afd4AaABAg,,"ctx4_gemma_en_topic_none (Gemma-2-9B, no context)","ctx4_gemma_en_root (Gemma-2-9B, root)"
Why footage of Tibet floods isn't being shown in China. #BBCNews,UgzD7L3nOgWfdGE9Afd4AaABAg.Aa60bk1RIYIAaDBUqWAiEn,Ses imbéciles journalistes de BBC News ont publié souvent de la propagande anti chinois depuis toujours,china,pro,1,0.997851,0.996234,0.9962344924332766,"I mean it's also interesting that our media has been, the Nepal floods, the Nepal floods, the Nepal floods... Why isnt china talking about the Tibet floods 😂

Edit for people that don't understand, I'm British and I'm criticising British media for saying why isn't china talking about the Tibet floods when we have almost exclusively described them as the Nepal floods and have barely mentioned Tibet ourselves, apart from saying the flood took place on the border or Tibet and Nepal.",user_0119,0,2026-09-01,UgzD7L3nOgWfdGE9Afd4AaABAg,,"ctx4_gemma_en_topic_none (Gemma-2-9B, no context)","ctx4_gemma_en_root (Gemma-2-9B, root)"
Why footage of Tibet floods isn't being shown in China. #BBCNews,UgzD7L3nOgWfdGE9Afd4AaABAg.Aa60bk1RIYIAaDBUqWAiEn,Ses imbéciles journalistes de BBC News ont publié souvent de la propagande anti chinois depuis toujours,bbc,con,1,0.997019,0.99593,0.995929862284104,"I mean it's also interesting that our media has been, the Nepal floods, the Nepal floods, the Nepal floods... Why isnt china talking about the Tibet floods 😂

Edit for people that don't understand, I'm British and I'm criticising British media for saying why isn't china talking about the Tibet floods when we have almost exclusively described them as the Nepal floods and have barely mentioned Tibet ourselves, apart from saying the flood took place on the border or Tibet and Nepal.",user_0119,0,2026-09-01,UgzD7L3nOgWfdGE9Afd4AaABAg,,"ctx4_gemma_en_topic_none (Gemma-2-9B, no context)","ctx4_gemma_en_root (Gemma-2-9B, root)"
Why footage of Tibet floods isn't being shown in China. #BBCNews,UgzD7L3nOgWfdGE9Afd4AaABAg.Aa60bk1RIYIAaDBUqWAiEn,Ses imbéciles journalistes de BBC News ont publié souvent de la propagande anti chinois depuis toujours,press freedom,con,1,0.966914,0.995095,0.995094594294278,"I mean it's also interesting that our media has been, the Nepal floods, the Nepal floods, the Nepal floods... Why isnt china talking about the Tibet floods 😂

Edit for people that don't understand, I'm British and I'm criticising British media for saying why isn't china talking about the Tibet floods when we have almost exclusively described them as the Nepal floods and have barely mentioned Tibet ourselves, apart from saying the flood took place on the border or Tibet and Nepal.",user_0119,0,2026-09-01,UgzD7L3nOgWfdGE9Afd4AaABAg,,"ctx4_gemma_en_topic_none (Gemma-2-9B, no context)","ctx4_gemma_en_root (Gemma-2-9B, root)"
Why footage of Tibet floods isn't being shown in China. #BBCNews,UgzD7L3nOgWfdGE9Afd4AaABAg.Aa60bk1RIYIAaDBUqWAiEn,Ses imbéciles journalistes de BBC News ont publié souvent de la propagande anti chinois depuis toujours,democracy,con,1,0.841829,0.550626,0.5506259233818865,"I mean it's also interesting that our media has been, the Nepal floods, the Nepal floods, the Nepal floods... Why isnt china talking about the Tibet floods 😂

Edit for people that don't understand, I'm British and I'm criticising British media for saying why isn't china talking about the Tibet floods when we have almost exclusively described them as the Nepal floods and have barely mentioned Tibet ourselves, apart from saying the flood took place on the border or Tibet and Nepal.",user_0119,0,2026-09-01,UgzD7L3nOgWfdGE9Afd4AaABAg,,"ctx4_gemma_en_topic_none (Gemma-2-9B, no context)","ctx4_gemma_en_root (Gemma-2-9B, root)"
Why footage of Tibet floods isn't being shown in China. #BBCNews,UgzD7L3nOgWfdGE9Afd4AaABAg.Aa60bk1RIYIAaDBUqWAiEn,Ses imbéciles journalistes de BBC News ont publié souvent de la propagande anti chinois depuis toujours,communism / socialism,pro,1,0.995668,0.766294,0.7662936430859597,"I mean it's also interesting that our media has been, the Nepal floods, the Nepal floods, the Nepal floods... Why isnt china talking about the Tibet floods 😂

Edit for people that don't understand, I'm British and I'm criticising British media for saying why isn't china talking about the Tibet floods when we have almost exclusively described them as the Nepal floods and have barely mentioned Tibet ourselves, apart from saying the flood took place on the border or Tibet and Nepal.",user_0119,0,2026-09-01,UgzD7L3nOgWfdGE9Afd4AaABAg,,"ctx4_gemma_en_topic_none (Gemma-2-9B, no context)","ctx4_gemma_en_root (Gemma-2-9B, root)"
Why footage of Tibet floods isn't being shown in China. #BBCNews,Ugyhr77zc-yEvyMK4jh4AaABAg,"It’s more of ‘recovering’ than ‘rescuing’ out there at ‘once’ border port… look in high grounds for survivors, cz it would be a miracle of miracles if u would be able to rescue anyone from that ‘once’ border port…",china,con,1,0.826712,0.99014,0.9901403887594346,,user_0120,121,2026-08-29,Ugyhr77zc-yEvyMK4jh4AaABAg,,"ctx4_gemma_en_topic_none (Gemma-2-9B, no context)","ctx4_gemma_en_root (Gemma-2-9B, root)"
Why footage of Tibet floods isn't being shown in China. #BBCNews,Ugyhr77zc-yEvyMK4jh4AaABAg,"It’s more of ‘recovering’ than ‘rescuing’ out there at ‘once’ border port… look in high grounds for survivors, cz it would be a miracle of miracles if u would be able to rescue anyone from that ‘once’ border port…",bbc,con,1,0.68596,0.921918,0.9219182356808576,,user_0120,121,2026-08-29,Ugyhr77zc-yEvyMK4jh4AaABAg,,"ctx4_gemma_en_topic_none (Gemma-2-9B, no context)","ctx4_gemma_en_root (Gemma-2-9B, root)"
Why footage of Tibet floods isn't being shown in China. #BBCNews,Ugyhr77zc-yEvyMK4jh4AaABAg.Aa5znsLTh2OAa6nsgbAYdu,It's largely the result of China's horrific environmental exploitation of Tibet. Exactly the same destruction as the Three Gorges Dam in China itself.,china,con,1,0.998935,0.998812,0.9988120055154764,"It’s more of ‘recovering’ than ‘rescuing’ out there at ‘once’ border port… look in high grounds for survivors, cz it would be a miracle of miracles if u would be able to rescue anyone from that ‘once’ border port…",user_0121,15,2026-08-30,Ugyhr77zc-yEvyMK4jh4AaABAg,,"ctx4_gemma_en_topic_none (Gemma-2-9B, no context)","ctx4_gemma_en_root (Gemma-2-9B, root)"
Why footage of Tibet floods isn't being shown in China. #BBCNews,Ugyhr77zc-yEvyMK4jh4AaABAg.Aa5znsLTh2OAa6nsgbAYdu,It's largely the result of China's horrific environmental exploitation of Tibet. Exactly the same destruction as the Three Gorges Dam in China itself.,bbc,pro,1,0.600176,0.793098,0.793097746618804,"It’s more of ‘recovering’ than ‘rescuing’ out there at ‘once’ border port… look in high grounds for survivors, cz it would be a miracle of miracles if u would be able to rescue anyone from that ‘once’ border port…",user_0121,15,2026-08-30,Ugyhr77zc-yEvyMK4jh4AaABAg,,"ctx4_gemma_en_topic_none (Gemma-2-9B, no context)","ctx4_gemma_en_root (Gemma-2-9B, root)"
Why footage of Tibet floods isn't being shown in China. #BBCNews,Ugyhr77zc-yEvyMK4jh4AaABAg.Aa5znsLTh2OAa6nsgbAYdu,It's largely the result of China's horrific environmental exploitation of Tibet. Exactly the same destruction as the Three Gorges Dam in China itself.,climate change,pro,1,0.679179,0.937209,0.9372093202187712,"It’s more of ‘recovering’ than ‘rescuing’ out there at ‘once’ border port… look in high grounds for survivors, cz it would be a miracle of miracles if u would be able to rescue anyone from that ‘once’ border port…",user_0121,15,2026-08-30,Ugyhr77zc-yEvyMK4jh4AaABAg,,"ctx4_gemma_en_topic_none (Gemma-2-9B, no context)","ctx4_gemma_en_root (Gemma-2-9B, root)"
Why footage of Tibet floods isn't being shown in China. #BBCNews,Ugyhr77zc-yEvyMK4jh4AaABAg.Aa5znsLTh2OAa6nsgbAYdu,It's largely the result of China's horrific environmental exploitation of Tibet. Exactly the same destruction as the Three Gorges Dam in China itself.,communism / socialism,con,1,0.993807,0.769076,0.7690757971452105,"It’s more of ‘recovering’ than ‘rescuing’ out there at ‘once’ border port… look in high grounds for survivors, cz it would be a miracle of miracles if u would be able to rescue anyone from that ‘once’ border port…",user_0121,15,2026-08-30,Ugyhr77zc-yEvyMK4jh4AaABAg,,"ctx4_gemma_en_topic_none (Gemma-2-9B, no context)","ctx4_gemma_en_root (Gemma-2-9B, root)"
Why footage of Tibet floods isn't being shown in China. #BBCNews,Ugyhr77zc-yEvyMK4jh4AaABAg.Aa5znsLTh2OAa72QcViig0,@user 具体说说，到底做了什么,china,con,1,0.938121,0.982558,0.9825583721553428,"It’s more of ‘recovering’ than ‘rescuing’ out there at ‘once’ border port… look in high grounds for survivors, cz it would be a miracle of miracles if u would be able to rescue anyone from that ‘once’ border port…",user_0122,1,2026-08-30,Ugyhr77zc-yEvyMK4jh4AaABAg,,"ctx4_gemma_en_topic_none (Gemma-2-9B, no context)","ctx4_gemma_en_root (Gemma-2-9B, root)"
Why footage of Tibet floods isn't being shown in China. #BBCNews,Ugyhr77zc-yEvyMK4jh4AaABAg.Aa5znsLTh2OAa72QcViig0,@user 具体说说，到底做了什么,bbc,con,1,0.896247,0.925228,0.925228227586563,"It’s more of ‘recovering’ than ‘rescuing’ out there at ‘once’ border port… look in high grounds for survivors, cz it would be a miracle of miracles if u would be able to rescue anyone from that ‘once’ border port…",user_0122,1,2026-08-30,Ugyhr77zc-yEvyMK4jh4AaABAg,,"ctx4_gemma_en_topic_none (Gemma-2-9B, no context)","ctx4_gemma_en_root (Gemma-2-9B, root)"
Why footage of Tibet floods isn't being shown in China. #BBCNews,Ugyhr77zc-yEvyMK4jh4AaABAg.Aa5znsLTh2OAa72QcViig0,@user 具体说说，到底做了什么,press freedom,pro,1,0.558333,0.51562,0.5156199157230156,"It’s more of ‘recovering’ than ‘rescuing’ out there at ‘once’ border port… look in high grounds for survivors, cz it would be a miracle of miracles if u would be able to rescue anyone from that ‘once’ border port…",user_0122,1,2026-08-30,Ugyhr77zc-yEvyMK4jh4AaABAg,,"ctx4_gemma_en_topic_none (Gemma-2-9B, no context)","ctx4_gemma_en_root (Gemma-2-9B, root)"
Why footage of Tibet floods isn't being shown in China. #BBCNews,Ugyhr77zc-yEvyMK4jh4AaABAg.Aa5znsLTh2OAa72QcViig0,@user 具体说说，到底做了什么,communism / socialism,con,1,0.851953,0.916108,0.916107692249696,"It’s more of ‘recovering’ than ‘rescuing’ out there at ‘once’ border port… look in high grounds for survivors, cz it would be a miracle of miracles if u would be able to rescue anyone from that ‘once’ border port…",user_0122,1,2026-08-30,Ugyhr77zc-yEvyMK4jh4AaABAg,,"ctx4_gemma_en_topic_none (Gemma-2-9B, no context)","ctx4_gemma_en_root (Gemma-2-9B, root)"
Why footage of Tibet floods isn't being shown in China. #BBCNews,Ugyhr77zc-yEvyMK4jh4AaABAg.Aa5znsLTh2OAa72QcViig0,@user 具体说说，到底做了什么,government / the state,con,1,0.948157,0.855857,0.855857315355567,"It’s more of ‘recovering’ than ‘rescuing’ out there at ‘once’ border port… look in high grounds for survivors, cz it would be a miracle of miracles if u would be able to rescue anyone from that ‘once’ border port…",user_0122,1,2026-08-30,Ugyhr77zc-yEvyMK4jh4AaABAg,,"ctx4_gemma_en_topic_none (Gemma-2-9B, no context)","ctx4_gemma_en_root (Gemma-2-9B, root)"
Why footage of Tibet floods isn't being shown in China. #BBCNews,Ugyhr77zc-yEvyMK4jh4AaABAg.Aa5znsLTh2OAa74okc0ivL,@user Quiet WuMao，你不允许出现在 YouTube 上！,china,con,1,0.997488,0.981736,0.9817361699101066,,user_0121,1,2026-08-30,Ugyhr77zc-yEvyMK4jh4AaABAg,,"ctx4_gemma_en_topic_none (Gemma-2-9B, no context)","ctx4_gemma_en_root (Gemma-2-9B, root)"
Why footage of Tibet floods isn't being shown in China. #BBCNews,Ugyhr77zc-yEvyMK4jh4AaABAg.Aa5znsLTh2OAa74okc0ivL,@user Quiet WuMao，你不允许出现在 YouTube 上！,bbc,con,1,0.596427,0.812875,0.8128749234206666,,user_0121,1,2026-08-30,Ugyhr77zc-yEvyMK4jh4AaABAg,,"ctx4_gemma_en_topic_none (Gemma-2-9B, no context)","ctx4_gemma_en_root (Gemma-2-9B, root)"
Why footage of Tibet floods isn't being shown in China. #BBCNews,Ugyhr77zc-yEvyMK4jh4AaABAg.Aa5znsLTh2OAa74okc0ivL,@user Quiet WuMao，你不允许出现在 YouTube 上！,press freedom,pro,1,0.993807,0.913671,0.9136706078501492,,user_0121,1,2026-08-30,Ugyhr77zc-yEvyMK4jh4AaABAg,,"ctx4_gemma_en_topic_none (Gemma-2-9B, no context)","ctx4_gemma_en_root (Gemma-2-9B, root)"
Why footage of Tibet floods isn't being shown in China. #BBCNews,Ugyhr77zc-yEvyMK4jh4AaABAg.Aa5znsLTh2OAa74okc0ivL,@user Quiet WuMao，你不允许出现在 YouTube 上！,communism / socialism,con,1,0.987758,0.911178,0.9111776842978824,,user_0121,1,2026-08-30,Ugyhr77zc-yEvyMK4jh4AaABAg,,"ctx4_gemma_en_topic_none (Gemma-2-9B, no context)","ctx4_gemma_en_root (Gemma-2-9B, root)"
Why footage of Tibet floods isn't being shown in China. #BBCNews,Ugyhr77zc-yEvyMK4jh4AaABAg.Aa5znsLTh2OAa76YpDtNNk,@user global warming is a global phenomenon. Both China and the US are a big part of this,united states,con,1,0.99657,0.95041,0.9504097987539062,"It’s more of ‘recovering’ than ‘rescuing’ out there at ‘once’ border port… look in high grounds for survivors, cz it would be a miracle of miracles if u would be able to rescue anyone from that ‘once’ border port…",user_0123,7,2026-08-30,Ugyhr77zc-yEvyMK4jh4AaABAg,,"ctx4_gemma_en_topic_none (Gemma-2-9B, no context)","ctx4_gemma_en_root (Gemma-2-9B, root)"
Why footage of Tibet floods isn't being shown in China. #BBCNews,Ugyhr77zc-yEvyMK4jh4AaABAg.Aa5znsLTh2OAa76YpDtNNk,@user global warming is a global phenomenon. Both China and the US are a big part of this,china,con,1,0.997449,0.992654,0.9926538088232716,"It’s more of ‘recovering’ than ‘rescuing’ out there at ‘once’ border port… look in high grounds for survivors, cz it would be a miracle of miracles if u would be able to rescue anyone from that ‘once’ border port…",user_0123,7,2026-08-30,Ugyhr77zc-yEvyMK4jh4AaABAg,,"ctx4_gemma_en_topic_none (Gemma-2-9B, no context)","ctx4_gemma_en_root (Gemma-2-9B, root)"
Why footage of Tibet floods isn't being shown in China. #BBCNews,Ugyhr77zc-yEvyMK4jh4AaABAg.Aa5znsLTh2OAa76YpDtNNk,@user global warming is a global phenomenon. Both China and the US are a big part of this,bbc,pro,1,0.607663,0.771852,0.771852302775029,"It’s more of ‘recovering’ than ‘rescuing’ out there at ‘once’ border port… look in high grounds for survivors, cz it would be a miracle of miracles if u would be able to rescue anyone from that ‘once’ border port…",user_0123,7,2026-08-30,Ugyhr77zc-yEvyMK4jh4AaABAg,,"ctx4_gemma_en_topic_none (Gemma-2-9B, no context)","ctx4_gemma_en_root (Gemma-2-9B, root)"
Why footage of Tibet floods isn't being shown in China. #BBCNews,Ugyhr77zc-yEvyMK4jh4AaABAg.Aa5znsLTh2OAa76YpDtNNk,@user global warming is a global phenomenon. Both China and the US are a big part of this,climate change,con,1,0.787948,0.994089,0.9940889311437562,"It’s more of ‘recovering’ than ‘rescuing’ out there at ‘once’ border port… look in high grounds for survivors, cz it would be a miracle of miracles if u would be able to rescue anyone from that ‘once’ border port…",user_0123,7,2026-08-30,Ugyhr77zc-yEvyMK4jh4AaABAg,,"ctx4_gemma_en_topic_none (Gemma-2-9B, no context)","ctx4_gemma_en_root (Gemma-2-9B, root)"
Why footage of Tibet floods isn't being shown in China. #BBCNews,Ugyhr77zc-yEvyMK4jh4AaABAg.Aa5znsLTh2OAa778YqBxOB,@user And Engerland is not of course! Because there's no industry there? Europe isn't culpable of course...no industry. Anyway you miss the point of how Tibet was forcibly overtaken and gentrified. It's environment stripmined.,united states,con,1,0.993097,0.932453,0.9324533088603708,@user global warming is a global phenomenon. Both China and the US are a big part of this,user_0121,2,2026-08-30,Ugyhr77zc-yEvyMK4jh4AaABAg,,"ctx4_gemma_en_topic_none (Gemma-2-9B, no context)","ctx4_gemma_en_root (Gemma-2-9B, root)"
Why footage of Tibet floods isn't being shown in China. #BBCNews,Ugyhr77zc-yEvyMK4jh4AaABAg.Aa5znsLTh2OAa778YqBxOB,@user And Engerland is not of course! Because there's no industry there? Europe isn't culpable of course...no industry. Anyway you miss the point of how Tibet was forcibly overtaken and gentrified. It's environment stripmined.,united kingdom,con,1,0.988492,0.808067,0.8080672135527632,@user global warming is a global phenomenon. Both China and the US are a big part of this,user_0121,2,2026-08-30,Ugyhr77zc-yEvyMK4jh4AaABAg,,"ctx4_gemma_en_topic_none (Gemma-2-9B, no context)","ctx4_gemma_en_root (Gemma-2-9B, root)"
Why footage of Tibet floods isn't being shown in China. #BBCNews,Ugyhr77zc-yEvyMK4jh4AaABAg.Aa5znsLTh2OAa778YqBxOB,@user And Engerland is not of course! Because there's no industry there? Europe isn't culpable of course...no industry. Anyway you miss the point of how Tibet was forcibly overtaken and gentrified. It's environment stripmined.,china,con,1,0.997917,0.991554,0.991554163698843,@user global warming is a global phenomenon. Both China and the US are a big part of this,user_0121,2,2026-08-30,Ugyhr77zc-yEvyMK4jh4AaABAg,,"ctx4_gemma_en_topic_none (Gemma-2-9B, no context)","ctx4_gemma_en_root (Gemma-2-9B, root)"
Why footage of Tibet floods isn't being shown in China. #BBCNews,Ugyhr77zc-yEvyMK4jh4AaABAg.Aa5znsLTh2OAa778YqBxOB,@user And Engerland is not of course! Because there's no industry there? Europe isn't culpable of course...no industry. Anyway you miss the point of how Tibet was forcibly overtaken and gentrified. It's environment stripmined.,bbc,con,1,0.975948,0.965384,0.965383667601452,@user global warming is a global phenomenon. Both China and the US are a big part of this,user_0121,2,2026-08-30,Ugyhr77zc-yEvyMK4jh4AaABAg,,"ctx4_gemma_en_topic_none (Gemma-2-9B, no context)","ctx4_gemma_en_root (Gemma-2-9B, root)"
Why footage of Tibet floods isn't being shown in China. #BBCNews,Ugyhr77zc-yEvyMK4jh4AaABAg.Aa5znsLTh2OAa778YqBxOB,@user And Engerland is not of course! Because there's no industry there? Europe isn't culpable of course...no industry. Anyway you miss the point of how Tibet was forcibly overtaken and gentrified. It's environment stripmined.,democracy,con,1,0.731059,0.867036,0.8670357598021706,@user global warming is a global phenomenon. Both China and the US are a big part of this,user_0121,2,2026-08-30,Ugyhr77zc-yEvyMK4jh4AaABAg,,"ctx4_gemma_en_topic_none (Gemma-2-9B, no context)","ctx4_gemma_en_root (Gemma-2-9B, root)"
Why footage of Tibet floods isn't being shown in China. #BBCNews,Ugyhr77zc-yEvyMK4jh4AaABAg.Aa5znsLTh2OAa778YqBxOB,@user And Engerland is not of course! Because there's no industry there? Europe isn't culpable of course...no industry. Anyway you miss the point of how Tibet was forcibly overtaken and gentrified. It's environment stripmined.,communism / socialism,pro,1,0.787931,0.930455,0.9304550201400243,@user global warming is a global phenomenon. Both China and the US are a big part of this,user_0121,2,2026-08-30,Ugyhr77zc-yEvyMK4jh4AaABAg,,"ctx4_gemma_en_topic_none (Gemma-2-9B, no context)","ctx4_gemma_en_root (Gemma-2-9B, root)"
Why footage of Tibet floods isn't being shown in China. #BBCNews,Ugyhr77zc-yEvyMK4jh4AaABAg.Aa5znsLTh2OAa778YqBxOB,@user And Engerland is not of course! Because there's no industry there? Europe isn't culpable of course...no industry. Anyway you miss the point of how Tibet was forcibly overtaken and gentrified. It's environment stripmined.,government / the state,con,1,0.997449,0.734115,0.7341146471704442,@user global warming is a global phenomenon. Both China and the US are a big part of this,user_0121,2,2026-08-30,Ugyhr77zc-yEvyMK4jh4AaABAg,,"ctx4_gemma_en_topic_none (Gemma-2-9B, no context)","ctx4_gemma_en_root (Gemma-2-9B, root)"
Why footage of Tibet floods isn't being shown in China. #BBCNews,Ugyhr77zc-yEvyMK4jh4AaABAg.Aa5znsLTh2OAa78FNFj3q3,"@user Europe is not a country. And China and the United States together emit about 35% to 45% of the world's annual greenhouse gases. Tibet's political stature has nothing to do with this natural disaster triggered by global warming, which is once again a global phenomenon",united states,con,1,0.992062,0.97737,0.9773702470323804,"It’s more of ‘recovering’ than ‘rescuing’ out there at ‘once’ border port… look in high grounds for survivors, cz it would be a miracle of miracles if u would be able to rescue anyone from that ‘once’ border port…",user_0123,7,2026-08-30,Ugyhr77zc-yEvyMK4jh4AaABAg,,"ctx4_gemma_en_topic_none (Gemma-2-9B, no context)","ctx4_gemma_en_root (Gemma-2-9B, root)"
Why footage of Tibet floods isn't being shown in China. #BBCNews,Ugyhr77zc-yEvyMK4jh4AaABAg.Aa5znsLTh2OAa78FNFj3q3,"@user Europe is not a country. And China and the United States together emit about 35% to 45% of the world's annual greenhouse gases. Tibet's political stature has nothing to do with this natural disaster triggered by global warming, which is once again a global phenomenon",china,con,1,0.771835,0.995993,0.9959926112720868,"It’s more of ‘recovering’ than ‘rescuing’ out there at ‘once’ border port… look in high grounds for survivors, cz it would be a miracle of miracles if u would be able to rescue anyone from that ‘once’ border port…",user_0123,7,2026-08-30,Ugyhr77zc-yEvyMK4jh4AaABAg,,"ctx4_gemma_en_topic_none (Gemma-2-9B, no context)","ctx4_gemma_en_root (Gemma-2-9B, root)"
Why footage of Tibet floods isn't being shown in China. #BBCNews,Ugyhr77zc-yEvyMK4jh4AaABAg.Aa5znsLTh2OAa78FNFj3q3,"@user Europe is not a country. And China and the United States together emit about 35% to 45% of the world's annual greenhouse gases. Tibet's political stature has nothing to do with this natural disaster triggered by global warming, which is once again a global phenomenon",bbc,pro,1,0.558308,0.80562,0.8056204445396702,"It’s more of ‘recovering’ than ‘rescuing’ out there at ‘once’ border port… look in high grounds for survivors, cz it would be a miracle of miracles if u would be able to rescue anyone from that ‘once’ border port…",user_0123,7,2026-08-30,Ugyhr77zc-yEvyMK4jh4AaABAg,,"ctx4_gemma_en_topic_none (Gemma-2-9B, no context)","ctx4_gemma_en_root (Gemma-2-9B, root)"
Why footage of Tibet floods isn't being shown in China. #BBCNews,Ugyhr77zc-yEvyMK4jh4AaABAg.Aa5znsLTh2OAa78FNFj3q3,"@user Europe is not a country. And China and the United States together emit about 35% to 45% of the world's annual greenhouse gases. Tibet's political stature has nothing to do with this natural disaster triggered by global warming, which is once again a global phenomenon",climate change,pro,1,0.987568,0.985272,0.9852724744868,"It’s more of ‘recovering’ than ‘rescuing’ out there at ‘once’ border port… look in high grounds for survivors, cz it would be a miracle of miracles if u would be able to rescue anyone from that ‘once’ border port…",user_0123,7,2026-08-30,Ugyhr77zc-yEvyMK4jh4AaABAg,,"ctx4_gemma_en_topic_none (Gemma-2-9B, no context)","ctx4_gemma_en_root (Gemma-2-9B, root)"
Why footage of Tibet floods isn't being shown in China. #BBCNews,Ugyhr77zc-yEvyMK4jh4AaABAg.Aa5znsLTh2OAa78FNFj3q3,"@user Europe is not a country. And China and the United States together emit about 35% to 45% of the world's annual greenhouse gases. Tibet's political stature has nothing to do with this natural disaster triggered by global warming, which is once again a global phenomenon",communism / socialism,pro,1,0.865227,0.644237,0.6442365663596605,"It’s more of ‘recovering’ than ‘rescuing’ out there at ‘once’ border port… look in high grounds for survivors, cz it would be a miracle of miracles if u would be able to rescue anyone from that ‘once’ border port…",user_0123,7,2026-08-30,Ugyhr77zc-yEvyMK4jh4AaABAg,,"ctx4_gemma_en_topic_none (Gemma-2-9B, no context)","ctx4_gemma_en_root (Gemma-2-9B, root)"
Why footage of Tibet floods isn't being shown in China. #BBCNews,Ugyhr77zc-yEvyMK4jh4AaABAg.Aa5znsLTh2OAa7HUU5f8_3,India open-air cremation contribute to the climate change melting glaciers,china,pro,1,0.51562,0.573685,0.5736845217285542,"It’s more of ‘recovering’ than ‘rescuing’ out there at ‘once’ border port… look in high grounds for survivors, cz it would be a miracle of miracles if u would be able to rescue anyone from that ‘once’ border port…",user_0124,0,2026-08-30,Ugyhr77zc-yEvyMK4jh4AaABAg,,"ctx4_gemma_en_topic_none (Gemma-2-9B, no context)","ctx4_gemma_en_root (Gemma-2-9B, root)"
Why footage of Tibet floods isn't being shown in China. #BBCNews,Ugyhr77zc-yEvyMK4jh4AaABAg.Aa5znsLTh2OAa7HUU5f8_3,India open-air cremation contribute to the climate change melting glaciers,india,con,1,0.996727,0.993512,0.993512052703988,"It’s more of ‘recovering’ than ‘rescuing’ out there at ‘once’ border port… look in high grounds for survivors, cz it would be a miracle of miracles if u would be able to rescue anyone from that ‘once’ border port…",user_0124,0,2026-08-30,Ugyhr77zc-yEvyMK4jh4AaABAg,,"ctx4_gemma_en_topic_none (Gemma-2-9B, no context)","ctx4_gemma_en_root (Gemma-2-9B, root)"
Why footage of Tibet floods isn't being shown in China. #BBCNews,Ugyhr77zc-yEvyMK4jh4AaABAg.Aa5znsLTh2OAa7HUU5f8_3,India open-air cremation contribute to the climate change melting glaciers,bbc,pro,1,0.718594,0.709014,0.7090139759830986,"It’s more of ‘recovering’ than ‘rescuing’ out there at ‘once’ border port… look in high grounds for survivors, cz it would be a miracle of miracles if u would be able to rescue anyone from that ‘once’ border port…",user_0124,0,2026-08-30,Ugyhr77zc-yEvyMK4jh4AaABAg,,"ctx4_gemma_en_topic_none (Gemma-2-9B, no context)","ctx4_gemma_en_root (Gemma-2-9B, root)"
Why footage of Tibet floods isn't being shown in China. #BBCNews,Ugyhr77zc-yEvyMK4jh4AaABAg.Aa5znsLTh2OAa7HUU5f8_3,India open-air cremation contribute to the climate change melting glaciers,climate change,con,1,0.91244,0.993902,0.9939021347808452,"It’s more of ‘recovering’ than ‘rescuing’ out there at ‘once’ border port… look in high grounds for survivors, cz it would be a miracle of miracles if u would be able to rescue anyone from that ‘once’ border port…",user_0124,0,2026-08-30,Ugyhr77zc-yEvyMK4jh4AaABAg,,"ctx4_gemma_en_topic_none (Gemma-2-9B, no context)","ctx4_gemma_en_root (Gemma-2-9B, root)"
Why footage of Tibet floods isn't being shown in China. #BBCNews,Ugyhr77zc-yEvyMK4jh4AaABAg.Aa5znsLTh2OAa8JaITbIFy,@user England always catching strays 😂,united states,pro,1,0.622459,0.849974,0.8499743636340876,It's largely the result of China's horrific environmental exploitation of Tibet. Exactly the same destruction as the Three Gorges Dam in China itself.,user_0125,2,2026-08-30,Ugyhr77zc-yEvyMK4jh4AaABAg,,"ctx4_gemma_en_topic_none (Gemma-2-9B, no context)","ctx4_gemma_en_root (Gemma-2-9B, root)"
Why footage of Tibet floods isn't being shown in China. #BBCNews,Ugyhr77zc-yEvyMK4jh4AaABAg.Aa5znsLTh2OAa8JaITbIFy,@user England always catching strays 😂,united kingdom,con,1,0.99044,0.803182,0.8031817005195435,It's largely the result of China's horrific environmental exploitation of Tibet. Exactly the same destruction as the Three Gorges Dam in China itself.,user_0125,2,2026-08-30,Ugyhr77zc-yEvyMK4jh4AaABAg,,"ctx4_gemma_en_topic_none (Gemma-2-9B, no context)","ctx4_gemma_en_root (Gemma-2-9B, root)"
Why footage of Tibet floods isn't being shown in China. #BBCNews,Ugyhr77zc-yEvyMK4jh4AaABAg.Aa5znsLTh2OAa8JaITbIFy,@user England always catching strays 😂,china,pro,1,0.969787,0.715429,0.7154290855686126,It's largely the result of China's horrific environmental exploitation of Tibet. Exactly the same destruction as the Three Gorges Dam in China itself.,user_0125,2,2026-08-30,Ugyhr77zc-yEvyMK4jh4AaABAg,,"ctx4_gemma_en_topic_none (Gemma-2-9B, no context)","ctx4_gemma_en_root (Gemma-2-9B, root)"
Why footage of Tibet floods isn't being shown in China. #BBCNews,Ugyhr77zc-yEvyMK4jh4AaABAg.Aa5znsLTh2OAa8JaITbIFy,@user England always catching strays 😂,bbc,con,1,0.988841,0.976312,0.976311685087098,It's largely the result of China's horrific environmental exploitation of Tibet. Exactly the same destruction as the Three Gorges Dam in China itself.,user_0125,2,2026-08-30,Ugyhr77zc-yEvyMK4jh4AaABAg,,"ctx4_gemma_en_topic_none (Gemma-2-9B, no context)","ctx4_gemma_en_root (Gemma-2-9B, root)"
Why footage of Tibet floods isn't being shown in China. #BBCNews,Ugyhr77zc-yEvyMK4jh4AaABAg.Aa5znsLTh2OAa8JaITbIFy,@user England always catching strays 😂,democracy,con,1,0.888756,0.515595,0.5155949400822006,It's largely the result of China's horrific environmental exploitation of Tibet. Exactly the same destruction as the Three Gorges Dam in China itself.,user_0125,2,2026-08-30,Ugyhr77zc-yEvyMK4jh4AaABAg,,"ctx4_gemma_en_topic_none (Gemma-2-9B, no context)","ctx4_gemma_en_root (Gemma-2-9B, root)"
Why footage of Tibet floods isn't being shown in China. #BBCNews,Ugyhr77zc-yEvyMK4jh4AaABAg.Aa5znsLTh2OAa8Pq89zkEs,"Amazingly, there have been a few miracle survivors.",china,con,1,0.760642,0.962108,0.9621084847746292,"It’s more of ‘recovering’ than ‘rescuing’ out there at ‘once’ border port… look in high grounds for survivors, cz it would be a miracle of miracles if u would be able to rescue anyone from that ‘once’ border port…",user_0126,2,2026-08-30,Ugyhr77zc-yEvyMK4jh4AaABAg,,"ctx4_gemma_en_topic_none (Gemma-2-9B, no context)","ctx4_gemma_en_root (Gemma-2-9B, root)"
Why footage of Tibet floods isn't being shown in China. #BBCNews,Ugyhr77zc-yEvyMK4jh4AaABAg.Aa5znsLTh2OAa8Pq89zkEs,"Amazingly, there have been a few miracle survivors.",bbc,pro,1,0.695953,0.954644,0.9546441721556678,"It’s more of ‘recovering’ than ‘rescuing’ out there at ‘once’ border port… look in high grounds for survivors, cz it would be a miracle of miracles if u would be able to rescue anyone from that ‘once’ border port…",user_0126,2,2026-08-30,Ugyhr77zc-yEvyMK4jh4AaABAg,,"ctx4_gemma_en_topic_none (Gemma-2-9B, no context)","ctx4_gemma_en_root (Gemma-2-9B, root)"
Why footage of Tibet floods isn't being shown in China. #BBCNews,Ugyhr77zc-yEvyMK4jh4AaABAg.Aa5znsLTh2OAa8VWVlfeH1,@user Go worry about the exploitation of Palestinians by United States of Israel. Tibet doesn't need your worry. They are not being genocide. So first go FREE Palestine.,united states,con,1,0.997884,0.965901,0.965901221128659,It's largely the result of China's horrific environmental exploitation of Tibet. Exactly the same destruction as the Three Gorges Dam in China itself.,user_0127,1,2026-08-30,Ugyhr77zc-yEvyMK4jh4AaABAg,,"ctx4_gemma_en_topic_none (Gemma-2-9B, no context)","ctx4_gemma_en_root (Gemma-2-9B, root)"
Why footage of Tibet floods isn't being shown in China. #BBCNews,Ugyhr77zc-yEvyMK4jh4AaABAg.Aa5znsLTh2OAa8VWVlfeH1,@user Go worry about the exploitation of Palestinians by United States of Israel. Tibet doesn't need your worry. They are not being genocide. So first go FREE Palestine.,israel,con,1,0.998633,0.923034,0.9230338362950196,It's largely the result of China's horrific environmental exploitation of Tibet. Exactly the same destruction as the Three Gorges Dam in China itself.,user_0127,1,2026-08-30,Ugyhr77zc-yEvyMK4jh4AaABAg,,"ctx4_gemma_en_topic_none (Gemma-2-9B, no context)","ctx4_gemma_en_root (Gemma-2-9B, root)"
Why footage of Tibet floods isn't being shown in China. #BBCNews,Ugyhr77zc-yEvyMK4jh4AaABAg.Aa5znsLTh2OAa8VWVlfeH1,@user Go worry about the exploitation of Palestinians by United States of Israel. Tibet doesn't need your worry. They are not being genocide. So first go FREE Palestine.,palestine,pro,1,0.999481,0.987178,0.9871781528764536,It's largely the result of China's horrific environmental exploitation of Tibet. Exactly the same destruction as the Three Gorges Dam in China itself.,user_0127,1,2026-08-30,Ugyhr77zc-yEvyMK4jh4AaABAg,,"ctx4_gemma_en_topic_none (Gemma-2-9B, no context)","ctx4_gemma_en_root (Gemma-2-9B, root)"
Why footage of Tibet floods isn't being shown in China. #BBCNews,Ugyhr77zc-yEvyMK4jh4AaABAg.Aa5znsLTh2OAa8VWVlfeH1,@user Go worry about the exploitation of Palestinians by United States of Israel. Tibet doesn't need your worry. They are not being genocide. So first go FREE Palestine.,china,con,1,0.949669,0.531209,0.5312093733737563,It's largely the result of China's horrific environmental exploitation of Tibet. Exactly the same destruction as the Three Gorges Dam in China itself.,user_0127,1,2026-08-30,Ugyhr77zc-yEvyMK4jh4AaABAg,,"ctx4_gemma_en_topic_none (Gemma-2-9B, no context)","ctx4_gemma_en_root (Gemma-2-9B, root)"
Why footage of Tibet floods isn't being shown in China. #BBCNews,Ugyhr77zc-yEvyMK4jh4AaABAg.Aa5znsLTh2OAa8VWVlfeH1,@user Go worry about the exploitation of Palestinians by United States of Israel. Tibet doesn't need your worry. They are not being genocide. So first go FREE Palestine.,bbc,con,1,0.986572,0.577495,0.5774953651858118,It's largely the result of China's horrific environmental exploitation of Tibet. Exactly the same destruction as the Three Gorges Dam in China itself.,user_0127,1,2026-08-30,Ugyhr77zc-yEvyMK4jh4AaABAg,,"ctx4_gemma_en_topic_none (Gemma-2-9B, no context)","ctx4_gemma_en_root (Gemma-2-9B, root)"
Why footage of Tibet floods isn't being shown in China. #BBCNews,Ugyhr77zc-yEvyMK4jh4AaABAg.Aa5znsLTh2OAa8WwsmWf_c,@user lol stiff upper lip innit?,united states,con,1,0.957912,0.542869,0.5428694872343308,@user England always catching strays 😂,user_0121,0,2026-08-30,Ugyhr77zc-yEvyMK4jh4AaABAg,,"ctx4_gemma_en_topic_none (Gemma-2-9B, no context)","ctx4_gemma_en_root (Gemma-2-9B, root)"
Why footage of Tibet floods isn't being shown in China. #BBCNews,Ugyhr77zc-yEvyMK4jh4AaABAg.Aa5znsLTh2OAa8WwsmWf_c,@user lol stiff upper lip innit?,united kingdom,con,1,0.992305,0.746153,0.7461531989382061,@user England always catching strays 😂,user_0121,0,2026-08-30,Ugyhr77zc-yEvyMK4jh4AaABAg,,"ctx4_gemma_en_topic_none (Gemma-2-9B, no context)","ctx4_gemma_en_root (Gemma-2-9B, root)"
Why footage of Tibet floods isn't being shown in China. #BBCNews,Ugyhr77zc-yEvyMK4jh4AaABAg.Aa5znsLTh2OAa8WwsmWf_c,@user lol stiff upper lip innit?,china,pro,1,0.607663,0.527323,0.5273227547205004,@user England always catching strays 😂,user_0121,0,2026-08-30,Ugyhr77zc-yEvyMK4jh4AaABAg,,"ctx4_gemma_en_topic_none (Gemma-2-9B, no context)","ctx4_gemma_en_root (Gemma-2-9B, root)"
Why footage of Tibet floods isn't being shown in China. #BBCNews,Ugyhr77zc-yEvyMK4jh4AaABAg.Aa5znsLTh2OAa8WwsmWf_c,@user lol stiff upper lip innit?,bbc,con,1,0.984575,0.980282,0.9802818383836484,@user England always catching strays 😂,user_0121,0,2026-08-30,Ugyhr77zc-yEvyMK4jh4AaABAg,,"ctx4_gemma_en_topic_none (Gemma-2-9B, no context)","ctx4_gemma_en_root (Gemma-2-9B, root)"
Why footage of Tibet floods isn't being shown in China. #BBCNews,Ugyhr77zc-yEvyMK4jh4AaABAg.Aa5znsLTh2OAa9XHehmg1i,@user yeah and Dalai Lama is a terrorist right? Last one was a small kid chosen to replace the existing and he has been missing since then? Surely Chinese govt did not kidnap or perhaps kill him? Dont throw stones at other people’s house when ur own is made up of glass😂,china,con,1,0.944176,0.995462,0.995461907100191,@user Go worry about the exploitation of Palestinians by United States of Israel. Tibet doesn't need your worry. They are not being genocide. So first go FREE Palestine.,user_0092,4,2026-08-31,Ugyhr77zc-yEvyMK4jh4AaABAg,,"ctx4_gemma_en_topic_none (Gemma-2-9B, no context)","ctx4_gemma_en_root (Gemma-2-9B, root)"
Why footage of Tibet floods isn't being shown in China. #BBCNews,Ugyhr77zc-yEvyMK4jh4AaABAg.Aa5znsLTh2OAa9XHehmg1i,@user yeah and Dalai Lama is a terrorist right? Last one was a small kid chosen to replace the existing and he has been missing since then? Surely Chinese govt did not kidnap or perhaps kill him? Dont throw stones at other people’s house when ur own is made up of glass😂,bbc,con,1,0.917306,0.835484,0.8354835371034369,@user Go worry about the exploitation of Palestinians by United States of Israel. Tibet doesn't need your worry. They are not being genocide. So first go FREE Palestine.,user_0092,4,2026-08-31,Ugyhr77zc-yEvyMK4jh4AaABAg,,"ctx4_gemma_en_topic_none (Gemma-2-9B, no context)","ctx4_gemma_en_root (Gemma-2-9B, root)"
Why footage of Tibet floods isn't being shown in China. #BBCNews,Ugyhr77zc-yEvyMK4jh4AaABAg.Aa5znsLTh2OAa9XHehmg1i,@user yeah and Dalai Lama is a terrorist right? Last one was a small kid chosen to replace the existing and he has been missing since then? Surely Chinese govt did not kidnap or perhaps kill him? Dont throw stones at other people’s house when ur own is made up of glass😂,press freedom,pro,1,0.927358,0.592667,0.5926665999540697,@user Go worry about the exploitation of Palestinians by United States of Israel. Tibet doesn't need your worry. They are not being genocide. So first go FREE Palestine.,user_0092,4,2026-08-31,Ugyhr77zc-yEvyMK4jh4AaABAg,,"ctx4_gemma_en_topic_none (Gemma-2-9B, no context)","ctx4_gemma_en_root (Gemma-2-9B, root)"
Why footage of Tibet floods isn't being shown in China. #BBCNews,Ugyhr77zc-yEvyMK4jh4AaABAg.Aa5znsLTh2OAa9XHehmg1i,@user yeah and Dalai Lama is a terrorist right? Last one was a small kid chosen to replace the existing and he has been missing since then? Surely Chinese govt did not kidnap or perhaps kill him? Dont throw stones at other people’s house when ur own is made up of glass😂,communism / socialism,con,1,0.929445,0.709014,0.7090139759830986,@user Go worry about the exploitation of Palestinians by United States of Israel. Tibet doesn't need your worry. They are not being genocide. So first go FREE Palestine.,user_0092,4,2026-08-31,Ugyhr77zc-yEvyMK4jh4AaABAg,,"ctx4_gemma_en_topic_none (Gemma-2-9B, no context)","ctx4_gemma_en_root (Gemma-2-9B, root)"
Why footage of Tibet floods isn't being shown in China. #BBCNews,Ugyhr77zc-yEvyMK4jh4AaABAg.Aa5znsLTh2OAa9XHehmg1i,@user yeah and Dalai Lama is a terrorist right? Last one was a small kid chosen to replace the existing and he has been missing since then? Surely Chinese govt did not kidnap or perhaps kill him? Dont throw stones at other people’s house when ur own is made up of glass😂,government / the state,con,1,0.973645,0.961536,0.9615356572662046,@user Go worry about the exploitation of Palestinians by United States of Israel. Tibet doesn't need your worry. They are not being genocide. So first go FREE Palestine.,user_0092,4,2026-08-31,Ugyhr77zc-yEvyMK4jh4AaABAg,,"ctx4_gemma_en_topic_none (Gemma-2-9B, no context)","ctx4_gemma_en_root (Gemma-2-9B, root)"
Why footage of Tibet floods isn't being shown in China. #BBCNews,Ugyhr77zc-yEvyMK4jh4AaABAg.Aa5znsLTh2OAaAwZM4O63o,"@user This isn't true at all. In what way was the glacier collapse/ landslide at Lende Khola ""exactly the same destruction as the Three Gorges Dam""? I think you're just talking rubbish with some generic anti-Chinese sentiment.",china,pro,1,0.995095,0.998545,0.9985448644123698,It's largely the result of China's horrific environmental exploitation of Tibet. Exactly the same destruction as the Three Gorges Dam in China itself.,user_0128,0,2026-08-31,Ugyhr77zc-yEvyMK4jh4AaABAg,,"ctx4_gemma_en_topic_none (Gemma-2-9B, no context)","ctx4_gemma_en_root (Gemma-2-9B, root)"
Why footage of Tibet floods isn't being shown in China. #BBCNews,Ugyhr77zc-yEvyMK4jh4AaABAg.Aa5znsLTh2OAaAwZM4O63o,"@user This isn't true at all. In what way was the glacier collapse/ landslide at Lende Khola ""exactly the same destruction as the Three Gorges Dam""? I think you're just talking rubbish with some generic anti-Chinese sentiment.",bbc,pro,1,0.905988,0.920788,0.9207878524705772,It's largely the result of China's horrific environmental exploitation of Tibet. Exactly the same destruction as the Three Gorges Dam in China itself.,user_0128,0,2026-08-31,Ugyhr77zc-yEvyMK4jh4AaABAg,,"ctx4_gemma_en_topic_none (Gemma-2-9B, no context)","ctx4_gemma_en_root (Gemma-2-9B, root)"
Why footage of Tibet floods isn't being shown in China. #BBCNews,Ugyhr77zc-yEvyMK4jh4AaABAg.Aa5znsLTh2OAaAwZM4O63o,"@user This isn't true at all. In what way was the glacier collapse/ landslide at Lende Khola ""exactly the same destruction as the Three Gorges Dam""? I think you're just talking rubbish with some generic anti-Chinese sentiment.",climate change,pro,1,0.893309,0.573685,0.5736845217285542,It's largely the result of China's horrific environmental exploitation of Tibet. Exactly the same destruction as the Three Gorges Dam in China itself.,user_0128,0,2026-08-31,Ugyhr77zc-yEvyMK4jh4AaABAg,,"ctx4_gemma_en_topic_none (Gemma-2-9B, no context)","ctx4_gemma_en_root (Gemma-2-9B, root)"
Why footage of Tibet floods isn't being shown in China. #BBCNews,Ugyhr77zc-yEvyMK4jh4AaABAg.Aa5znsLTh2OAaAwbKkt3lo,@user What are you gibbering on about now?,china,con,1,0.751999,0.931464,0.9314641029534216,It's largely the result of China's horrific environmental exploitation of Tibet. Exactly the same destruction as the Three Gorges Dam in China itself.,user_0128,0,2026-08-31,Ugyhr77zc-yEvyMK4jh4AaABAg,,"ctx4_gemma_en_topic_none (Gemma-2-9B, no context)","ctx4_gemma_en_root (Gemma-2-9B, root)"
Why footage of Tibet floods isn't being shown in China. #BBCNews,Ugyhr77zc-yEvyMK4jh4AaABAg.Aa5znsLTh2OAaAwbKkt3lo,@user What are you gibbering on about now?,bbc,con,1,0.585089,0.949669,0.9496693674025232,It's largely the result of China's horrific environmental exploitation of Tibet. Exactly the same destruction as the Three Gorges Dam in China itself.,user_0128,0,2026-08-31,Ugyhr77zc-yEvyMK4jh4AaABAg,,"ctx4_gemma_en_topic_none (Gemma-2-9B, no context)","ctx4_gemma_en_root (Gemma-2-9B, root)"
Why footage of Tibet floods isn't being shown in China. #BBCNews,Ugyhr77zc-yEvyMK4jh4AaABAg.Aa5znsLTh2OAaAwbKkt3lo,@user What are you gibbering on about now?,press freedom,pro,1,0.81049,0.637054,0.6370539164196594,It's largely the result of China's horrific environmental exploitation of Tibet. Exactly the same destruction as the Three Gorges Dam in China itself.,user_0128,0,2026-08-31,Ugyhr77zc-yEvyMK4jh4AaABAg,,"ctx4_gemma_en_topic_none (Gemma-2-9B, no context)","ctx4_gemma_en_root (Gemma-2-9B, root)"
Why footage of Tibet floods isn't being shown in China. #BBCNews,Ugyhr77zc-yEvyMK4jh4AaABAg.Aa5znsLTh2OAaAwbKkt3lo,@user What are you gibbering on about now?,communism / socialism,con,1,0.939913,0.592667,0.5926665999540697,It's largely the result of China's horrific environmental exploitation of Tibet. Exactly the same destruction as the Three Gorges Dam in China itself.,user_0128,0,2026-08-31,Ugyhr77zc-yEvyMK4jh4AaABAg,,"ctx4_gemma_en_topic_none (Gemma-2-9B, no context)","ctx4_gemma_en_root (Gemma-2-9B, root)"
Why footage of Tibet floods isn't being shown in China. #BBCNews,Ugyhr77zc-yEvyMK4jh4AaABAg.Aa5znsLTh2OAaB7_S-T3PG,@user 在哪里,china,con,1,0.554458,0.989831,0.9898310971860788,"It’s more of ‘recovering’ than ‘rescuing’ out there at ‘once’ border port… look in high grounds for survivors, cz it would be a miracle of miracles if u would be able to rescue anyone from that ‘once’ border port…",user_0129,0,2026-08-31,Ugyhr77zc-yEvyMK4jh4AaABAg,,"ctx4_gemma_en_topic_none (Gemma-2-9B, no context)","ctx4_gemma_en_root (Gemma-2-9B, root)"
Why footage of Tibet floods isn't being shown in China. #BBCNews,Ugyhr77zc-yEvyMK4jh4AaABAg.Aa5znsLTh2OAaB7_S-T3PG,@user 在哪里,bbc,con,1,0.743168,0.931464,0.9314641029534216,"It’s more of ‘recovering’ than ‘rescuing’ out there at ‘once’ border port… look in high grounds for survivors, cz it would be a miracle of miracles if u would be able to rescue anyone from that ‘once’ border port…",user_0129,0,2026-08-31,Ugyhr77zc-yEvyMK4jh4AaABAg,,"ctx4_gemma_en_topic_none (Gemma-2-9B, no context)","ctx4_gemma_en_root (Gemma-2-9B, root)"
Why footage of Tibet floods isn't being shown in China. #BBCNews,Ugyhr77zc-yEvyMK4jh4AaABAg.Aa5znsLTh2OAaB7_S-T3PG,@user 在哪里,press freedom,pro,1,0.633416,0.675748,0.675748167792049,"It’s more of ‘recovering’ than ‘rescuing’ out there at ‘once’ border port… look in high grounds for survivors, cz it would be a miracle of miracles if u would be able to rescue anyone from that ‘once’ border port…",user_0129,0,2026-08-31,Ugyhr77zc-yEvyMK4jh4AaABAg,,"ctx4_gemma_en_topic_none (Gemma-2-9B, no context)","ctx4_gemma_en_root (Gemma-2-9B, root)"
Why footage of Tibet floods isn't being shown in China. #BBCNews,Ugyhr77zc-yEvyMK4jh4AaABAg.Aa5znsLTh2OAaB7_S-T3PG,@user 在哪里,communism / socialism,con,1,0.795662,0.824466,0.8244655444586806,"It’s more of ‘recovering’ than ‘rescuing’ out there at ‘once’ border port… look in high grounds for survivors, cz it would be a miracle of miracles if u would be able to rescue anyone from that ‘once’ border port…",user_0129,0,2026-08-31,Ugyhr77zc-yEvyMK4jh4AaABAg,,"ctx4_gemma_en_topic_none (Gemma-2-9B, no context)","ctx4_gemma_en_root (Gemma-2-9B, root)"
Why footage of Tibet floods isn't being shown in China. #BBCNews,Ugyhr77zc-yEvyMK4jh4AaABAg.Aa5znsLTh2OAaBEwBnfKe1,"@user In the way that when you denude Tibet's environment, there are no natural barriers to mitigate this catastrophic flooding. China's decades of resource extraction, industrial mining, and mega-dam construction on the Tibetan Plateau have caused severe and unprecedented environmental damage. And oh, by the way, WHY is China covering up all the footage just like they do on the mainland, if they don't feel responsible?",china,con,1,0.998103,0.998675,0.9986749775827868,"@user This isn't true at all. In what way was the glacier collapse/ landslide at Lende Khola ""exactly the same destruction as the Three Gorges Dam""? I think you're just talking rubbish with some generic anti-Chinese sentiment.",user_0121,1,2026-08-31,Ugyhr77zc-yEvyMK4jh4AaABAg,,"ctx4_gemma_en_topic_none (Gemma-2-9B, no context)","ctx4_gemma_en_root (Gemma-2-9B, root)"
Why footage of Tibet floods isn't being shown in China. #BBCNews,Ugyhr77zc-yEvyMK4jh4AaABAg.Aa5znsLTh2OAaBEwBnfKe1,"@user In the way that when you denude Tibet's environment, there are no natural barriers to mitigate this catastrophic flooding. China's decades of resource extraction, industrial mining, and mega-dam construction on the Tibetan Plateau have caused severe and unprecedented environmental damage. And oh, by the way, WHY is China covering up all the footage just like they do on the mainland, if they don't feel responsible?",bbc,pro,1,0.957279,0.87235,0.872350158588109,"@user This isn't true at all. In what way was the glacier collapse/ landslide at Lende Khola ""exactly the same destruction as the Three Gorges Dam""? I think you're just talking rubbish with some generic anti-Chinese sentiment.",user_0121,1,2026-08-31,Ugyhr77zc-yEvyMK4jh4AaABAg,,"ctx4_gemma_en_topic_none (Gemma-2-9B, no context)","ctx4_gemma_en_root (Gemma-2-9B, root)"
Why footage of Tibet floods isn't being shown in China. #BBCNews,Ugyhr77zc-yEvyMK4jh4AaABAg.Aa5znsLTh2OAaBEwBnfKe1,"@user In the way that when you denude Tibet's environment, there are no natural barriers to mitigate this catastrophic flooding. China's decades of resource extraction, industrial mining, and mega-dam construction on the Tibetan Plateau have caused severe and unprecedented environmental damage. And oh, by the way, WHY is China covering up all the footage just like they do on the mainland, if they don't feel responsible?",press freedom,pro,1,0.99883,0.808052,0.8080517036157719,"@user This isn't true at all. In what way was the glacier collapse/ landslide at Lende Khola ""exactly the same destruction as the Three Gorges Dam""? I think you're just talking rubbish with some generic anti-Chinese sentiment.",user_0121,1,2026-08-31,Ugyhr77zc-yEvyMK4jh4AaABAg,,"ctx4_gemma_en_topic_none (Gemma-2-9B, no context)","ctx4_gemma_en_root (Gemma-2-9B, root)"
Why footage of Tibet floods isn't being shown in China. #BBCNews,Ugyhr77zc-yEvyMK4jh4AaABAg.Aa5znsLTh2OAaBEwBnfKe1,"@user In the way that when you denude Tibet's environment, there are no natural barriers to mitigate this catastrophic flooding. China's decades of resource extraction, industrial mining, and mega-dam construction on the Tibetan Plateau have caused severe and unprecedented environmental damage. And oh, by the way, WHY is China covering up all the footage just like they do on the mainland, if they don't feel responsible?",climate change,pro,1,0.970241,0.542869,0.5428694872343308,"@user This isn't true at all. In what way was the glacier collapse/ landslide at Lende Khola ""exactly the same destruction as the Three Gorges Dam""? I think you're just talking rubbish with some generic anti-Chinese sentiment.",user_0121,1,2026-08-31,Ugyhr77zc-yEvyMK4jh4AaABAg,,"ctx4_gemma_en_topic_none (Gemma-2-9B, no context)","ctx4_gemma_en_root (Gemma-2-9B, root)"
Why footage of Tibet floods isn't being shown in China. #BBCNews,Ugyhr77zc-yEvyMK4jh4AaABAg.Aa5znsLTh2OAaBEwBnfKe1,"@user In the way that when you denude Tibet's environment, there are no natural barriers to mitigate this catastrophic flooding. China's decades of resource extraction, industrial mining, and mega-dam construction on the Tibetan Plateau have caused severe and unprecedented environmental damage. And oh, by the way, WHY is China covering up all the footage just like they do on the mainland, if they don't feel responsible?",communism / socialism,con,1,0.983085,0.685939,0.68593868376804,"@user This isn't true at all. In what way was the glacier collapse/ landslide at Lende Khola ""exactly the same destruction as the Three Gorges Dam""? I think you're just talking rubbish with some generic anti-Chinese sentiment.",user_0121,1,2026-08-31,Ugyhr77zc-yEvyMK4jh4AaABAg,,"ctx4_gemma_en_topic_none (Gemma-2-9B, no context)","ctx4_gemma_en_root (Gemma-2-9B, root)"
Why footage of Tibet floods isn't being shown in China. #BBCNews,Ugyhr77zc-yEvyMK4jh4AaABAg.Aa5znsLTh2OAaBEwBnfKe1,"@user In the way that when you denude Tibet's environment, there are no natural barriers to mitigate this catastrophic flooding. China's decades of resource extraction, industrial mining, and mega-dam construction on the Tibetan Plateau have caused severe and unprecedented environmental damage. And oh, by the way, WHY is China covering up all the footage just like they do on the mainland, if they don't feel responsible?",government / the state,con,1,0.99539,0.675748,0.675748167792049,"@user This isn't true at all. In what way was the glacier collapse/ landslide at Lende Khola ""exactly the same destruction as the Three Gorges Dam""? I think you're just talking rubbish with some generic anti-Chinese sentiment.",user_0121,1,2026-08-31,Ugyhr77zc-yEvyMK4jh4AaABAg,,"ctx4_gemma_en_topic_none (Gemma-2-9B, no context)","ctx4_gemma_en_root (Gemma-2-9B, root)"
Why footage of Tibet floods isn't being shown in China. #BBCNews,UgweajUko7e9R3sL0ah4AaABAg,"The claim that China’s media is hiding the floods from its citizens is demonstrably false, and a perfect example of the pro-genocide BBC fabricating propaganda against China.",china,pro,1,0.998499,0.998774,0.9987744019495997,,user_0130,77,2026-08-29,UgweajUko7e9R3sL0ah4AaABAg,,"ctx4_gemma_en_topic_none (Gemma-2-9B, no context)","ctx4_gemma_en_root (Gemma-2-9B, root)"
Why footage of Tibet floods isn't being shown in China. #BBCNews,UgweajUko7e9R3sL0ah4AaABAg,"The claim that China’s media is hiding the floods from its citizens is demonstrably false, and a perfect example of the pro-genocide BBC fabricating propaganda against China.",bbc,con,1,0.997748,0.998545,0.9985450097069428,,user_0130,77,2026-08-29,UgweajUko7e9R3sL0ah4AaABAg,,"ctx4_gemma_en_topic_none (Gemma-2-9B, no context)","ctx4_gemma_en_root (Gemma-2-9B, root)"
Why footage of Tibet floods isn't being shown in China. #BBCNews,UgweajUko7e9R3sL0ah4AaABAg,"The claim that China’s media is hiding the floods from its citizens is demonstrably false, and a perfect example of the pro-genocide BBC fabricating propaganda against China.",press freedom,con,1,0.992879,0.99427,0.9942700383485076,,user_0130,77,2026-08-29,UgweajUko7e9R3sL0ah4AaABAg,,"ctx4_gemma_en_topic_none (Gemma-2-9B, no context)","ctx4_gemma_en_root (Gemma-2-9B, root)"
Why footage of Tibet floods isn't being shown in China. #BBCNews,UgweajUko7e9R3sL0ah4AaABAg,"The claim that China’s media is hiding the floods from its citizens is demonstrably false, and a perfect example of the pro-genocide BBC fabricating propaganda against China.",democracy,con,1,0.97482,0.867036,0.8670357598021706,,user_0130,77,2026-08-29,UgweajUko7e9R3sL0ah4AaABAg,,"ctx4_gemma_en_topic_none (Gemma-2-9B, no context)","ctx4_gemma_en_root (Gemma-2-9B, root)"
Why footage of Tibet floods isn't being shown in China. #BBCNews,UgweajUko7e9R3sL0ah4AaABAg,"The claim that China’s media is hiding the floods from its citizens is demonstrably false, and a perfect example of the pro-genocide BBC fabricating propaganda against China.",communism / socialism,pro,1,0.998522,0.68596,0.6859602260480563,,user_0130,77,2026-08-29,UgweajUko7e9R3sL0ah4AaABAg,,"ctx4_gemma_en_topic_none (Gemma-2-9B, no context)","ctx4_gemma_en_root (Gemma-2-9B, root)"
Why footage of Tibet floods isn't being shown in China. #BBCNews,UgweajUko7e9R3sL0ah4AaABAg,"The claim that China’s media is hiding the floods from its citizens is demonstrably false, and a perfect example of the pro-genocide BBC fabricating propaganda against China.",government / the state,pro,1,0.990292,0.839741,0.8397406965994964,,user_0130,77,2026-08-29,UgweajUko7e9R3sL0ah4AaABAg,,"ctx4_gemma_en_topic_none (Gemma-2-9B, no context)","ctx4_gemma_en_root (Gemma-2-9B, root)"
Why footage of Tibet floods isn't being shown in China. #BBCNews,UgweajUko7e9R3sL0ah4AaABAg.Aa6_PlzS0XdAa7k9tzp6Wh,"They just explained why china is doing it. 
What's the problem it's what china does",china,con,1,0.99044,0.997748,0.9977482650565244,"The claim that China’s media is hiding the floods from its citizens is demonstrably false, and a perfect example of the pro-genocide BBC fabricating propaganda against China.",user_0131,4,2026-08-30,UgweajUko7e9R3sL0ah4AaABAg,,"ctx4_gemma_en_topic_none (Gemma-2-9B, no context)","ctx4_gemma_en_root (Gemma-2-9B, root)"
Why footage of Tibet floods isn't being shown in China. #BBCNews,UgweajUko7e9R3sL0ah4AaABAg.Aa6_PlzS0XdAa7k9tzp6Wh,"They just explained why china is doing it. 
What's the problem it's what china does",communism / socialism,pro,1,0.919643,0.937209,0.9372093202187712,"The claim that China’s media is hiding the floods from its citizens is demonstrably false, and a perfect example of the pro-genocide BBC fabricating propaganda against China.",user_0131,4,2026-08-30,UgweajUko7e9R3sL0ah4AaABAg,,"ctx4_gemma_en_topic_none (Gemma-2-9B, no context)","ctx4_gemma_en_root (Gemma-2-9B, root)"
Why footage of Tibet floods isn't being shown in China. #BBCNews,UgweajUko7e9R3sL0ah4AaABAg.Aa6_PlzS0XdAa7k9tzp6Wh,"They just explained why china is doing it. 
What's the problem it's what china does",government / the state,con,1,0.982557,0.769076,0.7690757971452105,"The claim that China’s media is hiding the floods from its citizens is demonstrably false, and a perfect example of the pro-genocide BBC fabricating propaganda against China.",user_0131,4,2026-08-30,UgweajUko7e9R3sL0ah4AaABAg,,"ctx4_gemma_en_topic_none (Gemma-2-9B, no context)","ctx4_gemma_en_root (Gemma-2-9B, root)"
Why footage of Tibet floods isn't being shown in China. #BBCNews,UgweajUko7e9R3sL0ah4AaABAg.Aa6_PlzS0XdAa7ziMhICC6,"@user There are many videos and images from the Chinese social media.  Probably, you are never really interested in knowing the truth and thus never connect with people who are in contact with Chinese social media.",china,pro,1,0.997285,0.996623,0.9966230510804605,"They just explained why china is doing it. 
What's the problem it's what china does",user_0132,12,2026-08-30,UgweajUko7e9R3sL0ah4AaABAg,,"ctx4_gemma_en_topic_none (Gemma-2-9B, no context)","ctx4_gemma_en_root (Gemma-2-9B, root)"
Why footage of Tibet floods isn't being shown in China. #BBCNews,UgweajUko7e9R3sL0ah4AaABAg.Aa6_PlzS0XdAa7ziMhICC6,"@user There are many videos and images from the Chinese social media.  Probably, you are never really interested in knowing the truth and thus never connect with people who are in contact with Chinese social media.",bbc,con,1,0.994615,0.849974,0.8499743636340876,"They just explained why china is doing it. 
What's the problem it's what china does",user_0132,12,2026-08-30,UgweajUko7e9R3sL0ah4AaABAg,,"ctx4_gemma_en_topic_none (Gemma-2-9B, no context)","ctx4_gemma_en_root (Gemma-2-9B, root)"
Why footage of Tibet floods isn't being shown in China. #BBCNews,UgweajUko7e9R3sL0ah4AaABAg.Aa6_PlzS0XdAa7ziMhICC6,"@user There are many videos and images from the Chinese social media.  Probably, you are never really interested in knowing the truth and thus never connect with people who are in contact with Chinese social media.",press freedom,con,1,0.953274,0.968859,0.9688591867129892,"They just explained why china is doing it. 
What's the problem it's what china does",user_0132,12,2026-08-30,UgweajUko7e9R3sL0ah4AaABAg,,"ctx4_gemma_en_topic_none (Gemma-2-9B, no context)","ctx4_gemma_en_root (Gemma-2-9B, root)"
Why footage of Tibet floods isn't being shown in China. #BBCNews,UgweajUko7e9R3sL0ah4AaABAg.Aa6_PlzS0XdAa7ziMhICC6,"@user There are many videos and images from the Chinese social media.  Probably, you are never really interested in knowing the truth and thus never connect with people who are in contact with Chinese social media.",privacy / surveillance,pro,1,0.865227,0.769076,0.7690757971452105,"They just explained why china is doing it. 
What's the problem it's what china does",user_0132,12,2026-08-30,UgweajUko7e9R3sL0ah4AaABAg,,"ctx4_gemma_en_topic_none (Gemma-2-9B, no context)","ctx4_gemma_en_root (Gemma-2-9B, root)"
Why footage of Tibet floods isn't being shown in China. #BBCNews,UgweajUko7e9R3sL0ah4AaABAg.Aa6_PlzS0XdAa7ziMhICC6,"@user There are many videos and images from the Chinese social media.  Probably, you are never really interested in knowing the truth and thus never connect with people who are in contact with Chinese social media.",communism / socialism,pro,1,0.989013,0.941657,0.9416569064078316,"They just explained why china is doing it. 
What's the problem it's what china does",user_0132,12,2026-08-30,UgweajUko7e9R3sL0ah4AaABAg,,"ctx4_gemma_en_topic_none (Gemma-2-9B, no context)","ctx4_gemma_en_root (Gemma-2-9B, root)"
Why footage of Tibet floods isn't being shown in China. #BBCNews,UgweajUko7e9R3sL0ah4AaABAg.Aa6_PlzS0XdAa7ziMhICC6,"@user There are many videos and images from the Chinese social media.  Probably, you are never really interested in knowing the truth and thus never connect with people who are in contact with Chinese social media.",government / the state,pro,1,0.746153,0.511723,0.5117228512703648,"They just explained why china is doing it. 
What's the problem it's what china does",user_0132,12,2026-08-30,UgweajUko7e9R3sL0ah4AaABAg,,"ctx4_gemma_en_topic_none (Gemma-2-9B, no context)","ctx4_gemma_en_root (Gemma-2-9B, root)"
Why footage of Tibet floods isn't being shown in China. #BBCNews,UgweajUko7e9R3sL0ah4AaABAg.Aa6_PlzS0XdAa8R6uffs_8,@user what's the problem with china censoring news on Tibet?,china,con,1,0.966914,0.997851,0.997850997107425,"The claim that China’s media is hiding the floods from its citizens is demonstrably false, and a perfect example of the pro-genocide BBC fabricating propaganda against China.",user_0131,0,2026-08-30,UgweajUko7e9R3sL0ah4AaABAg,,"ctx4_gemma_en_topic_none (Gemma-2-9B, no context)","ctx4_gemma_en_root (Gemma-2-9B, root)"
Why footage of Tibet floods isn't being shown in China. #BBCNews,UgweajUko7e9R3sL0ah4AaABAg.Aa6_PlzS0XdAa8R6uffs_8,@user what's the problem with china censoring news on Tibet?,press freedom,con,1,0.997285,0.538971,0.5389707966480446,"The claim that China’s media is hiding the floods from its citizens is demonstrably false, and a perfect example of the pro-genocide BBC fabricating propaganda against China.",user_0131,0,2026-08-30,UgweajUko7e9R3sL0ah4AaABAg,,"ctx4_gemma_en_topic_none (Gemma-2-9B, no context)","ctx4_gemma_en_root (Gemma-2-9B, root)"
Why footage of Tibet floods isn't being shown in China. #BBCNews,UgweajUko7e9R3sL0ah4AaABAg.Aa6_PlzS0XdAa8R6uffs_8,@user what's the problem with china censoring news on Tibet?,communism / socialism,pro,1,0.986777,0.542869,0.5428694872343308,"The claim that China’s media is hiding the floods from its citizens is demonstrably false, and a perfect example of the pro-genocide BBC fabricating propaganda against China.",user_0131,0,2026-08-30,UgweajUko7e9R3sL0ah4AaABAg,,"ctx4_gemma_en_topic_none (Gemma-2-9B, no context)","ctx4_gemma_en_root (Gemma-2-9B, root)"
Why footage of Tibet floods isn't being shown in China. #BBCNews,UgweajUko7e9R3sL0ah4AaABAg.Aa6_PlzS0XdAa9TAWg31pP,So the Tibetans are lying on social media???,china,con,1,0.787931,0.861547,0.8615471559476777,"The claim that China’s media is hiding the floods from its citizens is demonstrably false, and a perfect example of the pro-genocide BBC fabricating propaganda against China.",user_0133,3,2026-08-31,UgweajUko7e9R3sL0ah4AaABAg,,"ctx4_gemma_en_topic_none (Gemma-2-9B, no context)","ctx4_gemma_en_root (Gemma-2-9B, root)"
Why footage of Tibet floods isn't being shown in China. #BBCNews,UgweajUko7e9R3sL0ah4AaABAg.Aa6_PlzS0XdAa9TAWg31pP,So the Tibetans are lying on social media???,bbc,con,1,0.967898,0.766294,0.7662936430859597,"The claim that China’s media is hiding the floods from its citizens is demonstrably false, and a perfect example of the pro-genocide BBC fabricating propaganda against China.",user_0133,3,2026-08-31,UgweajUko7e9R3sL0ah4AaABAg,,"ctx4_gemma_en_topic_none (Gemma-2-9B, no context)","ctx4_gemma_en_root (Gemma-2-9B, root)"
Why footage of Tibet floods isn't being shown in China. #BBCNews,UgweajUko7e9R3sL0ah4AaABAg.Aa6_PlzS0XdAa9TAWg31pP,So the Tibetans are lying on social media???,press freedom,con,1,0.626142,0.615076,0.6150760177086736,"The claim that China’s media is hiding the floods from its citizens is demonstrably false, and a perfect example of the pro-genocide BBC fabricating propaganda against China.",user_0133,3,2026-08-31,UgweajUko7e9R3sL0ah4AaABAg,,"ctx4_gemma_en_topic_none (Gemma-2-9B, no context)","ctx4_gemma_en_root (Gemma-2-9B, root)"
Why footage of Tibet floods isn't being shown in China. #BBCNews,UgweajUko7e9R3sL0ah4AaABAg.Aa6_PlzS0XdAa9TAWg31pP,So the Tibetans are lying on social media???,communism / socialism,con,1,0.705785,0.615076,0.6150760177086736,"The claim that China’s media is hiding the floods from its citizens is demonstrably false, and a perfect example of the pro-genocide BBC fabricating propaganda against China.",user_0133,3,2026-08-31,UgweajUko7e9R3sL0ah4AaABAg,,"ctx4_gemma_en_topic_none (Gemma-2-9B, no context)","ctx4_gemma_en_root (Gemma-2-9B, root)"
Why footage of Tibet floods isn't being shown in China. #BBCNews,UgweajUko7e9R3sL0ah4AaABAg.Aa6_PlzS0XdAa9fUAqwpiE,"Also i saw some news where the glacier melts collapse is located in Tibet china boarder very near Nepal. There no warning with Nepal to late for that. China propaganda administration banned censor about the flood for not knowing the truth of their citizens. Well we all knows china manipulation, and greediness of their neighborhood countries even the sea. 👀🏞️🦭",china,con,1,0.998866,0.99906,0.9990601030711848,"The claim that China’s media is hiding the floods from its citizens is demonstrably false, and a perfect example of the pro-genocide BBC fabricating propaganda against China.",user_0134,0,2026-08-31,UgweajUko7e9R3sL0ah4AaABAg,,"ctx4_gemma_en_topic_none (Gemma-2-9B, no context)","ctx4_gemma_en_root (Gemma-2-9B, root)"
Why footage of Tibet floods isn't being shown in China. #BBCNews,UgweajUko7e9R3sL0ah4AaABAg.Aa6_PlzS0XdAa9fUAqwpiE,"Also i saw some news where the glacier melts collapse is located in Tibet china boarder very near Nepal. There no warning with Nepal to late for that. China propaganda administration banned censor about the flood for not knowing the truth of their citizens. Well we all knows china manipulation, and greediness of their neighborhood countries even the sea. 👀🏞️🦭",india,pro,1,0.826712,0.56984,0.5698403953409988,"The claim that China’s media is hiding the floods from its citizens is demonstrably false, and a perfect example of the pro-genocide BBC fabricating propaganda against China.",user_0134,0,2026-08-31,UgweajUko7e9R3sL0ah4AaABAg,,"ctx4_gemma_en_topic_none (Gemma-2-9B, no context)","ctx4_gemma_en_root (Gemma-2-9B, root)"
Why footage of Tibet floods isn't being shown in China. #BBCNews,UgweajUko7e9R3sL0ah4AaABAg.Aa6_PlzS0XdAa9fUAqwpiE,"Also i saw some news where the glacier melts collapse is located in Tibet china boarder very near Nepal. There no warning with Nepal to late for that. China propaganda administration banned censor about the flood for not knowing the truth of their citizens. Well we all knows china manipulation, and greediness of their neighborhood countries even the sea. 👀🏞️🦭",bbc,pro,1,0.766312,0.893309,0.8933094060543487,"The claim that China’s media is hiding the floods from its citizens is demonstrably false, and a perfect example of the pro-genocide BBC fabricating propaganda against China.",user_0134,0,2026-08-31,UgweajUko7e9R3sL0ah4AaABAg,,"ctx4_gemma_en_topic_none (Gemma-2-9B, no context)","ctx4_gemma_en_root (Gemma-2-9B, root)"
Why footage of Tibet floods isn't being shown in China. #BBCNews,UgweajUko7e9R3sL0ah4AaABAg.Aa6_PlzS0XdAa9fUAqwpiE,"Also i saw some news where the glacier melts collapse is located in Tibet china boarder very near Nepal. There no warning with Nepal to late for that. China propaganda administration banned censor about the flood for not knowing the truth of their citizens. Well we all knows china manipulation, and greediness of their neighborhood countries even the sea. 👀🏞️🦭",climate change,pro,1,0.925228,0.957912,0.9579122720843812,"The claim that China’s media is hiding the floods from its citizens is demonstrably false, and a perfect example of the pro-genocide BBC fabricating propaganda against China.",user_0134,0,2026-08-31,UgweajUko7e9R3sL0ah4AaABAg,,"ctx4_gemma_en_topic_none (Gemma-2-9B, no context)","ctx4_gemma_en_root (Gemma-2-9B, root)"
Why footage of Tibet floods isn't being shown in China. #BBCNews,UgweajUko7e9R3sL0ah4AaABAg.Aa6_PlzS0XdAa9fUAqwpiE,"Also i saw some news where the glacier melts collapse is located in Tibet china boarder very near Nepal. There no warning with Nepal to late for that. China propaganda administration banned censor about the flood for not knowing the truth of their citizens. Well we all knows china manipulation, and greediness of their neighborhood countries even the sea. 👀🏞️🦭",communism / socialism,con,1,0.985936,0.845952,0.8459522113421715,"The claim that China’s media is hiding the floods from its citizens is demonstrably false, and a perfect example of the pro-genocide BBC fabricating propaganda against China.",user_0134,0,2026-08-31,UgweajUko7e9R3sL0ah4AaABAg,,"ctx4_gemma_en_topic_none (Gemma-2-9B, no context)","ctx4_gemma_en_root (Gemma-2-9B, root)"
Why footage of Tibet floods isn't being shown in China. #BBCNews,UgweajUko7e9R3sL0ah4AaABAg.Aa6_PlzS0XdAa9fUAqwpiE,"Also i saw some news where the glacier melts collapse is located in Tibet china boarder very near Nepal. There no warning with Nepal to late for that. China propaganda administration banned censor about the flood for not knowing the truth of their citizens. Well we all knows china manipulation, and greediness of their neighborhood countries even the sea. 👀🏞️🦭",government / the state,con,1,0.997327,0.600176,0.6001763610854698,"The claim that China’s media is hiding the floods from its citizens is demonstrably false, and a perfect example of the pro-genocide BBC fabricating propaganda against China.",user_0134,0,2026-08-31,UgweajUko7e9R3sL0ah4AaABAg,,"ctx4_gemma_en_topic_none (Gemma-2-9B, no context)","ctx4_gemma_en_root (Gemma-2-9B, root)"
Why footage of Tibet floods isn't being shown in China. #BBCNews,UgweajUko7e9R3sL0ah4AaABAg.Aa6_PlzS0XdAa9qrJJBgTW,@user Chinese social media isn't state controlled media,china,pro,1,0.931464,0.996406,0.9964063974185798,"The claim that China’s media is hiding the floods from its citizens is demonstrably false, and a perfect example of the pro-genocide BBC fabricating propaganda against China.",user_0131,0,2026-08-31,UgweajUko7e9R3sL0ah4AaABAg,,"ctx4_gemma_en_topic_none (Gemma-2-9B, no context)","ctx4_gemma_en_root (Gemma-2-9B, root)"
Why footage of Tibet floods isn't being shown in China. #BBCNews,UgweajUko7e9R3sL0ah4AaABAg.Aa6_PlzS0XdAa9qrJJBgTW,@user Chinese social media isn't state controlled media,bbc,con,1,0.956636,0.787931,0.7879311956428947,"The claim that China’s media is hiding the floods from its citizens is demonstrably false, and a perfect example of the pro-genocide BBC fabricating propaganda against China.",user_0131,0,2026-08-31,UgweajUko7e9R3sL0ah4AaABAg,,"ctx4_gemma_en_topic_none (Gemma-2-9B, no context)","ctx4_gemma_en_root (Gemma-2-9B, root)"
Why footage of Tibet floods isn't being shown in China. #BBCNews,UgweajUko7e9R3sL0ah4AaABAg.Aa6_PlzS0XdAa9qrJJBgTW,@user Chinese social media isn't state controlled media,press freedom,pro,1,0.94738,0.944992,0.9449921126633908,"The claim that China’s media is hiding the floods from its citizens is demonstrably false, and a perfect example of the pro-genocide BBC fabricating propaganda against China.",user_0131,0,2026-08-31,UgweajUko7e9R3sL0ah4AaABAg,,"ctx4_gemma_en_topic_none (Gemma-2-9B, no context)","ctx4_gemma_en_root (Gemma-2-9B, root)"
Why footage of Tibet floods isn't being shown in China. #BBCNews,UgweajUko7e9R3sL0ah4AaABAg.Aa6_PlzS0XdAa9qrJJBgTW,@user Chinese social media isn't state controlled media,democracy,pro,1,0.933429,0.629786,0.6297862652563304,"The claim that China’s media is hiding the floods from its citizens is demonstrably false, and a perfect example of the pro-genocide BBC fabricating propaganda against China.",user_0131,0,2026-08-31,UgweajUko7e9R3sL0ah4AaABAg,,"ctx4_gemma_en_topic_none (Gemma-2-9B, no context)","ctx4_gemma_en_root (Gemma-2-9B, root)"
Why footage of Tibet floods isn't being shown in China. #BBCNews,UgweajUko7e9R3sL0ah4AaABAg.Aa6_PlzS0XdAa9qrJJBgTW,@user Chinese social media isn't state controlled media,communism / socialism,con,1,0.712242,0.960361,0.96036116089903,"The claim that China’s media is hiding the floods from its citizens is demonstrably false, and a perfect example of the pro-genocide BBC fabricating propaganda against China.",user_0131,0,2026-08-31,UgweajUko7e9R3sL0ah4AaABAg,,"ctx4_gemma_en_topic_none (Gemma-2-9B, no context)","ctx4_gemma_en_root (Gemma-2-9B, root)"
Why footage of Tibet floods isn't being shown in China. #BBCNews,UgweajUko7e9R3sL0ah4AaABAg.Aa6_PlzS0XdAa9qrJJBgTW,@user Chinese social media isn't state controlled media,government / the state,con,1,0.990732,0.983343,0.983342550496247,"The claim that China’s media is hiding the floods from its citizens is demonstrably false, and a perfect example of the pro-genocide BBC fabricating propaganda against China.",user_0131,0,2026-08-31,UgweajUko7e9R3sL0ah4AaABAg,,"ctx4_gemma_en_topic_none (Gemma-2-9B, no context)","ctx4_gemma_en_root (Gemma-2-9B, root)"
Why footage of Tibet floods isn't being shown in China. #BBCNews,UgweajUko7e9R3sL0ah4AaABAg.Aa6_PlzS0XdAa9xFPQlvDz,@user it is not.,china,con,1,0.5,0.989347,0.989346962195638,"They just explained why china is doing it. 
What's the problem it's what china does",user_0135,2,2026-08-31,UgweajUko7e9R3sL0ah4AaABAg,,"ctx4_gemma_en_topic_none (Gemma-2-9B, no context)","ctx4_gemma_en_root (Gemma-2-9B, root)"
Why footage of Tibet floods isn't being shown in China. #BBCNews,UgweajUko7e9R3sL0ah4AaABAg.Aa6_PlzS0XdAa9xFPQlvDz,@user it is not.,bbc,con,1,0.897698,0.946597,0.9465966702001756,"They just explained why china is doing it. 
What's the problem it's what china does",user_0135,2,2026-08-31,UgweajUko7e9R3sL0ah4AaABAg,,"ctx4_gemma_en_topic_none (Gemma-2-9B, no context)","ctx4_gemma_en_root (Gemma-2-9B, root)"
Why footage of Tibet floods isn't being shown in China. #BBCNews,UgweajUko7e9R3sL0ah4AaABAg.Aa6_PlzS0XdAa9xFPQlvDz,@user it is not.,press freedom,con,1,0.507824,0.569865,0.5698649074017038,"They just explained why china is doing it. 
What's the problem it's what china does",user_0135,2,2026-08-31,UgweajUko7e9R3sL0ah4AaABAg,,"ctx4_gemma_en_topic_none (Gemma-2-9B, no context)","ctx4_gemma_en_root (Gemma-2-9B, root)"
Why footage of Tibet floods isn't being shown in China. #BBCNews,UgweajUko7e9R3sL0ah4AaABAg.Aa6_PlzS0XdAa9y239fmdw,"@user so Chinese state media is showing the Tibetan floods? 
And social media in Tibet isn't censored showing the true damages?",china,con,1,0.992655,0.99657,0.9965704815208882,"The claim that China’s media is hiding the floods from its citizens is demonstrably false, and a perfect example of the pro-genocide BBC fabricating propaganda against China.",user_0131,0,2026-08-31,UgweajUko7e9R3sL0ah4AaABAg,,"ctx4_gemma_en_topic_none (Gemma-2-9B, no context)","ctx4_gemma_en_root (Gemma-2-9B, root)"
Why footage of Tibet floods isn't being shown in China. #BBCNews,UgweajUko7e9R3sL0ah4AaABAg.Aa6_PlzS0XdAa9y239fmdw,"@user so Chinese state media is showing the Tibetan floods? 
And social media in Tibet isn't censored showing the true damages?",bbc,con,1,0.888756,0.763488,0.7634882779322142,"The claim that China’s media is hiding the floods from its citizens is demonstrably false, and a perfect example of the pro-genocide BBC fabricating propaganda against China.",user_0131,0,2026-08-31,UgweajUko7e9R3sL0ah4AaABAg,,"ctx4_gemma_en_topic_none (Gemma-2-9B, no context)","ctx4_gemma_en_root (Gemma-2-9B, root)"
Why footage of Tibet floods isn't being shown in China. #BBCNews,UgweajUko7e9R3sL0ah4AaABAg.Aa6_PlzS0XdAa9y239fmdw,"@user so Chinese state media is showing the Tibetan floods? 
And social media in Tibet isn't censored showing the true damages?",press freedom,pro,1,0.961536,0.957279,0.957278824867106,"The claim that China’s media is hiding the floods from its citizens is demonstrably false, and a perfect example of the pro-genocide BBC fabricating propaganda against China.",user_0131,0,2026-08-31,UgweajUko7e9R3sL0ah4AaABAg,,"ctx4_gemma_en_topic_none (Gemma-2-9B, no context)","ctx4_gemma_en_root (Gemma-2-9B, root)"
Why footage of Tibet floods isn't being shown in China. #BBCNews,UgweajUko7e9R3sL0ah4AaABAg.Aa6_PlzS0XdAa9y239fmdw,"@user so Chinese state media is showing the Tibetan floods? 
And social media in Tibet isn't censored showing the true damages?",communism / socialism,con,1,0.96323,0.927365,0.9273649776366022,"The claim that China’s media is hiding the floods from its citizens is demonstrably false, and a perfect example of the pro-genocide BBC fabricating propaganda against China.",user_0131,0,2026-08-31,UgweajUko7e9R3sL0ah4AaABAg,,"ctx4_gemma_en_topic_none (Gemma-2-9B, no context)","ctx4_gemma_en_root (Gemma-2-9B, root)"
Why footage of Tibet floods isn't being shown in China. #BBCNews,UgweajUko7e9R3sL0ah4AaABAg.Aa6_PlzS0XdAa9y239fmdw,"@user so Chinese state media is showing the Tibetan floods? 
And social media in Tibet isn't censored showing the true damages?",government / the state,con,1,0.991152,0.987758,0.9877584224188448,"The claim that China’s media is hiding the floods from its citizens is demonstrably false, and a perfect example of the pro-genocide BBC fabricating propaganda against China.",user_0131,0,2026-08-31,UgweajUko7e9R3sL0ah4AaABAg,,"ctx4_gemma_en_topic_none (Gemma-2-9B, no context)","ctx4_gemma_en_root (Gemma-2-9B, root)"
Why footage of Tibet floods isn't being shown in China. #BBCNews,UgweajUko7e9R3sL0ah4AaABAg.Aa6_PlzS0XdAa9zmjTgZTP,"@user I believe you are a person who can communicate effectively, so I answered your question seriously. The only video that Chinese state media did not broadcast was the disturbing surveillance footage of people being buried by mudslides, yet this image was still widely circulated on Chinese social media. Apart from that, Chinese state media provided detailed reports on the disaster, the progress of rescue efforts, casualties, and the causes of the disaster, with official reporters going to the front lines to bring the latest reports (which, of course, did not include disturbing footage), and related topics remained trending on social media for several days.",china,pro,1,0.997409,0.99711,0.9971102749170786,"They just explained why china is doing it. 
What's the problem it's what china does",user_0135,1,2026-08-31,UgweajUko7e9R3sL0ah4AaABAg,,"ctx4_gemma_en_topic_none (Gemma-2-9B, no context)","ctx4_gemma_en_root (Gemma-2-9B, root)"
Why footage of Tibet floods isn't being shown in China. #BBCNews,UgweajUko7e9R3sL0ah4AaABAg.Aa6_PlzS0XdAa9zmjTgZTP,"@user I believe you are a person who can communicate effectively, so I answered your question seriously. The only video that Chinese state media did not broadcast was the disturbing surveillance footage of people being buried by mudslides, yet this image was still widely circulated on Chinese social media. Apart from that, Chinese state media provided detailed reports on the disaster, the progress of rescue efforts, casualties, and the causes of the disaster, with official reporters going to the front lines to bring the latest reports (which, of course, did not include disturbing footage), and related topics remained trending on social media for several days.",bbc,con,1,0.987946,0.900528,0.9005275466982083,"They just explained why china is doing it. 
What's the problem it's what china does",user_0135,1,2026-08-31,UgweajUko7e9R3sL0ah4AaABAg,,"ctx4_gemma_en_topic_none (Gemma-2-9B, no context)","ctx4_gemma_en_root (Gemma-2-9B, root)"
Why footage of Tibet floods isn't being shown in China. #BBCNews,UgweajUko7e9R3sL0ah4AaABAg.Aa6_PlzS0XdAa9zmjTgZTP,"@user I believe you are a person who can communicate effectively, so I answered your question seriously. The only video that Chinese state media did not broadcast was the disturbing surveillance footage of people being buried by mudslides, yet this image was still widely circulated on Chinese social media. Apart from that, Chinese state media provided detailed reports on the disaster, the progress of rescue efforts, casualties, and the causes of the disaster, with official reporters going to the front lines to bring the latest reports (which, of course, did not include disturbing footage), and related topics remained trending on social media for several days.",press freedom,con,1,0.961532,0.95041,0.9504097987539062,"They just explained why china is doing it. 
What's the problem it's what china does",user_0135,1,2026-08-31,UgweajUko7e9R3sL0ah4AaABAg,,"ctx4_gemma_en_topic_none (Gemma-2-9B, no context)","ctx4_gemma_en_root (Gemma-2-9B, root)"
Why footage of Tibet floods isn't being shown in China. #BBCNews,UgweajUko7e9R3sL0ah4AaABAg.Aa6_PlzS0XdAa9zmjTgZTP,"@user I believe you are a person who can communicate effectively, so I answered your question seriously. The only video that Chinese state media did not broadcast was the disturbing surveillance footage of people being buried by mudslides, yet this image was still widely circulated on Chinese social media. Apart from that, Chinese state media provided detailed reports on the disaster, the progress of rescue efforts, casualties, and the causes of the disaster, with official reporters going to the front lines to bring the latest reports (which, of course, did not include disturbing footage), and related topics remained trending on social media for several days.",privacy / surveillance,con,1,0.661928,0.963778,0.9637781986863794,"They just explained why china is doing it. 
What's the problem it's what china does",user_0135,1,2026-08-31,UgweajUko7e9R3sL0ah4AaABAg,,"ctx4_gemma_en_topic_none (Gemma-2-9B, no context)","ctx4_gemma_en_root (Gemma-2-9B, root)"
Why footage of Tibet floods isn't being shown in China. #BBCNews,UgweajUko7e9R3sL0ah4AaABAg.Aa6_PlzS0XdAa9zmjTgZTP,"@user I believe you are a person who can communicate effectively, so I answered your question seriously. The only video that Chinese state media did not broadcast was the disturbing surveillance footage of people being buried by mudslides, yet this image was still widely circulated on Chinese social media. Apart from that, Chinese state media provided detailed reports on the disaster, the progress of rescue efforts, casualties, and the causes of the disaster, with official reporters going to the front lines to bring the latest reports (which, of course, did not include disturbing footage), and related topics remained trending on social media for several days.",communism / socialism,pro,1,0.978385,0.826712,0.8267117940706734,"They just explained why china is doing it. 
What's the problem it's what china does",user_0135,1,2026-08-31,UgweajUko7e9R3sL0ah4AaABAg,,"ctx4_gemma_en_topic_none (Gemma-2-9B, no context)","ctx4_gemma_en_root (Gemma-2-9B, root)"
Why footage of Tibet floods isn't being shown in China. #BBCNews,UgweajUko7e9R3sL0ah4AaABAg.Aa6_PlzS0XdAa9zmjTgZTP,"@user I believe you are a person who can communicate effectively, so I answered your question seriously. The only video that Chinese state media did not broadcast was the disturbing surveillance footage of people being buried by mudslides, yet this image was still widely circulated on Chinese social media. Apart from that, Chinese state media provided detailed reports on the disaster, the progress of rescue efforts, casualties, and the causes of the disaster, with official reporters going to the front lines to bring the latest reports (which, of course, did not include disturbing footage), and related topics remained trending on social media for several days.",government / the state,pro,1,0.997713,0.986979,0.986979188608322,"They just explained why china is doing it. 
What's the problem it's what china does",user_0135,1,2026-08-31,UgweajUko7e9R3sL0ah4AaABAg,,"ctx4_gemma_en_topic_none (Gemma-2-9B, no context)","ctx4_gemma_en_root (Gemma-2-9B, root)"
Why footage of Tibet floods isn't being shown in China. #BBCNews,UgweajUko7e9R3sL0ah4AaABAg.Aa6_PlzS0XdAaA-n-iy2WA,"@user you do know the CCP controls Tibeten media?
Ok so the Tibetan people are wrong",china,con,1,0.997603,0.989348,0.9893480160991236,"The claim that China’s media is hiding the floods from its citizens is demonstrably false, and a perfect example of the pro-genocide BBC fabricating propaganda against China.",user_0131,0,2026-08-31,UgweajUko7e9R3sL0ah4AaABAg,,"ctx4_gemma_en_topic_none (Gemma-2-9B, no context)","ctx4_gemma_en_root (Gemma-2-9B, root)"
Why footage of Tibet floods isn't being shown in China. #BBCNews,UgweajUko7e9R3sL0ah4AaABAg.Aa6_PlzS0XdAaA-n-iy2WA,"@user you do know the CCP controls Tibeten media?
Ok so the Tibetan people are wrong",bbc,pro,1,0.957912,0.668875,0.6688747233611899,"The claim that China’s media is hiding the floods from its citizens is demonstrably false, and a perfect example of the pro-genocide BBC fabricating propaganda against China.",user_0131,0,2026-08-31,UgweajUko7e9R3sL0ah4AaABAg,,"ctx4_gemma_en_topic_none (Gemma-2-9B, no context)","ctx4_gemma_en_root (Gemma-2-9B, root)"
Why footage of Tibet floods isn't being shown in China. #BBCNews,UgweajUko7e9R3sL0ah4AaABAg.Aa6_PlzS0XdAaA-n-iy2WA,"@user you do know the CCP controls Tibeten media?
Ok so the Tibetan people are wrong",communism / socialism,con,1,0.995601,0.970688,0.9706877692486436,"The claim that China’s media is hiding the floods from its citizens is demonstrably false, and a perfect example of the pro-genocide BBC fabricating propaganda against China.",user_0131,0,2026-08-31,UgweajUko7e9R3sL0ah4AaABAg,,"ctx4_gemma_en_topic_none (Gemma-2-9B, no context)","ctx4_gemma_en_root (Gemma-2-9B, root)"
Why footage of Tibet floods isn't being shown in China. #BBCNews,UgweajUko7e9R3sL0ah4AaABAg.Aa6_PlzS0XdAaA-n-iy2WA,"@user you do know the CCP controls Tibeten media?
Ok so the Tibetan people are wrong",government / the state,con,1,0.998073,0.75779,0.7577897826935144,"The claim that China’s media is hiding the floods from its citizens is demonstrably false, and a perfect example of the pro-genocide BBC fabricating propaganda against China.",user_0131,0,2026-08-31,UgweajUko7e9R3sL0ah4AaABAg,,"ctx4_gemma_en_topic_none (Gemma-2-9B, no context)","ctx4_gemma_en_root (Gemma-2-9B, root)"
Why footage of Tibet floods isn't being shown in China. #BBCNews,UgweajUko7e9R3sL0ah4AaABAg.Aa6_PlzS0XdAaA0GujXy_M,@user  What I'm saying is the truth. Everyone living in China can verify it.,china,pro,1,0.672321,0.996876,0.996876273551894,"They just explained why china is doing it. 
What's the problem it's what china does",user_0135,0,2026-08-31,UgweajUko7e9R3sL0ah4AaABAg,,"ctx4_gemma_en_topic_none (Gemma-2-9B, no context)","ctx4_gemma_en_root (Gemma-2-9B, root)"
Why footage of Tibet floods isn't being shown in China. #BBCNews,UgweajUko7e9R3sL0ah4AaABAg.Aa6_PlzS0XdAaA0GujXy_M,@user  What I'm saying is the truth. Everyone living in China can verify it.,communism / socialism,pro,1,0.861535,0.893309,0.8933094060543487,"They just explained why china is doing it. 
What's the problem it's what china does",user_0135,0,2026-08-31,UgweajUko7e9R3sL0ah4AaABAg,,"ctx4_gemma_en_topic_none (Gemma-2-9B, no context)","ctx4_gemma_en_root (Gemma-2-9B, root)"
Why footage of Tibet floods isn't being shown in China. #BBCNews,UgweajUko7e9R3sL0ah4AaABAg.Aa6_PlzS0XdAaA0GujXy_M,@user  What I'm saying is the truth. Everyone living in China can verify it.,government / the state,con,1,0.718574,0.554483,0.5544828165752076,"They just explained why china is doing it. 
What's the problem it's what china does",user_0135,0,2026-08-31,UgweajUko7e9R3sL0ah4AaABAg,,"ctx4_gemma_en_topic_none (Gemma-2-9B, no context)","ctx4_gemma_en_root (Gemma-2-9B, root)"
Why footage of Tibet floods isn't being shown in China. #BBCNews,UgweajUko7e9R3sL0ah4AaABAg.Aa6_PlzS0XdAaAKXHFch07,"German news reports used footage from Chinese television, but they didn't know the footage originated in China. How naive! 😂😂😂",china,pro,1,0.995094,0.997783,0.9977830422788114,"The claim that China’s media is hiding the floods from its citizens is demonstrably false, and a perfect example of the pro-genocide BBC fabricating propaganda against China.",user_0136,4,2026-08-31,UgweajUko7e9R3sL0ah4AaABAg,,"ctx4_gemma_en_topic_none (Gemma-2-9B, no context)","ctx4_gemma_en_root (Gemma-2-9B, root)"
Why footage of Tibet floods isn't being shown in China. #BBCNews,UgweajUko7e9R3sL0ah4AaABAg.Aa6_PlzS0XdAaAKXHFch07,"German news reports used footage from Chinese television, but they didn't know the footage originated in China. How naive! 😂😂😂",bbc,con,1,0.971128,0.989347,0.989346962195638,"The claim that China’s media is hiding the floods from its citizens is demonstrably false, and a perfect example of the pro-genocide BBC fabricating propaganda against China.",user_0136,4,2026-08-31,UgweajUko7e9R3sL0ah4AaABAg,,"ctx4_gemma_en_topic_none (Gemma-2-9B, no context)","ctx4_gemma_en_root (Gemma-2-9B, root)"
Why footage of Tibet floods isn't being shown in China. #BBCNews,UgweajUko7e9R3sL0ah4AaABAg.Aa6_PlzS0XdAaAKXHFch07,"German news reports used footage from Chinese television, but they didn't know the footage originated in China. How naive! 😂😂😂",press freedom,con,1,0.957279,0.993512,0.993512052703988,"The claim that China’s media is hiding the floods from its citizens is demonstrably false, and a perfect example of the pro-genocide BBC fabricating propaganda against China.",user_0136,4,2026-08-31,UgweajUko7e9R3sL0ah4AaABAg,,"ctx4_gemma_en_topic_none (Gemma-2-9B, no context)","ctx4_gemma_en_root (Gemma-2-9B, root)"
Why footage of Tibet floods isn't being shown in China. #BBCNews,UgweajUko7e9R3sL0ah4AaABAg.Aa6_PlzS0XdAaAKXHFch07,"German news reports used footage from Chinese television, but they didn't know the footage originated in China. How naive! 😂😂😂",communism / socialism,pro,1,0.981166,0.685939,0.68593868376804,"The claim that China’s media is hiding the floods from its citizens is demonstrably false, and a perfect example of the pro-genocide BBC fabricating propaganda against China.",user_0136,4,2026-08-31,UgweajUko7e9R3sL0ah4AaABAg,,"ctx4_gemma_en_topic_none (Gemma-2-9B, no context)","ctx4_gemma_en_root (Gemma-2-9B, root)"
Why footage of Tibet floods isn't being shown in China. #BBCNews,UgweajUko7e9R3sL0ah4AaABAg.Aa6_PlzS0XdAaAW7_WUkkQ,@user so that's it then china is not hiding the truth in Tibet because Germany shared a video😂,china,pro,1,0.879149,0.997409,0.9974089560281124,"The claim that China’s media is hiding the floods from its citizens is demonstrably false, and a perfect example of the pro-genocide BBC fabricating propaganda against China.",user_0131,0,2026-08-31,UgweajUko7e9R3sL0ah4AaABAg,,"ctx4_gemma_en_topic_none (Gemma-2-9B, no context)","ctx4_gemma_en_root (Gemma-2-9B, root)"
Why footage of Tibet floods isn't being shown in China. #BBCNews,UgweajUko7e9R3sL0ah4AaABAg.Aa6_PlzS0XdAaAW7_WUkkQ,@user so that's it then china is not hiding the truth in Tibet because Germany shared a video😂,bbc,con,1,0.970241,0.769076,0.7690757971452105,"The claim that China’s media is hiding the floods from its citizens is demonstrably false, and a perfect example of the pro-genocide BBC fabricating propaganda against China.",user_0131,0,2026-08-31,UgweajUko7e9R3sL0ah4AaABAg,,"ctx4_gemma_en_topic_none (Gemma-2-9B, no context)","ctx4_gemma_en_root (Gemma-2-9B, root)"
Why footage of Tibet floods isn't being shown in China. #BBCNews,UgweajUko7e9R3sL0ah4AaABAg.Aa6_PlzS0XdAaAWW2wys6R,"@user china has just arrested people for sharing videos. 
Go and check it",china,con,1,0.997748,0.996972,0.9969722404411748,"The claim that China’s media is hiding the floods from its citizens is demonstrably false, and a perfect example of the pro-genocide BBC fabricating propaganda against China.",user_0131,0,2026-08-31,UgweajUko7e9R3sL0ah4AaABAg,,"ctx4_gemma_en_topic_none (Gemma-2-9B, no context)","ctx4_gemma_en_root (Gemma-2-9B, root)"
Why footage of Tibet floods isn't being shown in China. #BBCNews,UgweajUko7e9R3sL0ah4AaABAg.Aa6_PlzS0XdAaAWW2wys6R,"@user china has just arrested people for sharing videos. 
Go and check it",bbc,pro,1,0.550626,0.629786,0.6297862652563304,"The claim that China’s media is hiding the floods from its citizens is demonstrably false, and a perfect example of the pro-genocide BBC fabricating propaganda against China.",user_0131,0,2026-08-31,UgweajUko7e9R3sL0ah4AaABAg,,"ctx4_gemma_en_topic_none (Gemma-2-9B, no context)","ctx4_gemma_en_root (Gemma-2-9B, root)"
Why footage of Tibet floods isn't being shown in China. #BBCNews,UgweajUko7e9R3sL0ah4AaABAg.Aa6_PlzS0XdAaAWW2wys6R,"@user china has just arrested people for sharing videos. 
Go and check it",press freedom,pro,1,0.99014,0.937209,0.9372093202187712,"The claim that China’s media is hiding the floods from its citizens is demonstrably false, and a perfect example of the pro-genocide BBC fabricating propaganda against China.",user_0131,0,2026-08-31,UgweajUko7e9R3sL0ah4AaABAg,,"ctx4_gemma_en_topic_none (Gemma-2-9B, no context)","ctx4_gemma_en_root (Gemma-2-9B, root)"
Why footage of Tibet floods isn't being shown in China. #BBCNews,UgweajUko7e9R3sL0ah4AaABAg.Aa6_PlzS0XdAaAWW2wys6R,"@user china has just arrested people for sharing videos. 
Go and check it",communism / socialism,con,1,0.99427,0.774588,0.7745877492340874,"The claim that China’s media is hiding the floods from its citizens is demonstrably false, and a perfect example of the pro-genocide BBC fabricating propaganda against China.",user_0131,0,2026-08-31,UgweajUko7e9R3sL0ah4AaABAg,,"ctx4_gemma_en_topic_none (Gemma-2-9B, no context)","ctx4_gemma_en_root (Gemma-2-9B, root)"
Why footage of Tibet floods isn't being shown in China. #BBCNews,UgweajUko7e9R3sL0ah4AaABAg.Aa6_PlzS0XdAaAeq9TiVsr,"@user china said 16 people dead. 
The done it with COVID",china,con,1,0.997155,0.997242,0.9972423088813028,"The claim that China’s media is hiding the floods from its citizens is demonstrably false, and a perfect example of the pro-genocide BBC fabricating propaganda against China.",user_0131,0,2026-08-31,UgweajUko7e9R3sL0ah4AaABAg,,"ctx4_gemma_en_topic_none (Gemma-2-9B, no context)","ctx4_gemma_en_root (Gemma-2-9B, root)"
Why footage of Tibet floods isn't being shown in China. #BBCNews,UgweajUko7e9R3sL0ah4AaABAg.Aa6_PlzS0XdAaAeq9TiVsr,"@user china said 16 people dead. 
The done it with COVID",bbc,con,1,0.995668,0.868824,0.8688239270416847,"The claim that China’s media is hiding the floods from its citizens is demonstrably false, and a perfect example of the pro-genocide BBC fabricating propaganda against China.",user_0131,0,2026-08-31,UgweajUko7e9R3sL0ah4AaABAg,,"ctx4_gemma_en_topic_none (Gemma-2-9B, no context)","ctx4_gemma_en_root (Gemma-2-9B, root)"
Why footage of Tibet floods isn't being shown in China. #BBCNews,UgweajUko7e9R3sL0ah4AaABAg.Aa6_PlzS0XdAaAeq9TiVsr,"@user china said 16 people dead. 
The done it with COVID",communism / socialism,con,1,0.985271,0.935342,0.9353419759895744,"The claim that China’s media is hiding the floods from its citizens is demonstrably false, and a perfect example of the pro-genocide BBC fabricating propaganda against China.",user_0131,0,2026-08-31,UgweajUko7e9R3sL0ah4AaABAg,,"ctx4_gemma_en_topic_none (Gemma-2-9B, no context)","ctx4_gemma_en_root (Gemma-2-9B, root)"
Why footage of Tibet floods isn't being shown in China. #BBCNews,UgweajUko7e9R3sL0ah4AaABAg.Aa6_PlzS0XdAaAeq9TiVsr,"@user china said 16 people dead. 
The done it with COVID",government / the state,con,1,0.992654,0.897698,0.8976975880458856,"The claim that China’s media is hiding the floods from its citizens is demonstrably false, and a perfect example of the pro-genocide BBC fabricating propaganda against China.",user_0131,0,2026-08-31,UgweajUko7e9R3sL0ah4AaABAg,,"ctx4_gemma_en_topic_none (Gemma-2-9B, no context)","ctx4_gemma_en_root (Gemma-2-9B, root)"
Why footage of Tibet floods isn't being shown in China. #BBCNews,UgweajUko7e9R3sL0ah4AaABAg.Aa6_PlzS0XdAaCtkioRAmi,@user Yes they are lying. The footage you're seeing right here comes from China lol.,china,pro,1,0.819904,0.997748,0.997748040378878,So the Tibetans are lying on social media???,user_0137,0,2026-09-01,UgweajUko7e9R3sL0ah4AaABAg,,"ctx4_gemma_en_topic_none (Gemma-2-9B, no context)","ctx4_gemma_en_root (Gemma-2-9B, root)"
Why footage of Tibet floods isn't being shown in China. #BBCNews,UgweajUko7e9R3sL0ah4AaABAg.Aa6_PlzS0XdAaCtkioRAmi,@user Yes they are lying. The footage you're seeing right here comes from China lol.,bbc,con,1,0.99341,0.927358,0.9273582414311368,So the Tibetans are lying on social media???,user_0137,0,2026-09-01,UgweajUko7e9R3sL0ah4AaABAg,,"ctx4_gemma_en_topic_none (Gemma-2-9B, no context)","ctx4_gemma_en_root (Gemma-2-9B, root)"
Why footage of Tibet floods isn't being shown in China. #BBCNews,UgweajUko7e9R3sL0ah4AaABAg.Aa6_PlzS0XdAaCtkioRAmi,@user Yes they are lying. The footage you're seeing right here comes from China lol.,press freedom,con,1,0.566012,0.849974,0.8499743636340876,So the Tibetans are lying on social media???,user_0137,0,2026-09-01,UgweajUko7e9R3sL0ah4AaABAg,,"ctx4_gemma_en_topic_none (Gemma-2-9B, no context)","ctx4_gemma_en_root (Gemma-2-9B, root)"
Why footage of Tibet floods isn't being shown in China. #BBCNews,UgweajUko7e9R3sL0ah4AaABAg.Aa6_PlzS0XdAaCtkioRAmi,@user Yes they are lying. The footage you're seeing right here comes from China lol.,communism / socialism,pro,1,0.891813,0.90862,0.9086199726969816,So the Tibetans are lying on social media???,user_0137,0,2026-09-01,UgweajUko7e9R3sL0ah4AaABAg,,"ctx4_gemma_en_topic_none (Gemma-2-9B, no context)","ctx4_gemma_en_root (Gemma-2-9B, root)"
Why footage of Tibet floods isn't being shown in China. #BBCNews,UgweajUko7e9R3sL0ah4AaABAg.Aa6_PlzS0XdAaCtkioRAmi,@user Yes they are lying. The footage you're seeing right here comes from China lol.,government / the state,pro,1,0.611376,0.857759,0.8577589545958497,So the Tibetans are lying on social media???,user_0137,0,2026-09-01,UgweajUko7e9R3sL0ah4AaABAg,,"ctx4_gemma_en_topic_none (Gemma-2-9B, no context)","ctx4_gemma_en_root (Gemma-2-9B, root)"
Why footage of Tibet floods isn't being shown in China. #BBCNews,UgzDXn2ceEgVsDZokOd4AaABAg,Gee. Sounds like what the BBC does in the UK to it's own citizens. Propaganda.,united states,con,1,0.971993,0.766312,0.7663115513786243,,user_0138,21,2026-08-29,UgzDXn2ceEgVsDZokOd4AaABAg,,"ctx4_gemma_en_topic_none (Gemma-2-9B, no context)","ctx4_gemma_en_root (Gemma-2-9B, root)"
Why footage of Tibet floods isn't being shown in China. #BBCNews,UgzDXn2ceEgVsDZokOd4AaABAg,Gee. Sounds like what the BBC does in the UK to it's own citizens. Propaganda.,united kingdom,con,1,0.988842,0.967901,0.9679008467592152,,user_0138,21,2026-08-29,UgzDXn2ceEgVsDZokOd4AaABAg,,"ctx4_gemma_en_topic_none (Gemma-2-9B, no context)","ctx4_gemma_en_root (Gemma-2-9B, root)"
Why footage of Tibet floods isn't being shown in China. #BBCNews,UgzDXn2ceEgVsDZokOd4AaABAg,Gee. Sounds like what the BBC does in the UK to it's own citizens. Propaganda.,china,pro,1,0.853922,0.74016,0.7401599380585159,,user_0138,21,2026-08-29,UgzDXn2ceEgVsDZokOd4AaABAg,,"ctx4_gemma_en_topic_none (Gemma-2-9B, no context)","ctx4_gemma_en_root (Gemma-2-9B, root)"
Why footage of Tibet floods isn't being shown in China. #BBCNews,UgzDXn2ceEgVsDZokOd4AaABAg,Gee. Sounds like what the BBC does in the UK to it's own citizens. Propaganda.,bbc,con,1,0.995669,0.99819,0.9981897889737974,,user_0138,21,2026-08-29,UgzDXn2ceEgVsDZokOd4AaABAg,,"ctx4_gemma_en_topic_none (Gemma-2-9B, no context)","ctx4_gemma_en_root (Gemma-2-9B, root)"
Why footage of Tibet floods isn't being shown in China. #BBCNews,UgzDXn2ceEgVsDZokOd4AaABAg,Gee. Sounds like what the BBC does in the UK to it's own citizens. Propaganda.,press freedom,con,1,0.927365,0.992184,0.9921837234611356,,user_0138,21,2026-08-29,UgzDXn2ceEgVsDZokOd4AaABAg,,"ctx4_gemma_en_topic_none (Gemma-2-9B, no context)","ctx4_gemma_en_root (Gemma-2-9B, root)"
Why footage of Tibet floods isn't being shown in China. #BBCNews,UgzDXn2ceEgVsDZokOd4AaABAg,Gee. Sounds like what the BBC does in the UK to it's own citizens. Propaganda.,democracy,con,1,0.919635,0.949674,0.9496741469336004,,user_0138,21,2026-08-29,UgzDXn2ceEgVsDZokOd4AaABAg,,"ctx4_gemma_en_topic_none (Gemma-2-9B, no context)","ctx4_gemma_en_root (Gemma-2-9B, root)"
Why footage of Tibet floods isn't being shown in China. #BBCNews,UgzDXn2ceEgVsDZokOd4AaABAg,Gee. Sounds like what the BBC does in the UK to it's own citizens. Propaganda.,communism / socialism,con,1,0.550626,0.611376,0.6113760334262107,,user_0138,21,2026-08-29,UgzDXn2ceEgVsDZokOd4AaABAg,,"ctx4_gemma_en_topic_none (Gemma-2-9B, no context)","ctx4_gemma_en_root (Gemma-2-9B, root)"
Why footage of Tibet floods isn't being shown in China. #BBCNews,UgzDXn2ceEgVsDZokOd4AaABAg,Gee. Sounds like what the BBC does in the UK to it's own citizens. Propaganda.,government / the state,con,1,0.994698,0.943353,0.943352918747896,,user_0138,21,2026-08-29,UgzDXn2ceEgVsDZokOd4AaABAg,,"ctx4_gemma_en_topic_none (Gemma-2-9B, no context)","ctx4_gemma_en_root (Gemma-2-9B, root)"
Why footage of Tibet floods isn't being shown in China. #BBCNews,UgzDXn2ceEgVsDZokOd4AaABAg.Aa5m_AqWHwGAa5oMALFPJ2,"Comparing the BBC to Chinese propaganda? Ok rightio, whatever..",united kingdom,pro,1,0.870603,0.558308,0.5583084994073461,Gee. Sounds like what the BBC does in the UK to it's own citizens. Propaganda.,user_0139,7,2026-08-29,UgzDXn2ceEgVsDZokOd4AaABAg,,"ctx4_gemma_en_topic_none (Gemma-2-9B, no context)","ctx4_gemma_en_root (Gemma-2-9B, root)"
Why footage of Tibet floods isn't being shown in China. #BBCNews,UgzDXn2ceEgVsDZokOd4AaABAg.Aa5m_AqWHwGAa5oMALFPJ2,"Comparing the BBC to Chinese propaganda? Ok rightio, whatever..",china,con,1,0.890289,0.993612,0.9936118377760772,Gee. Sounds like what the BBC does in the UK to it's own citizens. Propaganda.,user_0139,7,2026-08-29,UgzDXn2ceEgVsDZokOd4AaABAg,,"ctx4_gemma_en_topic_none (Gemma-2-9B, no context)","ctx4_gemma_en_root (Gemma-2-9B, root)"
Why footage of Tibet floods isn't being shown in China. #BBCNews,UgzDXn2ceEgVsDZokOd4AaABAg.Aa5m_AqWHwGAa5oMALFPJ2,"Comparing the BBC to Chinese propaganda? Ok rightio, whatever..",bbc,pro,1,0.897698,0.996727,0.9967267719076764,Gee. Sounds like what the BBC does in the UK to it's own citizens. Propaganda.,user_0139,7,2026-08-29,UgzDXn2ceEgVsDZokOd4AaABAg,,"ctx4_gemma_en_topic_none (Gemma-2-9B, no context)","ctx4_gemma_en_root (Gemma-2-9B, root)"
Why footage of Tibet floods isn't being shown in China. #BBCNews,UgzDXn2ceEgVsDZokOd4AaABAg.Aa5m_AqWHwGAa5oMALFPJ2,"Comparing the BBC to Chinese propaganda? Ok rightio, whatever..",press freedom,pro,1,0.96538,0.979035,0.9790347329202206,Gee. Sounds like what the BBC does in the UK to it's own citizens. Propaganda.,user_0139,7,2026-08-29,UgzDXn2ceEgVsDZokOd4AaABAg,,"ctx4_gemma_en_topic_none (Gemma-2-9B, no context)","ctx4_gemma_en_root (Gemma-2-9B, root)"
Why footage of Tibet floods isn't being shown in China. #BBCNews,UgzDXn2ceEgVsDZokOd4AaABAg.Aa5m_AqWHwGAa5oMALFPJ2,"Comparing the BBC to Chinese propaganda? Ok rightio, whatever..",democracy,pro,1,0.891813,0.531209,0.5312093733737563,Gee. Sounds like what the BBC does in the UK to it's own citizens. Propaganda.,user_0139,7,2026-08-29,UgzDXn2ceEgVsDZokOd4AaABAg,,"ctx4_gemma_en_topic_none (Gemma-2-9B, no context)","ctx4_gemma_en_root (Gemma-2-9B, root)"
Why footage of Tibet floods isn't being shown in China. #BBCNews,UgzDXn2ceEgVsDZokOd4AaABAg.Aa5m_AqWHwGAa5oMALFPJ2,"Comparing the BBC to Chinese propaganda? Ok rightio, whatever..",communism / socialism,pro,1,0.511698,0.875784,0.8757842720189739,Gee. Sounds like what the BBC does in the UK to it's own citizens. Propaganda.,user_0139,7,2026-08-29,UgzDXn2ceEgVsDZokOd4AaABAg,,"ctx4_gemma_en_topic_none (Gemma-2-9B, no context)","ctx4_gemma_en_root (Gemma-2-9B, root)"
Why footage of Tibet floods isn't being shown in China. #BBCNews,UgzDXn2ceEgVsDZokOd4AaABAg.Aa5m_AqWHwGAa5oMALFPJ2,"Comparing the BBC to Chinese propaganda? Ok rightio, whatever..",government / the state,con,1,0.766294,0.771852,0.771852302775029,Gee. Sounds like what the BBC does in the UK to it's own citizens. Propaganda.,user_0139,7,2026-08-29,UgzDXn2ceEgVsDZokOd4AaABAg,,"ctx4_gemma_en_topic_none (Gemma-2-9B, no context)","ctx4_gemma_en_root (Gemma-2-9B, root)"
Why footage of Tibet floods isn't being shown in China. #BBCNews,UgzDXn2ceEgVsDZokOd4AaABAg.Aa5m_AqWHwGAa5ozD62IYL,@user is there even more a successful propagandist than BBC the state owned media of UK?,united states,con,1,0.72798,0.839741,0.8397406965994964,Gee. Sounds like what the BBC does in the UK to it's own citizens. Propaganda.,user_0140,4,2026-08-29,UgzDXn2ceEgVsDZokOd4AaABAg,,"ctx4_gemma_en_topic_none (Gemma-2-9B, no context)","ctx4_gemma_en_root (Gemma-2-9B, root)"
Why footage of Tibet floods isn't being shown in China. #BBCNews,UgzDXn2ceEgVsDZokOd4AaABAg.Aa5m_AqWHwGAa5ozD62IYL,@user is there even more a successful propagandist than BBC the state owned media of UK?,united kingdom,con,1,0.9956,0.962673,0.9626731126558706,Gee. Sounds like what the BBC does in the UK to it's own citizens. Propaganda.,user_0140,4,2026-08-29,UgzDXn2ceEgVsDZokOd4AaABAg,,"ctx4_gemma_en_topic_none (Gemma-2-9B, no context)","ctx4_gemma_en_root (Gemma-2-9B, root)"
Why footage of Tibet floods isn't being shown in China. #BBCNews,UgzDXn2ceEgVsDZokOd4AaABAg.Aa5m_AqWHwGAa5ozD62IYL,@user is there even more a successful propagandist than BBC the state owned media of UK?,china,pro,1,0.629763,0.887205,0.8872045937171068,Gee. Sounds like what the BBC does in the UK to it's own citizens. Propaganda.,user_0140,4,2026-08-29,UgzDXn2ceEgVsDZokOd4AaABAg,,"ctx4_gemma_en_topic_none (Gemma-2-9B, no context)","ctx4_gemma_en_root (Gemma-2-9B, root)"
Why footage of Tibet floods isn't being shown in China. #BBCNews,UgzDXn2ceEgVsDZokOd4AaABAg.Aa5m_AqWHwGAa5ozD62IYL,@user is there even more a successful propagandist than BBC the state owned media of UK?,bbc,con,1,0.997155,0.998103,0.9981030325918876,Gee. Sounds like what the BBC does in the UK to it's own citizens. Propaganda.,user_0140,4,2026-08-29,UgzDXn2ceEgVsDZokOd4AaABAg,,"ctx4_gemma_en_topic_none (Gemma-2-9B, no context)","ctx4_gemma_en_root (Gemma-2-9B, root)"
Why footage of Tibet floods isn't being shown in China. #BBCNews,UgzDXn2ceEgVsDZokOd4AaABAg.Aa5m_AqWHwGAa5ozD62IYL,@user is there even more a successful propagandist than BBC the state owned media of UK?,press freedom,pro,1,0.585113,0.99044,0.9904403639495756,Gee. Sounds like what the BBC does in the UK to it's own citizens. Propaganda.,user_0140,4,2026-08-29,UgzDXn2ceEgVsDZokOd4AaABAg,,"ctx4_gemma_en_topic_none (Gemma-2-9B, no context)","ctx4_gemma_en_root (Gemma-2-9B, root)"
Why footage of Tibet floods isn't being shown in China. #BBCNews,UgzDXn2ceEgVsDZokOd4AaABAg.Aa5m_AqWHwGAa5ozD62IYL,@user is there even more a successful propagandist than BBC the state owned media of UK?,democracy,con,1,0.833328,0.870603,0.8706029011872176,Gee. Sounds like what the BBC does in the UK to it's own citizens. Propaganda.,user_0140,4,2026-08-29,UgzDXn2ceEgVsDZokOd4AaABAg,,"ctx4_gemma_en_topic_none (Gemma-2-9B, no context)","ctx4_gemma_en_root (Gemma-2-9B, root)"
Why footage of Tibet floods isn't being shown in China. #BBCNews,UgzDXn2ceEgVsDZokOd4AaABAg.Aa5m_AqWHwGAa5ozD62IYL,@user is there even more a successful propagandist than BBC the state owned media of UK?,communism / socialism,con,1,0.679179,0.531209,0.5312093733737563,Gee. Sounds like what the BBC does in the UK to it's own citizens. Propaganda.,user_0140,4,2026-08-29,UgzDXn2ceEgVsDZokOd4AaABAg,,"ctx4_gemma_en_topic_none (Gemma-2-9B, no context)","ctx4_gemma_en_root (Gemma-2-9B, root)"
Why footage of Tibet floods isn't being shown in China. #BBCNews,UgzDXn2ceEgVsDZokOd4AaABAg.Aa5m_AqWHwGAa5ozD62IYL,@user is there even more a successful propagandist than BBC the state owned media of UK?,government / the state,con,1,0.997243,0.988842,0.9888422445867846,Gee. Sounds like what the BBC does in the UK to it's own citizens. Propaganda.,user_0140,4,2026-08-29,UgzDXn2ceEgVsDZokOd4AaABAg,,"ctx4_gemma_en_topic_none (Gemma-2-9B, no context)","ctx4_gemma_en_root (Gemma-2-9B, root)"
Why footage of Tibet floods isn't being shown in China. #BBCNews,UgzDXn2ceEgVsDZokOd4AaABAg.Aa5m_AqWHwGAa5pcdj5qsH,"@user CCTV, RTV, Rossiya 1, you got your pick.",russia,con,1,0.995018,0.841829,0.841828976103793,Gee. Sounds like what the BBC does in the UK to it's own citizens. Propaganda.,user_0141,4,2026-08-29,UgzDXn2ceEgVsDZokOd4AaABAg,,"ctx4_gemma_en_topic_none (Gemma-2-9B, no context)","ctx4_gemma_en_root (Gemma-2-9B, root)"
Why footage of Tibet floods isn't being shown in China. #BBCNews,UgzDXn2ceEgVsDZokOd4AaABAg.Aa5m_AqWHwGAa5pcdj5qsH,"@user CCTV, RTV, Rossiya 1, you got your pick.",china,con,1,0.996115,0.990874,0.9908743626108194,Gee. Sounds like what the BBC does in the UK to it's own citizens. Propaganda.,user_0141,4,2026-08-29,UgzDXn2ceEgVsDZokOd4AaABAg,,"ctx4_gemma_en_topic_none (Gemma-2-9B, no context)","ctx4_gemma_en_root (Gemma-2-9B, root)"
Why footage of Tibet floods isn't being shown in China. #BBCNews,UgzDXn2ceEgVsDZokOd4AaABAg.Aa5m_AqWHwGAa5pcdj5qsH,"@user CCTV, RTV, Rossiya 1, you got your pick.",bbc,con,1,0.665411,0.975946,0.9759458602241036,Gee. Sounds like what the BBC does in the UK to it's own citizens. Propaganda.,user_0141,4,2026-08-29,UgzDXn2ceEgVsDZokOd4AaABAg,,"ctx4_gemma_en_topic_none (Gemma-2-9B, no context)","ctx4_gemma_en_root (Gemma-2-9B, root)"
Why footage of Tibet floods isn't being shown in China. #BBCNews,UgzDXn2ceEgVsDZokOd4AaABAg.Aa5m_AqWHwGAa5pcdj5qsH,"@user CCTV, RTV, Rossiya 1, you got your pick.",press freedom,pro,1,0.984811,0.974434,0.9744341632784996,Gee. Sounds like what the BBC does in the UK to it's own citizens. Propaganda.,user_0141,4,2026-08-29,UgzDXn2ceEgVsDZokOd4AaABAg,,"ctx4_gemma_en_topic_none (Gemma-2-9B, no context)","ctx4_gemma_en_root (Gemma-2-9B, root)"
Why footage of Tibet floods isn't being shown in China. #BBCNews,UgzDXn2ceEgVsDZokOd4AaABAg.Aa5m_AqWHwGAa5pcdj5qsH,"@user CCTV, RTV, Rossiya 1, you got your pick.",privacy / surveillance,pro,1,0.80562,0.810475,0.810475068569334,Gee. Sounds like what the BBC does in the UK to it's own citizens. Propaganda.,user_0141,4,2026-08-29,UgzDXn2ceEgVsDZokOd4AaABAg,,"ctx4_gemma_en_topic_none (Gemma-2-9B, no context)","ctx4_gemma_en_root (Gemma-2-9B, root)"
Why footage of Tibet floods isn't being shown in China. #BBCNews,UgzDXn2ceEgVsDZokOd4AaABAg.Aa5m_AqWHwGAa5pcdj5qsH,"@user CCTV, RTV, Rossiya 1, you got your pick.",communism / socialism,con,1,0.861547,0.896247,0.8962467237990414,Gee. Sounds like what the BBC does in the UK to it's own citizens. Propaganda.,user_0141,4,2026-08-29,UgzDXn2ceEgVsDZokOd4AaABAg,,"ctx4_gemma_en_topic_none (Gemma-2-9B, no context)","ctx4_gemma_en_root (Gemma-2-9B, root)"
Why footage of Tibet floods isn't being shown in China. #BBCNews,UgzDXn2ceEgVsDZokOd4AaABAg.Aa5m_AqWHwGAa5pcdj5qsH,"@user CCTV, RTV, Rossiya 1, you got your pick.",government / the state,con,1,0.994615,0.9263,0.9263003169647196,Gee. Sounds like what the BBC does in the UK to it's own citizens. Propaganda.,user_0141,4,2026-08-29,UgzDXn2ceEgVsDZokOd4AaABAg,,"ctx4_gemma_en_topic_none (Gemma-2-9B, no context)","ctx4_gemma_en_root (Gemma-2-9B, root)"
Why footage of Tibet floods isn't being shown in China. #BBCNews,UgzDXn2ceEgVsDZokOd4AaABAg.Aa5m_AqWHwGAa5pwFsOmpk,"Gee, another case of gross credulity",china,con,1,0.913678,0.936291,0.9362909710271496,Gee. Sounds like what the BBC does in the UK to it's own citizens. Propaganda.,user_0142,1,2026-08-29,UgzDXn2ceEgVsDZokOd4AaABAg,,"ctx4_gemma_en_topic_none (Gemma-2-9B, no context)","ctx4_gemma_en_root (Gemma-2-9B, root)"
Why footage of Tibet floods isn't being shown in China. #BBCNews,UgzDXn2ceEgVsDZokOd4AaABAg.Aa5m_AqWHwGAa5pwFsOmpk,"Gee, another case of gross credulity",bbc,con,1,0.954649,0.984338,0.9843375076187388,Gee. Sounds like what the BBC does in the UK to it's own citizens. Propaganda.,user_0142,1,2026-08-29,UgzDXn2ceEgVsDZokOd4AaABAg,,"ctx4_gemma_en_topic_none (Gemma-2-9B, no context)","ctx4_gemma_en_root (Gemma-2-9B, root)"
Why footage of Tibet floods isn't being shown in China. #BBCNews,UgzDXn2ceEgVsDZokOd4AaABAg.Aa5m_AqWHwGAa5pwFsOmpk,"Gee, another case of gross credulity",press freedom,pro,1,0.511723,0.905988,0.905987691055172,Gee. Sounds like what the BBC does in the UK to it's own citizens. Propaganda.,user_0142,1,2026-08-29,UgzDXn2ceEgVsDZokOd4AaABAg,,"ctx4_gemma_en_topic_none (Gemma-2-9B, no context)","ctx4_gemma_en_root (Gemma-2-9B, root)"
Why footage of Tibet floods isn't being shown in China. #BBCNews,UgzDXn2ceEgVsDZokOd4AaABAg.Aa5m_AqWHwGAa5q0vG8Fve,@user You think the imperialist BBC isn't propaganda? When was the last time they used this type of rhetoric against that apartheid Mediterranean nation?,united states,con,1,0.989511,0.890289,0.890289342505875,Gee. Sounds like what the BBC does in the UK to it's own citizens. Propaganda.,user_0143,4,2026-08-29,UgzDXn2ceEgVsDZokOd4AaABAg,,"ctx4_gemma_en_topic_none (Gemma-2-9B, no context)","ctx4_gemma_en_root (Gemma-2-9B, root)"
Why footage of Tibet floods isn't being shown in China. #BBCNews,UgzDXn2ceEgVsDZokOd4AaABAg.Aa5m_AqWHwGAa5q0vG8Fve,@user You think the imperialist BBC isn't propaganda? When was the last time they used this type of rhetoric against that apartheid Mediterranean nation?,united kingdom,con,1,0.993902,0.942508,0.94250807587967,Gee. Sounds like what the BBC does in the UK to it's own citizens. Propaganda.,user_0143,4,2026-08-29,UgzDXn2ceEgVsDZokOd4AaABAg,,"ctx4_gemma_en_topic_none (Gemma-2-9B, no context)","ctx4_gemma_en_root (Gemma-2-9B, root)"
Why footage of Tibet floods isn't being shown in China. #BBCNews,UgzDXn2ceEgVsDZokOd4AaABAg.Aa5m_AqWHwGAa5q0vG8Fve,@user You think the imperialist BBC isn't propaganda? When was the last time they used this type of rhetoric against that apartheid Mediterranean nation?,china,pro,1,0.96323,0.685939,0.68593868376804,Gee. Sounds like what the BBC does in the UK to it's own citizens. Propaganda.,user_0143,4,2026-08-29,UgzDXn2ceEgVsDZokOd4AaABAg,,"ctx4_gemma_en_topic_none (Gemma-2-9B, no context)","ctx4_gemma_en_root (Gemma-2-9B, root)"
Why footage of Tibet floods isn't being shown in China. #BBCNews,UgzDXn2ceEgVsDZokOd4AaABAg.Aa5m_AqWHwGAa5q0vG8Fve,@user You think the imperialist BBC isn't propaganda? When was the last time they used this type of rhetoric against that apartheid Mediterranean nation?,bbc,con,1,0.996924,0.997566,0.9975655572793448,Gee. Sounds like what the BBC does in the UK to it's own citizens. Propaganda.,user_0143,4,2026-08-29,UgzDXn2ceEgVsDZokOd4AaABAg,,"ctx4_gemma_en_topic_none (Gemma-2-9B, no context)","ctx4_gemma_en_root (Gemma-2-9B, root)"
Why footage of Tibet floods isn't being shown in China. #BBCNews,UgzDXn2ceEgVsDZokOd4AaABAg.Aa5m_AqWHwGAa5q0vG8Fve,@user You think the imperialist BBC isn't propaganda? When was the last time they used this type of rhetoric against that apartheid Mediterranean nation?,press freedom,pro,1,0.596427,0.993997,0.9939965533904018,Gee. Sounds like what the BBC does in the UK to it's own citizens. Propaganda.,user_0143,4,2026-08-29,UgzDXn2ceEgVsDZokOd4AaABAg,,"ctx4_gemma_en_topic_none (Gemma-2-9B, no context)","ctx4_gemma_en_root (Gemma-2-9B, root)"
Why footage of Tibet floods isn't being shown in China. #BBCNews,UgzDXn2ceEgVsDZokOd4AaABAg.Aa5m_AqWHwGAa5q0vG8Fve,@user You think the imperialist BBC isn't propaganda? When was the last time they used this type of rhetoric against that apartheid Mediterranean nation?,democracy,pro,1,0.5039,0.87235,0.872350158588109,Gee. Sounds like what the BBC does in the UK to it's own citizens. Propaganda.,user_0143,4,2026-08-29,UgzDXn2ceEgVsDZokOd4AaABAg,,"ctx4_gemma_en_topic_none (Gemma-2-9B, no context)","ctx4_gemma_en_root (Gemma-2-9B, root)"
Why footage of Tibet floods isn't being shown in China. #BBCNews,UgzDXn2ceEgVsDZokOd4AaABAg.Aa5m_AqWHwGAa5q0vG8Fve,@user You think the imperialist BBC isn't propaganda? When was the last time they used this type of rhetoric against that apartheid Mediterranean nation?,communism / socialism,pro,1,0.981453,0.705785,0.7057850278370112,Gee. Sounds like what the BBC does in the UK to it's own citizens. Propaganda.,user_0143,4,2026-08-29,UgzDXn2ceEgVsDZokOd4AaABAg,,"ctx4_gemma_en_topic_none (Gemma-2-9B, no context)","ctx4_gemma_en_root (Gemma-2-9B, root)"
Why footage of Tibet floods isn't being shown in China. #BBCNews,UgzDXn2ceEgVsDZokOd4AaABAg.Aa5m_AqWHwGAa5q0vG8Fve,@user You think the imperialist BBC isn't propaganda? When was the last time they used this type of rhetoric against that apartheid Mediterranean nation?,government / the state,con,1,0.976309,0.603914,0.6039138937230805,Gee. Sounds like what the BBC does in the UK to it's own citizens. Propaganda.,user_0143,4,2026-08-29,UgzDXn2ceEgVsDZokOd4AaABAg,,"ctx4_gemma_en_topic_none (Gemma-2-9B, no context)","ctx4_gemma_en_root (Gemma-2-9B, root)"
Why footage of Tibet floods isn't being shown in China. #BBCNews,UgzDXn2ceEgVsDZokOd4AaABAg.Aa5m_AqWHwGAa5qgY0IXyk,@user This clip in itself is propaganda. You should read the related article on the BBC News website. 90% of it rehashes the Tibet narrative,china,pro,1,0.51562,0.986151,0.9861510483596306,"Comparing the BBC to Chinese propaganda? Ok rightio, whatever..",user_0144,5,2026-08-29,UgzDXn2ceEgVsDZokOd4AaABAg,,"ctx4_gemma_en_topic_none (Gemma-2-9B, no context)","ctx4_gemma_en_root (Gemma-2-9B, root)"
Why footage of Tibet floods isn't being shown in China. #BBCNews,UgzDXn2ceEgVsDZokOd4AaABAg.Aa5m_AqWHwGAa5qgY0IXyk,@user This clip in itself is propaganda. You should read the related article on the BBC News website. 90% of it rehashes the Tibet narrative,bbc,con,1,0.953278,0.996676,0.9966758116029636,"Comparing the BBC to Chinese propaganda? Ok rightio, whatever..",user_0144,5,2026-08-29,UgzDXn2ceEgVsDZokOd4AaABAg,,"ctx4_gemma_en_topic_none (Gemma-2-9B, no context)","ctx4_gemma_en_root (Gemma-2-9B, root)"
Why footage of Tibet floods isn't being shown in China. #BBCNews,UgzDXn2ceEgVsDZokOd4AaABAg.Aa5m_AqWHwGAa5qgY0IXyk,@user This clip in itself is propaganda. You should read the related article on the BBC News website. 90% of it rehashes the Tibet narrative,press freedom,con,1,0.77457,0.977713,0.9777127249591776,"Comparing the BBC to Chinese propaganda? Ok rightio, whatever..",user_0144,5,2026-08-29,UgzDXn2ceEgVsDZokOd4AaABAg,,"ctx4_gemma_en_topic_none (Gemma-2-9B, no context)","ctx4_gemma_en_root (Gemma-2-9B, root)"
Why footage of Tibet floods isn't being shown in China. #BBCNews,UgzDXn2ceEgVsDZokOd4AaABAg.Aa5m_AqWHwGAa5qgY0IXyk,@user This clip in itself is propaganda. You should read the related article on the BBC News website. 90% of it rehashes the Tibet narrative,communism / socialism,con,1,0.56984,0.793114,0.7931141555089426,"Comparing the BBC to Chinese propaganda? Ok rightio, whatever..",user_0144,5,2026-08-29,UgzDXn2ceEgVsDZokOd4AaABAg,,"ctx4_gemma_en_topic_none (Gemma-2-9B, no context)","ctx4_gemma_en_root (Gemma-2-9B, root)"
Why footage of Tibet floods isn't being shown in China. #BBCNews,UgzDXn2ceEgVsDZokOd4AaABAg.Aa5m_AqWHwGAa5rS5Lgjst,Good lord! Are you suggesting that they are authoritarian socialist political activists?,china,con,1,0.969323,0.991555,0.991555001108094,Gee. Sounds like what the BBC does in the UK to it's own citizens. Propaganda.,user_0145,0,2026-08-29,UgzDXn2ceEgVsDZokOd4AaABAg,,"ctx4_gemma_en_topic_none (Gemma-2-9B, no context)","ctx4_gemma_en_root (Gemma-2-9B, root)"
Why footage of Tibet floods isn't being shown in China. #BBCNews,UgzDXn2ceEgVsDZokOd4AaABAg.Aa5m_AqWHwGAa5rS5Lgjst,Good lord! Are you suggesting that they are authoritarian socialist political activists?,bbc,con,1,0.944176,0.562177,0.5621765008857981,Gee. Sounds like what the BBC does in the UK to it's own citizens. Propaganda.,user_0145,0,2026-08-29,UgzDXn2ceEgVsDZokOd4AaABAg,,"ctx4_gemma_en_topic_none (Gemma-2-9B, no context)","ctx4_gemma_en_root (Gemma-2-9B, root)"
Why footage of Tibet floods isn't being shown in China. #BBCNews,UgzDXn2ceEgVsDZokOd4AaABAg.Aa5m_AqWHwGAa5rS5Lgjst,Good lord! Are you suggesting that they are authoritarian socialist political activists?,democracy,pro,1,0.72798,0.651355,0.6513548646660542,Gee. Sounds like what the BBC does in the UK to it's own citizens. Propaganda.,user_0145,0,2026-08-29,UgzDXn2ceEgVsDZokOd4AaABAg,,"ctx4_gemma_en_topic_none (Gemma-2-9B, no context)","ctx4_gemma_en_root (Gemma-2-9B, root)"
Why footage of Tibet floods isn't being shown in China. #BBCNews,UgzDXn2ceEgVsDZokOd4AaABAg.Aa5m_AqWHwGAa5rS5Lgjst,Good lord! Are you suggesting that they are authoritarian socialist political activists?,communism / socialism,con,1,0.983087,0.993807,0.9938068559743196,Gee. Sounds like what the BBC does in the UK to it's own citizens. Propaganda.,user_0145,0,2026-08-29,UgzDXn2ceEgVsDZokOd4AaABAg,,"ctx4_gemma_en_topic_none (Gemma-2-9B, no context)","ctx4_gemma_en_root (Gemma-2-9B, root)"
Why footage of Tibet floods isn't being shown in China. #BBCNews,UgzDXn2ceEgVsDZokOd4AaABAg.Aa5m_AqWHwGAa5rS5Lgjst,Good lord! Are you suggesting that they are authoritarian socialist political activists?,government / the state,con,1,0.977372,0.940788,0.940788356633444,Gee. Sounds like what the BBC does in the UK to it's own citizens. Propaganda.,user_0145,0,2026-08-29,UgzDXn2ceEgVsDZokOd4AaABAg,,"ctx4_gemma_en_topic_none (Gemma-2-9B, no context)","ctx4_gemma_en_root (Gemma-2-9B, root)"
Why footage of Tibet floods isn't being shown in China. #BBCNews,UgzDXn2ceEgVsDZokOd4AaABAg.Aa5m_AqWHwGAa5rYGQbg4s,"100%, they couldn't wait to push climate change propaganda, not even recovered the bodies yet and they are already jumping on it, disgusting from the BBC.",china,pro,1,0.740179,0.989511,0.9895111682136422,Gee. Sounds like what the BBC does in the UK to it's own citizens. Propaganda.,user_0146,5,2026-08-29,UgzDXn2ceEgVsDZokOd4AaABAg,,"ctx4_gemma_en_topic_none (Gemma-2-9B, no context)","ctx4_gemma_en_root (Gemma-2-9B, root)"
Why footage of Tibet floods isn't being shown in China. #BBCNews,UgzDXn2ceEgVsDZokOd4AaABAg.Aa5m_AqWHwGAa5rYGQbg4s,"100%, they couldn't wait to push climate change propaganda, not even recovered the bodies yet and they are already jumping on it, disgusting from the BBC.",bbc,con,1,0.997327,0.998132,0.9981323408158764,Gee. Sounds like what the BBC does in the UK to it's own citizens. Propaganda.,user_0146,5,2026-08-29,UgzDXn2ceEgVsDZokOd4AaABAg,,"ctx4_gemma_en_topic_none (Gemma-2-9B, no context)","ctx4_gemma_en_root (Gemma-2-9B, root)"
Why footage of Tibet floods isn't being shown in China. #BBCNews,UgzDXn2ceEgVsDZokOd4AaABAg.Aa5m_AqWHwGAa5rYGQbg4s,"100%, they couldn't wait to push climate change propaganda, not even recovered the bodies yet and they are already jumping on it, disgusting from the BBC.",press freedom,con,1,0.986151,0.942508,0.94250807587967,Gee. Sounds like what the BBC does in the UK to it's own citizens. Propaganda.,user_0146,5,2026-08-29,UgzDXn2ceEgVsDZokOd4AaABAg,,"ctx4_gemma_en_topic_none (Gemma-2-9B, no context)","ctx4_gemma_en_root (Gemma-2-9B, root)"
Why footage of Tibet floods isn't being shown in China. #BBCNews,UgzDXn2ceEgVsDZokOd4AaABAg.Aa5m_AqWHwGAa5rYGQbg4s,"100%, they couldn't wait to push climate change propaganda, not even recovered the bodies yet and they are already jumping on it, disgusting from the BBC.",climate change,con,1,0.992539,0.996115,0.9961152332363816,Gee. Sounds like what the BBC does in the UK to it's own citizens. Propaganda.,user_0146,5,2026-08-29,UgzDXn2ceEgVsDZokOd4AaABAg,,"ctx4_gemma_en_topic_none (Gemma-2-9B, no context)","ctx4_gemma_en_root (Gemma-2-9B, root)"
Why footage of Tibet floods isn't being shown in China. #BBCNews,UgzDXn2ceEgVsDZokOd4AaABAg.Aa5m_AqWHwGAa5rcO93x1t,@user you saying the bbc only reports the truth?,united states,con,1,0.785313,0.588871,0.5888709732426071,Gee. Sounds like what the BBC does in the UK to it's own citizens. Propaganda.,user_0146,4,2026-08-29,UgzDXn2ceEgVsDZokOd4AaABAg,,"ctx4_gemma_en_topic_none (Gemma-2-9B, no context)","ctx4_gemma_en_root (Gemma-2-9B, root)"
Why footage of Tibet floods isn't being shown in China. #BBCNews,UgzDXn2ceEgVsDZokOd4AaABAg.Aa5m_AqWHwGAa5rcO93x1t,@user you saying the bbc only reports the truth?,united kingdom,con,1,0.955319,0.668875,0.6688747233611899,Gee. Sounds like what the BBC does in the UK to it's own citizens. Propaganda.,user_0146,4,2026-08-29,UgzDXn2ceEgVsDZokOd4AaABAg,,"ctx4_gemma_en_topic_none (Gemma-2-9B, no context)","ctx4_gemma_en_root (Gemma-2-9B, root)"
Why footage of Tibet floods isn't being shown in China. #BBCNews,UgzDXn2ceEgVsDZokOd4AaABAg.Aa5m_AqWHwGAa5rcO93x1t,@user you saying the bbc only reports the truth?,bbc,con,1,0.994698,0.998012,0.998012126593998,Gee. Sounds like what the BBC does in the UK to it's own citizens. Propaganda.,user_0146,4,2026-08-29,UgzDXn2ceEgVsDZokOd4AaABAg,,"ctx4_gemma_en_topic_none (Gemma-2-9B, no context)","ctx4_gemma_en_root (Gemma-2-9B, root)"
Why footage of Tibet floods isn't being shown in China. #BBCNews,UgzDXn2ceEgVsDZokOd4AaABAg.Aa5m_AqWHwGAa5rcO93x1t,@user you saying the bbc only reports the truth?,press freedom,con,1,0.699265,0.992305,0.9923045437298632,Gee. Sounds like what the BBC does in the UK to it's own citizens. Propaganda.,user_0146,4,2026-08-29,UgzDXn2ceEgVsDZokOd4AaABAg,,"ctx4_gemma_en_topic_none (Gemma-2-9B, no context)","ctx4_gemma_en_root (Gemma-2-9B, root)"
Why footage of Tibet floods isn't being shown in China. #BBCNews,UgzDXn2ceEgVsDZokOd4AaABAg.Aa5m_AqWHwGAa5rcO93x1t,@user you saying the bbc only reports the truth?,democracy,con,1,0.550601,0.828949,0.8289494430035775,Gee. Sounds like what the BBC does in the UK to it's own citizens. Propaganda.,user_0146,4,2026-08-29,UgzDXn2ceEgVsDZokOd4AaABAg,,"ctx4_gemma_en_topic_none (Gemma-2-9B, no context)","ctx4_gemma_en_root (Gemma-2-9B, root)"
Why footage of Tibet floods isn't being shown in China. #BBCNews,UgzDXn2ceEgVsDZokOd4AaABAg.Aa5m_AqWHwGAa5s-cRq5Yj,@user Yess!!,china,con,1,0.672321,0.986979,0.986979188608322,Gee. Sounds like what the BBC does in the UK to it's own citizens. Propaganda.,user_0138,1,2026-08-29,UgzDXn2ceEgVsDZokOd4AaABAg,,"ctx4_gemma_en_topic_none (Gemma-2-9B, no context)","ctx4_gemma_en_root (Gemma-2-9B, root)"
Why footage of Tibet floods isn't being shown in China. #BBCNews,UgzDXn2ceEgVsDZokOd4AaABAg.Aa5m_AqWHwGAa5s-cRq5Yj,@user Yess!!,bbc,con,1,0.99427,0.958537,0.958536733698384,Gee. Sounds like what the BBC does in the UK to it's own citizens. Propaganda.,user_0138,1,2026-08-29,UgzDXn2ceEgVsDZokOd4AaABAg,,"ctx4_gemma_en_topic_none (Gemma-2-9B, no context)","ctx4_gemma_en_root (Gemma-2-9B, root)"
Why footage of Tibet floods isn't being shown in China. #BBCNews,UgzDXn2ceEgVsDZokOd4AaABAg.Aa5m_AqWHwGAa5s-cRq5Yj,@user Yess!!,press freedom,pro,1,0.815236,0.672343,0.6723427141736454,Gee. Sounds like what the BBC does in the UK to it's own citizens. Propaganda.,user_0138,1,2026-08-29,UgzDXn2ceEgVsDZokOd4AaABAg,,"ctx4_gemma_en_topic_none (Gemma-2-9B, no context)","ctx4_gemma_en_root (Gemma-2-9B, root)"
Why footage of Tibet floods isn't being shown in China. #BBCNews,UgzDXn2ceEgVsDZokOd4AaABAg.Aa5m_AqWHwGAa5s-cRq5Yj,@user Yess!!,communism / socialism,con,1,0.661928,0.665411,0.665410558746814,Gee. Sounds like what the BBC does in the UK to it's own citizens. Propaganda.,user_0138,1,2026-08-29,UgzDXn2ceEgVsDZokOd4AaABAg,,"ctx4_gemma_en_topic_none (Gemma-2-9B, no context)","ctx4_gemma_en_root (Gemma-2-9B, root)"
Why footage of Tibet floods isn't being shown in China. #BBCNews,UgzDXn2ceEgVsDZokOd4AaABAg.Aa5m_AqWHwGAa5sajHo4d3,"@user Dry your eyes, just accept that sometimes people will have different opinions to you and move on in your life. Try getting a hobby or talking to a female (a real one, sex dolls don't count, nor do chatbots). In the meantime though, here's a bucket for your many, many tears, I'll wash my nads in them later..",china,con,1,0.709014,0.793114,0.7931141555089426,"100%, they couldn't wait to push climate change propaganda, not even recovered the bodies yet and they are already jumping on it, disgusting from the BBC.",user_0139,0,2026-08-29,UgzDXn2ceEgVsDZokOd4AaABAg,,"ctx4_gemma_en_topic_none (Gemma-2-9B, no context)","ctx4_gemma_en_root (Gemma-2-9B, root)"
Why footage of Tibet floods isn't being shown in China. #BBCNews,UgzDXn2ceEgVsDZokOd4AaABAg.Aa5m_AqWHwGAa5sajHo4d3,"@user Dry your eyes, just accept that sometimes people will have different opinions to you and move on in your life. Try getting a hobby or talking to a female (a real one, sex dolls don't count, nor do chatbots). In the meantime though, here's a bucket for your many, many tears, I'll wash my nads in them later..",bbc,con,1,0.956632,0.803166,0.8031658919546224,"100%, they couldn't wait to push climate change propaganda, not even recovered the bodies yet and they are already jumping on it, disgusting from the BBC.",user_0139,0,2026-08-29,UgzDXn2ceEgVsDZokOd4AaABAg,,"ctx4_gemma_en_topic_none (Gemma-2-9B, no context)","ctx4_gemma_en_root (Gemma-2-9B, root)"
Why footage of Tibet floods isn't being shown in China. #BBCNews,UgzDXn2ceEgVsDZokOd4AaABAg.Aa5m_AqWHwGAa5sajHo4d3,"@user Dry your eyes, just accept that sometimes people will have different opinions to you and move on in your life. Try getting a hobby or talking to a female (a real one, sex dolls don't count, nor do chatbots). In the meantime though, here's a bucket for your many, many tears, I'll wash my nads in them later..",democracy,con,1,0.56984,0.629763,0.6297629494012061,"100%, they couldn't wait to push climate change propaganda, not even recovered the bodies yet and they are already jumping on it, disgusting from the BBC.",user_0139,0,2026-08-29,UgzDXn2ceEgVsDZokOd4AaABAg,,"ctx4_gemma_en_topic_none (Gemma-2-9B, no context)","ctx4_gemma_en_root (Gemma-2-9B, root)"
Why footage of Tibet floods isn't being shown in China. #BBCNews,UgzDXn2ceEgVsDZokOd4AaABAg.Aa5m_AqWHwGAa5slU7v0kR,"@user  I believe in climate change. Sea level has gone up 130 metres in the last 18000 years because of climate change, which is a huge rise.  What the BBC don't tell you is that only 20 cm of that came after the Industrial Revolution.",bbc,con,1,0.893309,0.995668,0.995668497979436,Gee. Sounds like what the BBC does in the UK to it's own citizens. Propaganda.,user_0145,1,2026-08-29,UgzDXn2ceEgVsDZokOd4AaABAg,,"ctx4_gemma_en_topic_none (Gemma-2-9B, no context)","ctx4_gemma_en_root (Gemma-2-9B, root)"
Why footage of Tibet floods isn't being shown in China. #BBCNews,UgzDXn2ceEgVsDZokOd4AaABAg.Aa5m_AqWHwGAa5slU7v0kR,"@user  I believe in climate change. Sea level has gone up 130 metres in the last 18000 years because of climate change, which is a huge rise.  What the BBC don't tell you is that only 20 cm of that came after the Industrial Revolution.",climate change,pro,1,0.934392,0.998133,0.9981325272236942,Gee. Sounds like what the BBC does in the UK to it's own citizens. Propaganda.,user_0145,1,2026-08-29,UgzDXn2ceEgVsDZokOd4AaABAg,,"ctx4_gemma_en_topic_none (Gemma-2-9B, no context)","ctx4_gemma_en_root (Gemma-2-9B, root)"
Why footage of Tibet floods isn't being shown in China. #BBCNews,UgzDXn2ceEgVsDZokOd4AaABAg.Aa5m_AqWHwGAa5v0-eWAGo,"@user Lol. I'm not from the UK, so I won't get arrested for saying so. 😂",united states,con,1,0.899121,0.51562,0.5156199157230156,Gee. Sounds like what the BBC does in the UK to it's own citizens. Propaganda.,user_0138,2,2026-08-29,UgzDXn2ceEgVsDZokOd4AaABAg,,"ctx4_gemma_en_topic_none (Gemma-2-9B, no context)","ctx4_gemma_en_root (Gemma-2-9B, root)"
Why footage of Tibet floods isn't being shown in China. #BBCNews,UgzDXn2ceEgVsDZokOd4AaABAg.Aa5m_AqWHwGAa5v0-eWAGo,"@user Lol. I'm not from the UK, so I won't get arrested for saying so. 😂",united kingdom,con,1,0.991423,0.969323,0.9693234549106812,Gee. Sounds like what the BBC does in the UK to it's own citizens. Propaganda.,user_0138,2,2026-08-29,UgzDXn2ceEgVsDZokOd4AaABAg,,"ctx4_gemma_en_topic_none (Gemma-2-9B, no context)","ctx4_gemma_en_root (Gemma-2-9B, root)"
Why footage of Tibet floods isn't being shown in China. #BBCNews,UgzDXn2ceEgVsDZokOd4AaABAg.Aa5m_AqWHwGAa5v0-eWAGo,"@user Lol. I'm not from the UK, so I won't get arrested for saying so. 😂",china,con,1,0.845939,0.511723,0.5117228512703648,Gee. Sounds like what the BBC does in the UK to it's own citizens. Propaganda.,user_0138,2,2026-08-29,UgzDXn2ceEgVsDZokOd4AaABAg,,"ctx4_gemma_en_topic_none (Gemma-2-9B, no context)","ctx4_gemma_en_root (Gemma-2-9B, root)"
Why footage of Tibet floods isn't being shown in China. #BBCNews,UgzDXn2ceEgVsDZokOd4AaABAg.Aa5m_AqWHwGAa5v0-eWAGo,"@user Lol. I'm not from the UK, so I won't get arrested for saying so. 😂",bbc,con,1,0.99014,0.961536,0.9615356572662046,Gee. Sounds like what the BBC does in the UK to it's own citizens. Propaganda.,user_0138,2,2026-08-29,UgzDXn2ceEgVsDZokOd4AaABAg,,"ctx4_gemma_en_topic_none (Gemma-2-9B, no context)","ctx4_gemma_en_root (Gemma-2-9B, root)"
Why footage of Tibet floods isn't being shown in China. #BBCNews,UgzDXn2ceEgVsDZokOd4AaABAg.Aa5m_AqWHwGAa5v0-eWAGo,"@user Lol. I'm not from the UK, so I won't get arrested for saying so. 😂",press freedom,pro,1,0.946597,0.718594,0.7185943925708561,Gee. Sounds like what the BBC does in the UK to it's own citizens. Propaganda.,user_0138,2,2026-08-29,UgzDXn2ceEgVsDZokOd4AaABAg,,"ctx4_gemma_en_topic_none (Gemma-2-9B, no context)","ctx4_gemma_en_root (Gemma-2-9B, root)"
Why footage of Tibet floods isn't being shown in China. #BBCNews,UgzDXn2ceEgVsDZokOd4AaABAg.Aa5m_AqWHwGAa5vKJAcexY,"@user Believe what you want. That's your prerogative. It's not a secret, tho.",bbc,con,1,0.990441,0.721738,0.7217381855210033,Gee. Sounds like what the BBC does in the UK to it's own citizens. Propaganda.,user_0138,1,2026-08-29,UgzDXn2ceEgVsDZokOd4AaABAg,,"ctx4_gemma_en_topic_none (Gemma-2-9B, no context)","ctx4_gemma_en_root (Gemma-2-9B, root)"
Why footage of Tibet floods isn't being shown in China. #BBCNews,UgzDXn2ceEgVsDZokOd4AaABAg.Aa5m_AqWHwGAa5vKJAcexY,"@user Believe what you want. That's your prerogative. It's not a secret, tho.",press freedom,con,1,0.689311,0.752017,0.7520172359719904,Gee. Sounds like what the BBC does in the UK to it's own citizens. Propaganda.,user_0138,1,2026-08-29,UgzDXn2ceEgVsDZokOd4AaABAg,,"ctx4_gemma_en_topic_none (Gemma-2-9B, no context)","ctx4_gemma_en_root (Gemma-2-9B, root)"
Why footage of Tibet floods isn't being shown in China. #BBCNews,UgzDXn2ceEgVsDZokOd4AaABAg.Aa5m_AqWHwGAa5vKJAcexY,"@user Believe what you want. That's your prerogative. It's not a secret, tho.",democracy,con,1,0.845939,0.531209,0.5312093733737563,Gee. Sounds like what the BBC does in the UK to it's own citizens. Propaganda.,user_0138,1,2026-08-29,UgzDXn2ceEgVsDZokOd4AaABAg,,"ctx4_gemma_en_topic_none (Gemma-2-9B, no context)","ctx4_gemma_en_root (Gemma-2-9B, root)"
